  0
SECTION
  2
HEADER
  9
$ACADVER
  1
AC1018
  9
$ACADMAINTVER
 70
     0
  9
$DWGCODEPAGE
  3
ANSI_1252
  9
$INSBASE
 10
0.0
 20
0.0
 30
0.0
  9
$EXTMIN
 10
-1017.795379850387
 20
-221.5909871592148
 30
-127.9198273432978
  9
$EXTMAX
 10
937.0065849237343
 20
272.7179377604106
 30
-119.8833236775343
  9
$LIMMIN
 10
0.0
 20
0.0
  9
$LIMMAX
 10
12.0
 20
9.0
  9
$ORTHOMODE
 70
     0
  9
$REGENMODE
 70
     1
  9
$FILLMODE
 70
     1
  9
$QTEXTMODE
 70
     0
  9
$MIRRTEXT
 70
     1
  9
$LTSCALE
 40
1.0
  9
$ATTMODE
 70
     1
  9
$TEXTSIZE
 40
0.2
  9
$TRACEWID
 40
0.05
  9
$TEXTSTYLE
  7
Standard
  9
$CLAYER
  8
Predeterminada
  9
$CELTYPE
  6
ByLayer
  9
$CECOLOR
 62
   256
  9
$CELTSCALE
 40
1.0
  9
$DISPSILH
 70
     0
  9
$DIMSCALE
 40
1.0
  9
$DIMASZ
 40
0.18
  9
$DIMEXO
 40
0.0625
  9
$DIMDLI
 40
0.38
  9
$DIMRND
 40
0.0
  9
$DIMDLE
 40
0.0
  9
$DIMEXE
 40
0.18
  9
$DIMTP
 40
0.0
  9
$DIMTM
 40
0.0
  9
$DIMTXT
 40
0.18
  9
$DIMCEN
 40
0.09
  9
$DIMTSZ
 40
0.0
  9
$DIMTOL
 70
     0
  9
$DIMLIM
 70
     0
  9
$DIMTIH
 70
     1
  9
$DIMTOH
 70
     1
  9
$DIMSE1
 70
     0
  9
$DIMSE2
 70
     0
  9
$DIMTAD
 70
     0
  9
$DIMZIN
 70
     0
  9
$DIMBLK
  1

  9
$DIMASO
 70
     1
  9
$DIMSHO
 70
     1
  9
$DIMPOST
  1

  9
$DIMAPOST
  1

  9
$DIMALT
 70
     0
  9
$DIMALTD
 70
     2
  9
$DIMALTF
 40
25.4
  9
$DIMLFAC
 40
1.0
  9
$DIMTOFL
 70
     0
  9
$DIMTVP
 40
0.0
  9
$DIMTIX
 70
     0
  9
$DIMSOXD
 70
     0
  9
$DIMSAH
 70
     0
  9
$DIMBLK1
  1

  9
$DIMBLK2
  1

  9
$DIMSTYLE
  2
Standard
  9
$DIMCLRD
 70
     0
  9
$DIMCLRE
 70
     0
  9
$DIMCLRT
 70
     0
  9
$DIMTFAC
 40
1.0
  9
$DIMGAP
 40
0.09
  9
$DIMJUST
 70
     0
  9
$DIMSD1
 70
     0
  9
$DIMSD2
 70
     0
  9
$DIMTOLJ
 70
     1
  9
$DIMTZIN
 70
     0
  9
$DIMALTZ
 70
     0
  9
$DIMALTTZ
 70
     0
  9
$DIMUPT
 70
     0
  9
$DIMDEC
 70
     4
  9
$DIMTDEC
 70
     4
  9
$DIMALTU
 70
     2
  9
$DIMALTTD
 70
     2
  9
$DIMTXSTY
  7
Standard
  9
$DIMAUNIT
 70
     0
  9
$DIMADEC
 70
     0
  9
$DIMALTRND
 40
0.0
  9
$DIMAZIN
 70
     0
  9
$DIMDSEP
 70
    46
  9
$DIMATFIT
 70
     3
  9
$DIMFRAC
 70
     0
  9
$DIMLDRBLK
  1

  9
$DIMLUNIT
 70
     2
  9
$DIMLWD
 70
    -2
  9
$DIMLWE
 70
    -2
  9
$DIMTMOVE
 70
     2
  9
$LUNITS
 70
     2
  9
$LUPREC
 70
     3
  9
$SKETCHINC
 40
0.1
  9
$FILLETRAD
 40
0.5
  9
$AUNITS
 70
     0
  9
$AUPREC
 70
     0
  9
$MENU
  1
.
  9
$ELEVATION
 40
0.0
  9
$PELEVATION
 40
0.0
  9
$THICKNESS
 40
0.0
  9
$LIMCHECK
 70
     0
  9
$CHAMFERA
 40
0.0
  9
$CHAMFERB
 40
0.0
  9
$CHAMFERC
 40
0.0
  9
$CHAMFERD
 40
0.0
  9
$SKPOLY
 70
     0
  9
$TDCREATE
 40
2457139.701293252
  9
$TDUCREATE
 40
2457139.826293252
  9
$TDUPDATE
 40
2457139.701306794
  9
$TDUUPDATE
 40
2457139.826306794
  9
$TDINDWG
 40
0.0000000116
  9
$TDUSRTIMER
 40
0.0000000116
  9
$USRTIMER
 70
     1
  9
$ANGBASE
 50
0.0
  9
$ANGDIR
 70
     0
  9
$PDMODE
 70
     0
  9
$PDSIZE
 40
0.0
  9
$PLINEWID
 40
0.0
  9
$SPLFRAME
 70
     0
  9
$SPLINETYPE
 70
     6
  9
$SPLINESEGS
 70
     8
  9
$HANDSEED
  5
16C
  9
$SURFTAB1
 70
     6
  9
$SURFTAB2
 70
     6
  9
$SURFTYPE
 70
     6
  9
$SURFU
 70
     6
  9
$SURFV
 70
     6
  9
$UCSBASE
  2

  9
$UCSNAME
  2

  9
$UCSORG
 10
0.0
 20
0.0
 30
0.0
  9
$UCSXDIR
 10
1.0
 20
0.0
 30
0.0
  9
$UCSYDIR
 10
0.0
 20
1.0
 30
0.0
  9
$UCSORTHOREF
  2

  9
$UCSORTHOVIEW
 70
     0
  9
$UCSORGTOP
 10
0.0
 20
0.0
 30
0.0
  9
$UCSORGBOTTOM
 10
0.0
 20
0.0
 30
0.0
  9
$UCSORGLEFT
 10
0.0
 20
0.0
 30
0.0
  9
$UCSORGRIGHT
 10
0.0
 20
0.0
 30
0.0
  9
$UCSORGFRONT
 10
0.0
 20
0.0
 30
0.0
  9
$UCSORGBACK
 10
0.0
 20
0.0
 30
0.0
  9
$PUCSBASE
  2

  9
$PUCSNAME
  2

  9
$PUCSORG
 10
0.0
 20
0.0
 30
0.0
  9
$PUCSXDIR
 10
1.0
 20
0.0
 30
0.0
  9
$PUCSYDIR
 10
0.0
 20
1.0
 30
0.0
  9
$PUCSORTHOREF
  2

  9
$PUCSORTHOVIEW
 70
     0
  9
$PUCSORGTOP
 10
0.0
 20
0.0
 30
0.0
  9
$PUCSORGBOTTOM
 10
0.0
 20
0.0
 30
0.0
  9
$PUCSORGLEFT
 10
0.0
 20
0.0
 30
0.0
  9
$PUCSORGRIGHT
 10
0.0
 20
0.0
 30
0.0
  9
$PUCSORGFRONT
 10
0.0
 20
0.0
 30
0.0
  9
$PUCSORGBACK
 10
0.0
 20
0.0
 30
0.0
  9
$USERI1
 70
     0
  9
$USERI2
 70
     0
  9
$USERI3
 70
     0
  9
$USERI4
 70
     0
  9
$USERI5
 70
     0
  9
$USERR1
 40
0.0
  9
$USERR2
 40
0.0
  9
$USERR3
 40
0.0
  9
$USERR4
 40
0.0
  9
$USERR5
 40
0.0
  9
$WORLDVIEW
 70
     1
  9
$SHADEDGE
 70
     3
  9
$SHADEDIF
 70
    70
  9
$TILEMODE
 70
     1
  9
$MAXACTVP
 70
    64
  9
$PINSBASE
 10
0.0
 20
0.0
 30
0.0
  9
$PLIMCHECK
 70
     0
  9
$PEXTMIN
 10
1.000000000000000E+20
 20
1.000000000000000E+20
 30
1.000000000000000E+20
  9
$PEXTMAX
 10
-1.000000000000000E+20
 20
-1.000000000000000E+20
 30
-1.000000000000000E+20
  9
$PLIMMIN
 10
0.0
 20
0.0
  9
$PLIMMAX
 10
12.0
 20
9.0
  9
$UNITMODE
 70
     0
  9
$VISRETAIN
 70
     1
  9
$PLINEGEN
 70
     0
  9
$PSLTSCALE
 70
     1
  9
$TREEDEPTH
 70
  3020
  9
$CMLSTYLE
  2
Standard
  9
$CMLJUST
 70
     0
  9
$CMLSCALE
 40
1.0
  9
$PROXYGRAPHICS
 70
     1
  9
$MEASUREMENT
 70
     0
  9
$CELWEIGHT
370
    -1
  9
$ENDCAPS
280
     0
  9
$JOINSTYLE
280
     0
  9
$LWDISPLAY
290
     0
  9
$INSUNITS
 70
     4
  9
$HYPERLINKBASE
  1

  9
$STYLESHEET
  1

  9
$XEDIT
290
     1
  9
$CEPSNTYPE
380
     0
  9
$PSTYLEMODE
290
     1
  9
$FINGERPRINTGUID
  2
{1D9AECDA-23F9-45DF-85B4-09BCF64FEF6E}
  9
$VERSIONGUID
  2
{FAEB1C32-E019-11D5-929B-00C0DF256EC4}
  9
$EXTNAMES
290
     1
  9
$PSVPSCALE
 40
0.0
  9
$OLESTARTUP
290
     0
  9
$SORTENTS
280
   127
  9
$INDEXCTL
280
     0
  9
$HIDETEXT
280
     1
  9
$XCLIPFRAME
290
     0
  9
$HALOGAP
280
     0
  9
$OBSCOLOR
 70
   257
  9
$OBSLTYPE
280
     0
  9
$INTERSECTIONDISPLAY
280
     0
  9
$INTERSECTIONCOLOR
 70
   257
  9
$DIMASSOC
280
     2
  9
$PROJECTNAME
  1

  0
ENDSEC
  0
SECTION
  2
CLASSES
  0
CLASS
  1
ACDBDICTIONARYWDFLT
  2
AcDbDictionaryWithDefault
  3
ObjectDBX Classes
 90
        0
 91
        4
280
     0
281
     0
  0
CLASS
  1
VISUALSTYLE
  2
AcDbVisualStyle
  3
ObjectDBX Classes
 90
     4095
 91
        4
280
     0
281
     0
  0
CLASS
  1
MATERIAL
  2
AcDbMaterial
  3
ObjectDBX Classes
 90
     1153
 91
        4
280
     0
281
     0
  0
CLASS
  1
SCALE
  2
AcDbScale
  3
ObjectDBX Classes
 90
     1153
 91
        4
280
     0
281
     0
  0
CLASS
  1
SUN
  2
AcDbSun
  3
SCENEOE
 90
     1153
 91
        4
280
     0
281
     0
  0
CLASS
  1
DICTIONARYVAR
  2
AcDbDictionaryVar
  3
ObjectDBX Classes
 90
        0
 91
        4
280
     0
281
     0
  0
ENDSEC
  0
SECTION
  2
TABLES
  0
TABLE
  2
VPORT
  5
8
330
0
100
AcDbSymbolTable
 70
     1
  0
VPORT
  5
29
330
8
100
AcDbSymbolTableRecord
100
AcDbViewportTableRecord
  2
*Active
 70
     0
 10
0.0
 20
0.0
 11
1.0
 21
1.0
 12
-40.39439746332619
 22
25.5634753005979
 13
0.0
 23
0.0
 14
0.5
 24
0.5
 15
0.5
 25
0.5
 16
0.0
 26
0.0
 36
1.0
 17
0.0
 27
0.0
 37
0.0
 40
504.1951034180178
 41
3.954615962258768
 42
50.0
 43
0.0
 44
0.0
 50
0.0
 51
0.0
 71
     0
 72
   100
 73
     1
 74
     3
 75
     0
 76
     0
 77
     0
 78
     0
281
     0
 65
     1
110
0.0
120
0.0
130
0.0
111
1.0
121
0.0
131
0.0
112
0.0
122
1.0
132
0.0
 79
     0
146
0.0
  0
ENDTAB
  0
TABLE
  2
LTYPE
  5
5
330
0
100
AcDbSymbolTable
 70
     1
  0
LTYPE
  5
14
330
5
100
AcDbSymbolTableRecord
100
AcDbLinetypeTableRecord
  2
ByBlock
 70
     0
  3

 72
    65
 73
     0
 40
0.0
  0
LTYPE
  5
15
330
5
100
AcDbSymbolTableRecord
100
AcDbLinetypeTableRecord
  2
ByLayer
 70
     0
  3

 72
    65
 73
     0
 40
0.0
  0
LTYPE
  5
16
330
5
100
AcDbSymbolTableRecord
100
AcDbLinetypeTableRecord
  2
Continuous
 70
     0
  3
Solid line
 72
    65
 73
     0
 40
0.0
  0
ENDTAB
  0
TABLE
  2
LAYER
  5
2
330
0
100
AcDbSymbolTable
 70
     2
  0
LAYER
  5
10
330
2
100
AcDbSymbolTableRecord
100
AcDbLayerTableRecord
  2
0
 70
     0
 62
     7
  6
Continuous
370
    -3
390
F
  0
LAYER
  5
6A
330
2
100
AcDbSymbolTableRecord
100
AcDbLayerTableRecord
  2
Predeterminada
 70
     0
 62
    18
420
        0
  6
Continuous
370
    -3
390
F
  0
ENDTAB
  0
TABLE
  2
STYLE
  5
3
330
0
100
AcDbSymbolTable
 70
     1
  0
STYLE
  5
11
330
3
100
AcDbSymbolTableRecord
100
AcDbTextStyleTableRecord
  2
Standard
 70
     0
 40
0.0
 41
1.0
 50
0.0
 71
     0
 42
0.2
  3
txt
  4

  0
ENDTAB
  0
TABLE
  2
VIEW
  5
6
330
0
100
AcDbSymbolTable
 70
     0
  0
ENDTAB
  0
TABLE
  2
UCS
  5
7
330
0
100
AcDbSymbolTable
 70
     0
  0
ENDTAB
  0
TABLE
  2
APPID
  5
9
330
0
100
AcDbSymbolTable
 70
     1
  0
APPID
  5
12
330
9
100
AcDbSymbolTableRecord
100
AcDbRegAppTableRecord
  2
ACAD
 70
     0
  0
ENDTAB
  0
TABLE
  2
DIMSTYLE
  5
A
330
0
100
AcDbSymbolTable
 70
     1
100
AcDbDimStyleTable
  0
DIMSTYLE
105
27
330
A
100
AcDbSymbolTableRecord
100
AcDbDimStyleTableRecord
  2
Standard
 70
     0
178
     0
340
11
  0
ENDTAB
  0
TABLE
  2
BLOCK_RECORD
  5
1
330
0
100
AcDbSymbolTable
 70
     1
  0
BLOCK_RECORD
  5
1F
330
1
100
AcDbSymbolTableRecord
100
AcDbBlockTableRecord
  2
*Model_Space
340
22
  0
BLOCK_RECORD
  5
1B
330
1
100
AcDbSymbolTableRecord
100
AcDbBlockTableRecord
  2
*Paper_Space
340
1E
  0
BLOCK_RECORD
  5
23
330
1
100
AcDbSymbolTableRecord
100
AcDbBlockTableRecord
  2
*Paper_Space0
340
26
  0
ENDTAB
  0
ENDSEC
  0
SECTION
  2
BLOCKS
  0
BLOCK
  5
20
330
1F
100
AcDbEntity
  8
0
100
AcDbBlockBegin
  2
*Model_Space
 70
     0
 10
0.0
 20
0.0
 30
0.0
  3
*Model_Space
  1
*Model_Space
  0
ENDBLK
  5
21
330
1F
100
AcDbEntity
  8
0
100
AcDbBlockEnd
  0
BLOCK
  5
1C
330
1B
100
AcDbEntity
 67
     1
  8
0
100
AcDbBlockBegin
  2
*Paper_Space
 70
     0
 10
0.0
 20
0.0
 30
0.0
  3
*Paper_Space
  1
*Paper_Space
  0
ENDBLK
  5
1D
330
1B
100
AcDbEntity
 67
     1
  8
0
100
AcDbBlockEnd
  0
BLOCK
  5
24
330
23
100
AcDbEntity
  8
0
100
AcDbBlockBegin
  2
*Paper_Space0
 70
     0
 10
0.0
 20
0.0
 30
0.0
  3
*Paper_Space0
  1
*Paper_Space0
  0
ENDBLK
  5
25
330
23
100
AcDbEntity
  8
0
100
AcDbBlockEnd
  0
ENDSEC
  0
SECTION
  2
ENTITIES
  0
LINE
  5
6B
330
1F
100
AcDbEntity
  8
Predeterminada
100
AcDbLine
 10
-180.1845381166141
 20
-127.3714076886045
 30
-122.7339286868855
 11
-183.8435276536325
 21
-110.6722742335416
 31
-122.7339286868855
  0
LINE
  5
6C
330
1F
100
AcDbEntity
  8
Predeterminada
100
AcDbLine
 10
-106.1690113626088
 20
124.0738487670039
 30
-122.7339286868855
 11
-180.1845381166141
 21
-127.3714076886045
 31
-122.7339286868855
  0
LINE
  5
6D
330
1F
100
AcDbEntity
  8
Predeterminada
100
AcDbLine
 10
-114.6701231450286
 20
124.0738487670039
 30
-122.7339286868855
 11
-106.1690113626088
 21
124.0738487670039
 31
-122.7339286868855
  0
LINE
  5
6E
330
1F
100
AcDbEntity
  8
Predeterminada
100
AcDbLine
 10
-183.8435276536325
 20
-110.6722742335416
 30
-122.7339286868855
 11
-114.6701231450286
 21
124.0738487670039
 31
-122.7339286868855
  0
LINE
  5
6F
330
1F
100
AcDbEntity
  8
Predeterminada
100
AcDbLine
 10
356.503284461033
 20
144.4613019931341
 30
-121.3747651384768
 11
288.5451070405983
 21
144.4613019931341
 31
-121.3747651384768
  0
CIRCLE
  5
70
330
1F
100
AcDbEntity
  8
Predeterminada
100
AcDbCircle
 10
322.5241957508156
 20
131.5492482832516
 30
-121.3747651384768
 40
3.397908871021735
  0
LINE
  5
71
330
1F
100
AcDbEntity
  8
Predeterminada
100
AcDbLine
 10
356.503284461033
 20
124.0738487670039
 30
-121.3747651384768
 11
356.503284461033
 21
144.4613019931341
 31
-121.3747651384768
  0
LINE
  5
72
330
1F
100
AcDbEntity
  8
Predeterminada
100
AcDbLine
 10
288.5451070405983
 20
124.0738487670039
 30
-121.3747651384768
 11
356.503284461033
 21
124.0738487670039
 31
-121.3747651384768
  0
LINE
  5
73
330
1F
100
AcDbEntity
  8
Predeterminada
100
AcDbLine
 10
288.5451070405983
 20
144.4613019931341
 30
-121.3747651384768
 11
288.5451070405983
 21
124.0738487670039
 31
-121.3747651384768
  0
LINE
  5
74
330
1F
100
AcDbEntity
  8
Predeterminada
100
AcDbLine
 10
169.1688002824162
 20
110.4822132829169
 30
-122.7339286868855
 11
177.6878064401201
 21
110.4822132829169
 31
-122.7339286868855
  0
LINE
  5
75
330
1F
100
AcDbEntity
  8
Predeterminada
100
AcDbLine
 10
236.940772296719
 20
-113.7797722045175
 30
-122.7339286868855
 11
169.1688002824162
 21
110.4822132829169
 31
-122.7339286868855
  0
LINE
  5
76
330
1F
100
AcDbEntity
  8
Predeterminada
100
AcDbLine
 10
245.4185407162925
 20
-113.7797722045175
 30
-122.7339286868855
 11
236.940772296719
 21
-113.7797722045175
 31
-122.7339286868855
  0
LINE
  5
77
330
1F
100
AcDbEntity
  8
Predeterminada
100
AcDbLine
 10
177.6878064401201
 20
110.4822132829169
 30
-122.7339286868855
 11
245.4185407162925
 21
-113.7797722045175
 31
-122.7339286868855
  0
LINE
  5
78
330
1F
100
AcDbEntity
  8
Predeterminada
100
AcDbLine
 10
362.6195204288721
 20
110.4822132829169
 30
-122.7339286868855
 11
362.6195204288721
 21
96.89057779882995
 31
-122.7339286868855
  0
LINE
  5
79
330
1F
100
AcDbEntity
  8
Predeterminada
100
AcDbLine
 10
282.4288710727592
 20
110.4822132829169
 30
-122.7339286868855
 11
362.6195204288721
 21
110.4822132829169
 31
-122.7339286868855
  0
LINE
  5
7A
330
1F
100
AcDbEntity
  8
Predeterminada
100
AcDbLine
 10
282.4288710727592
 20
96.89057779882995
 30
-122.7339286868855
 11
282.4288710727592
 21
110.4822132829169
 31
-122.7339286868855
  0
LINE
  5
7B
330
1F
100
AcDbEntity
  8
Predeterminada
100
AcDbLine
 10
362.6195204288721
 20
96.89057779882995
 30
-122.7339286868855
 11
282.4288710727592
 21
96.89057779882995
 31
-122.7339286868855
  0
LINE
  5
7C
330
1F
100
AcDbEntity
  8
Predeterminada
100
AcDbLine
 10
-235.1060121691935
 20
124.0738487670039
 30
-122.7339286868855
 11
-180.1845381166141
 21
-127.3714076886045
 31
-122.7339286868855
  0
LINE
  5
7D
330
1F
100
AcDbEntity
  8
Predeterminada
100
AcDbLine
 10
-268.50149667689
 20
124.0738487670039
 30
-122.7339286868855
 11
-235.1060121691935
 21
124.0738487670039
 31
-122.7339286868855
  0
LINE
  5
7E
330
1F
100
AcDbEntity
  8
Predeterminada
100
AcDbLine
 10
-213.3457630027563
 20
-127.3714076886045
 30
-122.7339286868855
 11
-268.50149667689
 21
124.0738487670039
 31
-122.7339286868855
  0
LINE
  5
7F
330
1F
100
AcDbEntity
  8
Predeterminada
100
AcDbLine
 10
-180.1845381166141
 20
-127.3714076886045
 30
-122.7339286868855
 11
-213.3457630027563
 21
-127.3714076886045
 31
-122.7339286868855
  0
LINE
  5
80
330
1F
100
AcDbEntity
  8
Predeterminada
100
AcDbLine
 10
169.1829671211406
 20
110.4822132829169
 30
-122.7339286868855
 11
108.0206074427497
 21
-127.3714076886045
 31
-122.7339286868855
  0
LINE
  5
81
330
1F
100
AcDbEntity
  8
Predeterminada
100
AcDbLine
 10
160.7637975629489
 20
110.4822132829169
 30
-122.7339286868855
 11
169.1829671211406
 21
110.4822132829169
 31
-122.7339286868855
  0
LINE
  5
82
330
1F
100
AcDbEntity
  8
Predeterminada
100
AcDbLine
 10
99.86144676631696
 20
-127.3714076886045
 30
-122.7339286868855
 11
160.7637975629489
 21
110.4822132829169
 31
-122.7339286868855
  0
LINE
  5
83
330
1F
100
AcDbEntity
  8
Predeterminada
100
AcDbLine
 10
108.0206074427497
 20
-127.3714076886045
 30
-122.7339286868855
 11
99.86144676631696
 21
-127.3714076886045
 31
-122.7339286868855
  0
LINE
  5
84
330
1F
100
AcDbEntity
  8
Predeterminada
100
AcDbLine
 10
-268.50149667689
 20
124.0738487670039
 30
-122.7339286868855
 11
-275.6568350994804
 21
156.6937739288125
 31
-122.7339286868855
  0
LINE
  5
85
330
1F
100
AcDbEntity
  8
Predeterminada
100
AcDbLine
 10
913.5498881785215
 20
124.0738487670039
 30
-122.7339286868855
 11
-268.50149667689
 21
124.0738487670039
 31
-122.7339286868855
  0
LINE
  5
86
330
1F
100
AcDbEntity
  8
Predeterminada
100
AcDbLine
 10
920.7052266011119
 20
156.6937739288125
 30
-122.7339286868855
 11
913.5498881785215
 21
124.0738487670039
 31
-122.7339286868855
  0
LINE
  5
87
330
1F
100
AcDbEntity
  8
Predeterminada
100
AcDbLine
 10
-275.6568350994804
 20
156.6937739288125
 30
-122.7339286868855
 11
920.7052266011119
 21
156.6937739288125
 31
-122.7339286868855
  0
LINE
  5
88
330
1F
100
AcDbEntity
  8
Predeterminada
100
AcDbLine
 10
407.9342845969171
 20
-113.7797722045175
 30
-122.7339286868855
 11
399.4565161773437
 21
-113.7797722045175
 31
-122.7339286868855
  0
LINE
  5
89
330
1F
100
AcDbEntity
  8
Predeterminada
100
AcDbLine
 10
475.7062566112199
 20
110.4822132829169
 30
-122.7339286868855
 11
407.9342845969171
 21
-113.7797722045175
 31
-122.7339286868855
  0
LINE
  5
8A
330
1F
100
AcDbEntity
  8
Predeterminada
100
AcDbLine
 10
467.1872504535161
 20
110.4822132829169
 30
-122.7339286868855
 11
475.7062566112199
 21
110.4822132829169
 31
-122.7339286868855
  0
LINE
  5
8B
330
1F
100
AcDbEntity
  8
Predeterminada
100
AcDbLine
 10
399.4565161773437
 20
-113.7797722045175
 30
-122.7339286868855
 11
467.1872504535161
 21
110.4822132829169
 31
-122.7339286868855
  0
LINE
  5
8C
330
1F
100
AcDbEntity
  8
Predeterminada
100
AcDbLine
 10
390.0705054293084
 20
-113.7797722045175
 30
-122.7339286868855
 11
254.9778860723232
 21
-113.7797722045175
 31
-122.7339286868855
  0
LINE
  5
8D
330
1F
100
AcDbEntity
  8
Predeterminada
100
AcDbLine
 10
362.6195204288721
 20
96.89057779882995
 30
-122.7339286868855
 11
390.0705054293084
 21
-113.7797722045175
 31
-122.7339286868855
  0
LINE
  5
8E
330
1F
100
AcDbEntity
  8
Predeterminada
100
AcDbLine
 10
282.4288710727592
 20
96.89057779882995
 30
-122.7339286868855
 11
362.6195204288721
 21
96.89057779882995
 31
-122.7339286868855
  0
LINE
  5
8F
330
1F
100
AcDbEntity
  8
Predeterminada
100
AcDbLine
 10
254.9778860723232
 20
-113.7797722045175
 30
-122.7339286868855
 11
282.4288710727592
 21
96.89057779882995
 31
-122.7339286868855
  0
LINE
  5
90
330
1F
100
AcDbEntity
  8
Predeterminada
100
AcDbLine
 10
614.1707660044071
 20
123.134944124484
 30
-122.7339286868855
 11
614.3991482147496
 21
124.0738487670039
 31
-122.7339286868855
  0
LINE
  5
91
330
1F
100
AcDbEntity
  8
Predeterminada
100
AcDbLine
 10
675.1138661714161
 20
-127.3714076886045
 30
-122.7339286868855
 11
614.1707660044071
 21
123.134944124484
 31
-122.7339286868855
  0
LINE
  5
92
330
1F
100
AcDbEntity
  8
Predeterminada
100
AcDbLine
 10
683.5201261718412
 20
-127.3714076886045
 30
-122.7339286868855
 11
675.1138661714161
 21
-127.3714076886045
 31
-122.7339286868855
  0
LINE
  5
93
330
1F
100
AcDbEntity
  8
Predeterminada
100
AcDbLine
 10
622.3443265439765
 20
124.0738487670039
 30
-122.7339286868855
 11
683.5201261718412
 21
-127.3714076886045
 31
-122.7339286868855
  0
LINE
  5
94
330
1F
100
AcDbEntity
  8
Predeterminada
100
AcDbLine
 10
614.3991482147496
 20
124.0738487670039
 30
-122.7339286868855
 11
622.3443265439765
 21
124.0738487670039
 31
-122.7339286868855
  0
LINE
  5
95
330
1F
100
AcDbEntity
  8
Predeterminada
100
AcDbLine
 10
30.70429088922941
 20
123.134944124484
 30
-122.7339286868855
 11
-30.23880927777998
 21
-127.3714076886045
 31
-122.7339286868855
  0
LINE
  5
96
330
1F
100
AcDbEntity
  8
Predeterminada
100
AcDbLine
 10
30.47590867888647
 20
124.0738487670039
 30
-122.7339286868855
 11
30.70429088922913
 21
123.134944124484
 31
-122.7339286868855
  0
LINE
  5
97
330
1F
100
AcDbEntity
  8
Predeterminada
100
AcDbLine
 10
22.53073034965962
 20
124.0738487670039
 30
-122.7339286868855
 11
30.47590867888647
 21
124.0738487670039
 31
-122.7339286868855
  0
LINE
  5
98
330
1F
100
AcDbEntity
  8
Predeterminada
100
AcDbLine
 10
-38.64506927820497
 20
-127.3714076886045
 30
-122.7339286868855
 11
22.53073034965962
 21
124.0738487670039
 31
-122.7339286868855
  0
LINE
  5
99
330
1F
100
AcDbEntity
  8
Predeterminada
100
AcDbLine
 10
-30.23880927777998
 20
-127.3714076886045
 30
-122.7339286868855
 11
-38.64506927820497
 21
-127.3714076886045
 31
-122.7339286868855
  0
LINE
  5
9A
330
1F
100
AcDbEntity
  8
Predeterminada
100
AcDbLine
 10
528.4374733347331
 20
124.0738487670039
 30
-122.7339286868855
 11
528.4374733347331
 21
110.4822132829169
 31
-122.7339286868855
  0
LINE
  5
9B
330
1F
100
AcDbEntity
  8
Predeterminada
100
AcDbLine
 10
116.6109181668985
 20
124.0738487670039
 30
-122.7339286868855
 11
528.4374733347331
 21
124.0738487670039
 31
-122.7339286868855
  0
LINE
  5
9C
330
1F
100
AcDbEntity
  8
Predeterminada
100
AcDbLine
 10
116.6109181668985
 20
110.4822132829169
 30
-122.7339286868855
 11
116.6109181668985
 21
124.0738487670039
 31
-122.7339286868855
  0
LINE
  5
9D
330
1F
100
AcDbEntity
  8
Predeterminada
100
AcDbLine
 10
528.4374733347331
 20
110.4822132829169
 30
-122.7339286868855
 11
116.6109181668985
 21
110.4822132829169
 31
-122.7339286868855
  0
LINE
  5
9E
330
1F
100
AcDbEntity
  8
Predeterminada
100
AcDbLine
 10
374.172410590346
 20
-127.3714076886045
 30
-121.3747651384768
 11
270.8759809112853
 21
-127.3714076886045
 31
-121.3747651384768
  0
CIRCLE
  5
9F
330
1F
100
AcDbEntity
  8
Predeterminada
100
AcDbCircle
 10
292.6225976858244
 20
-137.5651343016697
 30
-121.3747651384768
 40
3.397908871021735
  0
CIRCLE
  5
A0
330
1F
100
AcDbEntity
  8
Predeterminada
100
AcDbCircle
 10
352.4257938158069
 20
-137.5651343016697
 30
-121.3747651384768
 40
3.397908871021735
  0
LINE
  5
A1
330
1F
100
AcDbEntity
  8
Predeterminada
100
AcDbLine
 10
374.172410590346
 20
-147.758860914735
 30
-121.3747651384768
 11
374.172410590346
 21
-127.3714076886045
 31
-121.3747651384768
  0
LINE
  5
A2
330
1F
100
AcDbEntity
  8
Predeterminada
100
AcDbLine
 10
270.8759809112853
 20
-147.758860914735
 30
-121.3747651384768
 11
374.172410590346
 21
-147.758860914735
 31
-121.3747651384768
  0
LINE
  5
A3
330
1F
100
AcDbEntity
  8
Predeterminada
100
AcDbLine
 10
270.8759809112853
 20
-127.3714076886045
 30
-121.3747651384768
 11
270.8759809112853
 21
-147.758860914735
 31
-121.3747651384768
  0
LINE
  5
A4
330
1F
100
AcDbEntity
  8
Predeterminada
100
AcDbLine
 10
858.3941545043881
 20
-127.3714076886045
 30
-122.7339286868855
 11
825.0595950102502
 21
-127.3714076886045
 31
-122.7339286868855
  0
LINE
  5
A5
330
1F
100
AcDbEntity
  8
Predeterminada
100
AcDbLine
 10
913.5498881785215
 20
124.0738487670039
 30
-122.7339286868855
 11
858.3941545043881
 21
-127.3714076886045
 31
-122.7339286868855
  0
LINE
  5
A6
330
1F
100
AcDbEntity
  8
Predeterminada
100
AcDbLine
 10
880.1544036708251
 20
124.0738487670039
 30
-122.7339286868855
 11
913.5498881785215
 21
124.0738487670039
 31
-122.7339286868855
  0
LINE
  5
A7
330
1F
100
AcDbEntity
  8
Predeterminada
100
AcDbLine
 10
825.0595950102502
 20
-127.3714076886045
 30
-122.7339286868855
 11
880.1544036708251
 21
124.0738487670039
 31
-122.7339286868855
  0
LINE
  5
A8
330
1F
100
AcDbEntity
  8
Predeterminada
100
AcDbLine
 10
858.3941545043881
 20
-127.3714076886045
 30
-122.7339286868855
 11
857.0953066206446
 21
-133.2926259821415
 31
-122.7339286868855
  0
ARC
  5
A9
330
1F
100
AcDbEntity
  8
Predeterminada
100
AcDbCircle
 10
823.9053305764791
 20
-126.0122441401958
 30
-122.7339286868855
 40
33.9790887102172
100
AcDbArc
 50
270.0000000000088
 51
347.627844749491
  0
LINE
  5
AA
330
1F
100
AcDbEntity
  8
Predeterminada
100
AcDbLine
 10
823.9053305764787
 20
-159.9913328504131
 30
-122.7339286868855
 11
-178.8569390748474
 21
-159.9913328504131
 31
-122.7339286868855
  0
ARC
  5
AB
330
1F
100
AcDbEntity
  8
Predeterminada
100
AcDbCircle
 10
-178.8569390748474
 20
-126.0122441401958
 30
-122.7339286868855
 40
33.97908871021685
100
AcDbArc
 50
192.3721552505174
 51
270.0
  0
LINE
  5
AC
330
1F
100
AcDbEntity
  8
Predeterminada
100
AcDbLine
 10
-212.0469151190128
 20
-133.2926259821415
 30
-122.7339286868855
 11
-213.3457630027563
 21
-127.3714076886045
 31
-122.7339286868855
  0
LINE
  5
AD
330
1F
100
AcDbEntity
  8
Predeterminada
100
AcDbLine
 10
-213.3457630027563
 20
-127.3714076886045
 30
-122.7339286868855
 11
858.3941545043881
 21
-127.3714076886045
 31
-122.7339286868855
  0
LINE
  5
AE
330
1F
100
AcDbEntity
  8
Predeterminada
100
AcDbLine
 10
475.6920897724956
 20
110.4822132829169
 30
-122.7339286868855
 11
484.1112593306873
 21
110.4822132829169
 31
-122.7339286868855
  0
LINE
  5
AF
330
1F
100
AcDbEntity
  8
Predeterminada
100
AcDbLine
 10
536.8544494508868
 20
-127.3714076886045
 30
-122.7339286868855
 11
475.6920897724956
 21
110.4822132829169
 31
-122.7339286868855
  0
LINE
  5
B0
330
1F
100
AcDbEntity
  8
Predeterminada
100
AcDbLine
 10
545.0136101273192
 20
-127.3714076886045
 30
-122.7339286868855
 11
536.8544494508868
 21
-127.3714076886045
 31
-122.7339286868855
  0
LINE
  5
B1
330
1F
100
AcDbEntity
  8
Predeterminada
100
AcDbLine
 10
484.1112593306873
 20
110.4822132829169
 30
-122.7339286868855
 11
545.0136101273192
 21
-127.3714076886045
 31
-122.7339286868855
  0
LINE
  5
B2
330
1F
100
AcDbEntity
  8
Predeterminada
100
AcDbLine
 10
553.2367885363585
 20
-127.3714076886045
 30
-122.7339286868855
 11
544.9032914293773
 21
-127.3714076886045
 31
-122.7339286868855
  0
LINE
  5
B3
330
1F
100
AcDbEntity
  8
Predeterminada
100
AcDbLine
 10
614.3991482147496
 20
124.0738487670039
 30
-122.7339286868855
 11
553.2367885363585
 21
-127.3714076886045
 31
-122.7339286868855
  0
LINE
  5
B4
330
1F
100
AcDbEntity
  8
Predeterminada
100
AcDbLine
 10
606.0066059794078
 20
124.0738487670039
 30
-122.7339286868855
 11
614.3991482147496
 21
124.0738487670039
 31
-122.7339286868855
  0
LINE
  5
B5
330
1F
100
AcDbEntity
  8
Predeterminada
100
AcDbLine
 10
544.9032914293773
 20
-127.3714076886045
 30
-122.7339286868855
 11
606.0066059794078
 21
124.0738487670039
 31
-122.7339286868855
  0
LINE
  5
B6
330
1F
100
AcDbEntity
  8
Predeterminada
100
AcDbLine
 10
-106.1588096783631
 20
124.0738487670039
 30
-122.7339286868855
 11
-97.76947436158395
 21
124.0738487670039
 31
-122.7339286868855
  0
LINE
  5
B7
330
1F
100
AcDbEntity
  8
Predeterminada
100
AcDbLine
 10
-44.9964499999719
 20
-127.3714076886045
 30
-122.7339286868855
 11
-106.1588096783631
 21
124.0738487670039
 31
-122.7339286868855
  0
LINE
  5
B8
330
1F
100
AcDbEntity
  8
Predeterminada
100
AcDbLine
 10
-36.70157389186863
 20
-127.3714076886045
 30
-122.7339286868855
 11
-44.9964499999719
 21
-127.3714076886045
 31
-122.7339286868855
  0
LINE
  5
B9
330
1F
100
AcDbEntity
  8
Predeterminada
100
AcDbLine
 10
-97.76947436158395
 20
124.0738487670039
 30
-122.7339286868855
 11
-36.70157389186863
 21
-127.3714076886045
 31
-122.7339286868855
  0
LINE
  5
BA
330
1F
100
AcDbEntity
  8
Predeterminada
100
AcDbLine
 10
528.4374733347331
 20
-113.7797722045175
 30
-122.7339286868855
 11
528.4374733347331
 21
-127.3714076886045
 31
-122.7339286868855
  0
LINE
  5
BB
330
1F
100
AcDbEntity
  8
Predeterminada
100
AcDbLine
 10
116.6109181668988
 20
-113.7797722045175
 30
-122.7339286868855
 11
528.4374733347331
 21
-113.7797722045175
 31
-122.7339286868855
  0
LINE
  5
BC
330
1F
100
AcDbEntity
  8
Predeterminada
100
AcDbLine
 10
116.6109181668988
 20
-127.3714076886045
 30
-122.7339286868855
 11
116.6109181668988
 21
-113.7797722045175
 31
-122.7339286868855
  0
LINE
  5
BD
330
1F
100
AcDbEntity
  8
Predeterminada
100
AcDbLine
 10
528.4374733347331
 20
-127.3714076886045
 30
-122.7339286868855
 11
116.6109181668988
 21
-127.3714076886045
 31
-122.7339286868855
  0
LINE
  5
BE
330
1F
100
AcDbEntity
  8
Predeterminada
100
AcDbLine
 10
91.63826835727804
 20
-127.3714076886045
 30
-122.7339286868855
 11
30.47590867888681
 21
124.0738487670039
 31
-122.7339286868855
  0
LINE
  5
BF
330
1F
100
AcDbEntity
  8
Predeterminada
100
AcDbLine
 10
99.97176546425882
 20
-127.3714076886045
 30
-122.7339286868855
 11
91.63826835727804
 21
-127.3714076886045
 31
-122.7339286868855
  0
LINE
  5
C0
330
1F
100
AcDbEntity
  8
Predeterminada
100
AcDbLine
 10
38.86845091422833
 20
124.0738487670039
 30
-122.7339286868855
 11
99.97176546425882
 21
-127.3714076886045
 31
-122.7339286868855
  0
LINE
  5
C1
330
1F
100
AcDbEntity
  8
Predeterminada
100
AcDbLine
 10
30.47590867888647
 20
124.0738487670039
 30
-122.7339286868855
 11
38.86845091422833
 21
124.0738487670039
 31
-122.7339286868855
  0
LINE
  5
C2
330
1F
100
AcDbEntity
  8
Predeterminada
100
AcDbLine
 10
825.0595950102502
 20
-127.3714076886045
 30
-122.7339286868855
 11
751.044068256245
 21
124.0738487670039
 31
-122.7339286868855
  0
LINE
  5
C3
330
1F
100
AcDbEntity
  8
Predeterminada
100
AcDbLine
 10
828.7185845472691
 20
-110.6722742335416
 30
-122.7339286868855
 11
825.0595950102502
 21
-127.3714076886045
 31
-122.7339286868855
  0
LINE
  5
C4
330
1F
100
AcDbEntity
  8
Predeterminada
100
AcDbLine
 10
759.5451800386649
 20
124.0738487670039
 30
-122.7339286868855
 11
828.7185845472691
 21
-110.6722742335416
 31
-122.7339286868855
  0
LINE
  5
C5
330
1F
100
AcDbEntity
  8
Predeterminada
100
AcDbLine
 10
751.0440682562453
 20
124.0738487670039
 30
-122.7339286868855
 11
759.5451800386649
 21
124.0738487670039
 31
-122.7339286868855
  0
LINE
  5
C6
330
1F
100
AcDbEntity
  8
Predeterminada
100
AcDbLine
 10
-557.303202459115
 20
-158.2606726276901
 30
-120.0069454493296
 11
-557.303202459115
 21
-119.6317795738896
 31
-120.0069454493296
  0
SPLINE
  5
C7
330
1F
100
AcDbEntity
  8
Predeterminada
100
AcDbSpline
210
-0.0002684557380341877
220
-1.949859761947564E-15
230
-0.9999999639657577
 70
    12
 71
     2
 72
     8
 73
     5
 74
     0
 42
0.000000001
 43
0.0000000001
 40
212.471568632906
 40
212.471568632906
 40
212.471568632906
 40
234.3418755684281
 40
234.3418755684281
 40
256.2121825039502
 40
256.2121825039502
 40
256.2121825039502
 10
-557.303202459115
 20
-119.6317795738768
 30
-120.0069454493296
 41
1.0
 10
-557.3032022119346
 20
-135.7421378860268
 30
-120.0069454493959
 41
0.9058534462356508
 10
-544.7668260105258
 20
-146.071147843894
 30
-120.0103109116426
 41
1.0
 10
-532.2304498091165
 20
-156.4001578017614
 30
-120.0136763738893
 41
0.9058534462356508
 10
-516.1552822100839
 20
-153.534501634014
 30
-120.0179918450266
 41
1.0
  0
SPLINE
  5
C8
330
1F
100
AcDbEntity
  8
Predeterminada
100
AcDbSpline
210
-0.0002684557380308268
220
-1.527132876422867E-14
230
-0.9999999639657577
 70
     8
 71
     3
 72
    11
 73
     7
 74
     0
 42
0.000000001
 43
0.0000000001
 40
256.2121825039502
 40
256.2121825039502
 40
256.2121825039502
 40
256.2121825039502
 40
257.2121823251363
 40
258.2121823847409
 40
259.2121824443456
 40
260.2121825039502
 40
260.2121825039502
 40
260.2121825039502
 40
260.2121825039502
 10
-516.1552822100839
 20
-153.534501634014
 30
-120.0179918450266
 10
-525.2291991427622
 20
-155.0005355616852
 30
-120.0155558998719
 10
-530.8668118687984
 20
-155.7721945879607
 30
-120.0140424503322
 10
-537.860670365053
 20
-156.5995397859041
 30
-120.0121649088202
 10
-544.7084125447691
 20
-157.2845244686288
 30
-120.0103265930732
 10
-551.5752504292473
 20
-157.8592685856872
 30
-120.0084831509745
 10
-557.303202459115
 20
-158.2606726276901
 30
-120.0069454493296
  0
LINE
  5
C9
330
1F
100
AcDbEntity
  8
Predeterminada
100
AcDbLine
 10
-557.303202459115
 20
-158.2606726276901
 30
-120.0069454493296
 11
-557.3032024591157
 21
-187.2588698457861
 31
-120.0069454493296
  0
SPLINE
  5
CA
330
1F
100
AcDbEntity
  8
Predeterminada
100
AcDbSpline
210
-0.0002684557380333344
220
-2.312656254787794E-15
230
-0.9999999639657577
 70
     8
 71
     3
 72
     9
 73
     5
 74
     0
 42
0.000000001
 43
0.0000000001
 40
281.25456117714
 40
281.25456117714
 40
281.25456117714
 40
281.25456117714
 40
282.1412342190218
 40
282.7966089611095
 40
282.7966089611095
 40
282.7966089611095
 40
282.7966089611095
 10
-557.3032024591157
 20
-187.2588698457861
 30
-120.0069454493296
 10
-481.6783888937343
 20
-182.6637392139193
 30
-120.0272473652005
 10
-433.8908388927638
 20
-152.4321081364348
 30
-120.0400762076672
 10
-410.2249391327572
 20
-130.6488775629127
 30
-120.0464294544825
 10
-402.5649511668889
 20
-122.1163840361368
 30
-120.0484858222793
  0
LINE
  5
CB
330
1F
100
AcDbEntity
  8
Predeterminada
100
AcDbLine
 10
-402.5649511668889
 20
-122.1163840361368
 30
-120.0484858222793
 11
-490.4559084253805
 21
-147.3711530772029
 31
-120.0248909896317
  0
SPLINE
  5
CC
330
1F
100
AcDbEntity
  8
Predeterminada
100
AcDbSpline
210
-0.0002684557380318812
220
-1.126679426630516E-14
230
-0.9999999639657577
 70
     8
 71
     3
 72
    14
 73
    10
 74
     0
 42
0.000000001
 43
0.0000000001
 40
348.3098663009438
 40
348.3098663009438
 40
348.3098663009438
 40
348.3098663009438
 40
354.8511679790701
 40
360.475193077037
 40
366.7413920119972
 40
373.3902002614943
 40
381.1052641770615
 40
389.2428447348553
 40
396.9122983398327
 40
396.9122983398327
 40
396.9122983398327
 40
396.9122983398327
 10
-490.4559084253805
 20
-147.3711530772029
 30
-120.0248909896317
 10
-493.3573967638301
 20
-148.2877982449592
 30
-120.0241120684103
 10
-498.8050012997448
 20
-149.8351245139483
 30
-120.0226496276613
 10
-507.1533874933108
 20
-151.8135235396598
 30
-120.0204084554037
 10
-515.6214591489597
 20
-153.4905696628945
 30
-120.0181351528956
 10
-525.1029197410555
 20
-155.0364822430524
 30
-120.0155898003031
 10
-535.4951581142307
 20
-156.3898705614194
 30
-120.0127999441802
 10
-546.3961479620109
 20
-157.482381374901
 30
-120.0098735107999
 10
-553.7384015475357
 20
-158.0315659886043
 30
-120.0079024406238
 10
-557.303202459115
 20
-158.2606726276901
 30
-120.0069454493296
  0
SPLINE
  5
CD
330
1F
100
AcDbEntity
  8
Predeterminada
100
AcDbSpline
210
0.0002684557380359151
220
1.266528076171337E-14
230
0.9999999639657577
 70
     8
 71
     3
 72
    10
 73
     6
 74
     0
 42
0.000000001
 43
0.0000000001
 40
-3.0
 40
-3.0
 40
-3.0
 40
-3.0
 40
-2.0
 40
-1.0
 40
0.0
 40
0.0
 40
0.0
 40
0.0
 10
-519.4386953026913
 20
229.2891631892419
 30
-120.0171103939098
 10
-531.8242567296875
 20
233.5182971762216
 30
-120.0137854187562
 10
-536.8716858437451
 20
235.015262579937
 30
-120.0124304073994
 10
-542.6190234430285
 20
236.5657517536895
 30
-120.0108875015869
 10
-548.7565233778096
 20
238.0446984774472
 30
-120.0092398544527
 10
-557.303202459115
 20
239.8084641950782
 30
-120.0069454493296
  0
LINE
  5
CE
330
1F
100
AcDbEntity
  8
Predeterminada
100
AcDbLine
 10
-557.303202459115
 20
239.8084641950782
 30
-120.0069454493296
 11
-557.303202459115
 21
269.2013940452121
 31
-120.0069454493296
  0
SPLINE
  5
CF
330
1F
100
AcDbEntity
  8
Predeterminada
100
AcDbSpline
210
0.0002684557380390571
220
6.640158569196827E-15
230
0.9999999639657577
 70
     8
 71
     3
 72
     8
 73
     4
 74
     0
 42
0.000000001
 43
0.0000000001
 40
21.32881418694052
 40
21.32881418694052
 40
21.32881418694052
 40
21.32881418694052
 40
21.53287458866747
 40
21.53287458866747
 40
21.53287458866747
 40
21.53287458866747
 10
-557.303202459115
 20
269.2013940452121
 30
-120.0069454493296
 10
-566.5782642427432
 20
270.7281506316804
 30
-120.0044555056834
 10
-576.3648135517913
 20
271.8236791593161
 30
-120.0018282502712
 10
-586.6477469291694
 20
272.3555527661634
 30
-119.9990677377027
  0
LINE
  5
D0
330
1F
100
AcDbEntity
  8
Predeterminada
100
AcDbLine
 10
-586.6477469291694
 20
272.3555527661634
 30
-119.9990677377027
 11
-586.6477469291694
 21
-188.3333102437666
 31
-119.9990677377027
  0
SPLINE
  5
D1
330
1F
100
AcDbEntity
  8
Predeterminada
100
AcDbSpline
210
-0.0002684557380449529
220
1.805139900434204E-13
230
-0.9999999639657577
 70
     8
 71
     3
 72
     8
 73
     4
 74
     0
 42
0.000000001
 43
0.0000000001
 40
335.3025191191509
 40
335.3025191191509
 40
335.3025191191509
 40
335.3025191191509
 40
335.4088196477481
 40
335.4088196477481
 40
335.4088196477481
 40
335.4088196477481
 10
-586.6477469291694
 20
-188.3333102437666
 30
-119.9990677377027
 10
-576.1280719720271
 20
-188.1768622792158
 30
-120.001891804909
 10
-566.3696308688586
 20
-187.8097660522437
 30
-120.0045115145118
 10
-557.303202459115
 20
-187.2588698457861
 30
-120.0069454493296
  0
LINE
  5
D2
330
1F
100
AcDbEntity
  8
Predeterminada
100
AcDbLine
 10
-557.303202459115
 20
-187.2588698457861
 30
-120.0069454493296
 11
-557.303202459115
 21
269.2013940452121
 31
-120.0069454493296
  0
SPLINE
  5
D3
330
1F
100
AcDbEntity
  8
Predeterminada
100
AcDbSpline
210
0.0002684557380331303
220
-1.733632656193198E-15
230
0.9999999639657577
 70
     8
 71
     3
 72
    11
 73
     7
 74
     0
 42
0.000000001
 43
0.0000000001
 40
646.29841616982
 40
646.29841616982
 40
646.29841616982
 40
646.29841616982
 40
647.0045903864377
 40
648.0045903864377
 40
649.0045903864377
 40
649.3492721869865
 40
649.3492721869865
 40
649.3492721869865
 40
649.3492721869865
 10
-557.303202459115
 20
269.2013940452121
 30
-120.0069454493296
 10
-525.205796819886
 20
263.9178793246152
 30
-120.0155621823599
 10
-462.455556234323
 20
238.675059715105
 30
-120.0324078451152
 10
-425.4373256987948
 20
201.636635413632
 30
-120.0423456018725
 10
-407.2996029075934
 20
174.7102018887068
 30
-120.0472147778061
 10
-398.9564058156474
 20
159.2678143092153
 30
-120.0494545570197
 10
-396.9398135868411
 20
155.3094726751579
 30
-120.0499959227943
  0
LINE
  5
D4
330
1F
100
AcDbEntity
  8
Predeterminada
100
AcDbLine
 10
-396.9398135868411
 20
155.3094726751579
 30
-120.0499959227943
 11
-463.7237279019757
 21
197.4884761536842
 31
-120.0320673971419
  0
SPLINE
  5
D5
330
1F
100
AcDbEntity
  8
Predeterminada
100
AcDbSpline
210
0.0002684557380265125
220
-1.278704230953705E-14
230
0.9999999639657577
 70
     8
 71
     3
 72
    14
 73
    10
 74
     0
 42
0.000000001
 43
0.0000000001
 40
706.1026983865482
 40
706.1026983865482
 40
706.1026983865482
 40
706.1026983865482
 40
708.7301599025714
 40
712.8638308183567
 40
717.3867301968422
 40
725.7322660465936
 40
732.7485944145345
 40
739.7122025281934
 40
740.0189449902059
 40
740.0189449902059
 40
740.0189449902059
 40
740.0189449902059
 10
-463.7237279019757
 20
197.4884761536842
 30
-120.0320673971419
 10
-464.6296806786981
 20
198.299957880691
 30
-120.0318241889119
 10
-466.9947014312458
 20
200.3514748839194
 30
-120.0311892854974
 10
-471.07938807563
 20
203.615593003477
 30
-120.0300927278901
 10
-477.467048627315
 20
208.2366505850221
 30
-120.0283779237006
 10
-485.2736330568086
 20
213.1635844938219
 30
-120.0262822012406
 10
-494.352267294731
 20
218.170306045463
 30
-120.023844989698
 10
-500.3009749374823
 20
221.1153192720631
 30
-120.0222480249399
 10
-503.3617646875265
 20
222.544273987684
 30
-120.021426338339
 10
-503.4909615508017
 20
222.6044386366607
 30
-120.0213916546984
  0
SPLINE
  5
D6
330
1F
100
AcDbEntity
  8
Predeterminada
100
AcDbSpline
210
0.0002684557380415956
220
2.664616911970890E-14
230
0.9999999639657577
 70
     8
 71
     3
 72
    10
 73
     6
 74
     0
 42
0.000000001
 43
0.0000000001
 40
740.0189449902059
 40
740.0189449902059
 40
740.0189449902059
 40
740.0189449902059
 40
753.1978159596894
 40
768.279311095895
 40
780.6110440001188
 40
780.6110440001188
 40
780.6110440001188
 40
780.6110440001188
 10
-503.4909615508017
 20
222.6044386366607
 30
-120.0213916546984
 10
-509.0417704593307
 20
225.1893502285662
 30
-120.0199015081425
 10
-521.1801205999618
 20
230.24072423945
 30
-120.0166428982797
 10
-539.2031859186588
 20
235.9443185474111
 30
-120.0118045028035
 10
-551.6593384369589
 20
238.7553600766292
 30
-120.0084605770656
 10
-557.303202459115
 20
239.8084641950782
 30
-120.0069454493296
  0
LINE
  5
D7
330
1F
100
AcDbEntity
  8
Predeterminada
100
AcDbLine
 10
-557.303202459115
 20
239.8084641950782
 30
-120.0069454493296
 11
-557.303202459115
 21
203.5211781799111
 31
-120.0069454493296
  0
SPLINE
  5
D8
330
1F
100
AcDbEntity
  8
Predeterminada
100
AcDbSpline
210
0.0002684557380321122
220
4.182894941509429E-16
230
0.9999999639657577
 70
    12
 71
     2
 72
     8
 73
     5
 74
     0
 42
0.000000001
 43
0.0000000001
 40
806.942708951932
 40
806.942708951932
 40
806.942708951932
 40
826.2783114665307
 40
826.2783114665307
 40
845.6139093711627
 40
845.6139093711627
 40
845.6139093711627
 10
-557.303202459115
 20
203.5211781799111
 30
-120.0069454493296
 41
1.0
 10
-557.303202408637
 20
217.9890722310818
 30
-120.0069454493432
 41
0.8854243952246071
 10
-545.2286970074467
 20
226.2061519592704
 30
-120.0101869197188
 41
1.0
 10
-533.1541948575631
 20
234.4232294748435
 30
-120.0134283892217
 41
0.8854244225415596
 10
-519.4386953026913
 20
229.2891631892419
 30
-120.0171103939098
 41
0.9999999453661081
  0
LINE
  5
D9
330
1F
100
AcDbEntity
  8
Predeterminada
100
AcDbLine
 10
-364.3177120657774
 20
49.73252532726161
 30
-120.05875351345
 11
-400.7100290286564
 21
-60.27542220912522
 31
-120.0489837867888
  0
SPLINE
  5
DA
330
1F
100
AcDbEntity
  8
Predeterminada
100
AcDbSpline
210
-0.0002684557380356911
220
-2.737322904154217E-16
230
-0.9999999639657577
 70
     8
 71
     3
 72
    47
 73
    43
 74
     0
 42
0.000000001
 43
0.0000000001
 40
177.5799867839507
 40
177.5799867839507
 40
177.5799867839507
 40
177.5799867839507
 40
179.0233751120201
 40
187.1170403132875
 40
190.845218775037
 40
193.5487493882904
 40
195.1586609742068
 40
198.4949492414286
 40
203.748981033094
 40
209.2833223040173
 40
213.2545456835247
 40
215.6366623779412
 40
217.9450499062173
 40
219.0955151184639
 40
219.6892391301233
 40
222.000304068502
 40
229.3148435105944
 40
234.1397731333325
 40
239.1484717543868
 40
244.1947565083867
 40
249.2504094216757
 40
256.6198603665472
 40
263.3679848721892
 40
268.3049693908038
 40
278.3744886761493
 40
287.0847908908734
 40
292.3869920307591
 40
301.2447328001856
 40
311.7902426210773
 40
322.4681648042582
 40
333.3527273465877
 40
338.622627894926
 40
341.3996615883652
 40
347.0380369035105
 40
354.4000211534472
 40
360.7476098605821
 40
364.0751655701576
 40
367.4682950849682
 40
370.7457085456512
 40
373.3094993734103
 40
377.30701238086
 40
378.5026532029065
 40
378.5026532029065
 40
378.5026532029065
 40
378.5026532029065
 10
-400.7100290286564
 20
-60.27542220912522
 30
-120.0489837867888
 10
-400.5294994955977
 20
-59.63671197406751
 30
-120.0490322509796
 10
-399.3694659877839
 20
-55.40749676346258
 30
-120.0493436686423
 10
-398.0336268104203
 20
-49.45514516294742
 30
-120.0497022823475
 10
-396.7673565394923
 20
-42.90092054011387
 30
-120.0500422198799
 10
-396.1019895245019
 20
-39.26557475125281
 30
-120.0502208414794
 10
-395.4834201784817
 20
-35.80496833008209
 30
-120.0503868999757
 10
-394.6656267507951
 20
-31.18928436875279
 30
-120.0506064413218
 10
-393.5567611928452
 20
-24.79375150544882
 30
-120.0509041226543
 10
-392.4962625956347
 20
-18.0945199816087
 30
-120.0511888195981
 10
-391.770983381923
 20
-12.68042529155463
 30
-120.0513835249718
 10
-391.3285878586582
 20
-8.725367434277302
 30
-120.0515022885927
 10
-391.0808451592363
 20
-6.053301088365004
 30
-120.0515687965444
 10
-390.9392037015111
 20
-4.196853026865426
 30
-120.0516068210077
 10
-390.8138625201295
 20
-2.338271702759982
 30
-120.0516404695683
 10
-390.5683230086979
 20
2.350605363820762
 30
-120.0517063860614
 10
-390.5236856836793
 20
8.991024264270038
 30
-120.0517183692079
 10
-390.7945234242804
 20
16.86444478278787
 30
-120.0516456612597
 10
-391.2067728930098
 20
23.68802350243647
 30
-120.0515349905204
 10
-391.7474186803449
 20
30.60893908648296
 30
-120.0513898510513
 10
-392.49922439647
 20
38.60061866503821
 30
-120.0511880244856
 10
-393.5425605022548
 20
47.34884032174756
 30
-120.0509079349113
 10
-394.8734111625121
 20
56.00422654254368
 30
-120.0505506604022
 10
-396.7294670149967
 20
65.82960313383006
 30
-120.0500523915405
 10
-399.186254231394
 20
76.45455150197273
 30
-120.0493928528914
 10
-402.1008958715055
 20
87.13820463035023
 30
-120.0486104005906
 10
-405.0942356710565
 20
97.2209554063316
 30
-120.0478068213166
 10
-408.5926343998105
 20
108.0341360190835
 30
-120.04686765607
 10
-413.3897241331794
 20
121.0214263954277
 30
-120.0455798497589
 10
-419.2365420215471
 20
134.6030003380213
 30
-120.0440102378909
 10
-424.7899341633385
 20
145.6516134896561
 30
-120.0425193978512
 10
-429.0689000187703
 20
153.2567517685316
 30
-120.041370684873
 10
-432.2917819524181
 20
158.6807736166461
 30
-120.0405054836938
 10
-436.1809217016984
 20
164.8318761251772
 30
-120.0394614217744
 10
-441.2967066458042
 20
172.1523784565225
 30
-120.0380880599022
 10
-446.1055862026366
 20
178.3802369954506
 30
-120.0367970885451
 10
-449.9431345960197
 20
183.040318253954
 30
-120.0357668766217
 10
-452.9469388014194
 20
186.550350431397
 30
-120.0349604881179
 10
-455.8066705551027
 20
189.7195125795284
 30
-120.0341927766917
 10
-458.9540660128818
 20
193.0052042253988
 30
-120.0333478402907
 10
-461.5326657261175
 20
195.502516356904
 30
-120.0326556003766
 10
-463.3114691053799
 20
197.1192069281456
 30
-120.0321780703854
 10
-463.7237279019757
 20
197.4884761536842
 30
-120.0320673971419
  0
LINE
  5
DB
330
1F
100
AcDbEntity
  8
Predeterminada
100
AcDbLine
 10
-463.7237279019757
 20
197.4884761536842
 30
-120.0320673971419
 11
-396.9398135868411
 21
155.3094726751579
 31
-120.0499959227943
  0
SPLINE
  5
DC
330
1F
100
AcDbEntity
  8
Predeterminada
100
AcDbSpline
210
-0.0002684557380337531
220
2.437925472056508E-16
230
-0.9999999639657577
 70
     8
 71
     3
 72
    11
 73
     7
 74
     0
 42
0.000000001
 43
0.0000000001
 40
435.2560794024682
 40
435.2560794024682
 40
435.2560794024682
 40
435.2560794024682
 40
435.9113976019194
 40
436.9113976019194
 40
437.9113976019194
 40
438.3205321179873
 40
438.3205321179873
 40
438.3205321179873
 40
438.3205321179873
 10
-396.9398135868411
 20
155.3094726751579
 30
-120.0499959227943
 10
-393.1058148485724
 20
147.7837683637813
 30
-120.0510251817923
 10
-384.5353028154008
 20
128.7740181069703
 30
-120.0533259850084
 10
-374.368772530425
 20
98.28022190472535
 30
-120.0560552484977
 10
-367.4286372501126
 20
70.61361043347011
 30
-120.0579183677036
 10
-364.9356073773665
 20
54.43104490764887
 30
-120.058587635902
 10
-364.3177120657774
 20
49.73252532726161
 30
-120.05875351345
  0
LINE
  5
DD
330
1F
100
AcDbEntity
  8
Predeterminada
100
AcDbLine
 10
-557.303202459115
 20
92.79613450045923
 30
-120.0069454493296
 11
-403.786877848742
 21
92.79613450045923
 31
-120.0481577890383
  0
LINE
  5
DE
330
1F
100
AcDbEntity
  8
Predeterminada
100
AcDbLine
 10
-403.786877848742
 20
92.79613450045923
 30
-120.0481577890383
 11
-406.3558064265182
 21
101.0646475811719
 31
-120.0474681453961
  0
LINE
  5
DF
330
1F
100
AcDbEntity
  8
Predeterminada
100
AcDbLine
 10
-406.3558064265182
 20
101.0646475811719
 30
-120.0474681453961
 11
-557.303202459115
 21
101.0646475811719
 31
-120.0069454493296
  0
LINE
  5
E0
330
1F
100
AcDbEntity
  8
Predeterminada
100
AcDbLine
 10
-557.303202459115
 20
101.0646475811719
 30
-120.0069454493296
 11
-557.303202459115
 21
92.79613450045923
 31
-120.0069454493296
  0
LINE
  5
E1
330
1F
100
AcDbEntity
  8
Predeterminada
100
AcDbLine
 10
-635.5553210459273
 20
-46.41875700774375
 30
-119.9859382183246
 11
-900.3549009066571
 21
-100.1640920323752
 31
-119.9148512491203
  0
LINE
  5
E2
330
1F
100
AcDbEntity
  8
Predeterminada
100
AcDbLine
 10
-900.3549009066571
 20
-100.1640920323752
 30
-119.9148512491203
 11
-900.3549009066571
 21
-108.4326051130876
 31
-119.9148512491203
  0
LINE
  5
E3
330
1F
100
AcDbEntity
  8
Predeterminada
100
AcDbLine
 10
-900.3549009066571
 20
-108.4326051130876
 30
-119.9148512491203
 11
-635.5553210459273
 21
-54.68727008845616
 31
-119.9859382183246
  0
LINE
  5
E4
330
1F
100
AcDbEntity
  8
Predeterminada
100
AcDbLine
 10
-635.5553210459273
 20
-54.68727008845616
 30
-119.9859382183246
 11
-635.5553210459273
 21
-46.41875700774375
 31
-119.9859382183246
  0
LINE
  5
E5
330
1F
100
AcDbEntity
  8
Predeterminada
100
AcDbLine
 10
-392.4290722228181
 20
-17.4507065757079
 30
-120.0512068572399
 11
-557.303202459115
 21
-17.4507065757079
 31
-120.0069454493296
  0
LINE
  5
E6
330
1F
100
AcDbEntity
  8
Predeterminada
100
AcDbLine
 10
-557.303202459115
 20
-17.4507065757079
 30
-120.0069454493296
 11
-557.303202459115
 21
-25.71921965642031
 31
-120.0069454493296
  0
LINE
  5
E7
330
1F
100
AcDbEntity
  8
Predeterminada
100
AcDbLine
 10
-557.303202459115
 20
-25.71921965642031
 30
-120.0069454493296
 11
-393.7294844406535
 21
-25.71921965642031
 31
-120.0508577541056
  0
LINE
  5
E8
330
1F
100
AcDbEntity
  8
Predeterminada
100
AcDbLine
 10
-393.7294844406535
 20
-25.71921965642031
 30
-120.0508577541056
 11
-392.4290722228181
 21
-17.4507065757079
 31
-120.0512068572399
  0
LINE
  5
E9
330
1F
100
AcDbEntity
  8
Predeterminada
100
AcDbLine
 10
-900.3549009066571
 20
-140.1285719224856
 30
-119.9148512491203
 11
-900.3549009066571
 21
-108.4326051130876
 31
-119.9148512491203
  0
LINE
  5
EA
330
1F
100
AcDbEntity
  8
Predeterminada
100
AcDbLine
 10
-900.3549009066571
 20
-108.4326051130876
 30
-119.9148512491203
 11
-635.5553210459273
 21
-108.4326051130876
 31
-119.9859382183246
  0
LINE
  5
EB
330
1F
100
AcDbEntity
  8
Predeterminada
100
AcDbLine
 10
-635.5553210459273
 20
-108.4326051130876
 30
-119.9859382183246
 11
-635.5553210459273
 21
-67.09003970952512
 31
-119.9859382183246
  0
SPLINE
  5
EC
330
1F
100
AcDbEntity
  8
Predeterminada
100
AcDbSpline
210
0.0002684557380342742
220
1.376414178471329E-15
230
0.9999999639657577
 70
    12
 71
     2
 72
     6
 73
     3
 74
     0
 42
0.000000001
 43
0.0000000001
 40
1196.656749264852
 40
1196.656749264852
 40
1196.656749264852
 40
1243.780639068699
 40
1243.780639068699
 40
1243.780639068699
 10
-635.5553210459273
 20
-67.09003970952512
 30
-119.9859382183246
 41
1.0
 10
-635.555321045927
 20
-108.4326051130877
 30
-119.9859382183246
 41
0.7071067811865476
 10
-677.4760988602907
 20
-108.4326051130876
 30
-119.9746843445719
 41
1.0
  0
LINE
  5
ED
330
1F
100
AcDbEntity
  8
Predeterminada
100
AcDbLine
 10
-677.4760988602907
 20
-108.4326051130876
 30
-119.9746843445719
 11
-635.5553210459273
 21
-108.4326051130876
 31
-119.9859382183246
  0
LINE
  5
EE
330
1F
100
AcDbEntity
  8
Predeterminada
100
AcDbLine
 10
-635.5553210459273
 20
-108.4326051130876
 30
-119.9859382183246
 11
-635.5553210459273
 21
-211.7890186219942
 31
-119.9859382183246
  0
LINE
  5
EF
330
1F
100
AcDbEntity
  8
Predeterminada
100
AcDbLine
 10
-635.5553210459273
 20
-211.7890186219942
 30
-119.9859382183246
 11
-616.6909710294633
 21
-211.7890186219942
 31
-119.9910024615133
  0
LINE
  5
F0
330
1F
100
AcDbEntity
  8
Predeterminada
100
AcDbLine
 10
-616.6909710294633
 20
-211.7890186219942
 30
-119.9910024615133
 11
-616.6909710294633
 21
-199.3862490009253
 31
-119.9910024615133
  0
LINE
  5
F1
330
1F
100
AcDbEntity
  8
Predeterminada
100
AcDbLine
 10
-616.6909710294633
 20
-199.3862490009253
 30
-119.9910024615133
 11
-588.7437858198875
 21
-199.3862490009253
 31
-119.9985050440151
  0
LINE
  5
F2
330
1F
100
AcDbEntity
  8
Predeterminada
100
AcDbLine
 10
-588.7437858198875
 20
-199.3862490009253
 30
-119.9985050440151
 11
-588.7437858198875
 21
272.4558181910418
 31
-119.9985050440151
  0
SPLINE
  5
F3
330
1F
100
AcDbEntity
  8
Predeterminada
100
AcDbSpline
210
0.0002684557380340426
220
-4.508702226564913E-15
230
0.9999999639657577
 70
     8
 71
     3
 72
     9
 73
     5
 74
     0
 42
0.000000001
 43
0.0000000001
 40
1650.699163764697
 40
1650.699163764697
 40
1650.699163764697
 40
1650.699163764697
 40
1650.775109298025
 40
1650.989355385588
 40
1650.989355385588
 40
1650.989355385588
 40
1650.989355385588
 10
-588.7437858198875
 20
272.4558181910418
 30
-119.9985050440151
 10
-592.5958009784513
 20
272.6251265809481
 30
-119.9974709484055
 10
-607.5767156996606
 20
272.9689952025047
 30
-119.9934492357427
 10
-623.5480470914024
 20
272.0551579377866
 30
-119.989161640032
 10
-635.5553210459273
 20
270.8490043974708
 30
-119.9859382183246
  0
LINE
  5
F4
330
1F
100
AcDbEntity
  8
Predeterminada
100
AcDbLine
 10
-635.5553210459273
 20
270.8490043974708
 30
-119.9859382183246
 11
-635.5553210459273
 21
-211.7890186219942
 31
-119.9859382183246
  0
LINE
  5
F5
330
1F
100
AcDbEntity
  8
Predeterminada
100
AcDbLine
 10
-635.5553210459273
 20
-211.7890186219942
 30
-119.9859382183246
 11
-850.0499675294207
 21
-211.7890186219942
 31
-119.9283558976235
  0
LINE
  5
F6
330
1F
100
AcDbEntity
  8
Predeterminada
100
AcDbLine
 10
-850.0499675294207
 20
-211.7890186219942
 30
-119.9283558976235
 11
-850.0499675294207
 21
-199.3862490009253
 31
-119.9283558976235
  0
LINE
  5
F7
330
1F
100
AcDbEntity
  8
Predeterminada
100
AcDbLine
 10
-850.0499675294207
 20
-199.3862490009253
 30
-119.9283558976235
 11
-891.9707453437843
 21
-199.3862490009253
 31
-119.9171020238708
  0
LINE
  5
F8
330
1F
100
AcDbEntity
  8
Predeterminada
100
AcDbLine
 10
-891.9707453437843
 20
-199.3862490009253
 30
-119.9171020238708
 11
-891.9707453437843
 21
-140.1285719224856
 31
-119.9171020238708
  0
LINE
  5
F9
330
1F
100
AcDbEntity
  8
Predeterminada
100
AcDbLine
 10
-891.9707453437843
 20
-140.1285719224856
 30
-119.9171020238708
 11
-900.3549009066571
 21
-140.1285719224856
 31
-119.9148512491203
  0
LINE
  5
FA
330
1F
100
AcDbEntity
  8
Predeterminada
100
AcDbLine
 10
-900.3549009066571
 20
125.1726521281713
 30
-119.9148512491203
 11
-900.3549009066571
 21
116.9041390474588
 31
-119.9148512491203
  0
LINE
  5
FB
330
1F
100
AcDbEntity
  8
Predeterminada
100
AcDbLine
 10
-900.3549009066571
 20
116.9041390474588
 30
-119.9148512491203
 11
-635.5553210459273
 21
63.82808406842338
 31
-119.9859382183246
  0
LINE
  5
FC
330
1F
100
AcDbEntity
  8
Predeterminada
100
AcDbLine
 10
-635.5553210459273
 20
63.82808406842338
 30
-119.9859382183246
 11
-635.5553210459273
 21
55.55957098771074
 31
-119.9859382183246
  0
LINE
  5
FD
330
1F
100
AcDbEntity
  8
Predeterminada
100
AcDbLine
 10
-635.5553210459273
 20
55.55957098771074
 30
-119.9859382183246
 11
-900.3549009066571
 21
11.46083455724403
 31
-119.9148512491203
  0
LINE
  5
FE
330
1F
100
AcDbEntity
  8
Predeterminada
100
AcDbLine
 10
-900.3549009066571
 20
11.46083455724403
 30
-119.9148512491203
 11
-900.3549009066571
 21
3.192321476531617
 31
-119.9148512491203
  0
LINE
  5
FF
330
1F
100
AcDbEntity
  8
Predeterminada
100
AcDbLine
 10
-900.3549009066571
 20
3.192321476531617
 30
-119.9148512491203
 11
-635.5553210459273
 21
-46.41875700774375
 31
-119.9859382183246
  0
LINE
  5
100
330
1F
100
AcDbEntity
  8
Predeterminada
100
AcDbLine
 10
-635.5553210459273
 20
-46.41875700774375
 30
-119.9859382183246
 11
-635.5553210459273
 21
-38.15024392703111
 31
-119.9859382183246
  0
LINE
  5
101
330
1F
100
AcDbEntity
  8
Predeterminada
100
AcDbLine
 10
-635.5553210459273
 20
-38.15024392703111
 30
-119.9859382183246
 11
-900.3549009066571
 21
11.46083455724403
 31
-119.9148512491203
  0
LINE
  5
102
330
1F
100
AcDbEntity
  8
Predeterminada
100
AcDbLine
 10
-900.3549009066571
 20
11.46083455724403
 30
-119.9148512491203
 11
-900.3549009066571
 21
19.72934763795644
 31
-119.9148512491203
  0
LINE
  5
103
330
1F
100
AcDbEntity
  8
Predeterminada
100
AcDbLine
 10
-900.3549009066571
 20
19.72934763795644
 30
-119.9148512491203
 11
-635.5553210459273
 21
63.82808406842338
 31
-119.9859382183246
  0
LINE
  5
104
330
1F
100
AcDbEntity
  8
Predeterminada
100
AcDbLine
 10
-635.5553210459273
 20
63.82808406842338
 30
-119.9859382183246
 11
-635.5553210459273
 21
72.09659714913579
 31
-119.9859382183246
  0
LINE
  5
105
330
1F
100
AcDbEntity
  8
Predeterminada
100
AcDbLine
 10
-635.5553210459273
 20
72.09659714913579
 30
-119.9859382183246
 11
-900.3549009066571
 21
125.1726521281713
 31
-119.9148512491203
  0
LINE
  5
106
330
1F
100
AcDbEntity
  8
Predeterminada
100
AcDbLine
 10
-557.303202459115
 20
-76.70838365414755
 30
-120.0069454493296
 11
-557.303202459115
 21
-104.2700939231892
 31
-120.0069454493296
  0
LINE
  5
107
330
1F
100
AcDbEntity
  8
Predeterminada
100
AcDbLine
 10
-557.303202459115
 20
-104.2700939231892
 30
-120.0069454493296
 11
-425.7541614138708
 21
-104.2700939231892
 31
-120.0422605455036
  0
SPLINE
  5
108
330
1F
100
AcDbEntity
  8
Predeterminada
100
AcDbSpline
210
-0.0002684557380351847
220
-1.396055102633135E-17
230
-0.9999999639657577
 70
     8
 71
     2
 72
     6
 73
     3
 74
     0
 42
0.000000001
 43
0.0000000001
 40
114.1411738311096
 40
114.1411738311096
 40
114.1411738311096
 40
115.1411738311096
 40
115.1411738311096
 40
115.1411738311096
 10
-425.7541614138708
 20
-104.2700939231892
 30
-120.0422605455036
 10
-414.6325888048004
 20
-92.66721449245273
 30
-120.0452461955941
 10
-406.8322810115112
 20
-76.70838365414755
 30
-120.0473402330551
  0
LINE
  5
109
330
1F
100
AcDbEntity
  8
Predeterminada
100
AcDbLine
 10
-406.8322810115112
 20
-76.70838365414755
 30
-120.0473402330551
 11
-557.303202459115
 21
-76.70838365414755
 31
-120.0069454493296
  0
LINE
  5
10A
330
1F
100
AcDbEntity
  8
Predeterminada
100
AcDbLine
 10
-635.5553210459273
 20
165.2281582932793
 30
-119.9859382183246
 11
-635.5553210459273
 21
225.3721824535517
 31
-119.9859382183246
  0
LINE
  5
10B
330
1F
100
AcDbEntity
  8
Predeterminada
100
AcDbLine
 10
-635.5553210459273
 20
225.3721824535517
 30
-119.9859382183246
 11
-900.3549009066571
 21
125.1726521281713
 31
-119.9148512491203
  0
LINE
  5
10C
330
1F
100
AcDbEntity
  8
Predeterminada
100
AcDbLine
 10
-900.3549009066571
 20
125.1726521281713
 30
-119.9148512491203
 11
-900.3549009066571
 21
162.3809609913777
 31
-119.9148512491203
  0
SPLINE
  5
10D
330
1F
100
AcDbEntity
  8
Predeterminada
100
AcDbSpline
210
0.0002684557380342701
220
5.551589759796999E-17
230
0.9999999639657577
 70
     8
 71
     3
 72
    15
 73
    11
 74
     0
 42
0.000000001
 43
0.0000000001
 40
331.7282312101707
 40
331.7282312101707
 40
331.7282312101707
 40
331.7282312101707
 40
332.5554634000856
 40
333.5554634000856
 40
334.5554634000856
 40
335.5554634000856
 40
336.5554634000856
 40
337.5554634000856
 40
338.5554634000856
 40
339.5554634000856
 40
339.5554634000856
 40
339.5554634000856
 40
339.5554634000856
 10
-900.3549009066571
 20
162.3809609913777
 30
-119.9148512491203
 10
-911.652475980417
 20
152.8644667428585
 30
-119.9118183501566
 10
-934.2645676927928
 20
131.8093191566853
 30
-119.9057480041687
 10
-963.2360676282026
 20
99.57340130971903
 30
-119.8979704384913
 10
-988.4377801884816
 20
63.82808406842338
 30
-119.8912048939024
 10
-1004.870156725652
 20
29.37594623212118
 30
-119.8867935279725
 10
-1015.529489923217
 20
-5.07619160418102
 30
-119.8839319687089
 10
-1018.959863592311
 20
-39.52832944048322
 30
-119.8830110651807
 10
-1015.452008629067
 20
-73.98046727678542
 30
-119.8839527690076
 10
-1010.114681435327
 20
-108.4326051130876
 30
-119.8853856051702
 10
-1006.554204703045
 20
-118.0792037072521
 30
-119.8863414356136
  0
LINE
  5
10E
330
1F
100
AcDbEntity
  8
Predeterminada
100
AcDbLine
 10
-1006.554204703045
 20
-118.0792037072521
 30
-119.8863414356136
 11
-1006.554204703045
 21
-215.9232751623505
 31
-119.8863414356136
  0
LINE
  5
10F
330
1F
100
AcDbEntity
  8
Predeterminada
100
AcDbLine
 10
-1006.554204703045
 20
-215.9232751623505
 30
-119.8863414356136
 11
-1006.554204703045
 21
-221.5909871592148
 31
-119.8863414356136
  0
LINE
  5
110
330
1F
100
AcDbEntity
  8
Predeterminada
100
AcDbLine
 10
-1006.554204703045
 20
-221.5909871592148
 30
-119.8863414356136
 11
-900.3549009066571
 21
-221.5909871592148
 31
-119.9148512491203
  0
LINE
  5
111
330
1F
100
AcDbEntity
  8
Predeterminada
100
AcDbLine
 10
-900.3549009066571
 20
-221.5909871592148
 30
-119.9148512491203
 11
-900.3549009066571
 21
-215.9232751623505
 31
-119.9148512491203
  0
LINE
  5
112
330
1F
100
AcDbEntity
  8
Predeterminada
100
AcDbLine
 10
-900.3549009066571
 20
-215.9232751623505
 30
-119.9148512491203
 11
-900.3549009066571
 21
-140.1285719224856
 31
-119.9148512491203
  0
LINE
  5
113
330
1F
100
AcDbEntity
  8
Predeterminada
100
AcDbLine
 10
-900.3549009066571
 20
-140.1285719224856
 30
-119.9148512491203
 11
-900.3549009066571
 21
162.3809609913777
 31
-119.9148512491203
  0
SPLINE
  5
114
330
1F
100
AcDbEntity
  8
Predeterminada
100
AcDbSpline
210
0.0002684557380350385
220
-1.192086732284506E-15
230
0.9999999639657577
 70
     8
 71
     3
 72
    11
 73
     7
 74
     0
 42
0.000000001
 43
0.0000000001
 40
771.5455867641675
 40
771.5455867641675
 40
771.5455867641675
 40
771.5455867641675
 40
771.7183545742527
 40
772.7183545742527
 40
773.7183545742527
 40
774.5041084866899
 40
774.5041084866899
 40
774.5041084866899
 40
774.5041084866899
 10
-900.3549009066571
 20
162.3809609913777
 30
-119.9148512491203
 10
-897.9953973373315
 20
164.3684850397017
 30
-119.9154846714152
 10
-881.6648041717792
 20
177.8553846978644
 30
-119.919868713014
 10
-847.2552490084631
 20
202.7365097017981
 30
-119.9291061558737
 10
-786.269630919435
 20
240.1253370320611
 30
-119.9454780955772
 10
-679.592356189974
 20
266.4254003350334
 30
-119.9741162231281
 10
-635.5553210459273
 20
270.8490043974708
 30
-119.9859382183246
  0
LINE
  5
115
330
1F
100
AcDbEntity
  8
Predeterminada
100
AcDbLine
 10
-635.5553210459273
 20
270.8490043974708
 30
-119.9859382183246
 11
-635.5553210459273
 21
225.3721824535517
 31
-119.9859382183246
  0
LINE
  5
116
330
1F
100
AcDbEntity
  8
Predeterminada
100
AcDbLine
 10
-635.5553210459273
 20
225.3721824535517
 30
-119.9859382183246
 11
-692.493219841889
 21
203.8270171626171
 31
-119.9706529121304
  0
SPLINE
  5
117
330
1F
100
AcDbEntity
  8
Predeterminada
100
AcDbSpline
210
-0.0002684557380335284
220
2.614981988249999E-15
230
-0.9999999639657577
 70
    12
 71
     2
 72
     8
 73
     5
 74
     0
 42
0.000000001
 43
0.0000000001
 40
851.1472812602084
 40
851.1472812602084
 40
851.1472812602084
 40
880.2047358744426
 40
880.2047358744426
 40
909.2621904886769
 40
909.2621904886769
 40
909.2621904886769
 10
-692.4932198418894
 20
203.8270171626171
 30
-119.9706529121304
 41
1.0
 10
-671.9032514080941
 20
211.6182121772233
 30
-119.9761804075016
 41
0.8850053102448844
 10
-653.7292862270103
 20
199.2978713856756
 30
-119.9810593129131
 41
1.0
 10
-635.5553210459271
 20
186.9775305941281
 30
-119.9859382183246
 41
0.8850053102448844
 10
-635.5553210459273
 20
165.2281582932793
 30
-119.9859382183246
 41
1.0
  0
LINE
  5
118
330
1F
100
AcDbEntity
  8
Predeterminada
100
AcDbLine
 10
-557.303202459115
 20
33.53845742201935
 30
-120.0069454493296
 11
-392.0283506341474
 21
33.53845742201935
 31
-120.0513144332535
  0
LINE
  5
119
330
1F
100
AcDbEntity
  8
Predeterminada
100
AcDbLine
 10
-392.0283506341474
 20
33.53845742201935
 30
-120.0513144332535
 11
-392.8958652360836
 21
41.80697050273199
 31
-120.0510815439724
  0
LINE
  5
11A
330
1F
100
AcDbEntity
  8
Predeterminada
100
AcDbLine
 10
-392.8958652360836
 20
41.80697050273199
 30
-120.0510815439724
 11
-557.303202459115
 21
41.80697050273199
 31
-120.0069454493296
  0
LINE
  5
11B
330
1F
100
AcDbEntity
  8
Predeterminada
100
AcDbLine
 10
-557.303202459115
 20
41.80697050273199
 30
-120.0069454493296
 11
-557.303202459115
 21
33.53845742201935
 31
-120.0069454493296
  0
LINE
  5
11C
330
1F
100
AcDbEntity
  8
Predeterminada
100
AcDbLine
 10
-433.3453902133569
 20
160.3223246596118
 30
-120.0402226365003
 11
-557.303202459115
 21
160.3223246596118
 31
-120.0069454493296
  0
LINE
  5
11D
330
1F
100
AcDbEntity
  8
Predeterminada
100
AcDbLine
 10
-557.303202459115
 20
160.3223246596118
 30
-120.0069454493296
 11
-557.303202459115
 21
152.0538115788991
 31
-120.0069454493296
  0
LINE
  5
11E
330
1F
100
AcDbEntity
  8
Predeterminada
100
AcDbLine
 10
-557.303202459115
 20
152.0538115788991
 30
-120.0069454493296
 11
-428.4058993414996
 21
152.0538115788991
 31
-120.0415486712156
  0
LINE
  5
11F
330
1F
100
AcDbEntity
  8
Predeterminada
100
AcDbLine
 10
-428.4058993414996
 20
152.0538115788991
 30
-120.0415486712156
 11
-433.3453902133569
 21
160.3223246596118
 31
-120.0402226365003
  0
SPLINE
  5
120
330
1F
100
AcDbEntity
  8
Predeterminada
100
AcDbSpline
210
-0.0002684557380338162
220
-5.185473794642637E-16
230
-0.9999999639657577
 70
     8
 71
     3
 72
    27
 73
    23
 74
     0
 42
0.000000001
 43
0.0000000001
 40
297.7056361610535
 40
297.7056361610535
 40
297.7056361610535
 40
297.7056361610535
 40
300.8587268876733
 40
305.3666499606306
 40
309.9347618595891
 40
314.7450787348909
 40
319.8992920420967
 40
322.6056820011926
 40
325.4644792663771
 40
331.4897888591186
 40
338.3993857330865
 40
346.7782188974138
 40
354.4634452931588
 40
359.6084435592642
 40
363.0565252768196
 40
365.9424591391515
 40
368.8559051125145
 40
373.2500861933979
 40
376.4774026966555
 40
380.0043449296186
 40
387.942637052599
 40
391.1570701279779
 40
391.1570701279779
 40
391.1570701279779
 40
391.1570701279779
 10
-400.7100290286564
 20
-60.27542220912522
 30
-120.0489837867888
 10
-401.104396909772
 20
-61.67068866652556
 30
-120.0488779164644
 10
-402.1201407322941
 20
-65.04495726775912
 30
-120.0486052341971
 10
-404.0032135807805
 20
-70.34927485545762
 30
-120.0480997124675
 10
-406.5237900640718
 20
-76.22764335042774
 30
-120.0474230492231
 10
-409.5739400904642
 20
-82.19153695363656
 30
-120.0466042189171
 10
-412.5851023878476
 20
-87.20136768260176
 30
-120.0457958550911
 10
-415.3353769638126
 20
-91.31171229312298
 30
-120.0450575280734
 10
-418.4467719945307
 20
-95.66365596288114
 30
-120.0442222561941
 10
-423.0010438362471
 20
-101.3675257580359
 30
-120.0429996357415
 10
-429.7314222344966
 20
-108.5747392793275
 30
-120.0411928269762
 10
-437.5438522835488
 20
-115.7955448272182
 30
-120.039095535226
 10
-445.1215059667902
 20
-122.0499196039222
 30
-120.0370612705406
 10
-451.0973153362931
 20
-126.6532486322994
 30
-120.0354570301682
 10
-455.3719638670247
 20
-129.821037503091
 30
-120.0343094762006
 10
-458.8746041810072
 20
-132.2939996588654
 30
-120.0333691722762
 10
-462.8186711302146
 20
-134.9022927711487
 30
-120.0323103648344
 10
-467.0145571564601
 20
-137.4151307152089
 30
-120.0311839551139
 10
-471.5865575676568
 20
-139.84590772934
 30
-120.0299565753249
 10
-477.7495150665945
 20
-142.784761752428
 30
-120.0283020939615
 10
-484.1063494290613
 20
-145.2869354993335
 30
-120.0265955652397
 10
-489.0301004529214
 20
-146.920708396525
 30
-120.025273755977
 10
-490.4559084253805
 20
-147.3711530772029
 30
-120.0248909896317
  0
LINE
  5
121
330
1F
100
AcDbEntity
  8
Predeterminada
100
AcDbLine
 10
-490.4559084253805
 20
-147.3711530772029
 30
-120.0248909896317
 11
-402.5649511668889
 21
-122.1163840361368
 31
-120.0484858222793
  0
SPLINE
  5
122
330
1F
100
AcDbEntity
  8
Predeterminada
100
AcDbSpline
210
-0.0002684557380329879
220
-3.871946768711282E-16
230
-0.9999999639657577
 70
     8
 71
     3
 72
    13
 73
     9
 74
     0
 42
0.000000001
 43
0.0000000001
 40
456.6703274678122
 40
456.6703274678122
 40
456.6703274678122
 40
456.6703274678122
 40
457.0149527257245
 40
458.0149527257245
 40
459.0149527257245
 40
460.0149527257245
 40
461.0149527257245
 40
461.6058182096565
 40
461.6058182096565
 40
461.6058182096565
 40
461.6058182096565
 10
-402.5649511668889
 20
-122.1163840361368
 30
-120.0484858222793
 10
-398.53698798977
 20
-117.6296185362448
 30
-120.0495671521457
 10
-385.4082974302395
 20
-100.9062514634756
 30
-120.0530916245863
 10
-372.5567861105184
 20
-73.98046727678542
 30
-120.0565416866668
 10
-366.3042211635238
 20
-39.52832944048322
 30
-120.0582202236648
 10
-360.3541963565712
 20
-5.07619160418102
 30
-120.0598175420233
 10
-361.6176743064938
 20
24.67742665173392
 30
-120.0594783541055
 10
-363.4253576005291
 20
42.94699896221488
 30
-120.0589930711351
 10
-364.3177120657774
 20
49.73252532726161
 30
-120.05875351345
  0
SPLINE
  5
123
330
1F
100
AcDbEntity
  8
Predeterminada
100
AcDbSpline
210
0.0
220
-0.05194318435493544
230
-0.9986500416057015
 70
     8
 71
     3
 72
    44
 73
    40
 74
     0
 42
0.000000001
 43
0.0000000001
 40
769.4415531361294
 40
769.4415531361294
 40
769.4415531361294
 40
769.4415531361294
 40
771.7101527448913
 40
771.7101527448913
 40
773.9776857367498
 40
773.9776857367498
 40
778.5167723313513
 40
778.5167723313513
 40
783.1208888124822
 40
783.1208888124822
 40
787.7264338841075
 40
787.7264338841075
 40
792.3666167287536
 40
792.3666167287536
 40
797.0073833621784
 40
797.0073833621784
 40
801.6734622635408
 40
801.6734622635408
 40
806.3410806231028
 40
806.3410806231028
 40
811.0101667021
 40
811.0101667021
 40
815.6815711188723
 40
815.6815711188723
 40
820.3207969657583
 40
820.3207969657583
 40
824.9614115738277
 40
824.9614115738277
 40
829.5683577532776
 40
829.5683577532776
 40
834.1748195794011
 40
834.1748195794011
 40
836.4427886367732
 40
836.4427886367732
 40
838.7098213769534
 40
838.7098213769534
 40
840.9760187827445
 40
840.9760187827445
 40
843.2447849184359
 40
843.2447849184359
 40
843.2447849184359
 40
843.2447849184359
 10
-19.98501844817525
 20
245.0394045753775
 30
-127.223043260269
 10
-20.93811358148145
 20
244.6538975896351
 30
-127.2029917311084
 10
-21.89544006898279
 20
244.2797801915755
 30
-127.1835326131309
 10
-23.81890772856383
 20
243.5541827878955
 30
-127.1457918249303
 10
-24.78437241428725
 20
243.2029454819642
 30
-127.1275227783431
 10
-27.69557299466737
 20
242.1826206294629
 30
-127.0744522133731
 10
-29.65033383893575
 20
241.5489717987381
 30
-127.0414939831029
 10
-33.62144217092487
 20
240.3646705818657
 30
-126.9798944498561
 10
-35.63255695793816
 20
239.8170389787071
 30
-126.9514102680743
 10
-39.68524514339242
 20
238.8171987053419
 30
-126.8994051757184
 10
-41.72099266487174
 20
238.3664592637567
 30
-126.8759606847207
 10
-45.83311413477736
 20
237.5589207362138
 30
-126.8339578600451
 10
-47.90366720622649
 20
237.2040325577986
 30
-126.8154989191661
 10
-52.06588588252805
 20
236.5937660212375
 30
-126.7837568815217
 10
-54.15146768809859
 20
236.3392926457568
 30
-126.7705208559819
 10
-58.35005991628748
 20
235.9297008763448
 30
-126.7492165953276
 10
-60.45695050365663
 20
235.7757364161477
 30
-126.7412083802302
 10
-64.68268076106324
 20
235.5700067513826
 30
-126.7305076808271
 10
-66.79527233271398
 20
235.5185796281532
 30
-126.7278327812812
 10
-71.02738422838951
 20
235.518452797135
 30
-126.7278261843687
 10
-73.14064122095277
 20
235.5697855327318
 30
-126.7304961744928
 10
-77.36945625693113
 20
235.7754760748891
 30
-126.7411948389961
 10
-79.47874841872249
 20
235.9295800744646
 30
-126.749210312011
 10
-83.67904362384189
 20
236.3393836729699
 30
-126.7705255906168
 10
-85.76393391757153
 20
236.5937784891861
 30
-126.7837575300221
 10
-89.92565849250661
 20
237.2039499094707
 30
-126.8154946203456
 10
-91.99640484680947
 20
237.5588647247191
 30
-126.8339549466968
 10
-96.10934207908286
 20
238.3665604215502
 30
-126.8759659462815
 10
-98.14570456199601
 20
238.8174499495239
 30
-126.8994182437827
 10
-102.2000276114723
 20
239.8177525451746
 30
-126.9514473830926
 10
-104.212150222162
 20
240.3657147336134
 30
-126.9799487597389
 10
-107.1978432441207
 20
241.2562604763702
 30
-127.0262690719257
 10
-108.1790412994695
 20
241.5615922394276
 30
-127.0421504151362
 10
-110.1342114542524
 20
242.1954371751225
 30
-127.0751188454927
 10
-111.1075033099094
 20
242.5237195657273
 30
-127.0921939288805
 10
-113.0463638448109
 20
243.2032827841101
 30
-127.1275403225747
 10
-114.0112584580064
 20
243.5543181457437
 30
-127.1457988653522
 10
-115.9342316452215
 20
244.279725442127
 30
-127.183529765426
 10
-116.8916288030483
 20
244.6538692772173
 30
-127.2029902584833
 10
-117.8447939336012
 20
245.0394045753775
 30
-127.223043260269
  0
SPLINE
  5
124
330
1F
100
AcDbEntity
  8
Predeterminada
100
AcDbSpline
210
7.422228638339301E-17
220
-0.05194318435493444
230
-0.9986500416057015
 70
     8
 71
     3
 72
    49
 73
    45
 74
     0
 42
0.000000001
 43
0.0000000001
 40
843.2447849184359
 40
843.2447849184359
 40
843.2447849184359
 40
843.2447849184359
 40
952.224862759385
 40
952.224862759385
 40
952.224862759385
 40
954.2859640610235
 40
954.2859640610235
 40
955.3364401764532
 40
955.3364401764532
 40
956.3878621520709
 40
956.3878621520709
 40
960.6671160751827
 40
960.6671160751827
 40
962.8164356047307
 40
962.8164356047307
 40
964.9524646770187
 40
964.9524646770187
 40
967.0568512333991
 40
967.0568512333991
 40
968.0862057113329
 40
968.0862057113329
 40
969.116187326909
 40
969.116187326909
 40
969.116187326909
 40
971.1797930011554
 40
971.1797930011554
 40
972.2305223109446
 40
972.2305223109446
 40
973.2821934029739
 40
973.2821934029739
 40
977.5647032036475
 40
977.5647032036475
 40
979.7171586206765
 40
979.7171586206765
 40
981.8547585122419
 40
981.8547585122419
 40
983.9618817144565
 40
983.9618817144565
 40
984.9922446371986
 40
984.9922446371986
 40
986.0232338609635
 40
986.0232338609635
 40
986.0232338609635
 40
1038.824939601198
 40
1038.824939601198
 40
1038.824939601198
 40
1038.824939601198
 10
-117.8447939336012
 20
245.0394045753775
 30
-127.223043260269
 10
-167.0184240492332
 20
249.4761230820511
 30
-127.4538120758919
 10
-216.1920541648659
 20
253.9128415887248
 30
-127.6845808915148
 10
-265.3656842804979
 20
258.3495600953983
 30
-127.9153497071377
 10
-266.2976526872044
 20
258.4336474704393
 30
-127.9197233774343
 10
-267.2268124920902
 20
258.4641025824389
 30
-127.9213074513654
 10
-268.6390820613006
 20
258.4295614853162
 30
-127.9195108514545
 10
-269.1145079163117
 20
258.404019171266
 30
-127.9181823088498
 10
-270.0655089645507
 20
258.3250055973535
 30
-127.9140725442022
 10
-270.5390483405536
 20
258.2716787916533
 30
-127.9112988357116
 10
-272.93502408204
 20
257.9306429527427
 30
-127.8935604021121
 10
-274.8187550567093
 20
257.4287814090239
 30
-127.8674568767529
 10
-277.5294250579958
 20
256.3482517666886
 30
-127.8112548559503
 10
-278.4062588022071
 20
255.9365666372907
 30
-127.7898417125251
 10
-280.1144564818813
 20
255.0064933159026
 30
-127.7414654365688
 10
-280.9311472011451
 20
254.4968957049904
 30
-127.71495953205
 10
-282.5005206926583
 20
253.3833174201765
 30
-127.6570385389775
 10
-283.2406680889843
 20
252.7902652052994
 30
-127.6261918767374
 10
-284.2965291938197
 20
251.837948273102
 30
-127.5766586349484
 10
-284.6336946911559
 20
251.5158803727836
 30
-127.5599067883314
 10
-285.290570058229
 20
250.851453421427
 30
-127.5253476833528
 10
-285.6089250667945
 20
250.5104414712543
 30
-127.5076104922878
 10
-285.9178820763225
 20
250.1598963569569
 30
-127.4893774489412
 10
-286.5368871703809
 20
249.4575681858677
 30
-127.4528469726496
 10
-287.1108901274254
 20
248.7258220343796
 30
-127.4147863671679
 10
-287.9177643815047
 20
247.5662907231744
 30
-127.3544752009396
 10
-288.1780001861339
 20
247.167993941058
 30
-127.3337584309806
 10
-288.6760463770113
 20
246.354827853893
 30
-127.2914628977937
 10
-288.9127762427786
 20
245.9416753581369
 30
-127.2699734316548
 10
-290.0536581469019
 20
243.8083752894944
 30
-127.1590132412644
 10
-290.7622776169583
 20
241.9929305695943
 30
-127.0645857883598
 10
-291.4933048283843
 20
239.1681870883817
 30
-126.9176612749796
 10
-291.6797212133975
 20
238.2172160324748
 30
-126.8681980367928
 10
-291.9394235289085
 20
236.2895119979286
 30
-126.7679315952201
 10
-292.0112155320758
 20
235.3297579541936
 30
-126.7180115239718
 10
-292.0408807973591
 20
233.4054672437603
 30
-126.6179226209925
 10
-292.0000967455667
 20
232.4574493504228
 30
-126.5686129868325
 10
-291.8560935470821
 20
231.0422294864622
 30
-126.4950025895624
 10
-291.7956188453673
 20
230.5797612140825
 30
-126.4709480421937
 10
-291.6479597108615
 20
229.6568691623913
 30
-126.4229452884927
 10
-291.5610606462124
 20
229.1983315683269
 30
-126.3990951890686
 10
-291.4609001866432
 20
228.7417177085262
 30
-126.3753451496049
 10
-286.341948041393
 20
205.405318222826
 30
-125.1615396620317
 10
-281.2229958961425
 20
182.0689187371258
 30
-123.9477341744586
 10
-276.1040437508923
 20
158.7325192514256
 30
-122.7339286868855
  0
LINE
  5
125
330
1F
100
AcDbEntity
  8
Predeterminada
100
AcDbLine
 10
-276.1040437508923
 20
158.7325192514256
 30
-122.7339286868855
 11
921.1524352525237
 21
158.7325192514256
 31
-122.7339286868855
  0
SPLINE
  5
126
330
1F
100
AcDbEntity
  8
Predeterminada
100
AcDbSpline
210
1.144510712850846E-16
220
-0.05194318435493409
230
-0.9986500416057016
 70
     8
 71
     3
 72
    49
 73
    45
 74
     0
 42
0.000000001
 43
0.0000000001
 40
1919.702358956037
 40
1919.702358956037
 40
1919.702358956037
 40
1919.702358956037
 40
1972.504064696272
 40
1972.504064696272
 40
1972.504064696272
 40
1974.567649935442
 40
1974.567649935442
 40
1975.618384276843
 40
1975.618384276843
 40
1976.670058038933
 40
1976.670058038933
 40
1980.952551303032
 40
1980.952551303032
 40
1983.10499869264
 40
1983.10499869264
 40
1985.242596862606
 40
1985.242596862606
 40
1987.349725412432
 40
1987.349725412432
 40
1988.380086970989
 40
1988.380086970989
 40
1989.411077254112
 40
1989.411077254112
 40
1989.411077254112
 40
1991.472149609166
 40
1991.472149609166
 40
1992.522632889187
 40
1992.522632889187
 40
1993.574058675611
 40
1993.574058675611
 40
1997.853288896597
 40
1997.853288896597
 40
2000.002597031366
 40
2000.002597031366
 40
2002.138623716624
 40
2002.138623716624
 40
2004.243017905071
 40
2004.243017905071
 40
2005.272370455606
 40
2005.272370455606
 40
2006.302353582785
 40
2006.302353582785
 40
2006.302353582785
 40
2115.282431423735
 40
2115.282431423735
 40
2115.282431423735
 40
2115.282431423735
 10
921.1524352525237
 20
158.7325192514256
 30
-122.7339286868855
 10
926.2713873977741
 20
182.0689187371258
 30
-123.9477341744586
 10
931.3903395430245
 20
205.4053182228253
 30
-125.1615396620317
 10
936.509291688275
 20
228.7417177085262
 30
-126.3753451496048
 10
936.7097691729427
 20
229.6556591827465
 30
-126.4228823533372
 10
936.8566932926003
 20
230.5735487384106
 30
-126.4706249102099
 10
936.9997856139123
 20
231.9783064042526
 30
-126.5436911329815
 10
937.0341520871461
 20
232.4526526315412
 30
-126.5683634931734
 10
937.0752571126595
 20
233.4049830586789
 30
-126.6178974368801
 10
937.081883678442
 20
233.8809470207961
 30
-126.6426539409611
 10
937.0449003390249
 20
236.2991328969035
 30
-126.7684320108896
 10
936.7842039951408
 20
238.2301544982062
 30
-126.8688710103899
 10
936.0535281979769
 20
241.0549888971602
 30
-127.015800252711
 10
935.755323119577
 20
241.9771125909282
 30
-127.0637630415038
 10
935.0473919596025
 20
243.7891590598221
 30
-127.1580137398186
 10
934.644601529928
 20
244.6634911721646
 30
-127.2034907259567
 10
933.7369422018764
 20
246.3611956563133
 30
-127.2917941088499
 10
933.2412772190023
 20
247.1707420055729
 30
-127.3339013671602
 10
932.4285301468972
 20
248.3389823581135
 30
-127.3946655202416
 10
932.1511908546777
 20
248.7142358052983
 30
-127.414183727997
 10
931.5741077453065
 20
249.4500072300554
 30
-127.4524537016284
 10
931.2755322086246
 20
249.8090090208806
 30
-127.4711266054762
 10
930.9662735779543
 20
250.1598963569569
 30
-127.4893774489412
 10
930.3480268552487
 20
250.8613640737948
 30
-127.5258631700815
 10
929.6949296728012
 20
251.5220914848925
 30
-127.5602298493917
 10
928.6466718135216
 20
252.4678098496242
 30
-127.6094198772499
 10
928.2842054919438
 20
252.7761079072561
 30
-127.6254555075274
 10
927.5399458940537
 20
253.3725774682852
 30
-127.6564799175608
 10
927.159723883703
 20
253.6594581218162
 30
-127.6714015558258
 10
925.1868900292379
 20
255.0593962978059
 30
-127.7442171005426
 10
923.4748300612946
 20
255.9907874552031
 30
-127.7926619216307
 10
920.7641059567868
 20
257.0711823892886
 30
-127.8488569357991
 10
919.8443982698659
 20
257.3755847574209
 30
-127.8646899380194
 10
917.9643506604227
 20
257.8756745305088
 30
-127.8907013075636
 10
917.0207342786191
 20
258.0676422953729
 30
-127.9006862037586
 10
915.1147976066234
 20
258.3389784091659
 30
-127.9147993176561
 10
914.1691446617915
 20
258.4176504569152
 30
-127.9188913183665
 10
912.7468143237525
 20
258.4526312463569
 30
-127.92071078817
 10
912.2802459580114
 20
258.4507436943319
 30
-127.9206126101709
 10
911.3457814557096
 20
258.4201954435079
 30
-127.9190236917729
 10
910.8798045023436
 20
258.3915807318087
 30
-127.9175353433194
 10
910.4140757821294
 20
258.3495600953983
 30
-127.9153497071377
 10
861.240445666497
 20
253.9128415887248
 30
-127.6845808915148
 10
812.0668155508652
 20
249.4761230820511
 30
-127.4538120758919
 10
762.8931854352329
 20
245.0394045753775
 30
-127.223043260269
  0
SPLINE
  5
127
330
1F
100
AcDbEntity
  8
Predeterminada
100
AcDbSpline
210
0.0
220
-0.05194318435493103
230
-0.9986500416057017
 70
     8
 71
     3
 72
    44
 73
    40
 74
     0
 42
0.000000001
 43
0.0000000001
 40
2115.282431423735
 40
2115.282431423735
 40
2115.282431423735
 40
2115.282431423735
 40
2117.550680610103
 40
2117.550680610103
 40
2119.81785624612
 40
2119.81785624612
 40
2124.356230904799
 40
2124.356230904799
 40
2128.960351081091
 40
2128.960351081091
 40
2133.565898767005
 40
2133.565898767005
 40
2138.206083269803
 40
2138.206083269803
 40
2142.846851061835
 40
2142.846851061835
 40
2147.512930517153
 40
2147.512930517153
 40
2152.180548217182
 40
2152.180548217182
 40
2156.849633791294
 40
2156.849633791294
 40
2161.521035940056
 40
2161.521035940056
 40
2166.160259652924
 40
2166.160259652924
 40
2170.800871112433
 40
2170.800871112433
 40
2175.407813102289
 40
2175.407813102289
 40
2180.014271152394
 40
2180.014271152394
 40
2182.28223753345
 40
2182.28223753345
 40
2184.54926832199
 40
2184.54926832199
 40
2186.815464425345
 40
2186.815464425345
 40
2189.084227279795
 40
2189.084227279795
 40
2189.084227279795
 40
2189.084227279795
 10
762.8931854352329
 20
245.0394045753775
 30
-127.223043260269
 10
761.9401798345991
 20
244.6541003433364
 30
-127.2030022770178
 10
760.9829472951793
 20
244.2801785188248
 30
-127.1835533314856
 10
759.0596802509511
 20
243.5549594388146
 30
-127.1458322211854
 10
758.0943214762244
 20
243.2039044202133
 30
-127.1275726559822
 10
755.1834511507079
 20
242.1841047272775
 30
-127.0745294063468
 10
753.2289236425804
 20
241.5507751438199
 30
-127.0415877812124
 10
749.2580052081435
 20
240.3669643104376
 30
-126.9800137544784
 10
747.2468375921665
 20
239.8195158369323
 30
-126.9515390978926
 10
743.1940652843256
 20
238.82000971925
 30
-126.8995513861101
 10
741.1582822847934
 20
238.3694197249378
 30
-126.8761146683731
 10
737.046107892402
 20
237.5621474067327
 30
-126.8341256901504
 10
734.9755331406722
 20
237.2073744532663
 30
-126.8156727425128
 10
730.8132859694574
 20
236.5973028910418
 30
-126.7839408461466
 10
728.7276928848523
 20
236.3429083035446
 30
-126.7707089186377
 10
724.5290894519562
 20
235.9334379582935
 30
-126.7494109736668
 10
722.42219441654
 20
235.7795152942494
 30
-126.7414049325296
 10
718.1964634123736
 20
235.5738316180304
 30
-126.7307066251471
 10
716.0838709104734
 20
235.5224083544762
 30
-126.7280319263561
 10
711.8517609924736
 20
235.5222510832502
 30
-126.7280237461448
 10
709.738502258225
 20
235.5735495553121
 30
-126.730691954106
 10
705.5096847179132
 20
235.7791331669452
 30
-126.7413850567891
 10
703.400387144565
 20
235.9331648265124
 30
-126.7493967671542
 10
699.2000775567642
 20
236.3427860351146
 30
-126.7707025590409
 10
697.1151737796179
 20
236.5970717768616
 30
-126.7839288251122
 10
692.9534154988046
 20
237.2069875082208
 30
-126.8156526161852
 10
690.8826444468525
 20
237.5617567119522
 30
-126.8341053687864
 10
686.7696476932397
 20
238.3691254237016
 30
-126.8760993607652
 10
684.7332461426238
 20
238.8198351561179
 30
-126.899542306488
 10
680.6788305842796
 20
239.8197427497823
 30
-126.9515509004015
 10
678.6666503301155
 20
240.3674913829433
 30
-126.9800411693117
 10
675.680858490405
 20
241.2576927193749
 30
-127.0263435677544
 10
674.6996251857526
 20
241.5629069553344
 30
-127.0422187979809
 10
672.7443790485961
 20
242.1965090361008
 30
-127.0751745966268
 10
671.7710459824812
 20
242.5246663588334
 30
-127.0922431748093
 10
669.8320971971157
 20
243.203971846819
 30
-127.1275761630692
 10
668.8671550757406
 20
243.5548748213418
 30
-127.1458278199429
 10
666.9440817104917
 20
244.2800093562309
 30
-127.1835445327639
 10
665.986631403324
 20
244.6540130730941
 30
-127.2029977377958
 10
665.0334099498068
 20
245.0394045753775
 30
-127.223043260269
  0
SPLINE
  5
128
330
1F
100
AcDbEntity
  8
Predeterminada
100
AcDbSpline
210
0.0
220
-0.05194318435493561
230
-0.9986500416057015
 70
     8
 71
     3
 72
    44
 73
    40
 74
     0
 42
0.000000001
 43
0.0000000001
 40
2189.084227279795
 40
2189.084227279795
 40
2189.084227279795
 40
2189.084227279795
 40
2191.352630890248
 40
2191.352630890248
 40
2193.619964005217
 40
2193.619964005217
 40
2198.158652398469
 40
2198.158652398469
 40
2202.76277094626
 40
2202.76277094626
 40
2207.368317480003
 40
2207.368317480003
 40
2212.008501251998
 40
2212.008501251998
 40
2216.64926853336
 40
2216.64926853336
 40
2221.315347744487
 40
2221.315347744487
 40
2225.982965735086
 40
2225.982965735086
 40
2230.652051531627
 40
2230.652051531627
 40
2235.323454679804
 40
2235.323454679804
 40
2239.962679333039
 40
2239.962679333039
 40
2244.603292180018
 40
2244.603292180018
 40
2249.210236016109
 40
2249.210236016109
 40
2253.8166957302
 40
2253.8166957302
 40
2256.084663290638
 40
2256.084663290638
 40
2258.351694939206
 40
2258.351694939206
 40
2260.617891616498
 40
2260.617891616498
 40
2262.886655916913
 40
2262.886655916913
 40
2262.886655916913
 40
2262.886655916913
 10
665.0334099498068
 20
245.0394045753775
 30
-127.223043260269
 10
664.0803648919793
 20
244.6540109910531
 30
-127.2029976295017
 10
663.1230909498018
 20
244.280002978352
 30
-127.1835442010287
 10
661.1997354956691
 20
243.5546171731295
 30
-127.1458144187833
 10
660.2343300470236
 20
243.2034818213876
 30
-127.1275506751803
 10
657.3233141823862
 20
242.1834506926372
 30
-127.0744953877812
 10
655.368683846704
 20
241.5499804171354
 30
-127.0415464447753
 10
651.3976817297672
 20
240.3659534605901
 30
-126.9799611767407
 10
649.3865373959356
 20
239.8184242720983
 30
-126.951482321894
 10
645.3338021616476
 20
238.8187708741249
 30
-126.8994869495626
 10
643.2980347976786
 20
238.3681150101942
 30
-126.876046805723
 10
639.1858837289702
 20
237.560725358614
 30
-126.8340517245924
 10
637.1153185320766
 20
237.2059016187511
 30
-126.8155961353816
 10
632.9530839192108
 20
236.5957441193192
 30
-126.783859769129
 10
630.867495805552
 20
236.3413148046617
 30
-126.7706260353425
 10
626.6688973110587
 20
235.931790938627
 30
-126.7493253065737
 10
624.5620042360754
 20
235.777849851142
 30
-126.7413183071705
 10
620.3362735612886
 20
235.5721459014634
 30
-126.7306189452965
 10
618.2236814694165
 20
235.5207209345121
 30
-126.727944157906
 10
613.9915706798699
 20
235.5205770748329
 30
-126.7279366752749
 10
611.8783127130928
 20
235.5718906458339
 30
-126.7306056685833
 10
607.6494962761252
 20
235.7775213811696
 30
-126.7413012223304
 10
605.5402010873875
 20
235.9315849214267
 30
-126.7493145909186
 10
601.3398978373336
 20
236.3412865115835
 30
-126.7706245637233
 10
599.2550000018605
 20
236.5956203243645
 30
-126.7838533301325
 10
595.0932565740862
 20
237.2056487431013
 30
-126.8155829824592
 10
593.0224964056881
 20
237.5604821212459
 30
-126.8340390729898
 10
588.9095258815122
 20
238.3679949435991
 30
-126.8760405606511
 10
586.873141547097
 20
238.8187839168463
 30
-126.8994876279589
 10
582.8187667552845
 20
239.8188655992641
 30
-126.9515052768205
 10
580.8066119034004
 20
240.3667083527832
 30
-126.9800004412505
 10
577.8208636106924
 20
241.2570614800224
 30
-127.0263107348492
 10
576.8396458397257
 20
241.562327513986
 30
-127.0421886592661
 10
574.8844331865685
 20
242.196036628957
 30
-127.075150025125
 10
573.911118281154
 20
242.5242490733419
 30
-127.092221470372
 10
571.9722083862048
 20
243.2036681520214
 30
-127.1275603668701
 10
571.0072872008725
 20
243.5546294742257
 30
-127.1458150586052
 10
569.0842579823973
 20
244.279884224871
 30
-127.1835380242564
 10
568.1268310972719
 20
244.6539496969341
 30
-127.2029944413862
 10
567.1736344643809
 20
245.0394045753775
 30
-127.223043260269
  0
SPLINE
  5
129
330
1F
100
AcDbEntity
  8
Predeterminada
100
AcDbSpline
210
0.0
220
-0.05194318435493497
230
-0.9986500416057015
 70
     8
 71
     3
 72
    44
 73
    40
 74
     0
 42
0.000000001
 43
0.0000000001
 40
2262.886655916913
 40
2262.886655916913
 40
2262.886655916913
 40
2262.886655916913
 40
2265.154987126386
 40
2265.154987126386
 40
2267.422246408005
 40
2267.422246408005
 40
2271.960787708088
 40
2271.960787708088
 40
2276.56490701937
 40
2276.56490701937
 40
2281.170454093282
 40
2281.170454093282
 40
2285.810638207894
 40
2285.810638207894
 40
2290.451405728661
 40
2290.451405728661
 40
2295.117485054262
 40
2295.117485054262
 40
2299.785102908614
 40
2299.785102908614
 40
2304.454188600858
 40
2304.454188600858
 40
2309.125591280454
 40
2309.125591280454
 40
2313.764815492792
 40
2313.764815492792
 40
2318.405427689256
 40
2318.405427689256
 40
2323.012370659742
 40
2323.012370659742
 40
2327.618829593675
 40
2327.618829593675
 40
2329.886796601163
 40
2329.886796601163
 40
2332.153827846507
 40
2332.153827846507
 40
2334.420024254707
 40
2334.420024254707
 40
2336.688787877186
 40
2336.688787877186
 40
2336.688787877186
 40
2336.688787877186
 10
567.1736344643809
 20
245.0394045753775
 30
-127.223043260269
 10
566.2206079054833
 20
244.6540528828838
 30
-127.2029998084382
 10
565.2633533744477
 20
244.2800852785317
 30
-127.1835484817409
 10
563.3400393703256
 20
243.5547776405137
 30
-127.1458227652376
 10
562.3746558043081
 20
243.2036799520267
 30
-127.1275609806285
 10
559.4637081744958
 20
242.1837573291465
 30
-127.0745113369887
 10
557.5091260488113
 20
241.5503530152054
 30
-127.0415658248678
 10
553.5381631663055
 20
240.3664273828221
 30
-126.9799858270474
 10
551.5270079170452
 20
239.8189360345211
 30
-126.9515089403977
 10
547.4742553014955
 20
238.819351683363
 30
-126.8995171594261
 10
545.438480607085
 20
238.3687266998806
 30
-126.8760786217834
 10
541.3263186035363
 20
237.5613920555001
 30
-126.8340864017644
 10
539.2557489270564
 20
237.206592124809
 30
-126.8156320509496
 10
535.0935084265084
 20
236.5964749134889
 30
-126.7838977802187
 10
533.0079179823445
 20
236.3420618791401
 30
-126.7706648932264
 10
528.8093171726453
 20
235.9325631037863
 30
-126.7493654695092
 10
526.7024231785749
 20
235.7786306531158
 30
-126.7413589193362
 10
522.4766923494186
 20
235.5729362071306
 30
-126.7306600517815
 10
520.3641000653238
 20
235.5215120383152
 30
-126.7279853059048
 10
516.131989684393
 20
235.5213618901402
 30
-126.7279774961876
 10
514.0187313577794
 20
235.5726683820166
 30
-126.7306461212866
 10
509.7899144034621
 20
235.778277023943
 30
-126.7413405258805
 10
507.6806180966821
 20
235.9323256174686
 30
-126.7493531170382
 10
503.4803118751258
 20
236.3419895223028
 30
-126.7706611297012
 10
501.3954112538892
 20
236.5963007980208
 30
-126.7838887238812
 10
497.2336608622493
 20
237.206276385875
 30
-126.815615628294
 10
495.1628955911108
 20
237.5610796774058
 30
-126.8340701539175
 10
491.0499127693091
 20
238.3685249371228
 30
-126.8760681274164
 10
489.0135203631328
 20
238.8192767603711
 30
-126.8995132624265
 10
484.9591264580793
 20
239.8192768259207
 30
-126.9515266661172
 10
482.9469596964531
 20
240.3670754536981
 30
-126.9800195354173
 10
479.961190986947
 20
241.2573574180657
 30
-127.0263261275932
 10
478.9799659330926
 20
241.562599168001
 30
-127.0422027889151
 10
477.024737581145
 20
242.196258103045
 30
-127.0751615447453
 10
476.0514141611906
 20
242.5244447052386
 30
-127.0922316458522
 10
474.1124860327013
 20
243.2038105302422
 30
-127.1275677724455
 10
473.1475550316361
 20
243.5547444978633
 30
-127.1458210413757
 10
471.2245051152267
 20
244.2799428889322
 30
-127.1835410755737
 10
470.2670672488301
 20
244.653979408926
 30
-127.2029959868079
 10
469.313858978955
 20
245.0394045753775
 30
-127.223043260269
  0
SPLINE
  5
12A
330
1F
100
AcDbEntity
  8
Predeterminada
100
AcDbSpline
210
0.0
220
-0.05194318435493352
230
-0.9986500416057015
 70
     8
 71
     3
 72
    44
 73
    40
 74
     0
 42
0.000000001
 43
0.0000000001
 40
2336.688787877186
 40
2336.688787877186
 40
2336.688787877186
 40
2336.688787877186
 40
2338.957259093131
 40
2338.957259093131
 40
2341.224661151265
 40
2341.224661151265
 40
2345.763486895337
 40
2345.763486895337
 40
2350.367604730244
 40
2350.367604730244
 40
2354.973150759629
 40
2354.973150759629
 40
2359.61333421173
 40
2359.61333421173
 40
2364.254101269572
 40
2364.254101269572
 40
2368.920180373831
 40
2368.920180373831
 40
2373.587798491675
 40
2373.587798491675
 40
2378.256884385625
 40
2378.256884385625
 40
2382.928287971362
 40
2382.928287971362
 40
2387.567513036307
 40
2387.567513036307
 40
2392.208126490727
 40
2392.208126490727
 40
2396.815071135101
 40
2396.815071135101
 40
2401.421531577685
 40
2401.421531577685
 40
2403.689499654453
 40
2403.689499654453
 40
2405.956531679545
 40
2405.956531679545
 40
2408.222728608111
 40
2408.222728608111
 40
2410.491493541562
 40
2410.491493541562
 40
2410.491493541562
 40
2410.491493541562
 10
469.313858978955
 20
245.0394045753775
 30
-127.223043260269
 10
468.3607966480852
 20
244.653971874814
 30
-127.2029955949331
 10
467.4035045810076
 20
244.2799261311126
 30
-127.1835402039425
 10
465.4801104231744
 20
243.5544673378501
 30
-127.145806625341
 10
464.5146845416365
 20
243.2032968183568
 30
-127.1275410525436
 10
461.6036049624854
 20
242.1831643733209
 30
-127.07448049534
 10
459.6489296103201
 20
241.5496325071724
 30
-127.0415283487951
 10
455.6778908571731
 20
240.3655109442652
 30
-126.9799381599619
 10
453.6667567153208
 20
239.8179464261363
 30
-126.9514574675007
 10
449.6140377102582
 20
238.8182285623702
 30
-126.8994587420843
 10
447.5782771908546
 20
238.3675438668703
 30
-126.8760170986166
 10
443.4661363321489
 20
237.5601028578434
 30
-126.8340193462106
 10
441.3955753178944
 20
237.2052568886533
 30
-126.8155626007769
 10
437.2333462023594
 20
236.5950617745861
 30
-126.7838242780593
 10
435.1477602646872
 20
236.3406172601012
 30
-126.770589753678
 10
430.9491639318283
 20
235.9310699688985
 30
-126.7492878064865
 10
428.8422717149722
 20
235.7771208181354
 30
-126.741280387685
 10
424.6165411842376
 20
235.5714079965045
 30
-126.7305805643505
 10
422.5039492718297
 20
235.5199822850688
 30
-126.7279057382369
 10
418.2718381007405
 20
235.5198442982536
 30
-126.7278985610734
 10
416.1585804699819
 20
235.5711644795905
 30
-126.7305678982078
 10
411.9297645161802
 20
235.7768158444816
 30
-126.7412645249683
 10
409.82047037148
 20
235.9308933408765
 30
-126.7492786194626
 10
405.6201698962393
 20
236.3406301183867
 30
-126.7705904224812
 10
403.535274662075
 20
236.5949849741982
 30
-126.78382028341
 10
399.3735377370585
 20
237.2050627212975
 30
-126.8155525014725
 10
397.3027823334845
 20
237.5599241912786
 30
-126.8340100531551
 10
393.1898232925297
 20
238.3675000965979
 30
-126.8760148219759
 10
391.1534464952877
 20
238.8183237565342
 30
-126.8994636934564
 10
387.0990895508291
 20
239.8184816438679
 30
-126.9514853059948
 10
385.0869458198563
 20
240.3663655970601
 30
-126.9799826133599
 10
382.1012165916333
 20
241.256785168096
 30
-127.0262963629264
 10
381.1200056211624
 20
241.5620738756995
 30
-127.0421754666764
 10
379.1648076269536
 20
242.1958298428789
 30
-127.0751392694779
 10
378.191500672091
 20
242.5240664156792
 30
-127.0922119697259
 10
376.2526078029136
 20
243.2035352163595
 30
-127.1275534524343
 10
375.2876957831224
 20
243.5545220790145
 30
-127.145809472615
 10
373.3646858915474
 20
244.279829451478
 30
-127.1835351753059
 10
372.4072692602853
 20
244.6539219554899
 30
-127.2029929984593
 10
371.4540834935286
 20
245.0394045753775
 30
-127.223043260269
  0
SPLINE
  5
12B
330
1F
100
AcDbEntity
  8
Predeterminada
100
AcDbSpline
210
0.0
220
-0.05194318435493285
230
-0.9986500416057016
 70
     8
 71
     3
 72
    44
 73
    40
 74
     0
 42
0.000000001
 43
0.0000000001
 40
2410.491493541562
 40
2410.491493541562
 40
2410.491493541562
 40
2410.491493541562
 40
2412.759473569985
 40
2412.759473569985
 40
2415.02637472562
 40
2415.02637472562
 40
2419.564202556173
 40
2419.564202556173
 40
2424.168325571347
 40
2424.168325571347
 40
2428.773875265882
 40
2428.773875265882
 40
2433.414061042785
 40
2433.414061042785
 40
2438.054829725259
 40
2438.054829725259
 40
2442.720909606475
 40
2442.720909606475
 40
2447.388526800322
 40
2447.388526800322
 40
2452.057611986989
 40
2452.057611986989
 40
2456.729012393984
 40
2456.729012393984
 40
2461.368234468006
 40
2461.368234468006
 40
2466.00884350932
 40
2466.00884350932
 40
2470.615782281362
 40
2470.615782281362
 40
2475.222237431285
 40
2475.222237431285
 40
2477.490201756767
 40
2477.490201756767
 40
2479.757231046367
 40
2479.757231046367
 40
2482.023426149446
 40
2482.023426149446
 40
2484.292186483655
 40
2484.292186483655
 40
2484.292186483655
 40
2484.292186483655
 10
371.4540834935286
 20
245.0394045753775
 30
-127.223043260269
 10
370.5011466733049
 20
244.6542560931059
 30
-127.2030103780929
 10
369.543986304547
 20
244.2804845036205
 30
-127.1835692467952
 10
367.6208733673375
 20
243.5555560432699
 30
-127.1458632526118
 10
366.6555959483275
 20
243.2046410541638
 30
-127.1276109708187
 10
363.7449793037122
 20
242.18524478135
 30
-127.0745887044356
 10
361.7906310257034
 20
241.5521604445859
 30
-127.0416598354157
 10
357.8198584423722
 20
240.3687263886711
 30
-126.9801054061589
 10
355.8086502405092
 20
239.821418650355
 30
-126.9516380696889
 10
351.7558133047774
 20
238.8221693319217
 30
-126.8996637149084
 10
349.7200030486383
 20
238.3716941892525
 30
-126.876232970996
 10
345.6077879967376
 20
237.5646264571255
 30
-126.8342546339908
 10
343.5371965882118
 20
237.2099420575238
 30
-126.8158062923408
 10
339.3749275234828
 20
236.600020342156
 30
-126.7840821900191
 10
337.2893257727294
 20
236.3456863093183
 30
-126.770853412164
 10
333.0907137296116
 20
235.9363092934079
 30
-126.7495603215695
 10
330.9838152761898
 20
235.7824187588193
 30
-126.7415559515944
 10
326.7580836967977
 20
235.5767704460811
 30
-126.7308594835868
 10
324.6454904799018
 20
235.5253501609956
 30
-126.7281849397161
 10
320.4133820810823
 20
235.5251695244255
 30
-126.7281755441939
 10
318.3001220093541
 20
235.5764416805172
 30
-126.730842383372
 10
314.0713025469335
 20
235.7819431505836
 30
-126.7415312135929
 10
311.9620008178362
 20
235.9359192355857
 30
-126.7495400333359
 10
307.7616801850212
 20
236.3454003182016
 30
-126.7708385367936
 10
305.6767660524079
 20
236.5996022576377
 30
-126.7840604440217
 10
301.5149818848012
 20
237.2093215379738
 30
-126.815774017009
 10
299.4441918638025
 20
237.563978863103
 30
-126.8342209504237
 10
295.3311493944052
 20
238.3710963370403
 30
-126.8762018746696
 10
293.2947178368705
 20
238.8216679221072
 30
-126.899637634879
 10
289.2402312243033
 20
239.821272009821
 30
-126.951630442416
 10
287.228006694637
 20
240.3688565522702
 30
-126.9801121764103
 10
284.2421389533699
 20
241.2587932530973
 30
-127.0264008102554
 10
283.260878573724
 20
241.5639171829247
 30
-127.0422713433529
 10
281.3055740742856
 20
242.1973326565659
 30
-127.0752174359278
 10
280.3322093541424
 20
242.5253938779258
 30
-127.0922810155511
 10
278.3931927827826
 20
243.2045013265535
 30
-127.1276037031106
 10
277.4282141697748
 20
243.5553025745828
 30
-127.1458500688435
 10
275.5050638563668
 20
244.2802275183955
 30
-127.1835558801199
 10
274.5475727243214
 20
244.6541235673791
 30
-127.2030034849793
 10
273.5943080081026
 20
245.0394045753775
 30
-127.223043260269
  0
SPLINE
  5
12C
330
1F
100
AcDbEntity
  8
Predeterminada
100
AcDbSpline
210
0.0
220
-0.05194318435493272
230
-0.9986500416057015
 70
     8
 71
     3
 72
    44
 73
    40
 74
     0
 42
0.000000001
 43
0.0000000001
 40
2484.292186483655
 40
2484.292186483655
 40
2484.292186483655
 40
2484.292186483655
 40
2486.561445716809
 40
2486.561445716809
 40
2488.829651397001
 40
2488.829651397001
 40
2493.370078145591
 40
2493.370078145591
 40
2497.967351480227
 40
2497.967351480227
 40
2502.566028324784
 40
2502.566028324784
 40
2507.213061227484
 40
2507.213061227484
 40
2511.860672283647
 40
2511.860672283647
 40
2516.526750120519
 40
2516.526750120519
 40
2521.19436969984
 40
2521.19436969984
 40
2525.863456707279
 40
2525.863456707279
 40
2530.534865371113
 40
2530.534865371113
 40
2535.174095213001
 40
2535.174095213001
 40
2539.814715725504
 40
2539.814715725504
 40
2544.421669769173
 40
2544.421669769173
 40
2549.028138680882
 40
2549.028138680882
 40
2551.296112765171
 40
2551.296112765171
 40
2553.563149168212
 40
2553.563149168212
 40
2555.829349014845
 40
2555.829349014845
 40
2558.098121316064
 40
2558.098121316064
 40
2558.098121316064
 40
2558.098121316064
 10
273.5943080081026
 20
245.0394045753775
 30
-127.223043260269
 10
272.6410443812185
 20
244.6535159874626
 30
-127.2029718826819
 10
271.6835410837561
 20
244.2790305043793
 30
-127.1834936193507
 10
269.7596958462043
 20
243.5527210664119
 30
-127.1457157958257
 10
268.7940318170985
 20
243.2011406836991
 30
-127.1274289046486
 10
265.8822096183603
 20
242.1798274582463
 30
-127.0743069310405
 10
263.9270095640788
 20
241.5455778122604
 30
-127.0413174503256
 10
259.9585126788929
 20
240.3612399955675
 30
-126.9797160133978
 10
257.9504959154497
 20
239.8140042808438
 30
-126.9512524231196
 10
253.904065510671
 20
238.8147357538264
 30
-126.8992770692354
 10
251.8714596756329
 20
238.3641685274433
 30
-126.8758415357359
 10
247.7595578792974
 20
237.5555437170719
 30
-126.8337822097967
 10
245.6860329339777
 20
237.1996938124848
 30
-126.8152732462694
 10
241.5177677210814
 20
236.5878620905521
 30
-126.7834497980117
 10
239.4291465951228
 20
236.3327913386283
 30
-126.7701827008919
 10
235.2274867432189
 20
235.9226697691465
 30
-126.7488508835344
 10
233.1206045229557
 20
235.7686267355645
 30
-126.7408385815682
 10
228.8948756646936
 20
235.5628106609803
 30
-126.7301333876965
 10
226.7822858422533
 20
235.5113763276412
 30
-126.7274581131284
 10
222.5501702243407
 20
235.51130685981
 30
-126.7274544998703
 10
220.4369165115367
 20
235.5627040999809
 30
-126.7301278450966
 10
216.2081061955519
 20
235.7685958937663
 30
-126.7408369773814
 10
214.0988242238612
 20
235.9228360244085
 30
-126.7488595310359
 10
209.8985561017694
 20
236.3329828221169
 30
-126.7701926605992
 10
207.8136911935979
 20
236.5875828698974
 30
-126.7834352747961
 10
203.6520300768613
 20
237.1982353703938
 30
-126.8151973877371
 10
201.5813302179116
 20
237.5534241453799
 30
-126.8336719636659
 10
197.4685050379393
 20
238.361735032653
 30
-126.8757149613973
 10
195.4322160994178
 20
238.8129628200795
 30
-126.8991848529228
 10
191.3780671946053
 20
239.814008543017
 30
-126.9512526448098
 10
189.3660530929345
 20
240.3623724897395
 30
-126.9797749182704
 10
186.3805460854833
 20
241.2535661504436
 30
-127.0261289308728
 10
185.3994143828878
 20
241.5591190108407
 30
-127.0420217741077
 10
183.4443872553174
 20
242.1934208127588
 30
-127.0750139676299
 10
182.4711729725095
 20
242.5219384826937
 30
-127.0921012886958
 10
180.5324785557239
 20
243.2019865431907
 30
-127.1274729006769
 10
179.5676733688235
 20
243.5532709489505
 30
-127.1457443970862
 10
177.6448887496129
 20
244.2791913564913
 30
-127.183501985816
 10
176.6875916358433
 20
244.6535987762185
 30
-127.2029761888065
 10
175.7345325226767
 20
245.0394045753775
 30
-127.223043260269
  0
SPLINE
  5
12D
330
1F
100
AcDbEntity
  8
Predeterminada
100
AcDbSpline
210
0.0
220
-0.05194318435493438
230
-0.9986500416057016
 70
     8
 71
     3
 72
    44
 73
    40
 74
     0
 42
0.000000001
 43
0.0000000001
 40
2558.098121316064
 40
2558.098121316064
 40
2558.098121316064
 40
2558.098121316064
 40
2560.3661060854
 40
2560.3661060854
 40
2562.633012075673
 40
2562.633012075673
 40
2567.170849537935
 40
2567.170849537935
 40
2571.774972503101
 40
2571.774972503101
 40
2576.380522162252
 40
2576.380522162252
 40
2581.020707916709
 40
2581.020707916709
 40
2585.661476583494
 40
2585.661476583494
 40
2590.327556457206
 40
2590.327556457206
 40
2594.995173659966
 40
2594.995173659966
 40
2599.664258853455
 40
2599.664258853455
 40
2604.335659291127
 40
2604.335659291127
 40
2608.974881394013
 40
2608.974881394013
 40
2613.615490477919
 40
2613.615490477919
 40
2618.222429306637
 40
2618.222429306637
 40
2622.828884507641
 40
2622.828884507641
 40
2625.09684886933
 40
2625.09684886933
 40
2627.363878185331
 40
2627.363878185331
 40
2629.630073306027
 40
2629.630073306027
 40
2631.898833684627
 40
2631.898833684627
 40
2631.898833684627
 40
2631.898833684627
 10
175.7345325226767
 20
245.0394045753775
 30
-127.223043260269
 10
174.7815944908828
 20
244.6542533496333
 30
-127.2030102353956
 10
173.8244328508485
 20
244.2804791138084
 30
-127.1835689664528
 10
171.9013171991037
 20
243.5555455342894
 30
-127.1458627060039
 10
170.93603834706
 20
243.2046280786064
 30
-127.1276102959158
 10
168.0254172340406
 20
242.1852246996472
 30
-127.074587659918
 10
166.0710657990538
 20
241.5521360428822
 30
-127.0416585662001
 10
162.1002906467829
 20
240.3686953495862
 30
-126.9801037917106
 10
160.0890831598558
 20
239.8213851318216
 30
-126.951636326276
 10
156.0362473625753
 20
238.8221312891384
 30
-126.8996617361739
 10
154.0004375865761
 20
238.3716541230232
 30
-126.8762308870152
 10
149.8882232509217
 20
237.5645827865023
 30
-126.8342523625332
 10
147.8176321358183
 20
237.2098968267484
 30
-126.8158039397343
 10
143.6553634567694
 20
236.5999724713362
 30
-126.784079700095
 10
141.5697618586813
 20
236.345637371611
 30
-126.7708508667474
 10
137.371149967253
 20
235.9362587113289
 30
-126.7495576906236
 10
135.2642515740466
 20
235.7823676106204
 30
-126.7415532912027
 10
131.0385200047987
 20
235.5767186746945
 30
-126.730856790781
 10
128.9259268005004
 20
235.5252983370423
 30
-126.7281822441761
 10
124.693818374921
 20
235.5251181119094
 30
-126.7281728700541
 10
122.580558326749
 20
235.5763907315138
 30
-126.730839733341
 10
118.3517388981726
 20
235.7818936484763
 30
-126.74152863882
 10
116.2424372422681
 20
235.9358707124408
 30
-126.7495375094821
 10
112.0421168039815
 20
236.3453542634665
 30
-126.7708361413302
 10
109.9572028537599
 20
236.599557679156
 30
-126.7840581253433
 10
105.7954191421008
 20
237.2092804201863
 30
-126.8157718783331
 10
103.7246294552118
 20
237.5639397161944
 30
-126.8342189142598
 10
99.6115877910288
 20
238.3710616160183
 30
-126.8762000687112
 10
97.5751567620263
 20
238.8216356347497
 30
-126.8996359555038
 10
93.5206714009883
 20
239.8212450691789
 30
-126.9516290411417
 10
91.50844765118345
 20
240.3688325023504
 30
-126.9801109254922
 10
88.52258124683698
 20
241.2587738651754
 30
-127.0263998018237
 10
87.54132134408803
 20
241.5638993858997
 30
-127.0422704176691
 10
85.58601787263893
 20
242.1973181469506
 30
-127.0752166812333
 10
84.61265371004862
 20
242.5253810613085
 30
-127.0922803489152
 10
82.67363833267103
 20
243.2044919987604
 30
-127.1276032179403
 10
81.70866036242859
 20
243.5552950388912
 30
-127.1458496768865
 10
79.7855114043893
 20
244.2802236750467
 30
-127.1835556802142
 10
78.82802099143606
 20
244.654121620807
 30
-127.2030033837314
 10
77.87475703725073
 20
245.0394045753775
 30
-127.223043260269
  0
SPLINE
  5
12E
330
1F
100
AcDbEntity
  8
Predeterminada
100
AcDbSpline
210
0.0
220
-0.05194318435493186
230
-0.9986500416057015
 70
     8
 71
     3
 72
    44
 73
    40
 74
     0
 42
0.000000001
 43
0.0000000001
 40
2631.898833684627
 40
2631.898833684627
 40
2631.898833684627
 40
2631.898833684627
 40
2634.168198801776
 40
2634.168198801776
 40
2636.436512464475
 40
2636.436512464475
 40
2640.977154340047
 40
2640.977154340047
 40
2645.574426560385
 40
2645.574426560385
 40
2650.173102611318
 40
2650.173102611318
 40
2654.820135015636
 40
2654.820135015636
 40
2659.467745723121
 40
2659.467745723121
 40
2664.133823393064
 40
2664.133823393064
 40
2668.801443172119
 40
2668.801443172119
 40
2673.470530332508
 40
2673.470530332508
 40
2678.141939681961
 40
2678.141939681961
 40
2682.781170168982
 40
2682.781170168982
 40
2687.421791633077
 40
2687.421791633077
 40
2692.028746942892
 40
2692.028746942892
 40
2696.635216995744
 40
2696.635216995744
 40
2698.903191888813
 40
2698.903191888813
 40
2701.170228881682
 40
2701.170228881682
 40
2703.436429121992
 40
2703.436429121992
 40
2705.705202414747
 40
2705.705202414747
 40
2705.705202414747
 40
2705.705202414747
 10
77.87475703725073
 20
245.0394045753775
 30
-127.223043260269
 10
76.92146636919227
 20
244.6534547406295
 30
-127.2029686970258
 10
75.96393469503448
 20
244.2789101806188
 30
-127.1834873609028
 10
74.04002885650078
 20
243.5524864626649
 30
-127.1457035932871
 10
73.07433283191051
 20
243.2008510171049
 30
-127.1274138381041
 10
70.16241085829421
 20
242.1793791620636
 30
-127.0742836136318
 10
68.20714030525795
 20
241.5450330904832
 30
-127.0412891174938
 10
64.23858600372688
 20
240.360547319261
 30
-126.9796799849477
 10
62.23058517295743
 20
239.8132564273084
 30
-126.9512135247143
 10
58.18418015092777
 20
238.8138872044396
 30
-126.8992329332965
 10
56.15158502431666
 20
238.3632749345776
 30
-126.8757950569325
 10
52.03969923327054
 20
237.5545697488635
 30
-126.8337315503984
 10
49.96618085206723
 20
237.1986850088528
 30
-126.8152207749623
 10
45.79792426160492
 20
236.5867943524738
 30
-126.7833942613237
 10
43.70930654850292
 20
236.3316997935348
 30
-126.77012592592
 10
39.50765007973519
 20
235.9215415793962
 30
-126.7487922025494
 10
37.40076920183202
 20
235.7674859459179
 30
-126.7407792452197
 10
33.17504056736107
 20
235.5616560202679
 30
-126.730073330907
 10
31.06245102547166
 20
235.5102205362982
 30
-126.7273979964906
 10
26.83033481013575
 20
235.5101602839333
 30
-126.7273948625602
 10
24.71708162394174
 20
235.5615678791355
 30
-126.730068746387
 10
20.48827206631393
 20
235.7674919733958
 30
-126.7407795587293
 10
18.37899173073697
 20
235.921753950547
 30
-126.748803248695
 10
14.17872795708098
 20
236.331955822166
 30
-126.7701392428397
 10
12.09386712429858
 20
236.5865888024909
 30
-126.7833835699701
 10
7.932216195037029
 20
237.1973184975822
 30
-126.8151496980646
 10
5.861523800009024
 20
237.5525512312958
 30
-126.8336265604362
 10
1.748716607662175
 20
238.3609608284984
 30
-126.8756746924067
 10
-0.2875605252016271
 20
238.8122428900874
 30
-126.8991474069159
 10
-4.341681475811754
 20
239.8134078472805
 30
-126.951221400582
 10
-6.353678159640651
 20
240.3618362547826
 30
-126.979747026867
 10
-9.339155308288241
 20
241.2531338707426
 30
-127.0261064465356
 10
-10.32027636009173
 20
241.5587222049127
 30
-127.0420011348821
 10
-12.27528052936418
 20
242.1930973079097
 30
-127.0749971410428
 10
-13.24848236048791
 20
242.5216527265422
 30
-127.0920864255467
 10
-15.18715011276277
 20
243.2017785756493
 30
-127.1274620835779
 10
-16.15194094544711
 20
243.5531029380417
 30
-127.1457356582676
 10
-18.07469529683266
 20
244.2791056688047
 30
-127.183497528908
 10
-19.03197635217845
 20
244.6535553776645
 30
-127.2029739315002
 10
-19.98501844817525
 20
245.0394045753775
 30
-127.223043260269
  0
ENDSEC
  0
SECTION
  2
OBJECTS
  0
DICTIONARY
  5
C
330
0
100
AcDbDictionary
281
     1
  3
ACAD_DETAILVIEWSTYLE
350
16A
  3
ACAD_GROUP
350
D
  3
ACAD_LAYOUT
350
1A
  3
ACAD_MATERIAL
350
43
  3
ACAD_MLEADERSTYLE
350
169
  3
ACAD_MLINESTYLE
350
17
  3
ACAD_PLOTSETTINGS
350
19
  3
ACAD_PLOTSTYLENAME
350
E
  3
ACAD_SCALELIST
350
47
  3
ACAD_SECTIONVIEWSTYLE
350
16B
  3
ACAD_TABLESTYLE
350
168
  3
ACAD_VISUALSTYLE
350
2A
  3
AcDbVariableDictionary
350
12F
  0
DICTIONARY
  5
16A
102
{ACAD_REACTORS
330
C
102
}
330
C
100
AcDbDictionary
281
     1
  0
DICTIONARY
  5
D
102
{ACAD_REACTORS
330
C
102
}
330
C
100
AcDbDictionary
281
     1
  0
DICTIONARY
  5
1A
102
{ACAD_REACTORS
330
C
102
}
330
C
100
AcDbDictionary
281
     1
  3
Layout1
350
1E
  3
Layout2
350
26
  3
Model
350
22
  0
DICTIONARY
  5
43
102
{ACAD_REACTORS
330
C
102
}
330
C
100
AcDbDictionary
281
     1
  3
ByBlock
350
45
  3
ByLayer
350
44
  3
Global
350
46
  0
DICTIONARY
  5
169
102
{ACAD_REACTORS
330
C
102
}
330
C
100
AcDbDictionary
281
     1
  0
DICTIONARY
  5
17
102
{ACAD_REACTORS
330
C
102
}
330
C
100
AcDbDictionary
281
     1
  3
Standard
350
18
  0
DICTIONARY
  5
19
102
{ACAD_REACTORS
330
C
102
}
330
C
100
AcDbDictionary
281
     1
  0
ACDBDICTIONARYWDFLT
  5
E
102
{ACAD_REACTORS
330
C
102
}
330
C
100
AcDbDictionary
281
     1
  3
Normal
350
F
100
AcDbDictionaryWithDefault
340
F
  0
DICTIONARY
  5
47
102
{ACAD_REACTORS
330
C
102
}
330
C
100
AcDbDictionary
281
     1
  3
A0
350
48
  3
A1
350
49
  3
A2
350
4A
  3
A3
350
4B
  3
A4
350
4C
  3
A5
350
4D
  3
A6
350
4E
  3
A7
350
4F
  3
A8
350
50
  3
A9
350
51
  3
B0
350
52
  3
B1
350
53
  3
B2
350
54
  3
B3
350
55
  3
B4
350
56
  3
B5
350
57
  3
B6
350
58
  3
B7
350
59
  3
B8
350
5A
  3
B9
350
5B
  3
C0
350
5C
  3
C1
350
5D
  3
C2
350
5E
  3
C3
350
5F
  3
C4
350
60
  3
C5
350
61
  3
C6
350
62
  3
C7
350
63
  3
C8
350
64
  3
C9
350
65
  3
D0
350
66
  3
D1
350
67
  3
D2
350
68
  0
DICTIONARY
  5
16B
102
{ACAD_REACTORS
330
C
102
}
330
C
100
AcDbDictionary
281
     1
  0
DICTIONARY
  5
168
102
{ACAD_REACTORS
330
C
102
}
330
C
100
AcDbDictionary
281
     1
  0
DICTIONARY
  5
2A
102
{ACAD_REACTORS
330
C
102
}
330
C
100
AcDbDictionary
281
     1
  3
2dWireframe
350
2F
  3
Basic
350
32
  3
Brighten
350
36
  3
ColorChange
350
3A
  3
Conceptual
350
34
  3
Dim
350
35
  3
EdgeColorOff
350
3D
  3
Facepattern
350
39
  3
Flat
350
2B
  3
FlatWithEdges
350
2C
  3
Gouraud
350
2D
  3
GouraudWithEdges
350
2E
  3
Hidden
350
31
  3
JitterOff
350
3B
  3
Linepattern
350
38
  3
OverhangOff
350
3C
  3
Realistic
350
33
  3
Shaded
350
42
  3
Shaded with edges
350
41
  3
Shades of Gray
350
3E
  3
Sketchy
350
3F
  3
Thicken
350
37
  3
Wireframe
350
30
  3
X-Ray
350
40
  0
DICTIONARY
  5
12F
102
{ACAD_REACTORS
330
C
102
}
330
C
100
AcDbDictionary
281
     1
  3
CANNOSCALE
350
130
  3
MSLTSCALE
350
131
  0
LAYOUT
  5
1E
102
{ACAD_REACTORS
330
1A
102
}
330
1A
100
AcDbPlotSettings
  1

  2
none_device
  4

  6

 40
0.0
 41
0.0
 42
0.0
 43
0.0
 44
0.0
 45
0.0
 46
0.0
 47
0.0
 48
0.0
 49
0.0
140
0.0
141
0.0
142
1.0
143
1.0
 70
   688
 72
     0
 73
     0
 74
     5
  7

 75
    16
 76
     0
 77
     2
 78
   300
147
1.0
148
0.0
149
0.0
100
AcDbLayout
  1
Layout1
 70
     1
 71
     1
 10
0.0
 20
0.0
 11
12.0
 21
9.0
 12
0.0
 22
0.0
 32
0.0
 14
1.000000000000000E+20
 24
1.000000000000000E+20
 34
1.000000000000000E+20
 15
-1.000000000000000E+20
 25
-1.000000000000000E+20
 35
-1.000000000000000E+20
146
0.0
 13
0.0
 23
0.0
 33
0.0
 16
1.0
 26
0.0
 36
0.0
 17
0.0
 27
1.0
 37
0.0
 76
     0
330
1B
  0
LAYOUT
  5
26
102
{ACAD_REACTORS
330
1A
102
}
330
1A
100
AcDbPlotSettings
  1

  2
none_device
  4

  6

 40
0.0
 41
0.0
 42
0.0
 43
0.0
 44
0.0
 45
0.0
 46
0.0
 47
0.0
 48
0.0
 49
0.0
140
0.0
141
0.0
142
1.0
143
1.0
 70
   688
 72
     0
 73
     0
 74
     5
  7

 75
    16
 76
     0
 77
     2
 78
   300
147
1.0
148
0.0
149
0.0
100
AcDbLayout
  1
Layout2
 70
     1
 71
     2
 10
0.0
 20
0.0
 11
0.0
 21
0.0
 12
0.0
 22
0.0
 32
0.0
 14
0.0
 24
0.0
 34
0.0
 15
0.0
 25
0.0
 35
0.0
146
0.0
 13
0.0
 23
0.0
 33
0.0
 16
1.0
 26
0.0
 36
0.0
 17
0.0
 27
1.0
 37
0.0
 76
     0
330
23
  0
LAYOUT
  5
22
102
{ACAD_REACTORS
330
1A
102
}
330
1A
100
AcDbPlotSettings
  1

  2
none_device
  4
Letter_(8.50_x_11.00_Inches)
  6

 40
6.35
 41
6.35
 42
6.35000508
 43
6.35000508
 44
215.9
 45
279.4
 46
0.0
 47
0.0
 48
0.0
 49
0.0
140
0.0
141
0.0
142
1.0
143
1.0
 70
  1712
 72
     0
 73
     0
 74
     0
  7

 75
     0
 76
     0
 77
     2
 78
   300
147
1.0
148
0.0
149
0.0
100
AcDbLayout
  1
Model
 70
     1
 71
     0
 10
0.0
 20
0.0
 11
12.0
 21
9.0
 12
0.0
 22
0.0
 32
0.0
 14
-1017.795379850387
 24
-221.5909871592148
 34
-127.9198273432978
 15
937.0065849237343
 25
272.7179377604106
 35
-119.8833236775343
146
0.0
 13
0.0
 23
0.0
 33
0.0
 16
1.0
 26
0.0
 36
0.0
 17
0.0
 27
1.0
 37
0.0
 76
     0
330
1F
331
29
  0
MATERIAL
  5
45
102
{ACAD_REACTORS
330
43
102
}
102
{ACAD_XDICTIONARY
360
164
102
}
330
43
100
AcDbMaterial
  1
ByBlock
  0
MATERIAL
  5
44
102
{ACAD_REACTORS
330
43
102
}
102
{ACAD_XDICTIONARY
360
162
102
}
330
43
100
AcDbMaterial
  1
ByLayer
  0
MATERIAL
  5
46
102
{ACAD_REACTORS
330
43
102
}
102
{ACAD_XDICTIONARY
360
166
102
}
330
43
100
AcDbMaterial
  1
Global
  0
MLINESTYLE
  5
18
102
{ACAD_REACTORS
330
17
102
}
330
17
100
AcDbMlineStyle
  2
Standard
 70
     0
  3

 62
   256
 51
90.0
 52
90.0
 71
     2
 49
0.5
 62
   256
  6
BYLAYER
 49
-0.5
 62
   256
  6
BYLAYER
  0
ACDBPLACEHOLDER
  5
F
102
{ACAD_REACTORS
330
E
102
}
330
E
  0
SCALE
  5
48
102
{ACAD_REACTORS
330
47
102
}
330
47
100
AcDbScale
 70
     0
300
1:1
140
1.0
141
1.0
290
     1
  0
SCALE
  5
49
102
{ACAD_REACTORS
330
47
102
}
330
47
100
AcDbScale
 70
     0
300
1:2
140
1.0
141
2.0
290
     0
  0
SCALE
  5
4A
102
{ACAD_REACTORS
330
47
102
}
330
47
100
AcDbScale
 70
     0
300
1:4
140
1.0
141
4.0
290
     0
  0
SCALE
  5
4B
102
{ACAD_REACTORS
330
47
102
}
330
47
100
AcDbScale
 70
     0
300
1:5
140
1.0
141
5.0
290
     0
  0
SCALE
  5
4C
102
{ACAD_REACTORS
330
47
102
}
330
47
100
AcDbScale
 70
     0
300
1:8
140
1.0
141
8.0
290
     0
  0
SCALE
  5
4D
102
{ACAD_REACTORS
330
47
102
}
330
47
100
AcDbScale
 70
     0
300
1:10
140
1.0
141
10.0
290
     0
  0
SCALE
  5
4E
102
{ACAD_REACTORS
330
47
102
}
330
47
100
AcDbScale
 70
     0
300
1:16
140
1.0
141
16.0
290
     0
  0
SCALE
  5
4F
102
{ACAD_REACTORS
330
47
102
}
330
47
100
AcDbScale
 70
     0
300
1:20
140
1.0
141
20.0
290
     0
  0
SCALE
  5
50
102
{ACAD_REACTORS
330
47
102
}
330
47
100
AcDbScale
 70
     0
300
1:30
140
1.0
141
30.0
290
     0
  0
SCALE
  5
51
102
{ACAD_REACTORS
330
47
102
}
330
47
100
AcDbScale
 70
     0
300
1:40
140
1.0
141
40.0
290
     0
  0
SCALE
  5
52
102
{ACAD_REACTORS
330
47
102
}
330
47
100
AcDbScale
 70
     0
300
1:50
140
1.0
141
50.0
290
     0
  0
SCALE
  5
53
102
{ACAD_REACTORS
330
47
102
}
330
47
100
AcDbScale
 70
     0
300
1:100
140
1.0
141
100.0
290
     0
  0
SCALE
  5
54
102
{ACAD_REACTORS
330
47
102
}
330
47
100
AcDbScale
 70
     0
300
2:1
140
2.0
141
1.0
290
     0
  0
SCALE
  5
55
102
{ACAD_REACTORS
330
47
102
}
330
47
100
AcDbScale
 70
     0
300
4:1
140
4.0
141
1.0
290
     0
  0
SCALE
  5
56
102
{ACAD_REACTORS
330
47
102
}
330
47
100
AcDbScale
 70
     0
300
8:1
140
8.0
141
1.0
290
     0
  0
SCALE
  5
57
102
{ACAD_REACTORS
330
47
102
}
330
47
100
AcDbScale
 70
     0
300
10:1
140
10.0
141
1.0
290
     0
  0
SCALE
  5
58
102
{ACAD_REACTORS
330
47
102
}
330
47
100
AcDbScale
 70
     0
300
100:1
140
100.0
141
1.0
290
     0
  0
SCALE
  5
59
102
{ACAD_REACTORS
330
47
102
}
330
47
100
AcDbScale
 70
     0
300
1/128" = 1'-0"
140
0.0078125
141
12.0
290
     0
  0
SCALE
  5
5A
102
{ACAD_REACTORS
330
47
102
}
330
47
100
AcDbScale
 70
     0
300
1/64" = 1'-0"
140
0.015625
141
12.0
290
     0
  0
SCALE
  5
5B
102
{ACAD_REACTORS
330
47
102
}
330
47
100
AcDbScale
 70
     0
300
1/32" = 1'-0"
140
0.03125
141
12.0
290
     0
  0
SCALE
  5
5C
102
{ACAD_REACTORS
330
47
102
}
330
47
100
AcDbScale
 70
     0
300
1/16" = 1'-0"
140
0.0625
141
12.0
290
     0
  0
SCALE
  5
5D
102
{ACAD_REACTORS
330
47
102
}
330
47
100
AcDbScale
 70
     0
300
3/32" = 1'-0"
140
0.09375
141
12.0
290
     0
  0
SCALE
  5
5E
102
{ACAD_REACTORS
330
47
102
}
330
47
100
AcDbScale
 70
     0
300
1/8" = 1'-0"
140
0.125
141
12.0
290
     0
  0
SCALE
  5
5F
102
{ACAD_REACTORS
330
47
102
}
330
47
100
AcDbScale
 70
     0
300
3/16" = 1'-0"
140
0.1875
141
12.0
290
     0
  0
SCALE
  5
60
102
{ACAD_REACTORS
330
47
102
}
330
47
100
AcDbScale
 70
     0
300
1/4" = 1'-0"
140
0.25
141
12.0
290
     0
  0
SCALE
  5
61
102
{ACAD_REACTORS
330
47
102
}
330
47
100
AcDbScale
 70
     0
300
3/8" = 1'-0"
140
0.375
141
12.0
290
     0
  0
SCALE
  5
62
102
{ACAD_REACTORS
330
47
102
}
330
47
100
AcDbScale
 70
     0
300
1/2" = 1'-0"
140
0.5
141
12.0
290
     0
  0
SCALE
  5
63
102
{ACAD_REACTORS
330
47
102
}
330
47
100
AcDbScale
 70
     0
300
3/4" = 1'-0"
140
0.75
141
12.0
290
     0
  0
SCALE
  5
64
102
{ACAD_REACTORS
330
47
102
}
330
47
100
AcDbScale
 70
     0
300
1" = 1'-0"
140
1.0
141
12.0
290
     0
  0
SCALE
  5
65
102
{ACAD_REACTORS
330
47
102
}
330
47
100
AcDbScale
 70
     0
300
1-1/2" = 1'-0"
140
1.5
141
12.0
290
     0
  0
SCALE
  5
66
102
{ACAD_REACTORS
330
47
102
}
330
47
100
AcDbScale
 70
     0
300
3" = 1'-0"
140
3.0
141
12.0
290
     0
  0
SCALE
  5
67
102
{ACAD_REACTORS
330
47
102
}
330
47
100
AcDbScale
 70
     0
300
6" = 1'-0"
140
6.0
141
12.0
290
     0
  0
SCALE
  5
68
102
{ACAD_REACTORS
330
47
102
}
330
47
100
AcDbScale
 70
     0
300
1'-0" = 1'-0"
140
12.0
141
12.0
290
     0
  0
VISUALSTYLE
  5
2F
102
{ACAD_REACTORS
330
2A
102
}
102
{ACAD_XDICTIONARY
360
13A
102
}
330
2A
100
AcDbVisualStyle
  2
2dWireframe
 70
     4
 71
     0
 72
     2
 73
     0
 90
        0
 40
0.6
 41
30.0
 62
     5
 63
     7
421
 16777215
 74
     1
 91
        4
 64
     7
 65
   257
 75
     1
175
     1
 42
1.0
 92
        0
 66
   257
 43
1.0
 76
     1
 77
     6
 78
     2
 67
     7
 79
     5
170
     0
171
     0
290
     0
174
     0
 93
        1
 44
0.0
173
     0
291
     0
 45
0.0
1001
ACAD
1000
AcDbSavedByObjectVersion
1070
     0
  0
VISUALSTYLE
  5
32
102
{ACAD_REACTORS
330
2A
102
}
102
{ACAD_XDICTIONARY
360
140
102
}
330
2A
100
AcDbVisualStyle
  2
Basic
 70
     7
 71
     1
 72
     0
 73
     1
 90
        0
 40
0.6
 41
30.0
 62
     5
 63
     7
421
 16777215
 74
     0
 91
        4
 64
     7
 65
   257
 75
     1
175
     1
 42
1.0
 92
        8
 66
     7
 43
1.0
 76
     1
 77
     6
 78
     2
 67
     7
 79
     5
170
     0
171
     0
290
     0
174
     0
 93
        1
 44
0.0
173
     0
291
     1
 45
0.0
1001
ACAD
1000
AcDbSavedByObjectVersion
1070
     0
  0
VISUALSTYLE
  5
36
102
{ACAD_REACTORS
330
2A
102
}
102
{ACAD_XDICTIONARY
360
148
102
}
330
2A
100
AcDbVisualStyle
  2
Brighten
 70
    12
 71
     2
 72
     2
 73
     0
 90
        0
 40
0.6
 41
30.0
 62
     5
 63
     7
421
 16777215
 74
     1
 91
        4
 64
     7
 65
   257
 75
     1
175
     1
 42
1.0
 92
        8
 66
     7
 43
1.0
 76
     1
 77
     6
 78
     2
 67
     7
 79
     5
170
     0
171
     0
290
     0
174
     0
 93
        1
 44
50.0
173
     0
291
     1
 45
0.0
1001
ACAD
1000
AcDbSavedByObjectVersion
1070
     0
  0
VISUALSTYLE
  5
3A
102
{ACAD_REACTORS
330
2A
102
}
102
{ACAD_XDICTIONARY
360
150
102
}
330
2A
100
AcDbVisualStyle
  2
ColorChange
 70
    16
 71
     2
 72
     2
 73
     3
 90
        0
 40
0.6
 41
30.0
 62
     5
 63
     8
421
  8421504
 74
     1
 91
        4
 64
     7
 65
   257
 75
     1
175
     1
 42
1.0
 92
        8
 66
     8
424
  8421504
 43
1.0
 76
     1
 77
     6
 78
     2
 67
     7
 79
     5
170
     0
171
     0
290
     0
174
     0
 93
        1
 44
0.0
173
     0
291
     1
 45
0.0
1001
ACAD
1000
AcDbSavedByObjectVersion
1070
     0
  0
VISUALSTYLE
  5
34
102
{ACAD_REACTORS
330
2A
102
}
102
{ACAD_XDICTIONARY
360
144
102
}
330
2A
100
AcDbVisualStyle
  2
Conceptual
 70
     9
 71
     3
 72
     2
 73
     0
 90
        0
 40
0.6
 41
30.0
 62
     5
 63
     7
421
 16777215
 74
     2
 91
        2
 64
     7
 65
   257
 75
     1
175
     1
 42
179.0
 92
        8
 66
     7
 43
1.0
 76
     1
 77
     6
 78
     2
 67
     7
 79
     3
170
     0
171
     0
290
     0
174
     0
 93
        1
 44
0.0
173
     0
291
     0
 45
0.0
1001
ACAD
1000
AcDbSavedByObjectVersion
1070
     0
  0
VISUALSTYLE
  5
35
102
{ACAD_REACTORS
330
2A
102
}
102
{ACAD_XDICTIONARY
360
146
102
}
330
2A
100
AcDbVisualStyle
  2
Dim
 70
    11
 71
     2
 72
     2
 73
     0
 90
        0
 40
0.6
 41
30.0
 62
     5
 63
     7
421
 16777215
 74
     1
 91
        4
 64
     7
 65
   257
 75
     1
175
     1
 42
1.0
 92
        8
 66
     7
 43
1.0
 76
     1
 77
     6
 78
     2
 67
     7
 79
     5
170
     0
171
     0
290
     0
174
     0
 93
        1
 44
-50.0
173
     0
291
     1
 45
0.0
1001
ACAD
1000
AcDbSavedByObjectVersion
1070
     0
  0
VISUALSTYLE
  5
3D
102
{ACAD_REACTORS
330
2A
102
}
102
{ACAD_XDICTIONARY
360
156
102
}
330
2A
100
AcDbVisualStyle
  2
EdgeColorOff
 70
    22
 71
     2
 72
     2
 73
     0
 90
        0
 40
0.6
 41
30.0
 62
     5
 63
     7
421
 16777215
 74
     1
 91
        4
 64
     7
 65
   257
 75
     1
175
     1
 42
1.0
 92
        8
 66
     7
 43
1.0
 76
     1
 77
     6
 78
     2
 67
     7
 79
     5
170
     0
171
     0
290
     0
174
     0
 93
        1
 44
0.0
173
     0
291
     1
 45
0.0
1001
ACAD
1000
AcDbSavedByObjectVersion
1070
     0
  0
VISUALSTYLE
  5
39
102
{ACAD_REACTORS
330
2A
102
}
102
{ACAD_XDICTIONARY
360
14E
102
}
330
2A
100
AcDbVisualStyle
  2
Facepattern
 70
    15
 71
     2
 72
     2
 73
     0
 90
        0
 40
0.6
 41
30.0
 62
     5
 63
     7
421
 16777215
 74
     1
 91
        4
 64
     7
 65
   257
 75
     1
175
     1
 42
1.0
 92
        8
 66
     7
 43
1.0
 76
     1
 77
     6
 78
     2
 67
     7
 79
     5
170
     0
171
     0
290
     0
174
     0
 93
        1
 44
0.0
173
     0
291
     1
 45
0.0
1001
ACAD
1000
AcDbSavedByObjectVersion
1070
     0
  0
VISUALSTYLE
  5
2B
102
{ACAD_REACTORS
330
2A
102
}
102
{ACAD_XDICTIONARY
360
132
102
}
330
2A
100
AcDbVisualStyle
  2
Flat
 70
     0
 71
     2
 72
     1
 73
     1
 90
        2
 40
0.6
 41
30.0
 62
     5
 63
     7
421
 16777215
 74
     0
 91
        0
 64
     7
 65
   257
 75
     1
175
     1
 42
1.0
 92
        8
 66
     7
 43
1.0
 76
     1
 77
     6
 78
     2
 67
     7
 79
     5
170
     0
171
     0
290
     0
174
     0
 93
       13
 44
0.0
173
     0
291
     1
 45
0.0
1001
ACAD
1000
AcDbSavedByObjectVersion
1070
     0
  0
VISUALSTYLE
  5
2C
102
{ACAD_REACTORS
330
2A
102
}
102
{ACAD_XDICTIONARY
360
134
102
}
330
2A
100
AcDbVisualStyle
  2
FlatWithEdges
 70
     1
 71
     2
 72
     1
 73
     1
 90
        2
 40
0.6
 41
30.0
 62
     5
 63
     7
421
 16777215
 74
     1
 91
        0
 64
     7
 65
   257
 75
     1
175
     1
 42
1.0
 92
        0
 66
   257
 43
1.0
 76
     1
 77
     6
 78
     2
 67
     7
 79
     5
170
     0
171
     0
290
     0
174
     0
 93
       13
 44
0.0
173
     0
291
     1
 45
0.0
1001
ACAD
1000
AcDbSavedByObjectVersion
1070
     0
  0
VISUALSTYLE
  5
2D
102
{ACAD_REACTORS
330
2A
102
}
102
{ACAD_XDICTIONARY
360
136
102
}
330
2A
100
AcDbVisualStyle
  2
Gouraud
 70
     2
 71
     2
 72
     2
 73
     1
 90
        2
 40
0.6
 41
30.0
 62
     5
 63
     7
421
 16777215
 74
     0
 91
        0
 64
     7
 65
   257
 75
     1
175
     1
 42
1.0
 92
        0
 66
     7
 43
1.0
 76
     1
 77
     6
 78
     2
 67
     7
 79
     5
170
     0
171
     0
290
     0
174
     0
 93
       13
 44
0.0
173
     0
291
     1
 45
0.0
1001
ACAD
1000
AcDbSavedByObjectVersion
1070
     0
  0
VISUALSTYLE
  5
2E
102
{ACAD_REACTORS
330
2A
102
}
102
{ACAD_XDICTIONARY
360
138
102
}
330
2A
100
AcDbVisualStyle
  2
GouraudWithEdges
 70
     3
 71
     2
 72
     2
 73
     1
 90
        2
 40
0.6
 41
30.0
 62
     5
 63
     7
421
 16777215
 74
     1
 91
        0
 64
     7
 65
   257
 75
     1
175
     1
 42
1.0
 92
        0
 66
   257
 43
1.0
 76
     1
 77
     6
 78
     2
 67
     7
 79
     5
170
     0
171
     0
290
     0
174
     0
 93
       13
 44
0.0
173
     0
291
     1
 45
0.0
1001
ACAD
1000
AcDbSavedByObjectVersion
1070
     0
  0
VISUALSTYLE
  5
31
102
{ACAD_REACTORS
330
2A
102
}
102
{ACAD_XDICTIONARY
360
13E
102
}
330
2A
100
AcDbVisualStyle
  2
Hidden
 70
     6
 71
     1
 72
     2
 73
     2
 90
        0
 40
0.6
 41
30.0
 62
     5
 63
     7
421
 16777215
 74
     2
 91
        2
 64
     7
 65
   257
 75
     2
175
     1
 42
40.0
 92
        0
 66
   257
 43
1.0
 76
     1
 77
     6
 78
     2
 67
     7
 79
     3
170
     0
171
     0
290
     0
174
     0
 93
        1
 44
0.0
173
     0
291
     0
 45
0.0
1001
ACAD
1000
AcDbSavedByObjectVersion
1070
     0
  0
VISUALSTYLE
  5
3B
102
{ACAD_REACTORS
330
2A
102
}
102
{ACAD_XDICTIONARY
360
152
102
}
330
2A
100
AcDbVisualStyle
  2
JitterOff
 70
    20
 71
     2
 72
     2
 73
     0
 90
        0
 40
0.6
 41
30.0
 62
     5
 63
     7
421
 16777215
 74
     1
 91
        4
 64
     7
 65
   257
 75
     1
175
     1
 42
1.0
 92
       10
 66
     7
 43
1.0
 76
     1
 77
     6
 78
     2
 67
     7
 79
     5
170
     0
171
     0
290
     0
174
     0
 93
        1
 44
0.0
173
     0
291
     1
 45
0.0
1001
ACAD
1000
AcDbSavedByObjectVersion
1070
     0
  0
VISUALSTYLE
  5
38
102
{ACAD_REACTORS
330
2A
102
}
102
{ACAD_XDICTIONARY
360
14C
102
}
330
2A
100
AcDbVisualStyle
  2
Linepattern
 70
    14
 71
     2
 72
     2
 73
     0
 90
        0
 40
0.6
 41
30.0
 62
     5
 63
     7
421
 16777215
 74
     1
 91
        4
 64
     7
 65
   257
 75
     7
175
     7
 42
1.0
 92
        8
 66
     7
 43
1.0
 76
     1
 77
     6
 78
     2
 67
     7
 79
     5
170
     0
171
     0
290
     0
174
     0
 93
        1
 44
0.0
173
     0
291
     1
 45
0.0
1001
ACAD
1000
AcDbSavedByObjectVersion
1070
     0
  0
VISUALSTYLE
  5
3C
102
{ACAD_REACTORS
330
2A
102
}
102
{ACAD_XDICTIONARY
360
154
102
}
330
2A
100
AcDbVisualStyle
  2
OverhangOff
 70
    21
 71
     2
 72
     2
 73
     0
 90
        0
 40
0.6
 41
30.0
 62
     5
 63
     7
421
 16777215
 74
     1
 91
        4
 64
     7
 65
   257
 75
     1
175
     1
 42
1.0
 92
        9
 66
     7
 43
1.0
 76
     1
 77
     6
 78
     2
 67
     7
 79
     5
170
     0
171
     0
290
     0
174
     0
 93
        1
 44
0.0
173
     0
291
     1
 45
0.0
1001
ACAD
1000
AcDbSavedByObjectVersion
1070
     0
  0
VISUALSTYLE
  5
33
102
{ACAD_REACTORS
330
2A
102
}
102
{ACAD_XDICTIONARY
360
142
102
}
330
2A
100
AcDbVisualStyle
  2
Realistic
 70
     8
 71
     2
 72
     3
 73
     0
 90
        2
 40
0.6
 41
30.0
 62
     5
 63
     7
421
 16777215
 74
     0
 91
        0
 64
     7
 65
   257
 75
     1
175
     1
 42
1.0
 92
        8
 66
   257
 43
1.0
 76
     1
 77
     6
 78
     2
 67
     7
 79
     3
170
     0
171
     0
290
     0
174
     0
 93
       13
 44
0.0
173
     0
291
     0
 45
0.0
1001
ACAD
1000
AcDbSavedByObjectVersion
1070
     0
  0
VISUALSTYLE
  5
42
102
{ACAD_REACTORS
330
2A
102
}
102
{ACAD_XDICTIONARY
360
160
102
}
330
2A
100
AcDbVisualStyle
  2
Shaded
 70
    27
 71
     2
 72
     2
 73
     1
 90
        2
 40
0.6
 41
30.0
 62
     5
 63
     7
421
 16777215
 74
     0
 91
        4
 64
     7
 65
   257
 75
     1
175
     1
 42
1.0
 92
        8
 66
   257
 43
1.0
 76
     1
 77
     6
 78
     2
 67
     8
425
  7895160
 79
     3
170
     0
171
     0
290
     0
174
     0
 93
        5
 44
0.0
173
     0
291
     0
 45
0.0
1001
ACAD
1000
AcDbSavedByObjectVersion
1070
     0
  0
VISUALSTYLE
  5
41
102
{ACAD_REACTORS
330
2A
102
}
102
{ACAD_XDICTIONARY
360
15E
102
}
330
2A
100
AcDbVisualStyle
  2
Shaded with edges
 70
    26
 71
     2
 72
     2
 73
     1
 90
        2
 40
0.6
 41
30.0
 62
     5
 63
     7
421
 16777215
 74
     1
 91
       10
 64
     7
 65
   257
 75
     2
175
     1
 42
1.0
 92
        8
 66
   257
 43
1.0
 76
     1
 77
     6
 78
     2
 67
     7
 79
     3
170
     0
171
     0
290
     0
174
     0
 93
        5
 44
0.0
173
     0
291
     0
 45
0.0
1001
ACAD
1000
AcDbSavedByObjectVersion
1070
     0
  0
VISUALSTYLE
  5
3E
102
{ACAD_REACTORS
330
2A
102
}
102
{ACAD_XDICTIONARY
360
158
102
}
330
2A
100
AcDbVisualStyle
  2
Shades of Gray
 70
    23
 71
     2
 72
     2
 73
     3
 90
        0
 40
0.6
 41
30.0
 62
     5
 63
     7
421
 16777215
 74
     2
 91
        2
 64
     7
 65
     7
 75
     1
175
     1
 42
40.0
 92
        8
 66
     7
 43
1.0
 76
     1
 77
     6
 78
     2
 67
     7
 79
     3
170
     0
171
     0
290
     0
174
     0
 93
        1
 44
0.0
173
     0
291
     0
 45
0.0
1001
ACAD
1000
AcDbSavedByObjectVersion
1070
     0
  0
VISUALSTYLE
  5
3F
102
{ACAD_REACTORS
330
2A
102
}
102
{ACAD_XDICTIONARY
360
15A
102
}
330
2A
100
AcDbVisualStyle
  2
Sketchy
 70
    24
 71
     1
 72
     2
 73
     2
 90
        0
 40
0.6
 41
30.0
 62
     5
 63
     7
421
 16777215
 74
     2
 91
        2
 64
     7
 65
     7
 75
     1
175
     1
 42
40.0
 92
       11
 66
     7
 43
1.0
 76
     1
 77
     6
 78
     2
 67
     7
 79
     6
170
     0
171
     0
290
     0
174
     0
 93
        1
 44
0.0
173
     0
291
     0
 45
0.0
1001
ACAD
1000
AcDbSavedByObjectVersion
1070
     0
  0
VISUALSTYLE
  5
37
102
{ACAD_REACTORS
330
2A
102
}
102
{ACAD_XDICTIONARY
360
14A
102
}
330
2A
100
AcDbVisualStyle
  2
Thicken
 70
    13
 71
     2
 72
     2
 73
     0
 90
        0
 40
0.6
 41
30.0
 62
     5
 63
     7
421
 16777215
 74
     1
 91
        4
 64
     7
 65
   257
 75
     1
175
     1
 42
1.0
 92
       12
 66
     7
 43
1.0
 76
     1
 77
     6
 78
     2
 67
     7
 79
     5
170
     0
171
     0
290
     0
174
     0
 93
        1
 44
0.0
173
     0
291
     1
 45
0.0
1001
ACAD
1000
AcDbSavedByObjectVersion
1070
     0
  0
VISUALSTYLE
  5
30
102
{ACAD_REACTORS
330
2A
102
}
102
{ACAD_XDICTIONARY
360
13C
102
}
330
2A
100
AcDbVisualStyle
  2
Wireframe
 70
     5
 71
     0
 72
     2
 73
     0
 90
        0
 40
0.6
 41
30.0
 62
     5
 63
     7
421
 16777215
 74
     1
 91
        4
 64
     7
 65
   257
 75
     1
175
     1
 42
1.0
 92
        0
 66
   257
 43
1.0
 76
     1
 77
     6
 78
     2
 67
     7
 79
     3
170
     0
171
     0
290
     0
174
     0
 93
        1
 44
0.0
173
     0
291
     0
 45
0.0
1001
ACAD
1000
AcDbSavedByObjectVersion
1070
     0
  0
VISUALSTYLE
  5
40
102
{ACAD_REACTORS
330
2A
102
}
102
{ACAD_XDICTIONARY
360
15C
102
}
330
2A
100
AcDbVisualStyle
  2
X-Ray
 70
    25
 71
     2
 72
     2
 73
     1
 90
        1
 40
0.5
 41
30.0
 62
     5
 63
     7
421
 16777215
 74
     1
 91
        0
 64
     7
 65
   257
 75
     1
175
     1
 42
1.0
 92
        8
 66
     7
 43
1.0
 76
     1
 77
     6
 78
     2
 67
     7
 79
     3
170
     0
171
     0
290
     0
174
     0
 93
       13
 44
0.0
173
     0
291
     0
 45
0.0
1001
ACAD
1000
AcDbSavedByObjectVersion
1070
     0
  0
DICTIONARYVAR
  5
130
102
{ACAD_REACTORS
330
12F
102
}
330
12F
100
DictionaryVariables
280
     0
  1
1:1
  0
DICTIONARYVAR
  5
131
102
{ACAD_REACTORS
330
12F
102
}
330
12F
100
DictionaryVariables
280
     0
  1
1
  0
DICTIONARY
  5
164
330
45
100
AcDbDictionary
280
     1
281
     1
  3
ACAD_XREC_ROUNDTRIP
360
165
  0
DICTIONARY
  5
162
330
44
100
AcDbDictionary
280
     1
281
     1
  3
ACAD_XREC_ROUNDTRIP
360
163
  0
DICTIONARY
  5
166
330
46
100
AcDbDictionary
280
     1
281
     1
  3
ACAD_XREC_ROUNDTRIP
360
167
  0
DICTIONARY
  5
13A
330
2F
100
AcDbDictionary
280
     1
281
     1
  3
ACAD_XREC_ROUNDTRIP
360
13B
  0
DICTIONARY
  5
140
330
32
100
AcDbDictionary
280
     1
281
     1
  3
ACAD_XREC_ROUNDTRIP
360
141
  0
DICTIONARY
  5
148
330
36
100
AcDbDictionary
280
     1
281
     1
  3
ACAD_XREC_ROUNDTRIP
360
149
  0
DICTIONARY
  5
150
330
3A
100
AcDbDictionary
280
     1
281
     1
  3
ACAD_XREC_ROUNDTRIP
360
151
  0
DICTIONARY
  5
144
330
34
100
AcDbDictionary
280
     1
281
     1
  3
ACAD_XREC_ROUNDTRIP
360
145
  0
DICTIONARY
  5
146
330
35
100
AcDbDictionary
280
     1
281
     1
  3
ACAD_XREC_ROUNDTRIP
360
147
  0
DICTIONARY
  5
156
330
3D
100
AcDbDictionary
280
     1
281
     1
  3
ACAD_XREC_ROUNDTRIP
360
157
  0
DICTIONARY
  5
14E
330
39
100
AcDbDictionary
280
     1
281
     1
  3
ACAD_XREC_ROUNDTRIP
360
14F
  0
DICTIONARY
  5
132
330
2B
100
AcDbDictionary
280
     1
281
     1
  3
ACAD_XREC_ROUNDTRIP
360
133
  0
DICTIONARY
  5
134
330
2C
100
AcDbDictionary
280
     1
281
     1
  3
ACAD_XREC_ROUNDTRIP
360
135
  0
DICTIONARY
  5
136
330
2D
100
AcDbDictionary
280
     1
281
     1
  3
ACAD_XREC_ROUNDTRIP
360
137
  0
DICTIONARY
  5
138
330
2E
100
AcDbDictionary
280
     1
281
     1
  3
ACAD_XREC_ROUNDTRIP
360
139
  0
DICTIONARY
  5
13E
330
31
100
AcDbDictionary
280
     1
281
     1
  3
ACAD_XREC_ROUNDTRIP
360
13F
  0
DICTIONARY
  5
152
330
3B
100
AcDbDictionary
280
     1
281
     1
  3
ACAD_XREC_ROUNDTRIP
360
153
  0
DICTIONARY
  5
14C
330
38
100
AcDbDictionary
280
     1
281
     1
  3
ACAD_XREC_ROUNDTRIP
360
14D
  0
DICTIONARY
  5
154
330
3C
100
AcDbDictionary
280
     1
281
     1
  3
ACAD_XREC_ROUNDTRIP
360
155
  0
DICTIONARY
  5
142
330
33
100
AcDbDictionary
280
     1
281
     1
  3
ACAD_XREC_ROUNDTRIP
360
143
  0
DICTIONARY
  5
160
330
42
100
AcDbDictionary
280
     1
281
     1
  3
ACAD_XREC_ROUNDTRIP
360
161
  0
DICTIONARY
  5
15E
330
41
100
AcDbDictionary
280
     1
281
     1
  3
ACAD_XREC_ROUNDTRIP
360
15F
  0
DICTIONARY
  5
158
330
3E
100
AcDbDictionary
280
     1
281
     1
  3
ACAD_XREC_ROUNDTRIP
360
159
  0
DICTIONARY
  5
15A
330
3F
100
AcDbDictionary
280
     1
281
     1
  3
ACAD_XREC_ROUNDTRIP
360
15B
  0
DICTIONARY
  5
14A
330
37
100
AcDbDictionary
280
     1
281
     1
  3
ACAD_XREC_ROUNDTRIP
360
14B
  0
DICTIONARY
  5
13C
330
30
100
AcDbDictionary
280
     1
281
     1
  3
ACAD_XREC_ROUNDTRIP
360
13D
  0
DICTIONARY
  5
15C
330
40
100
AcDbDictionary
280
     1
281
     1
  3
ACAD_XREC_ROUNDTRIP
360
15D
  0
XRECORD
  5
165
102
{ACAD_REACTORS
330
164
102
}
330
164
100
AcDbXrecord
280
     1
102
MATERIAL
148
0.0
149
0.0
149
0.0
 93
        0
 94
      127
282
     0
 72
     1
 77
     1
171
     1
175
     1
179
     1
273
     0
  0
XRECORD
  5
163
102
{ACAD_REACTORS
330
162
102
}
330
162
100
AcDbXrecord
280
     1
102
MATERIAL
148
0.0
149
0.0
149
0.0
 93
        0
 94
      127
282
     0
 72
     1
 77
     1
171
     1
175
     1
179
     1
273
     0
  0
XRECORD
  5
167
102
{ACAD_REACTORS
330
166
102
}
330
166
100
AcDbXrecord
280
     1
102
MATERIAL
148
0.0
149
0.0
149
0.0
 93
        0
 94
      127
282
     0
 72
     1
 77
     1
171
     1
175
     1
179
     1
273
     0
  0
XRECORD
  5
13B
102
{ACAD_REACTORS
330
13A
102
}
330
13A
100
AcDbXrecord
280
     1
102
RTVSPropertyOp0
 70
     1
102
RTVSPropertyOp1
 70
     1
102
RTVSPropertyOp2
 70
     1
102
RTVSPropertyOp3
 70
     1
102
RTVSPropertyOp4
 70
     1
102
RTVSPropertyOp5
 70
     1
102
RTVSPropertyOp6
 70
     1
102
RTVSPropertyOp7
 70
     1
102
RTVSPropertyOp8
 70
     1
102
RTVSPropertyOp9
 70
     1
102
RTVSPropertyOp10
 70
     1
102
RTVSPropertyOp11
 70
     1
102
RTVSPropertyOp12
 70
     1
102
RTVSPropertyOp13
 70
     1
102
RTVSPropertyOp14
 70
     1
102
RTVSPropertyOp15
 70
     1
102
RTVSPropertyOp16
 70
     1
102
RTVSPropertyOp17
 70
     1
102
RTVSPropertyOp18
 70
     1
102
RTVSPropertyOp19
 70
     1
102
RTVSPropertyOp20
 70
     1
102
RTVSPropertyOp21
 70
     1
102
RTVSPropertyOp22
 70
     1
102
RTVSPropertyOp23
 70
     1
102
RTVSPropertyOp24
 70
     1
102
RTVSPropertyOp25
 70
     1
102
RTVSPropertyOp26
 70
     1
102
RTVSPropertyOp27
 70
     1
102
RTVSPropertyOp28
 70
     1
102
RTVSPropertyOp29
 70
     1
102
RTVSPropertyOp30
 70
     1
102
RTVSPropertyOp31
 70
     1
102
RTVSPropertyOp32
 70
     1
102
RTVSPropertyOp33
 70
     1
102
RTVSPropertyOp34
 70
     1
102
RTVSPropertyOp35
 70
     1
102
RTVSPropertyOp36
 70
     1
102
RTVSPropertyOp37
 70
     1
102
RTVSPropertyOp38
 70
     1
102
RTVSPropertyOp39
 70
     1
102
RTVSPropertyOp40
 70
     1
102
RTVSPropertyOp41
 70
     1
102
RTVSPropertyOp42
 70
     1
102
RTVSPropertyOp43
 70
     1
102
RTVSPropertyOp44
 70
     1
102
RTVSPropertyOp45
 70
     1
102
RTVSPropertyOp46
 70
     1
102
RTVSPropertyOp47
 70
     1
102
RTVSPropertyOp48
 70
     1
102
RTVSPropertyOp49
 70
     1
102
RTVSPropertyOp50
 70
     1
102
RTVSPropertyOp51
 70
     0
102
RTVSPropertyOp52
 70
     0
102
RTVSPropertyOp53
 70
     1
102
RTVSPropertyOp54
 70
     1
102
RTVSPropertyOp55
 70
     1
102
RTVSPropertyOp56
 70
     1
102
RTVSPropertyOp57
 70
     1
102
RTVSPost2010Prop28
280
     1
102
RTVSPost2010PropOp28
 70
     1
102
RTVSPost2010Prop29
280
     1
102
RTVSPost2010PropOp29
 70
     1
102
RTVSPost2010Prop30
280
     0
102
RTVSPost2010PropOp30
 70
     1
102
RTVSPost2010Prop31
280
     0
102
RTVSPost2010PropOp31
 70
     1
102
RTVSPost2010Prop32
280
     0
102
RTVSPost2010PropOp32
 70
     1
102
RTVSPost2010Prop33
280
     0
102
RTVSPost2010PropOp33
 70
     1
102
RTVSPost2010Prop34
280
     0
102
RTVSPost2010PropOp34
 70
     1
102
RTVSPost2010Prop35
280
     0
102
RTVSPost2010PropOp35
 70
     1
102
RTVSPost2010Prop36
280
     0
102
RTVSPost2010PropOp36
 70
     1
102
RTVSPost2010Prop37
 90
       50
102
RTVSPost2010PropOp37
 70
     1
102
RTVSPost2010Prop38
140
0.0
102
RTVSPost2010PropOp38
 70
     1
102
RTVSPost2010Prop39
140
1.0
102
RTVSPost2010PropOp39
 70
     1
102
RTVSPost2010Prop40
 90
        0
102
RTVSPost2010PropOp40
 70
     1
102
RTVSPost2010Prop41ColorIndex
 90
       18
102
RTVSPost2010Prop41ColorRGB
 90
        0
102
RTVSPost2010PropOp41
 70
     1
102
RTVSPost2010Prop42
 90
       50
102
RTVSPost2010PropOp42
 70
     1
102
RTVSPost2010Prop43
 90
        3
102
RTVSPost2010PropOp43
 70
     1
102
RTVSPost2010Prop44ColorIndex
 90
        5
102
RTVSPost2010Prop44ColorRGB
 90
      255
102
RTVSPost2010PropOp44
 70
     1
102
RTVSPost2010Prop45
280
     0
102
RTVSPost2010PropOp45
 70
     1
102
RTVSPost2010Prop46
 90
       50
102
RTVSPost2010PropOp46
 70
     1
102
RTVSPost2010Prop47
 90
       50
102
RTVSPost2010PropOp47
 70
     1
102
RTVSPost2010Prop48
 90
       50
102
RTVSPost2010PropOp48
 70
     1
102
RTVSPost2010Prop49
280
     0
102
RTVSPost2010PropOp49
 70
     1
102
RTVSPost2010Prop50
 90
       50
102
RTVSPost2010PropOp50
 70
     1
102
RTVSPost2010Prop51ColorIndex
 90
      256
102
RTVSPost2010Prop51ColorRGB
 90
-16777216
102
RTVSPost2010PropOp51
 70
     0
102
RTVSPost2010Prop52
140
1.0
102
RTVSPost2010PropOp52
 70
     0
102
RTVSPost2010Prop53
 90
        2
102
RTVSPost2010PropOp53
 70
     1
102
RTVSPost2010Prop54
  1
strokes_ogs.tif
102
RTVSPost2010PropOp54
 70
     1
102
RTVSPost2010Prop55
280
     0
102
RTVSPost2010PropOp55
 70
     1
102
RTVSPost2010Prop56
140
1.0
102
RTVSPost2010PropOp56
 70
     1
102
RTVSPost2010Prop57
140
1.0
102
RTVSPost2010PropOp57
 70
     1
  0
XRECORD
  5
141
102
{ACAD_REACTORS
330
140
102
}
330
140
100
AcDbXrecord
280
     1
102
RTVSPropertyOp0
 70
     1
102
RTVSPropertyOp1
 70
     1
102
RTVSPropertyOp2
 70
     1
102
RTVSPropertyOp3
 70
     1
102
RTVSPropertyOp4
 70
     1
102
RTVSPropertyOp5
 70
     1
102
RTVSPropertyOp6
 70
     1
102
RTVSPropertyOp7
 70
     1
102
RTVSPropertyOp8
 70
     1
102
RTVSPropertyOp9
 70
     1
102
RTVSPropertyOp10
 70
     1
102
RTVSPropertyOp11
 70
     1
102
RTVSPropertyOp12
 70
     1
102
RTVSPropertyOp13
 70
     1
102
RTVSPropertyOp14
 70
     1
102
RTVSPropertyOp15
 70
     1
102
RTVSPropertyOp16
 70
     1
102
RTVSPropertyOp17
 70
     1
102
RTVSPropertyOp18
 70
     1
102
RTVSPropertyOp19
 70
     1
102
RTVSPropertyOp20
 70
     1
102
RTVSPropertyOp21
 70
     1
102
RTVSPropertyOp22
 70
     1
102
RTVSPropertyOp23
 70
     1
102
RTVSPropertyOp24
 70
     1
102
RTVSPropertyOp25
 70
     1
102
RTVSPropertyOp26
 70
     1
102
RTVSPropertyOp27
 70
     1
102
RTVSPropertyOp28
 70
     1
102
RTVSPropertyOp29
 70
     1
102
RTVSPropertyOp30
 70
     1
102
RTVSPropertyOp31
 70
     1
102
RTVSPropertyOp32
 70
     1
102
RTVSPropertyOp33
 70
     1
102
RTVSPropertyOp34
 70
     1
102
RTVSPropertyOp35
 70
     1
102
RTVSPropertyOp36
 70
     1
102
RTVSPropertyOp37
 70
     1
102
RTVSPropertyOp38
 70
     1
102
RTVSPropertyOp39
 70
     1
102
RTVSPropertyOp40
 70
     1
102
RTVSPropertyOp41
 70
     1
102
RTVSPropertyOp42
 70
     1
102
RTVSPropertyOp43
 70
     1
102
RTVSPropertyOp44
 70
     1
102
RTVSPropertyOp45
 70
     1
102
RTVSPropertyOp46
 70
     1
102
RTVSPropertyOp47
 70
     1
102
RTVSPropertyOp48
 70
     1
102
RTVSPropertyOp49
 70
     1
102
RTVSPropertyOp50
 70
     1
102
RTVSPropertyOp51
 70
     0
102
RTVSPropertyOp52
 70
     0
102
RTVSPropertyOp53
 70
     1
102
RTVSPropertyOp54
 70
     1
102
RTVSPropertyOp55
 70
     1
102
RTVSPropertyOp56
 70
     1
102
RTVSPropertyOp57
 70
     1
102
RTVSPost2010Prop28
280
     0
102
RTVSPost2010PropOp28
 70
     1
102
RTVSPost2010Prop29
280
     1
102
RTVSPost2010PropOp29
 70
     1
102
RTVSPost2010Prop30
280
     1
102
RTVSPost2010PropOp30
 70
     1
102
RTVSPost2010Prop31
280
     0
102
RTVSPost2010PropOp31
 70
     1
102
RTVSPost2010Prop32
280
     0
102
RTVSPost2010PropOp32
 70
     1
102
RTVSPost2010Prop33
280
     0
102
RTVSPost2010PropOp33
 70
     1
102
RTVSPost2010Prop34
280
     0
102
RTVSPost2010PropOp34
 70
     1
102
RTVSPost2010Prop35
280
     0
102
RTVSPost2010PropOp35
 70
     1
102
RTVSPost2010Prop36
280
     0
102
RTVSPost2010PropOp36
 70
     1
102
RTVSPost2010Prop37
 90
       50
102
RTVSPost2010PropOp37
 70
     1
102
RTVSPost2010Prop38
140
0.0
102
RTVSPost2010PropOp38
 70
     1
102
RTVSPost2010Prop39
140
1.0
102
RTVSPost2010PropOp39
 70
     1
102
RTVSPost2010Prop40
 90
        0
102
RTVSPost2010PropOp40
 70
     1
102
RTVSPost2010Prop41ColorIndex
 90
       18
102
RTVSPost2010Prop41ColorRGB
 90
        0
102
RTVSPost2010PropOp41
 70
     1
102
RTVSPost2010Prop42
 90
       50
102
RTVSPost2010PropOp42
 70
     1
102
RTVSPost2010Prop43
 90
        3
102
RTVSPost2010PropOp43
 70
     1
102
RTVSPost2010Prop44ColorIndex
 90
        5
102
RTVSPost2010Prop44ColorRGB
 90
      255
102
RTVSPost2010PropOp44
 70
     1
102
RTVSPost2010Prop45
280
     0
102
RTVSPost2010PropOp45
 70
     1
102
RTVSPost2010Prop46
 90
       50
102
RTVSPost2010PropOp46
 70
     1
102
RTVSPost2010Prop47
 90
       50
102
RTVSPost2010PropOp47
 70
     1
102
RTVSPost2010Prop48
 90
       50
102
RTVSPost2010PropOp48
 70
     1
102
RTVSPost2010Prop49
280
     0
102
RTVSPost2010PropOp49
 70
     1
102
RTVSPost2010Prop50
 90
       50
102
RTVSPost2010PropOp50
 70
     1
102
RTVSPost2010Prop51ColorIndex
 90
      256
102
RTVSPost2010Prop51ColorRGB
 90
-16777216
102
RTVSPost2010PropOp51
 70
     0
102
RTVSPost2010Prop52
140
1.0
102
RTVSPost2010PropOp52
 70
     0
102
RTVSPost2010Prop53
 90
        2
102
RTVSPost2010PropOp53
 70
     1
102
RTVSPost2010Prop54
  1
strokes_ogs.tif
102
RTVSPost2010PropOp54
 70
     1
102
RTVSPost2010Prop55
280
     0
102
RTVSPost2010PropOp55
 70
     1
102
RTVSPost2010Prop56
140
1.0
102
RTVSPost2010PropOp56
 70
     1
102
RTVSPost2010Prop57
140
1.0
102
RTVSPost2010PropOp57
 70
     1
  0
XRECORD
  5
149
102
{ACAD_REACTORS
330
148
102
}
330
148
100
AcDbXrecord
280
     1
102
RTVSPropertyOp0
 70
     1
102
RTVSPropertyOp1
 70
     1
102
RTVSPropertyOp2
 70
     1
102
RTVSPropertyOp3
 70
     1
102
RTVSPropertyOp4
 70
     1
102
RTVSPropertyOp5
 70
     1
102
RTVSPropertyOp6
 70
     1
102
RTVSPropertyOp7
 70
     1
102
RTVSPropertyOp8
 70
     1
102
RTVSPropertyOp9
 70
     1
102
RTVSPropertyOp10
 70
     1
102
RTVSPropertyOp11
 70
     1
102
RTVSPropertyOp12
 70
     1
102
RTVSPropertyOp13
 70
     1
102
RTVSPropertyOp14
 70
     1
102
RTVSPropertyOp15
 70
     1
102
RTVSPropertyOp16
 70
     1
102
RTVSPropertyOp17
 70
     1
102
RTVSPropertyOp18
 70
     1
102
RTVSPropertyOp19
 70
     1
102
RTVSPropertyOp20
 70
     1
102
RTVSPropertyOp21
 70
     1
102
RTVSPropertyOp22
 70
     1
102
RTVSPropertyOp23
 70
     1
102
RTVSPropertyOp24
 70
     1
102
RTVSPropertyOp25
 70
     1
102
RTVSPropertyOp26
 70
     1
102
RTVSPropertyOp27
 70
     1
102
RTVSPropertyOp28
 70
     1
102
RTVSPropertyOp29
 70
     1
102
RTVSPropertyOp30
 70
     1
102
RTVSPropertyOp31
 70
     1
102
RTVSPropertyOp32
 70
     1
102
RTVSPropertyOp33
 70
     1
102
RTVSPropertyOp34
 70
     1
102
RTVSPropertyOp35
 70
     1
102
RTVSPropertyOp36
 70
     1
102
RTVSPropertyOp37
 70
     1
102
RTVSPropertyOp38
 70
     1
102
RTVSPropertyOp39
 70
     1
102
RTVSPropertyOp40
 70
     1
102
RTVSPropertyOp41
 70
     1
102
RTVSPropertyOp42
 70
     1
102
RTVSPropertyOp43
 70
     1
102
RTVSPropertyOp44
 70
     1
102
RTVSPropertyOp45
 70
     1
102
RTVSPropertyOp46
 70
     1
102
RTVSPropertyOp47
 70
     1
102
RTVSPropertyOp48
 70
     1
102
RTVSPropertyOp49
 70
     1
102
RTVSPropertyOp50
 70
     1
102
RTVSPropertyOp51
 70
     0
102
RTVSPropertyOp52
 70
     0
102
RTVSPropertyOp53
 70
     1
102
RTVSPropertyOp54
 70
     1
102
RTVSPropertyOp55
 70
     1
102
RTVSPropertyOp56
 70
     1
102
RTVSPropertyOp57
 70
     1
102
RTVSPost2010Prop28
280
     0
102
RTVSPost2010PropOp28
 70
     1
102
RTVSPost2010Prop29
280
     1
102
RTVSPost2010PropOp29
 70
     1
102
RTVSPost2010Prop30
280
     1
102
RTVSPost2010PropOp30
 70
     1
102
RTVSPost2010Prop31
280
     0
102
RTVSPost2010PropOp31
 70
     1
102
RTVSPost2010Prop32
280
     0
102
RTVSPost2010PropOp32
 70
     1
102
RTVSPost2010Prop33
280
     0
102
RTVSPost2010PropOp33
 70
     1
102
RTVSPost2010Prop34
280
     0
102
RTVSPost2010PropOp34
 70
     1
102
RTVSPost2010Prop35
280
     0
102
RTVSPost2010PropOp35
 70
     1
102
RTVSPost2010Prop36
280
     0
102
RTVSPost2010PropOp36
 70
     1
102
RTVSPost2010Prop37
 90
       50
102
RTVSPost2010PropOp37
 70
     1
102
RTVSPost2010Prop38
140
0.0
102
RTVSPost2010PropOp38
 70
     1
102
RTVSPost2010Prop39
140
1.0
102
RTVSPost2010PropOp39
 70
     1
102
RTVSPost2010Prop40
 90
        0
102
RTVSPost2010PropOp40
 70
     1
102
RTVSPost2010Prop41ColorIndex
 90
       18
102
RTVSPost2010Prop41ColorRGB
 90
        0
102
RTVSPost2010PropOp41
 70
     1
102
RTVSPost2010Prop42
 90
       50
102
RTVSPost2010PropOp42
 70
     1
102
RTVSPost2010Prop43
 90
        3
102
RTVSPost2010PropOp43
 70
     1
102
RTVSPost2010Prop44ColorIndex
 90
        5
102
RTVSPost2010Prop44ColorRGB
 90
      255
102
RTVSPost2010PropOp44
 70
     1
102
RTVSPost2010Prop45
280
     0
102
RTVSPost2010PropOp45
 70
     1
102
RTVSPost2010Prop46
 90
       50
102
RTVSPost2010PropOp46
 70
     1
102
RTVSPost2010Prop47
 90
       50
102
RTVSPost2010PropOp47
 70
     1
102
RTVSPost2010Prop48
 90
       50
102
RTVSPost2010PropOp48
 70
     1
102
RTVSPost2010Prop49
280
     0
102
RTVSPost2010PropOp49
 70
     1
102
RTVSPost2010Prop50
 90
       50
102
RTVSPost2010PropOp50
 70
     1
102
RTVSPost2010Prop51ColorIndex
 90
      256
102
RTVSPost2010Prop51ColorRGB
 90
-16777216
102
RTVSPost2010PropOp51
 70
     0
102
RTVSPost2010Prop52
140
1.0
102
RTVSPost2010PropOp52
 70
     0
102
RTVSPost2010Prop53
 90
        2
102
RTVSPost2010PropOp53
 70
     1
102
RTVSPost2010Prop54
  1
strokes_ogs.tif
102
RTVSPost2010PropOp54
 70
     1
102
RTVSPost2010Prop55
280
     0
102
RTVSPost2010PropOp55
 70
     1
102
RTVSPost2010Prop56
140
1.0
102
RTVSPost2010PropOp56
 70
     1
102
RTVSPost2010Prop57
140
1.0
102
RTVSPost2010PropOp57
 70
     1
  0
XRECORD
  5
151
102
{ACAD_REACTORS
330
150
102
}
330
150
100
AcDbXrecord
280
     1
102
RTVSPropertyOp0
 70
     1
102
RTVSPropertyOp1
 70
     1
102
RTVSPropertyOp2
 70
     1
102
RTVSPropertyOp3
 70
     1
102
RTVSPropertyOp4
 70
     1
102
RTVSPropertyOp5
 70
     1
102
RTVSPropertyOp6
 70
     1
102
RTVSPropertyOp7
 70
     1
102
RTVSPropertyOp8
 70
     1
102
RTVSPropertyOp9
 70
     1
102
RTVSPropertyOp10
 70
     1
102
RTVSPropertyOp11
 70
     1
102
RTVSPropertyOp12
 70
     1
102
RTVSPropertyOp13
 70
     1
102
RTVSPropertyOp14
 70
     1
102
RTVSPropertyOp15
 70
     1
102
RTVSPropertyOp16
 70
     1
102
RTVSPropertyOp17
 70
     1
102
RTVSPropertyOp18
 70
     1
102
RTVSPropertyOp19
 70
     1
102
RTVSPropertyOp20
 70
     1
102
RTVSPropertyOp21
 70
     1
102
RTVSPropertyOp22
 70
     1
102
RTVSPropertyOp23
 70
     1
102
RTVSPropertyOp24
 70
     1
102
RTVSPropertyOp25
 70
     1
102
RTVSPropertyOp26
 70
     1
102
RTVSPropertyOp27
 70
     1
102
RTVSPropertyOp28
 70
     1
102
RTVSPropertyOp29
 70
     1
102
RTVSPropertyOp30
 70
     1
102
RTVSPropertyOp31
 70
     1
102
RTVSPropertyOp32
 70
     1
102
RTVSPropertyOp33
 70
     1
102
RTVSPropertyOp34
 70
     1
102
RTVSPropertyOp35
 70
     1
102
RTVSPropertyOp36
 70
     1
102
RTVSPropertyOp37
 70
     1
102
RTVSPropertyOp38
 70
     1
102
RTVSPropertyOp39
 70
     1
102
RTVSPropertyOp40
 70
     1
102
RTVSPropertyOp41
 70
     1
102
RTVSPropertyOp42
 70
     1
102
RTVSPropertyOp43
 70
     1
102
RTVSPropertyOp44
 70
     1
102
RTVSPropertyOp45
 70
     1
102
RTVSPropertyOp46
 70
     1
102
RTVSPropertyOp47
 70
     1
102
RTVSPropertyOp48
 70
     1
102
RTVSPropertyOp49
 70
     1
102
RTVSPropertyOp50
 70
     1
102
RTVSPropertyOp51
 70
     0
102
RTVSPropertyOp52
 70
     0
102
RTVSPropertyOp53
 70
     1
102
RTVSPropertyOp54
 70
     1
102
RTVSPropertyOp55
 70
     1
102
RTVSPropertyOp56
 70
     1
102
RTVSPropertyOp57
 70
     1
102
RTVSPost2010Prop28
280
     0
102
RTVSPost2010PropOp28
 70
     1
102
RTVSPost2010Prop29
280
     1
102
RTVSPost2010PropOp29
 70
     1
102
RTVSPost2010Prop30
280
     1
102
RTVSPost2010PropOp30
 70
     1
102
RTVSPost2010Prop31
280
     0
102
RTVSPost2010PropOp31
 70
     1
102
RTVSPost2010Prop32
280
     0
102
RTVSPost2010PropOp32
 70
     1
102
RTVSPost2010Prop33
280
     0
102
RTVSPost2010PropOp33
 70
     1
102
RTVSPost2010Prop34
280
     0
102
RTVSPost2010PropOp34
 70
     1
102
RTVSPost2010Prop35
280
     0
102
RTVSPost2010PropOp35
 70
     1
102
RTVSPost2010Prop36
280
     0
102
RTVSPost2010PropOp36
 70
     1
102
RTVSPost2010Prop37
 90
       50
102
RTVSPost2010PropOp37
 70
     1
102
RTVSPost2010Prop38
140
0.0
102
RTVSPost2010PropOp38
 70
     1
102
RTVSPost2010Prop39
140
1.0
102
RTVSPost2010PropOp39
 70
     1
102
RTVSPost2010Prop40
 90
        0
102
RTVSPost2010PropOp40
 70
     1
102
RTVSPost2010Prop41ColorIndex
 90
       18
102
RTVSPost2010Prop41ColorRGB
 90
        0
102
RTVSPost2010PropOp41
 70
     1
102
RTVSPost2010Prop42
 90
       50
102
RTVSPost2010PropOp42
 70
     1
102
RTVSPost2010Prop43
 90
        3
102
RTVSPost2010PropOp43
 70
     1
102
RTVSPost2010Prop44ColorIndex
 90
        5
102
RTVSPost2010Prop44ColorRGB
 90
      255
102
RTVSPost2010PropOp44
 70
     1
102
RTVSPost2010Prop45
280
     0
102
RTVSPost2010PropOp45
 70
     1
102
RTVSPost2010Prop46
 90
       50
102
RTVSPost2010PropOp46
 70
     1
102
RTVSPost2010Prop47
 90
       50
102
RTVSPost2010PropOp47
 70
     1
102
RTVSPost2010Prop48
 90
       50
102
RTVSPost2010PropOp48
 70
     1
102
RTVSPost2010Prop49
280
     0
102
RTVSPost2010PropOp49
 70
     1
102
RTVSPost2010Prop50
 90
       50
102
RTVSPost2010PropOp50
 70
     1
102
RTVSPost2010Prop51ColorIndex
 90
      256
102
RTVSPost2010Prop51ColorRGB
 90
-16777216
102
RTVSPost2010PropOp51
 70
     0
102
RTVSPost2010Prop52
140
1.0
102
RTVSPost2010PropOp52
 70
     0
102
RTVSPost2010Prop53
 90
        2
102
RTVSPost2010PropOp53
 70
     1
102
RTVSPost2010Prop54
  1
strokes_ogs.tif
102
RTVSPost2010PropOp54
 70
     1
102
RTVSPost2010Prop55
280
     0
102
RTVSPost2010PropOp55
 70
     1
102
RTVSPost2010Prop56
140
1.0
102
RTVSPost2010PropOp56
 70
     1
102
RTVSPost2010Prop57
140
1.0
102
RTVSPost2010PropOp57
 70
     1
  0
XRECORD
  5
145
102
{ACAD_REACTORS
330
144
102
}
330
144
100
AcDbXrecord
280
     1
102
RTVSPropertyOp0
 70
     1
102
RTVSPropertyOp1
 70
     1
102
RTVSPropertyOp2
 70
     1
102
RTVSPropertyOp3
 70
     1
102
RTVSPropertyOp4
 70
     1
102
RTVSPropertyOp5
 70
     1
102
RTVSPropertyOp6
 70
     1
102
RTVSPropertyOp7
 70
     1
102
RTVSPropertyOp8
 70
     1
102
RTVSPropertyOp9
 70
     1
102
RTVSPropertyOp10
 70
     1
102
RTVSPropertyOp11
 70
     1
102
RTVSPropertyOp12
 70
     1
102
RTVSPropertyOp13
 70
     1
102
RTVSPropertyOp14
 70
     1
102
RTVSPropertyOp15
 70
     1
102
RTVSPropertyOp16
 70
     1
102
RTVSPropertyOp17
 70
     1
102
RTVSPropertyOp18
 70
     1
102
RTVSPropertyOp19
 70
     1
102
RTVSPropertyOp20
 70
     1
102
RTVSPropertyOp21
 70
     1
102
RTVSPropertyOp22
 70
     1
102
RTVSPropertyOp23
 70
     1
102
RTVSPropertyOp24
 70
     1
102
RTVSPropertyOp25
 70
     1
102
RTVSPropertyOp26
 70
     1
102
RTVSPropertyOp27
 70
     1
102
RTVSPropertyOp28
 70
     1
102
RTVSPropertyOp29
 70
     1
102
RTVSPropertyOp30
 70
     1
102
RTVSPropertyOp31
 70
     1
102
RTVSPropertyOp32
 70
     1
102
RTVSPropertyOp33
 70
     1
102
RTVSPropertyOp34
 70
     1
102
RTVSPropertyOp35
 70
     1
102
RTVSPropertyOp36
 70
     1
102
RTVSPropertyOp37
 70
     1
102
RTVSPropertyOp38
 70
     1
102
RTVSPropertyOp39
 70
     1
102
RTVSPropertyOp40
 70
     1
102
RTVSPropertyOp41
 70
     1
102
RTVSPropertyOp42
 70
     1
102
RTVSPropertyOp43
 70
     1
102
RTVSPropertyOp44
 70
     1
102
RTVSPropertyOp45
 70
     1
102
RTVSPropertyOp46
 70
     1
102
RTVSPropertyOp47
 70
     1
102
RTVSPropertyOp48
 70
     1
102
RTVSPropertyOp49
 70
     1
102
RTVSPropertyOp50
 70
     1
102
RTVSPropertyOp51
 70
     0
102
RTVSPropertyOp52
 70
     0
102
RTVSPropertyOp53
 70
     1
102
RTVSPropertyOp54
 70
     1
102
RTVSPropertyOp55
 70
     1
102
RTVSPropertyOp56
 70
     1
102
RTVSPropertyOp57
 70
     1
102
RTVSPost2010Prop28
280
     0
102
RTVSPost2010PropOp28
 70
     1
102
RTVSPost2010Prop29
280
     1
102
RTVSPost2010PropOp29
 70
     1
102
RTVSPost2010Prop30
280
     1
102
RTVSPost2010PropOp30
 70
     1
102
RTVSPost2010Prop31
280
     0
102
RTVSPost2010PropOp31
 70
     1
102
RTVSPost2010Prop32
280
     0
102
RTVSPost2010PropOp32
 70
     1
102
RTVSPost2010Prop33
280
     0
102
RTVSPost2010PropOp33
 70
     1
102
RTVSPost2010Prop34
280
     0
102
RTVSPost2010PropOp34
 70
     1
102
RTVSPost2010Prop35
280
     0
102
RTVSPost2010PropOp35
 70
     1
102
RTVSPost2010Prop36
280
     0
102
RTVSPost2010PropOp36
 70
     1
102
RTVSPost2010Prop37
 90
       50
102
RTVSPost2010PropOp37
 70
     1
102
RTVSPost2010Prop38
140
0.0
102
RTVSPost2010PropOp38
 70
     1
102
RTVSPost2010Prop39
140
1.0
102
RTVSPost2010PropOp39
 70
     1
102
RTVSPost2010Prop40
 90
        0
102
RTVSPost2010PropOp40
 70
     1
102
RTVSPost2010Prop41ColorIndex
 90
       18
102
RTVSPost2010Prop41ColorRGB
 90
        0
102
RTVSPost2010PropOp41
 70
     1
102
RTVSPost2010Prop42
 90
       50
102
RTVSPost2010PropOp42
 70
     1
102
RTVSPost2010Prop43
 90
        3
102
RTVSPost2010PropOp43
 70
     1
102
RTVSPost2010Prop44ColorIndex
 90
        5
102
RTVSPost2010Prop44ColorRGB
 90
      255
102
RTVSPost2010PropOp44
 70
     1
102
RTVSPost2010Prop45
280
     0
102
RTVSPost2010PropOp45
 70
     1
102
RTVSPost2010Prop46
 90
       50
102
RTVSPost2010PropOp46
 70
     1
102
RTVSPost2010Prop47
 90
       50
102
RTVSPost2010PropOp47
 70
     1
102
RTVSPost2010Prop48
 90
       50
102
RTVSPost2010PropOp48
 70
     1
102
RTVSPost2010Prop49
280
     0
102
RTVSPost2010PropOp49
 70
     1
102
RTVSPost2010Prop50
 90
       50
102
RTVSPost2010PropOp50
 70
     1
102
RTVSPost2010Prop51ColorIndex
 90
      256
102
RTVSPost2010Prop51ColorRGB
 90
-16777216
102
RTVSPost2010PropOp51
 70
     0
102
RTVSPost2010Prop52
140
1.0
102
RTVSPost2010PropOp52
 70
     0
102
RTVSPost2010Prop53
 90
        2
102
RTVSPost2010PropOp53
 70
     1
102
RTVSPost2010Prop54
  1
strokes_ogs.tif
102
RTVSPost2010PropOp54
 70
     1
102
RTVSPost2010Prop55
280
     0
102
RTVSPost2010PropOp55
 70
     1
102
RTVSPost2010Prop56
140
1.0
102
RTVSPost2010PropOp56
 70
     1
102
RTVSPost2010Prop57
140
1.0
102
RTVSPost2010PropOp57
 70
     1
  0
XRECORD
  5
147
102
{ACAD_REACTORS
330
146
102
}
330
146
100
AcDbXrecord
280
     1
102
RTVSPropertyOp0
 70
     1
102
RTVSPropertyOp1
 70
     1
102
RTVSPropertyOp2
 70
     1
102
RTVSPropertyOp3
 70
     1
102
RTVSPropertyOp4
 70
     1
102
RTVSPropertyOp5
 70
     1
102
RTVSPropertyOp6
 70
     1
102
RTVSPropertyOp7
 70
     1
102
RTVSPropertyOp8
 70
     1
102
RTVSPropertyOp9
 70
     1
102
RTVSPropertyOp10
 70
     1
102
RTVSPropertyOp11
 70
     1
102
RTVSPropertyOp12
 70
     1
102
RTVSPropertyOp13
 70
     1
102
RTVSPropertyOp14
 70
     1
102
RTVSPropertyOp15
 70
     1
102
RTVSPropertyOp16
 70
     1
102
RTVSPropertyOp17
 70
     1
102
RTVSPropertyOp18
 70
     1
102
RTVSPropertyOp19
 70
     1
102
RTVSPropertyOp20
 70
     1
102
RTVSPropertyOp21
 70
     1
102
RTVSPropertyOp22
 70
     1
102
RTVSPropertyOp23
 70
     1
102
RTVSPropertyOp24
 70
     1
102
RTVSPropertyOp25
 70
     1
102
RTVSPropertyOp26
 70
     1
102
RTVSPropertyOp27
 70
     1
102
RTVSPropertyOp28
 70
     1
102
RTVSPropertyOp29
 70
     1
102
RTVSPropertyOp30
 70
     1
102
RTVSPropertyOp31
 70
     1
102
RTVSPropertyOp32
 70
     1
102
RTVSPropertyOp33
 70
     1
102
RTVSPropertyOp34
 70
     1
102
RTVSPropertyOp35
 70
     1
102
RTVSPropertyOp36
 70
     1
102
RTVSPropertyOp37
 70
     1
102
RTVSPropertyOp38
 70
     1
102
RTVSPropertyOp39
 70
     1
102
RTVSPropertyOp40
 70
     1
102
RTVSPropertyOp41
 70
     1
102
RTVSPropertyOp42
 70
     1
102
RTVSPropertyOp43
 70
     1
102
RTVSPropertyOp44
 70
     1
102
RTVSPropertyOp45
 70
     1
102
RTVSPropertyOp46
 70
     1
102
RTVSPropertyOp47
 70
     1
102
RTVSPropertyOp48
 70
     1
102
RTVSPropertyOp49
 70
     1
102
RTVSPropertyOp50
 70
     1
102
RTVSPropertyOp51
 70
     0
102
RTVSPropertyOp52
 70
     0
102
RTVSPropertyOp53
 70
     1
102
RTVSPropertyOp54
 70
     1
102
RTVSPropertyOp55
 70
     1
102
RTVSPropertyOp56
 70
     1
102
RTVSPropertyOp57
 70
     1
102
RTVSPost2010Prop28
280
     0
102
RTVSPost2010PropOp28
 70
     1
102
RTVSPost2010Prop29
280
     1
102
RTVSPost2010PropOp29
 70
     1
102
RTVSPost2010Prop30
280
     1
102
RTVSPost2010PropOp30
 70
     1
102
RTVSPost2010Prop31
280
     0
102
RTVSPost2010PropOp31
 70
     1
102
RTVSPost2010Prop32
280
     0
102
RTVSPost2010PropOp32
 70
     1
102
RTVSPost2010Prop33
280
     0
102
RTVSPost2010PropOp33
 70
     1
102
RTVSPost2010Prop34
280
     0
102
RTVSPost2010PropOp34
 70
     1
102
RTVSPost2010Prop35
280
     0
102
RTVSPost2010PropOp35
 70
     1
102
RTVSPost2010Prop36
280
     0
102
RTVSPost2010PropOp36
 70
     1
102
RTVSPost2010Prop37
 90
       50
102
RTVSPost2010PropOp37
 70
     1
102
RTVSPost2010Prop38
140
0.0
102
RTVSPost2010PropOp38
 70
     1
102
RTVSPost2010Prop39
140
1.0
102
RTVSPost2010PropOp39
 70
     1
102
RTVSPost2010Prop40
 90
        0
102
RTVSPost2010PropOp40
 70
     1
102
RTVSPost2010Prop41ColorIndex
 90
       18
102
RTVSPost2010Prop41ColorRGB
 90
        0
102
RTVSPost2010PropOp41
 70
     1
102
RTVSPost2010Prop42
 90
       50
102
RTVSPost2010PropOp42
 70
     1
102
RTVSPost2010Prop43
 90
        3
102
RTVSPost2010PropOp43
 70
     1
102
RTVSPost2010Prop44ColorIndex
 90
        5
102
RTVSPost2010Prop44ColorRGB
 90
      255
102
RTVSPost2010PropOp44
 70
     1
102
RTVSPost2010Prop45
280
     0
102
RTVSPost2010PropOp45
 70
     1
102
RTVSPost2010Prop46
 90
       50
102
RTVSPost2010PropOp46
 70
     1
102
RTVSPost2010Prop47
 90
       50
102
RTVSPost2010PropOp47
 70
     1
102
RTVSPost2010Prop48
 90
       50
102
RTVSPost2010PropOp48
 70
     1
102
RTVSPost2010Prop49
280
     0
102
RTVSPost2010PropOp49
 70
     1
102
RTVSPost2010Prop50
 90
       50
102
RTVSPost2010PropOp50
 70
     1
102
RTVSPost2010Prop51ColorIndex
 90
      256
102
RTVSPost2010Prop51ColorRGB
 90
-16777216
102
RTVSPost2010PropOp51
 70
     0
102
RTVSPost2010Prop52
140
1.0
102
RTVSPost2010PropOp52
 70
     0
102
RTVSPost2010Prop53
 90
        2
102
RTVSPost2010PropOp53
 70
     1
102
RTVSPost2010Prop54
  1
strokes_ogs.tif
102
RTVSPost2010PropOp54
 70
     1
102
RTVSPost2010Prop55
280
     0
102
RTVSPost2010PropOp55
 70
     1
102
RTVSPost2010Prop56
140
1.0
102
RTVSPost2010PropOp56
 70
     1
102
RTVSPost2010Prop57
140
1.0
102
RTVSPost2010PropOp57
 70
     1
  0
XRECORD
  5
157
102
{ACAD_REACTORS
330
156
102
}
330
156
100
AcDbXrecord
280
     1
102
RTVSPropertyOp0
 70
     0
102
RTVSPropertyOp1
 70
     0
102
RTVSPropertyOp2
 70
     0
102
RTVSPropertyOp3
 70
     0
102
RTVSPropertyOp4
 70
     0
102
RTVSPropertyOp5
 70
     0
102
RTVSPropertyOp6
 70
     0
102
RTVSPropertyOp7
 70
     0
102
RTVSPropertyOp8
 70
     0
102
RTVSPropertyOp9
 70
     0
102
RTVSPropertyOp10
 70
     0
102
RTVSPropertyOp11
 70
     0
102
RTVSPropertyOp12
 70
     0
102
RTVSPropertyOp13
 70
     0
102
RTVSPropertyOp14
 70
     2
102
RTVSPropertyOp15
 70
     0
102
RTVSPropertyOp16
 70
     0
102
RTVSPropertyOp17
 70
     0
102
RTVSPropertyOp18
 70
     0
102
RTVSPropertyOp19
 70
     0
102
RTVSPropertyOp20
 70
     0
102
RTVSPropertyOp21
 70
     0
102
RTVSPropertyOp22
 70
     0
102
RTVSPropertyOp23
 70
     0
102
RTVSPropertyOp24
 70
     0
102
RTVSPropertyOp25
 70
     0
102
RTVSPropertyOp26
 70
     0
102
RTVSPropertyOp27
 70
     0
102
RTVSPropertyOp28
 70
     0
102
RTVSPropertyOp29
 70
     0
102
RTVSPropertyOp30
 70
     0
102
RTVSPropertyOp31
 70
     0
102
RTVSPropertyOp32
 70
     0
102
RTVSPropertyOp33
 70
     0
102
RTVSPropertyOp34
 70
     0
102
RTVSPropertyOp35
 70
     0
102
RTVSPropertyOp36
 70
     0
102
RTVSPropertyOp37
 70
     0
102
RTVSPropertyOp38
 70
     0
102
RTVSPropertyOp39
 70
     0
102
RTVSPropertyOp40
 70
     0
102
RTVSPropertyOp41
 70
     0
102
RTVSPropertyOp42
 70
     0
102
RTVSPropertyOp43
 70
     0
102
RTVSPropertyOp44
 70
     0
102
RTVSPropertyOp45
 70
     0
102
RTVSPropertyOp46
 70
     0
102
RTVSPropertyOp47
 70
     0
102
RTVSPropertyOp48
 70
     0
102
RTVSPropertyOp49
 70
     0
102
RTVSPropertyOp50
 70
     0
102
RTVSPropertyOp51
 70
     0
102
RTVSPropertyOp52
 70
     0
102
RTVSPropertyOp53
 70
     0
102
RTVSPropertyOp54
 70
     0
102
RTVSPropertyOp55
 70
     0
102
RTVSPropertyOp56
 70
     0
102
RTVSPropertyOp57
 70
     0
102
RTVSPost2010Prop28
280
     0
102
RTVSPost2010PropOp28
 70
     0
102
RTVSPost2010Prop29
280
     1
102
RTVSPost2010PropOp29
 70
     0
102
RTVSPost2010Prop30
280
     1
102
RTVSPost2010PropOp30
 70
     0
102
RTVSPost2010Prop31
280
     0
102
RTVSPost2010PropOp31
 70
     0
102
RTVSPost2010Prop32
280
     0
102
RTVSPost2010PropOp32
 70
     0
102
RTVSPost2010Prop33
280
     0
102
RTVSPost2010PropOp33
 70
     0
102
RTVSPost2010Prop34
280
     0
102
RTVSPost2010PropOp34
 70
     0
102
RTVSPost2010Prop35
280
     0
102
RTVSPost2010PropOp35
 70
     0
102
RTVSPost2010Prop36
280
     0
102
RTVSPost2010PropOp36
 70
     0
102
RTVSPost2010Prop37
 90
       50
102
RTVSPost2010PropOp37
 70
     0
102
RTVSPost2010Prop38
140
0.0
102
RTVSPost2010PropOp38
 70
     0
102
RTVSPost2010Prop39
140
1.0
102
RTVSPost2010PropOp39
 70
     0
102
RTVSPost2010Prop40
 90
        0
102
RTVSPost2010PropOp40
 70
     0
102
RTVSPost2010Prop41ColorIndex
 90
       18
102
RTVSPost2010Prop41ColorRGB
 90
        0
102
RTVSPost2010PropOp41
 70
     0
102
RTVSPost2010Prop42
 90
       50
102
RTVSPost2010PropOp42
 70
     0
102
RTVSPost2010Prop43
 90
        3
102
RTVSPost2010PropOp43
 70
     0
102
RTVSPost2010Prop44ColorIndex
 90
        5
102
RTVSPost2010Prop44ColorRGB
 90
      255
102
RTVSPost2010PropOp44
 70
     0
102
RTVSPost2010Prop45
280
     0
102
RTVSPost2010PropOp45
 70
     0
102
RTVSPost2010Prop46
 90
       50
102
RTVSPost2010PropOp46
 70
     0
102
RTVSPost2010Prop47
 90
       50
102
RTVSPost2010PropOp47
 70
     0
102
RTVSPost2010Prop48
 90
       50
102
RTVSPost2010PropOp48
 70
     0
102
RTVSPost2010Prop49
280
     0
102
RTVSPost2010PropOp49
 70
     0
102
RTVSPost2010Prop50
 90
       50
102
RTVSPost2010PropOp50
 70
     0
102
RTVSPost2010Prop51ColorIndex
 90
      256
102
RTVSPost2010Prop51ColorRGB
 90
-16777216
102
RTVSPost2010PropOp51
 70
     0
102
RTVSPost2010Prop52
140
1.0
102
RTVSPost2010PropOp52
 70
     0
102
RTVSPost2010Prop53
 90
        2
102
RTVSPost2010PropOp53
 70
     0
102
RTVSPost2010Prop54
  1
strokes_ogs.tif
102
RTVSPost2010PropOp54
 70
     0
102
RTVSPost2010Prop55
280
     0
102
RTVSPost2010PropOp55
 70
     0
102
RTVSPost2010Prop56
140
1.0
102
RTVSPost2010PropOp56
 70
     0
102
RTVSPost2010Prop57
140
1.0
102
RTVSPost2010PropOp57
 70
     0
  0
XRECORD
  5
14F
102
{ACAD_REACTORS
330
14E
102
}
330
14E
100
AcDbXrecord
280
     1
102
RTVSPropertyOp0
 70
     1
102
RTVSPropertyOp1
 70
     1
102
RTVSPropertyOp2
 70
     1
102
RTVSPropertyOp3
 70
     1
102
RTVSPropertyOp4
 70
     1
102
RTVSPropertyOp5
 70
     1
102
RTVSPropertyOp6
 70
     1
102
RTVSPropertyOp7
 70
     1
102
RTVSPropertyOp8
 70
     1
102
RTVSPropertyOp9
 70
     1
102
RTVSPropertyOp10
 70
     1
102
RTVSPropertyOp11
 70
     1
102
RTVSPropertyOp12
 70
     1
102
RTVSPropertyOp13
 70
     1
102
RTVSPropertyOp14
 70
     1
102
RTVSPropertyOp15
 70
     1
102
RTVSPropertyOp16
 70
     1
102
RTVSPropertyOp17
 70
     1
102
RTVSPropertyOp18
 70
     1
102
RTVSPropertyOp19
 70
     1
102
RTVSPropertyOp20
 70
     1
102
RTVSPropertyOp21
 70
     1
102
RTVSPropertyOp22
 70
     1
102
RTVSPropertyOp23
 70
     1
102
RTVSPropertyOp24
 70
     1
102
RTVSPropertyOp25
 70
     1
102
RTVSPropertyOp26
 70
     1
102
RTVSPropertyOp27
 70
     1
102
RTVSPropertyOp28
 70
     1
102
RTVSPropertyOp29
 70
     1
102
RTVSPropertyOp30
 70
     1
102
RTVSPropertyOp31
 70
     1
102
RTVSPropertyOp32
 70
     1
102
RTVSPropertyOp33
 70
     1
102
RTVSPropertyOp34
 70
     1
102
RTVSPropertyOp35
 70
     1
102
RTVSPropertyOp36
 70
     1
102
RTVSPropertyOp37
 70
     1
102
RTVSPropertyOp38
 70
     1
102
RTVSPropertyOp39
 70
     1
102
RTVSPropertyOp40
 70
     1
102
RTVSPropertyOp41
 70
     1
102
RTVSPropertyOp42
 70
     1
102
RTVSPropertyOp43
 70
     1
102
RTVSPropertyOp44
 70
     1
102
RTVSPropertyOp45
 70
     1
102
RTVSPropertyOp46
 70
     1
102
RTVSPropertyOp47
 70
     1
102
RTVSPropertyOp48
 70
     1
102
RTVSPropertyOp49
 70
     1
102
RTVSPropertyOp50
 70
     1
102
RTVSPropertyOp51
 70
     0
102
RTVSPropertyOp52
 70
     0
102
RTVSPropertyOp53
 70
     1
102
RTVSPropertyOp54
 70
     1
102
RTVSPropertyOp55
 70
     1
102
RTVSPropertyOp56
 70
     1
102
RTVSPropertyOp57
 70
     1
102
RTVSPost2010Prop28
280
     0
102
RTVSPost2010PropOp28
 70
     1
102
RTVSPost2010Prop29
280
     1
102
RTVSPost2010PropOp29
 70
     1
102
RTVSPost2010Prop30
280
     1
102
RTVSPost2010PropOp30
 70
     1
102
RTVSPost2010Prop31
280
     0
102
RTVSPost2010PropOp31
 70
     1
102
RTVSPost2010Prop32
280
     0
102
RTVSPost2010PropOp32
 70
     1
102
RTVSPost2010Prop33
280
     0
102
RTVSPost2010PropOp33
 70
     1
102
RTVSPost2010Prop34
280
     0
102
RTVSPost2010PropOp34
 70
     1
102
RTVSPost2010Prop35
280
     0
102
RTVSPost2010PropOp35
 70
     1
102
RTVSPost2010Prop36
280
     0
102
RTVSPost2010PropOp36
 70
     1
102
RTVSPost2010Prop37
 90
       50
102
RTVSPost2010PropOp37
 70
     1
102
RTVSPost2010Prop38
140
0.0
102
RTVSPost2010PropOp38
 70
     1
102
RTVSPost2010Prop39
140
1.0
102
RTVSPost2010PropOp39
 70
     1
102
RTVSPost2010Prop40
 90
        0
102
RTVSPost2010PropOp40
 70
     1
102
RTVSPost2010Prop41ColorIndex
 90
       18
102
RTVSPost2010Prop41ColorRGB
 90
        0
102
RTVSPost2010PropOp41
 70
     1
102
RTVSPost2010Prop42
 90
       50
102
RTVSPost2010PropOp42
 70
     1
102
RTVSPost2010Prop43
 90
        3
102
RTVSPost2010PropOp43
 70
     1
102
RTVSPost2010Prop44ColorIndex
 90
        5
102
RTVSPost2010Prop44ColorRGB
 90
      255
102
RTVSPost2010PropOp44
 70
     1
102
RTVSPost2010Prop45
280
     0
102
RTVSPost2010PropOp45
 70
     1
102
RTVSPost2010Prop46
 90
       50
102
RTVSPost2010PropOp46
 70
     1
102
RTVSPost2010Prop47
 90
       50
102
RTVSPost2010PropOp47
 70
     1
102
RTVSPost2010Prop48
 90
       50
102
RTVSPost2010PropOp48
 70
     1
102
RTVSPost2010Prop49
280
     0
102
RTVSPost2010PropOp49
 70
     1
102
RTVSPost2010Prop50
 90
       50
102
RTVSPost2010PropOp50
 70
     1
102
RTVSPost2010Prop51ColorIndex
 90
      256
102
RTVSPost2010Prop51ColorRGB
 90
-16777216
102
RTVSPost2010PropOp51
 70
     0
102
RTVSPost2010Prop52
140
1.0
102
RTVSPost2010PropOp52
 70
     0
102
RTVSPost2010Prop53
 90
        2
102
RTVSPost2010PropOp53
 70
     1
102
RTVSPost2010Prop54
  1
strokes_ogs.tif
102
RTVSPost2010PropOp54
 70
     1
102
RTVSPost2010Prop55
280
     0
102
RTVSPost2010PropOp55
 70
     1
102
RTVSPost2010Prop56
140
1.0
102
RTVSPost2010PropOp56
 70
     1
102
RTVSPost2010Prop57
140
1.0
102
RTVSPost2010PropOp57
 70
     1
  0
XRECORD
  5
133
102
{ACAD_REACTORS
330
132
102
}
330
132
100
AcDbXrecord
280
     1
102
RTVSPropertyOp0
 70
     1
102
RTVSPropertyOp1
 70
     1
102
RTVSPropertyOp2
 70
     1
102
RTVSPropertyOp3
 70
     1
102
RTVSPropertyOp4
 70
     1
102
RTVSPropertyOp5
 70
     1
102
RTVSPropertyOp6
 70
     1
102
RTVSPropertyOp7
 70
     1
102
RTVSPropertyOp8
 70
     1
102
RTVSPropertyOp9
 70
     1
102
RTVSPropertyOp10
 70
     1
102
RTVSPropertyOp11
 70
     1
102
RTVSPropertyOp12
 70
     1
102
RTVSPropertyOp13
 70
     1
102
RTVSPropertyOp14
 70
     1
102
RTVSPropertyOp15
 70
     1
102
RTVSPropertyOp16
 70
     1
102
RTVSPropertyOp17
 70
     1
102
RTVSPropertyOp18
 70
     1
102
RTVSPropertyOp19
 70
     1
102
RTVSPropertyOp20
 70
     1
102
RTVSPropertyOp21
 70
     1
102
RTVSPropertyOp22
 70
     1
102
RTVSPropertyOp23
 70
     1
102
RTVSPropertyOp24
 70
     1
102
RTVSPropertyOp25
 70
     1
102
RTVSPropertyOp26
 70
     1
102
RTVSPropertyOp27
 70
     1
102
RTVSPropertyOp28
 70
     1
102
RTVSPropertyOp29
 70
     1
102
RTVSPropertyOp30
 70
     1
102
RTVSPropertyOp31
 70
     1
102
RTVSPropertyOp32
 70
     1
102
RTVSPropertyOp33
 70
     1
102
RTVSPropertyOp34
 70
     1
102
RTVSPropertyOp35
 70
     1
102
RTVSPropertyOp36
 70
     1
102
RTVSPropertyOp37
 70
     1
102
RTVSPropertyOp38
 70
     1
102
RTVSPropertyOp39
 70
     1
102
RTVSPropertyOp40
 70
     1
102
RTVSPropertyOp41
 70
     1
102
RTVSPropertyOp42
 70
     1
102
RTVSPropertyOp43
 70
     1
102
RTVSPropertyOp44
 70
     1
102
RTVSPropertyOp45
 70
     1
102
RTVSPropertyOp46
 70
     1
102
RTVSPropertyOp47
 70
     1
102
RTVSPropertyOp48
 70
     1
102
RTVSPropertyOp49
 70
     1
102
RTVSPropertyOp50
 70
     1
102
RTVSPropertyOp51
 70
     0
102
RTVSPropertyOp52
 70
     0
102
RTVSPropertyOp53
 70
     1
102
RTVSPropertyOp54
 70
     1
102
RTVSPropertyOp55
 70
     1
102
RTVSPropertyOp56
 70
     1
102
RTVSPropertyOp57
 70
     1
102
RTVSPost2010Prop28
280
     0
102
RTVSPost2010PropOp28
 70
     1
102
RTVSPost2010Prop29
280
     1
102
RTVSPost2010PropOp29
 70
     1
102
RTVSPost2010Prop30
280
     1
102
RTVSPost2010PropOp30
 70
     1
102
RTVSPost2010Prop31
280
     0
102
RTVSPost2010PropOp31
 70
     1
102
RTVSPost2010Prop32
280
     0
102
RTVSPost2010PropOp32
 70
     1
102
RTVSPost2010Prop33
280
     0
102
RTVSPost2010PropOp33
 70
     1
102
RTVSPost2010Prop34
280
     0
102
RTVSPost2010PropOp34
 70
     1
102
RTVSPost2010Prop35
280
     0
102
RTVSPost2010PropOp35
 70
     1
102
RTVSPost2010Prop36
280
     0
102
RTVSPost2010PropOp36
 70
     1
102
RTVSPost2010Prop37
 90
       50
102
RTVSPost2010PropOp37
 70
     1
102
RTVSPost2010Prop38
140
0.0
102
RTVSPost2010PropOp38
 70
     1
102
RTVSPost2010Prop39
140
1.0
102
RTVSPost2010PropOp39
 70
     1
102
RTVSPost2010Prop40
 90
        0
102
RTVSPost2010PropOp40
 70
     1
102
RTVSPost2010Prop41ColorIndex
 90
       18
102
RTVSPost2010Prop41ColorRGB
 90
        0
102
RTVSPost2010PropOp41
 70
     1
102
RTVSPost2010Prop42
 90
       50
102
RTVSPost2010PropOp42
 70
     1
102
RTVSPost2010Prop43
 90
        3
102
RTVSPost2010PropOp43
 70
     1
102
RTVSPost2010Prop44ColorIndex
 90
        5
102
RTVSPost2010Prop44ColorRGB
 90
      255
102
RTVSPost2010PropOp44
 70
     1
102
RTVSPost2010Prop45
280
     0
102
RTVSPost2010PropOp45
 70
     1
102
RTVSPost2010Prop46
 90
       50
102
RTVSPost2010PropOp46
 70
     1
102
RTVSPost2010Prop47
 90
       50
102
RTVSPost2010PropOp47
 70
     1
102
RTVSPost2010Prop48
 90
       50
102
RTVSPost2010PropOp48
 70
     1
102
RTVSPost2010Prop49
280
     0
102
RTVSPost2010PropOp49
 70
     1
102
RTVSPost2010Prop50
 90
       50
102
RTVSPost2010PropOp50
 70
     1
102
RTVSPost2010Prop51ColorIndex
 90
      256
102
RTVSPost2010Prop51ColorRGB
 90
-16777216
102
RTVSPost2010PropOp51
 70
     0
102
RTVSPost2010Prop52
140
1.0
102
RTVSPost2010PropOp52
 70
     0
102
RTVSPost2010Prop53
 90
        2
102
RTVSPost2010PropOp53
 70
     1
102
RTVSPost2010Prop54
  1
strokes_ogs.tif
102
RTVSPost2010PropOp54
 70
     1
102
RTVSPost2010Prop55
280
     0
102
RTVSPost2010PropOp55
 70
     1
102
RTVSPost2010Prop56
140
1.0
102
RTVSPost2010PropOp56
 70
     1
102
RTVSPost2010Prop57
140
1.0
102
RTVSPost2010PropOp57
 70
     1
  0
XRECORD
  5
135
102
{ACAD_REACTORS
330
134
102
}
330
134
100
AcDbXrecord
280
     1
102
RTVSPropertyOp0
 70
     1
102
RTVSPropertyOp1
 70
     1
102
RTVSPropertyOp2
 70
     1
102
RTVSPropertyOp3
 70
     1
102
RTVSPropertyOp4
 70
     1
102
RTVSPropertyOp5
 70
     1
102
RTVSPropertyOp6
 70
     1
102
RTVSPropertyOp7
 70
     1
102
RTVSPropertyOp8
 70
     1
102
RTVSPropertyOp9
 70
     1
102
RTVSPropertyOp10
 70
     1
102
RTVSPropertyOp11
 70
     1
102
RTVSPropertyOp12
 70
     1
102
RTVSPropertyOp13
 70
     1
102
RTVSPropertyOp14
 70
     1
102
RTVSPropertyOp15
 70
     1
102
RTVSPropertyOp16
 70
     1
102
RTVSPropertyOp17
 70
     1
102
RTVSPropertyOp18
 70
     1
102
RTVSPropertyOp19
 70
     1
102
RTVSPropertyOp20
 70
     1
102
RTVSPropertyOp21
 70
     1
102
RTVSPropertyOp22
 70
     1
102
RTVSPropertyOp23
 70
     1
102
RTVSPropertyOp24
 70
     1
102
RTVSPropertyOp25
 70
     1
102
RTVSPropertyOp26
 70
     1
102
RTVSPropertyOp27
 70
     1
102
RTVSPropertyOp28
 70
     1
102
RTVSPropertyOp29
 70
     1
102
RTVSPropertyOp30
 70
     1
102
RTVSPropertyOp31
 70
     1
102
RTVSPropertyOp32
 70
     1
102
RTVSPropertyOp33
 70
     1
102
RTVSPropertyOp34
 70
     1
102
RTVSPropertyOp35
 70
     1
102
RTVSPropertyOp36
 70
     1
102
RTVSPropertyOp37
 70
     1
102
RTVSPropertyOp38
 70
     1
102
RTVSPropertyOp39
 70
     1
102
RTVSPropertyOp40
 70
     1
102
RTVSPropertyOp41
 70
     1
102
RTVSPropertyOp42
 70
     1
102
RTVSPropertyOp43
 70
     1
102
RTVSPropertyOp44
 70
     1
102
RTVSPropertyOp45
 70
     1
102
RTVSPropertyOp46
 70
     1
102
RTVSPropertyOp47
 70
     1
102
RTVSPropertyOp48
 70
     1
102
RTVSPropertyOp49
 70
     1
102
RTVSPropertyOp50
 70
     1
102
RTVSPropertyOp51
 70
     0
102
RTVSPropertyOp52
 70
     0
102
RTVSPropertyOp53
 70
     1
102
RTVSPropertyOp54
 70
     1
102
RTVSPropertyOp55
 70
     1
102
RTVSPropertyOp56
 70
     1
102
RTVSPropertyOp57
 70
     1
102
RTVSPost2010Prop28
280
     0
102
RTVSPost2010PropOp28
 70
     1
102
RTVSPost2010Prop29
280
     1
102
RTVSPost2010PropOp29
 70
     1
102
RTVSPost2010Prop30
280
     1
102
RTVSPost2010PropOp30
 70
     1
102
RTVSPost2010Prop31
280
     0
102
RTVSPost2010PropOp31
 70
     1
102
RTVSPost2010Prop32
280
     0
102
RTVSPost2010PropOp32
 70
     1
102
RTVSPost2010Prop33
280
     0
102
RTVSPost2010PropOp33
 70
     1
102
RTVSPost2010Prop34
280
     0
102
RTVSPost2010PropOp34
 70
     1
102
RTVSPost2010Prop35
280
     0
102
RTVSPost2010PropOp35
 70
     1
102
RTVSPost2010Prop36
280
     0
102
RTVSPost2010PropOp36
 70
     1
102
RTVSPost2010Prop37
 90
       50
102
RTVSPost2010PropOp37
 70
     1
102
RTVSPost2010Prop38
140
0.0
102
RTVSPost2010PropOp38
 70
     1
102
RTVSPost2010Prop39
140
1.0
102
RTVSPost2010PropOp39
 70
     1
102
RTVSPost2010Prop40
 90
        0
102
RTVSPost2010PropOp40
 70
     1
102
RTVSPost2010Prop41ColorIndex
 90
       18
102
RTVSPost2010Prop41ColorRGB
 90
        0
102
RTVSPost2010PropOp41
 70
     1
102
RTVSPost2010Prop42
 90
       50
102
RTVSPost2010PropOp42
 70
     1
102
RTVSPost2010Prop43
 90
        3
102
RTVSPost2010PropOp43
 70
     1
102
RTVSPost2010Prop44ColorIndex
 90
        5
102
RTVSPost2010Prop44ColorRGB
 90
      255
102
RTVSPost2010PropOp44
 70
     1
102
RTVSPost2010Prop45
280
     0
102
RTVSPost2010PropOp45
 70
     1
102
RTVSPost2010Prop46
 90
       50
102
RTVSPost2010PropOp46
 70
     1
102
RTVSPost2010Prop47
 90
       50
102
RTVSPost2010PropOp47
 70
     1
102
RTVSPost2010Prop48
 90
       50
102
RTVSPost2010PropOp48
 70
     1
102
RTVSPost2010Prop49
280
     0
102
RTVSPost2010PropOp49
 70
     1
102
RTVSPost2010Prop50
 90
       50
102
RTVSPost2010PropOp50
 70
     1
102
RTVSPost2010Prop51ColorIndex
 90
      256
102
RTVSPost2010Prop51ColorRGB
 90
-16777216
102
RTVSPost2010PropOp51
 70
     0
102
RTVSPost2010Prop52
140
1.0
102
RTVSPost2010PropOp52
 70
     0
102
RTVSPost2010Prop53
 90
        2
102
RTVSPost2010PropOp53
 70
     1
102
RTVSPost2010Prop54
  1
strokes_ogs.tif
102
RTVSPost2010PropOp54
 70
     1
102
RTVSPost2010Prop55
280
     0
102
RTVSPost2010PropOp55
 70
     1
102
RTVSPost2010Prop56
140
1.0
102
RTVSPost2010PropOp56
 70
     1
102
RTVSPost2010Prop57
140
1.0
102
RTVSPost2010PropOp57
 70
     1
  0
XRECORD
  5
137
102
{ACAD_REACTORS
330
136
102
}
330
136
100
AcDbXrecord
280
     1
102
RTVSPropertyOp0
 70
     1
102
RTVSPropertyOp1
 70
     1
102
RTVSPropertyOp2
 70
     1
102
RTVSPropertyOp3
 70
     1
102
RTVSPropertyOp4
 70
     1
102
RTVSPropertyOp5
 70
     1
102
RTVSPropertyOp6
 70
     1
102
RTVSPropertyOp7
 70
     1
102
RTVSPropertyOp8
 70
     1
102
RTVSPropertyOp9
 70
     1
102
RTVSPropertyOp10
 70
     1
102
RTVSPropertyOp11
 70
     1
102
RTVSPropertyOp12
 70
     1
102
RTVSPropertyOp13
 70
     1
102
RTVSPropertyOp14
 70
     1
102
RTVSPropertyOp15
 70
     1
102
RTVSPropertyOp16
 70
     1
102
RTVSPropertyOp17
 70
     1
102
RTVSPropertyOp18
 70
     1
102
RTVSPropertyOp19
 70
     1
102
RTVSPropertyOp20
 70
     1
102
RTVSPropertyOp21
 70
     1
102
RTVSPropertyOp22
 70
     1
102
RTVSPropertyOp23
 70
     1
102
RTVSPropertyOp24
 70
     1
102
RTVSPropertyOp25
 70
     1
102
RTVSPropertyOp26
 70
     1
102
RTVSPropertyOp27
 70
     1
102
RTVSPropertyOp28
 70
     1
102
RTVSPropertyOp29
 70
     1
102
RTVSPropertyOp30
 70
     1
102
RTVSPropertyOp31
 70
     1
102
RTVSPropertyOp32
 70
     1
102
RTVSPropertyOp33
 70
     1
102
RTVSPropertyOp34
 70
     1
102
RTVSPropertyOp35
 70
     1
102
RTVSPropertyOp36
 70
     1
102
RTVSPropertyOp37
 70
     1
102
RTVSPropertyOp38
 70
     1
102
RTVSPropertyOp39
 70
     1
102
RTVSPropertyOp40
 70
     1
102
RTVSPropertyOp41
 70
     1
102
RTVSPropertyOp42
 70
     1
102
RTVSPropertyOp43
 70
     1
102
RTVSPropertyOp44
 70
     1
102
RTVSPropertyOp45
 70
     1
102
RTVSPropertyOp46
 70
     1
102
RTVSPropertyOp47
 70
     1
102
RTVSPropertyOp48
 70
     1
102
RTVSPropertyOp49
 70
     1
102
RTVSPropertyOp50
 70
     1
102
RTVSPropertyOp51
 70
     0
102
RTVSPropertyOp52
 70
     0
102
RTVSPropertyOp53
 70
     1
102
RTVSPropertyOp54
 70
     1
102
RTVSPropertyOp55
 70
     1
102
RTVSPropertyOp56
 70
     1
102
RTVSPropertyOp57
 70
     1
102
RTVSPost2010Prop28
280
     0
102
RTVSPost2010PropOp28
 70
     1
102
RTVSPost2010Prop29
280
     1
102
RTVSPost2010PropOp29
 70
     1
102
RTVSPost2010Prop30
280
     1
102
RTVSPost2010PropOp30
 70
     1
102
RTVSPost2010Prop31
280
     0
102
RTVSPost2010PropOp31
 70
     1
102
RTVSPost2010Prop32
280
     0
102
RTVSPost2010PropOp32
 70
     1
102
RTVSPost2010Prop33
280
     0
102
RTVSPost2010PropOp33
 70
     1
102
RTVSPost2010Prop34
280
     0
102
RTVSPost2010PropOp34
 70
     1
102
RTVSPost2010Prop35
280
     0
102
RTVSPost2010PropOp35
 70
     1
102
RTVSPost2010Prop36
280
     0
102
RTVSPost2010PropOp36
 70
     1
102
RTVSPost2010Prop37
 90
       50
102
RTVSPost2010PropOp37
 70
     1
102
RTVSPost2010Prop38
140
0.0
102
RTVSPost2010PropOp38
 70
     1
102
RTVSPost2010Prop39
140
1.0
102
RTVSPost2010PropOp39
 70
     1
102
RTVSPost2010Prop40
 90
        0
102
RTVSPost2010PropOp40
 70
     1
102
RTVSPost2010Prop41ColorIndex
 90
       18
102
RTVSPost2010Prop41ColorRGB
 90
        0
102
RTVSPost2010PropOp41
 70
     1
102
RTVSPost2010Prop42
 90
       50
102
RTVSPost2010PropOp42
 70
     1
102
RTVSPost2010Prop43
 90
        3
102
RTVSPost2010PropOp43
 70
     1
102
RTVSPost2010Prop44ColorIndex
 90
        5
102
RTVSPost2010Prop44ColorRGB
 90
      255
102
RTVSPost2010PropOp44
 70
     1
102
RTVSPost2010Prop45
280
     0
102
RTVSPost2010PropOp45
 70
     1
102
RTVSPost2010Prop46
 90
       50
102
RTVSPost2010PropOp46
 70
     1
102
RTVSPost2010Prop47
 90
       50
102
RTVSPost2010PropOp47
 70
     1
102
RTVSPost2010Prop48
 90
       50
102
RTVSPost2010PropOp48
 70
     1
102
RTVSPost2010Prop49
280
     0
102
RTVSPost2010PropOp49
 70
     1
102
RTVSPost2010Prop50
 90
       50
102
RTVSPost2010PropOp50
 70
     1
102
RTVSPost2010Prop51ColorIndex
 90
      256
102
RTVSPost2010Prop51ColorRGB
 90
-16777216
102
RTVSPost2010PropOp51
 70
     0
102
RTVSPost2010Prop52
140
1.0
102
RTVSPost2010PropOp52
 70
     0
102
RTVSPost2010Prop53
 90
        2
102
RTVSPost2010PropOp53
 70
     1
102
RTVSPost2010Prop54
  1
strokes_ogs.tif
102
RTVSPost2010PropOp54
 70
     1
102
RTVSPost2010Prop55
280
     0
102
RTVSPost2010PropOp55
 70
     1
102
RTVSPost2010Prop56
140
1.0
102
RTVSPost2010PropOp56
 70
     1
102
RTVSPost2010Prop57
140
1.0
102
RTVSPost2010PropOp57
 70
     1
  0
XRECORD
  5
139
102
{ACAD_REACTORS
330
138
102
}
330
138
100
AcDbXrecord
280
     1
102
RTVSPropertyOp0
 70
     1
102
RTVSPropertyOp1
 70
     1
102
RTVSPropertyOp2
 70
     1
102
RTVSPropertyOp3
 70
     1
102
RTVSPropertyOp4
 70
     1
102
RTVSPropertyOp5
 70
     1
102
RTVSPropertyOp6
 70
     1
102
RTVSPropertyOp7
 70
     1
102
RTVSPropertyOp8
 70
     1
102
RTVSPropertyOp9
 70
     1
102
RTVSPropertyOp10
 70
     1
102
RTVSPropertyOp11
 70
     1
102
RTVSPropertyOp12
 70
     1
102
RTVSPropertyOp13
 70
     1
102
RTVSPropertyOp14
 70
     1
102
RTVSPropertyOp15
 70
     1
102
RTVSPropertyOp16
 70
     1
102
RTVSPropertyOp17
 70
     1
102
RTVSPropertyOp18
 70
     1
102
RTVSPropertyOp19
 70
     1
102
RTVSPropertyOp20
 70
     1
102
RTVSPropertyOp21
 70
     1
102
RTVSPropertyOp22
 70
     1
102
RTVSPropertyOp23
 70
     1
102
RTVSPropertyOp24
 70
     1
102
RTVSPropertyOp25
 70
     1
102
RTVSPropertyOp26
 70
     1
102
RTVSPropertyOp27
 70
     1
102
RTVSPropertyOp28
 70
     1
102
RTVSPropertyOp29
 70
     1
102
RTVSPropertyOp30
 70
     1
102
RTVSPropertyOp31
 70
     1
102
RTVSPropertyOp32
 70
     1
102
RTVSPropertyOp33
 70
     1
102
RTVSPropertyOp34
 70
     1
102
RTVSPropertyOp35
 70
     1
102
RTVSPropertyOp36
 70
     1
102
RTVSPropertyOp37
 70
     1
102
RTVSPropertyOp38
 70
     1
102
RTVSPropertyOp39
 70
     1
102
RTVSPropertyOp40
 70
     1
102
RTVSPropertyOp41
 70
     1
102
RTVSPropertyOp42
 70
     1
102
RTVSPropertyOp43
 70
     1
102
RTVSPropertyOp44
 70
     1
102
RTVSPropertyOp45
 70
     1
102
RTVSPropertyOp46
 70
     1
102
RTVSPropertyOp47
 70
     1
102
RTVSPropertyOp48
 70
     1
102
RTVSPropertyOp49
 70
     1
102
RTVSPropertyOp50
 70
     1
102
RTVSPropertyOp51
 70
     0
102
RTVSPropertyOp52
 70
     0
102
RTVSPropertyOp53
 70
     1
102
RTVSPropertyOp54
 70
     1
102
RTVSPropertyOp55
 70
     1
102
RTVSPropertyOp56
 70
     1
102
RTVSPropertyOp57
 70
     1
102
RTVSPost2010Prop28
280
     0
102
RTVSPost2010PropOp28
 70
     1
102
RTVSPost2010Prop29
280
     1
102
RTVSPost2010PropOp29
 70
     1
102
RTVSPost2010Prop30
280
     1
102
RTVSPost2010PropOp30
 70
     1
102
RTVSPost2010Prop31
280
     0
102
RTVSPost2010PropOp31
 70
     1
102
RTVSPost2010Prop32
280
     0
102
RTVSPost2010PropOp32
 70
     1
102
RTVSPost2010Prop33
280
     0
102
RTVSPost2010PropOp33
 70
     1
102
RTVSPost2010Prop34
280
     0
102
RTVSPost2010PropOp34
 70
     1
102
RTVSPost2010Prop35
280
     0
102
RTVSPost2010PropOp35
 70
     1
102
RTVSPost2010Prop36
280
     0
102
RTVSPost2010PropOp36
 70
     1
102
RTVSPost2010Prop37
 90
       50
102
RTVSPost2010PropOp37
 70
     1
102
RTVSPost2010Prop38
140
0.0
102
RTVSPost2010PropOp38
 70
     1
102
RTVSPost2010Prop39
140
1.0
102
RTVSPost2010PropOp39
 70
     1
102
RTVSPost2010Prop40
 90
        0
102
RTVSPost2010PropOp40
 70
     1
102
RTVSPost2010Prop41ColorIndex
 90
       18
102
RTVSPost2010Prop41ColorRGB
 90
        0
102
RTVSPost2010PropOp41
 70
     1
102
RTVSPost2010Prop42
 90
       50
102
RTVSPost2010PropOp42
 70
     1
102
RTVSPost2010Prop43
 90
        3
102
RTVSPost2010PropOp43
 70
     1
102
RTVSPost2010Prop44ColorIndex
 90
        5
102
RTVSPost2010Prop44ColorRGB
 90
      255
102
RTVSPost2010PropOp44
 70
     1
102
RTVSPost2010Prop45
280
     0
102
RTVSPost2010PropOp45
 70
     1
102
RTVSPost2010Prop46
 90
       50
102
RTVSPost2010PropOp46
 70
     1
102
RTVSPost2010Prop47
 90
       50
102
RTVSPost2010PropOp47
 70
     1
102
RTVSPost2010Prop48
 90
       50
102
RTVSPost2010PropOp48
 70
     1
102
RTVSPost2010Prop49
280
     0
102
RTVSPost2010PropOp49
 70
     1
102
RTVSPost2010Prop50
 90
       50
102
RTVSPost2010PropOp50
 70
     1
102
RTVSPost2010Prop51ColorIndex
 90
      256
102
RTVSPost2010Prop51ColorRGB
 90
-16777216
102
RTVSPost2010PropOp51
 70
     0
102
RTVSPost2010Prop52
140
1.0
102
RTVSPost2010PropOp52
 70
     0
102
RTVSPost2010Prop53
 90
        2
102
RTVSPost2010PropOp53
 70
     1
102
RTVSPost2010Prop54
  1
strokes_ogs.tif
102
RTVSPost2010PropOp54
 70
     1
102
RTVSPost2010Prop55
280
     0
102
RTVSPost2010PropOp55
 70
     1
102
RTVSPost2010Prop56
140
1.0
102
RTVSPost2010PropOp56
 70
     1
102
RTVSPost2010Prop57
140
1.0
102
RTVSPost2010PropOp57
 70
     1
  0
XRECORD
  5
13F
102
{ACAD_REACTORS
330
13E
102
}
330
13E
100
AcDbXrecord
280
     1
102
RTVSPropertyOp0
 70
     1
102
RTVSPropertyOp1
 70
     1
102
RTVSPropertyOp2
 70
     1
102
RTVSPropertyOp3
 70
     1
102
RTVSPropertyOp4
 70
     1
102
RTVSPropertyOp5
 70
     1
102
RTVSPropertyOp6
 70
     1
102
RTVSPropertyOp7
 70
     1
102
RTVSPropertyOp8
 70
     1
102
RTVSPropertyOp9
 70
     1
102
RTVSPropertyOp10
 70
     1
102
RTVSPropertyOp11
 70
     1
102
RTVSPropertyOp12
 70
     1
102
RTVSPropertyOp13
 70
     1
102
RTVSPropertyOp14
 70
     1
102
RTVSPropertyOp15
 70
     1
102
RTVSPropertyOp16
 70
     1
102
RTVSPropertyOp17
 70
     1
102
RTVSPropertyOp18
 70
     1
102
RTVSPropertyOp19
 70
     1
102
RTVSPropertyOp20
 70
     1
102
RTVSPropertyOp21
 70
     1
102
RTVSPropertyOp22
 70
     1
102
RTVSPropertyOp23
 70
     1
102
RTVSPropertyOp24
 70
     1
102
RTVSPropertyOp25
 70
     1
102
RTVSPropertyOp26
 70
     1
102
RTVSPropertyOp27
 70
     1
102
RTVSPropertyOp28
 70
     1
102
RTVSPropertyOp29
 70
     1
102
RTVSPropertyOp30
 70
     1
102
RTVSPropertyOp31
 70
     1
102
RTVSPropertyOp32
 70
     1
102
RTVSPropertyOp33
 70
     1
102
RTVSPropertyOp34
 70
     1
102
RTVSPropertyOp35
 70
     1
102
RTVSPropertyOp36
 70
     1
102
RTVSPropertyOp37
 70
     1
102
RTVSPropertyOp38
 70
     1
102
RTVSPropertyOp39
 70
     1
102
RTVSPropertyOp40
 70
     1
102
RTVSPropertyOp41
 70
     1
102
RTVSPropertyOp42
 70
     1
102
RTVSPropertyOp43
 70
     1
102
RTVSPropertyOp44
 70
     1
102
RTVSPropertyOp45
 70
     1
102
RTVSPropertyOp46
 70
     1
102
RTVSPropertyOp47
 70
     1
102
RTVSPropertyOp48
 70
     1
102
RTVSPropertyOp49
 70
     1
102
RTVSPropertyOp50
 70
     1
102
RTVSPropertyOp51
 70
     0
102
RTVSPropertyOp52
 70
     0
102
RTVSPropertyOp53
 70
     1
102
RTVSPropertyOp54
 70
     1
102
RTVSPropertyOp55
 70
     1
102
RTVSPropertyOp56
 70
     1
102
RTVSPropertyOp57
 70
     1
102
RTVSPost2010Prop28
280
     0
102
RTVSPost2010PropOp28
 70
     1
102
RTVSPost2010Prop29
280
     1
102
RTVSPost2010PropOp29
 70
     1
102
RTVSPost2010Prop30
280
     1
102
RTVSPost2010PropOp30
 70
     1
102
RTVSPost2010Prop31
280
     0
102
RTVSPost2010PropOp31
 70
     1
102
RTVSPost2010Prop32
280
     0
102
RTVSPost2010PropOp32
 70
     1
102
RTVSPost2010Prop33
280
     0
102
RTVSPost2010PropOp33
 70
     1
102
RTVSPost2010Prop34
280
     0
102
RTVSPost2010PropOp34
 70
     1
102
RTVSPost2010Prop35
280
     0
102
RTVSPost2010PropOp35
 70
     1
102
RTVSPost2010Prop36
280
     0
102
RTVSPost2010PropOp36
 70
     1
102
RTVSPost2010Prop37
 90
       50
102
RTVSPost2010PropOp37
 70
     1
102
RTVSPost2010Prop38
140
0.0
102
RTVSPost2010PropOp38
 70
     1
102
RTVSPost2010Prop39
140
1.0
102
RTVSPost2010PropOp39
 70
     1
102
RTVSPost2010Prop40
 90
        0
102
RTVSPost2010PropOp40
 70
     1
102
RTVSPost2010Prop41ColorIndex
 90
       18
102
RTVSPost2010Prop41ColorRGB
 90
        0
102
RTVSPost2010PropOp41
 70
     1
102
RTVSPost2010Prop42
 90
       50
102
RTVSPost2010PropOp42
 70
     1
102
RTVSPost2010Prop43
 90
        3
102
RTVSPost2010PropOp43
 70
     1
102
RTVSPost2010Prop44ColorIndex
 90
        5
102
RTVSPost2010Prop44ColorRGB
 90
      255
102
RTVSPost2010PropOp44
 70
     1
102
RTVSPost2010Prop45
280
     0
102
RTVSPost2010PropOp45
 70
     1
102
RTVSPost2010Prop46
 90
       50
102
RTVSPost2010PropOp46
 70
     1
102
RTVSPost2010Prop47
 90
       50
102
RTVSPost2010PropOp47
 70
     1
102
RTVSPost2010Prop48
 90
       50
102
RTVSPost2010PropOp48
 70
     1
102
RTVSPost2010Prop49
280
     0
102
RTVSPost2010PropOp49
 70
     1
102
RTVSPost2010Prop50
 90
       50
102
RTVSPost2010PropOp50
 70
     1
102
RTVSPost2010Prop51ColorIndex
 90
      256
102
RTVSPost2010Prop51ColorRGB
 90
-16777216
102
RTVSPost2010PropOp51
 70
     0
102
RTVSPost2010Prop52
140
1.0
102
RTVSPost2010PropOp52
 70
     0
102
RTVSPost2010Prop53
 90
        2
102
RTVSPost2010PropOp53
 70
     1
102
RTVSPost2010Prop54
  1
strokes_ogs.tif
102
RTVSPost2010PropOp54
 70
     1
102
RTVSPost2010Prop55
280
     0
102
RTVSPost2010PropOp55
 70
     1
102
RTVSPost2010Prop56
140
1.0
102
RTVSPost2010PropOp56
 70
     1
102
RTVSPost2010Prop57
140
1.0
102
RTVSPost2010PropOp57
 70
     1
  0
XRECORD
  5
153
102
{ACAD_REACTORS
330
152
102
}
330
152
100
AcDbXrecord
280
     1
102
RTVSPropertyOp0
 70
     0
102
RTVSPropertyOp1
 70
     0
102
RTVSPropertyOp2
 70
     0
102
RTVSPropertyOp3
 70
     0
102
RTVSPropertyOp4
 70
     0
102
RTVSPropertyOp5
 70
     0
102
RTVSPropertyOp6
 70
     0
102
RTVSPropertyOp7
 70
     0
102
RTVSPropertyOp8
 70
     0
102
RTVSPropertyOp9
 70
     0
102
RTVSPropertyOp10
 70
     0
102
RTVSPropertyOp11
 70
     0
102
RTVSPropertyOp12
 70
     0
102
RTVSPropertyOp13
 70
     0
102
RTVSPropertyOp14
 70
     2
102
RTVSPropertyOp15
 70
     0
102
RTVSPropertyOp16
 70
     0
102
RTVSPropertyOp17
 70
     0
102
RTVSPropertyOp18
 70
     0
102
RTVSPropertyOp19
 70
     0
102
RTVSPropertyOp20
 70
     0
102
RTVSPropertyOp21
 70
     0
102
RTVSPropertyOp22
 70
     0
102
RTVSPropertyOp23
 70
     0
102
RTVSPropertyOp24
 70
     0
102
RTVSPropertyOp25
 70
     0
102
RTVSPropertyOp26
 70
     0
102
RTVSPropertyOp27
 70
     0
102
RTVSPropertyOp28
 70
     0
102
RTVSPropertyOp29
 70
     0
102
RTVSPropertyOp30
 70
     0
102
RTVSPropertyOp31
 70
     0
102
RTVSPropertyOp32
 70
     0
102
RTVSPropertyOp33
 70
     0
102
RTVSPropertyOp34
 70
     0
102
RTVSPropertyOp35
 70
     0
102
RTVSPropertyOp36
 70
     0
102
RTVSPropertyOp37
 70
     0
102
RTVSPropertyOp38
 70
     0
102
RTVSPropertyOp39
 70
     0
102
RTVSPropertyOp40
 70
     0
102
RTVSPropertyOp41
 70
     0
102
RTVSPropertyOp42
 70
     0
102
RTVSPropertyOp43
 70
     0
102
RTVSPropertyOp44
 70
     0
102
RTVSPropertyOp45
 70
     0
102
RTVSPropertyOp46
 70
     0
102
RTVSPropertyOp47
 70
     0
102
RTVSPropertyOp48
 70
     0
102
RTVSPropertyOp49
 70
     0
102
RTVSPropertyOp50
 70
     0
102
RTVSPropertyOp51
 70
     0
102
RTVSPropertyOp52
 70
     0
102
RTVSPropertyOp53
 70
     0
102
RTVSPropertyOp54
 70
     0
102
RTVSPropertyOp55
 70
     0
102
RTVSPropertyOp56
 70
     0
102
RTVSPropertyOp57
 70
     0
102
RTVSPost2010Prop28
280
     0
102
RTVSPost2010PropOp28
 70
     0
102
RTVSPost2010Prop29
280
     1
102
RTVSPost2010PropOp29
 70
     0
102
RTVSPost2010Prop30
280
     1
102
RTVSPost2010PropOp30
 70
     0
102
RTVSPost2010Prop31
280
     0
102
RTVSPost2010PropOp31
 70
     0
102
RTVSPost2010Prop32
280
     0
102
RTVSPost2010PropOp32
 70
     0
102
RTVSPost2010Prop33
280
     0
102
RTVSPost2010PropOp33
 70
     0
102
RTVSPost2010Prop34
280
     0
102
RTVSPost2010PropOp34
 70
     0
102
RTVSPost2010Prop35
280
     0
102
RTVSPost2010PropOp35
 70
     0
102
RTVSPost2010Prop36
280
     0
102
RTVSPost2010PropOp36
 70
     0
102
RTVSPost2010Prop37
 90
       50
102
RTVSPost2010PropOp37
 70
     0
102
RTVSPost2010Prop38
140
0.0
102
RTVSPost2010PropOp38
 70
     0
102
RTVSPost2010Prop39
140
1.0
102
RTVSPost2010PropOp39
 70
     0
102
RTVSPost2010Prop40
 90
        0
102
RTVSPost2010PropOp40
 70
     0
102
RTVSPost2010Prop41ColorIndex
 90
       18
102
RTVSPost2010Prop41ColorRGB
 90
        0
102
RTVSPost2010PropOp41
 70
     0
102
RTVSPost2010Prop42
 90
       50
102
RTVSPost2010PropOp42
 70
     0
102
RTVSPost2010Prop43
 90
        3
102
RTVSPost2010PropOp43
 70
     0
102
RTVSPost2010Prop44ColorIndex
 90
        5
102
RTVSPost2010Prop44ColorRGB
 90
      255
102
RTVSPost2010PropOp44
 70
     0
102
RTVSPost2010Prop45
280
     0
102
RTVSPost2010PropOp45
 70
     0
102
RTVSPost2010Prop46
 90
       50
102
RTVSPost2010PropOp46
 70
     0
102
RTVSPost2010Prop47
 90
       50
102
RTVSPost2010PropOp47
 70
     0
102
RTVSPost2010Prop48
 90
       50
102
RTVSPost2010PropOp48
 70
     0
102
RTVSPost2010Prop49
280
     0
102
RTVSPost2010PropOp49
 70
     0
102
RTVSPost2010Prop50
 90
       50
102
RTVSPost2010PropOp50
 70
     0
102
RTVSPost2010Prop51ColorIndex
 90
      256
102
RTVSPost2010Prop51ColorRGB
 90
-16777216
102
RTVSPost2010PropOp51
 70
     0
102
RTVSPost2010Prop52
140
1.0
102
RTVSPost2010PropOp52
 70
     0
102
RTVSPost2010Prop53
 90
        2
102
RTVSPost2010PropOp53
 70
     0
102
RTVSPost2010Prop54
  1
strokes_ogs.tif
102
RTVSPost2010PropOp54
 70
     0
102
RTVSPost2010Prop55
280
     0
102
RTVSPost2010PropOp55
 70
     0
102
RTVSPost2010Prop56
140
1.0
102
RTVSPost2010PropOp56
 70
     0
102
RTVSPost2010Prop57
140
1.0
102
RTVSPost2010PropOp57
 70
     0
  0
XRECORD
  5
14D
102
{ACAD_REACTORS
330
14C
102
}
330
14C
100
AcDbXrecord
280
     1
102
RTVSPropertyOp0
 70
     1
102
RTVSPropertyOp1
 70
     1
102
RTVSPropertyOp2
 70
     1
102
RTVSPropertyOp3
 70
     1
102
RTVSPropertyOp4
 70
     1
102
RTVSPropertyOp5
 70
     1
102
RTVSPropertyOp6
 70
     1
102
RTVSPropertyOp7
 70
     1
102
RTVSPropertyOp8
 70
     1
102
RTVSPropertyOp9
 70
     1
102
RTVSPropertyOp10
 70
     1
102
RTVSPropertyOp11
 70
     1
102
RTVSPropertyOp12
 70
     1
102
RTVSPropertyOp13
 70
     1
102
RTVSPropertyOp14
 70
     1
102
RTVSPropertyOp15
 70
     1
102
RTVSPropertyOp16
 70
     1
102
RTVSPropertyOp17
 70
     1
102
RTVSPropertyOp18
 70
     1
102
RTVSPropertyOp19
 70
     1
102
RTVSPropertyOp20
 70
     1
102
RTVSPropertyOp21
 70
     1
102
RTVSPropertyOp22
 70
     1
102
RTVSPropertyOp23
 70
     1
102
RTVSPropertyOp24
 70
     1
102
RTVSPropertyOp25
 70
     1
102
RTVSPropertyOp26
 70
     1
102
RTVSPropertyOp27
 70
     1
102
RTVSPropertyOp28
 70
     1
102
RTVSPropertyOp29
 70
     1
102
RTVSPropertyOp30
 70
     1
102
RTVSPropertyOp31
 70
     1
102
RTVSPropertyOp32
 70
     1
102
RTVSPropertyOp33
 70
     1
102
RTVSPropertyOp34
 70
     1
102
RTVSPropertyOp35
 70
     1
102
RTVSPropertyOp36
 70
     1
102
RTVSPropertyOp37
 70
     1
102
RTVSPropertyOp38
 70
     1
102
RTVSPropertyOp39
 70
     1
102
RTVSPropertyOp40
 70
     1
102
RTVSPropertyOp41
 70
     1
102
RTVSPropertyOp42
 70
     1
102
RTVSPropertyOp43
 70
     1
102
RTVSPropertyOp44
 70
     1
102
RTVSPropertyOp45
 70
     1
102
RTVSPropertyOp46
 70
     1
102
RTVSPropertyOp47
 70
     1
102
RTVSPropertyOp48
 70
     1
102
RTVSPropertyOp49
 70
     1
102
RTVSPropertyOp50
 70
     1
102
RTVSPropertyOp51
 70
     0
102
RTVSPropertyOp52
 70
     0
102
RTVSPropertyOp53
 70
     1
102
RTVSPropertyOp54
 70
     1
102
RTVSPropertyOp55
 70
     1
102
RTVSPropertyOp56
 70
     1
102
RTVSPropertyOp57
 70
     1
102
RTVSPost2010Prop28
280
     0
102
RTVSPost2010PropOp28
 70
     1
102
RTVSPost2010Prop29
280
     1
102
RTVSPost2010PropOp29
 70
     1
102
RTVSPost2010Prop30
280
     1
102
RTVSPost2010PropOp30
 70
     1
102
RTVSPost2010Prop31
280
     0
102
RTVSPost2010PropOp31
 70
     1
102
RTVSPost2010Prop32
280
     0
102
RTVSPost2010PropOp32
 70
     1
102
RTVSPost2010Prop33
280
     0
102
RTVSPost2010PropOp33
 70
     1
102
RTVSPost2010Prop34
280
     0
102
RTVSPost2010PropOp34
 70
     1
102
RTVSPost2010Prop35
280
     0
102
RTVSPost2010PropOp35
 70
     1
102
RTVSPost2010Prop36
280
     0
102
RTVSPost2010PropOp36
 70
     1
102
RTVSPost2010Prop37
 90
       50
102
RTVSPost2010PropOp37
 70
     1
102
RTVSPost2010Prop38
140
0.0
102
RTVSPost2010PropOp38
 70
     1
102
RTVSPost2010Prop39
140
1.0
102
RTVSPost2010PropOp39
 70
     1
102
RTVSPost2010Prop40
 90
        0
102
RTVSPost2010PropOp40
 70
     1
102
RTVSPost2010Prop41ColorIndex
 90
       18
102
RTVSPost2010Prop41ColorRGB
 90
        0
102
RTVSPost2010PropOp41
 70
     1
102
RTVSPost2010Prop42
 90
       50
102
RTVSPost2010PropOp42
 70
     1
102
RTVSPost2010Prop43
 90
        3
102
RTVSPost2010PropOp43
 70
     1
102
RTVSPost2010Prop44ColorIndex
 90
        5
102
RTVSPost2010Prop44ColorRGB
 90
      255
102
RTVSPost2010PropOp44
 70
     1
102
RTVSPost2010Prop45
280
     0
102
RTVSPost2010PropOp45
 70
     1
102
RTVSPost2010Prop46
 90
       50
102
RTVSPost2010PropOp46
 70
     1
102
RTVSPost2010Prop47
 90
       50
102
RTVSPost2010PropOp47
 70
     1
102
RTVSPost2010Prop48
 90
       50
102
RTVSPost2010PropOp48
 70
     1
102
RTVSPost2010Prop49
280
     0
102
RTVSPost2010PropOp49
 70
     1
102
RTVSPost2010Prop50
 90
       50
102
RTVSPost2010PropOp50
 70
     1
102
RTVSPost2010Prop51ColorIndex
 90
      256
102
RTVSPost2010Prop51ColorRGB
 90
-16777216
102
RTVSPost2010PropOp51
 70
     0
102
RTVSPost2010Prop52
140
1.0
102
RTVSPost2010PropOp52
 70
     0
102
RTVSPost2010Prop53
 90
        2
102
RTVSPost2010PropOp53
 70
     1
102
RTVSPost2010Prop54
  1
strokes_ogs.tif
102
RTVSPost2010PropOp54
 70
     1
102
RTVSPost2010Prop55
280
     0
102
RTVSPost2010PropOp55
 70
     1
102
RTVSPost2010Prop56
140
1.0
102
RTVSPost2010PropOp56
 70
     1
102
RTVSPost2010Prop57
140
1.0
102
RTVSPost2010PropOp57
 70
     1
  0
XRECORD
  5
155
102
{ACAD_REACTORS
330
154
102
}
330
154
100
AcDbXrecord
280
     1
102
RTVSPropertyOp0
 70
     0
102
RTVSPropertyOp1
 70
     0
102
RTVSPropertyOp2
 70
     0
102
RTVSPropertyOp3
 70
     0
102
RTVSPropertyOp4
 70
     0
102
RTVSPropertyOp5
 70
     0
102
RTVSPropertyOp6
 70
     0
102
RTVSPropertyOp7
 70
     0
102
RTVSPropertyOp8
 70
     0
102
RTVSPropertyOp9
 70
     0
102
RTVSPropertyOp10
 70
     0
102
RTVSPropertyOp11
 70
     0
102
RTVSPropertyOp12
 70
     0
102
RTVSPropertyOp13
 70
     0
102
RTVSPropertyOp14
 70
     2
102
RTVSPropertyOp15
 70
     0
102
RTVSPropertyOp16
 70
     0
102
RTVSPropertyOp17
 70
     0
102
RTVSPropertyOp18
 70
     0
102
RTVSPropertyOp19
 70
     0
102
RTVSPropertyOp20
 70
     0
102
RTVSPropertyOp21
 70
     0
102
RTVSPropertyOp22
 70
     0
102
RTVSPropertyOp23
 70
     0
102
RTVSPropertyOp24
 70
     0
102
RTVSPropertyOp25
 70
     0
102
RTVSPropertyOp26
 70
     0
102
RTVSPropertyOp27
 70
     0
102
RTVSPropertyOp28
 70
     0
102
RTVSPropertyOp29
 70
     0
102
RTVSPropertyOp30
 70
     0
102
RTVSPropertyOp31
 70
     0
102
RTVSPropertyOp32
 70
     0
102
RTVSPropertyOp33
 70
     0
102
RTVSPropertyOp34
 70
     0
102
RTVSPropertyOp35
 70
     0
102
RTVSPropertyOp36
 70
     0
102
RTVSPropertyOp37
 70
     0
102
RTVSPropertyOp38
 70
     0
102
RTVSPropertyOp39
 70
     0
102
RTVSPropertyOp40
 70
     0
102
RTVSPropertyOp41
 70
     0
102
RTVSPropertyOp42
 70
     0
102
RTVSPropertyOp43
 70
     0
102
RTVSPropertyOp44
 70
     0
102
RTVSPropertyOp45
 70
     0
102
RTVSPropertyOp46
 70
     0
102
RTVSPropertyOp47
 70
     0
102
RTVSPropertyOp48
 70
     0
102
RTVSPropertyOp49
 70
     0
102
RTVSPropertyOp50
 70
     0
102
RTVSPropertyOp51
 70
     0
102
RTVSPropertyOp52
 70
     0
102
RTVSPropertyOp53
 70
     0
102
RTVSPropertyOp54
 70
     0
102
RTVSPropertyOp55
 70
     0
102
RTVSPropertyOp56
 70
     0
102
RTVSPropertyOp57
 70
     0
102
RTVSPost2010Prop28
280
     0
102
RTVSPost2010PropOp28
 70
     0
102
RTVSPost2010Prop29
280
     1
102
RTVSPost2010PropOp29
 70
     0
102
RTVSPost2010Prop30
280
     1
102
RTVSPost2010PropOp30
 70
     0
102
RTVSPost2010Prop31
280
     0
102
RTVSPost2010PropOp31
 70
     0
102
RTVSPost2010Prop32
280
     0
102
RTVSPost2010PropOp32
 70
     0
102
RTVSPost2010Prop33
280
     0
102
RTVSPost2010PropOp33
 70
     0
102
RTVSPost2010Prop34
280
     0
102
RTVSPost2010PropOp34
 70
     0
102
RTVSPost2010Prop35
280
     0
102
RTVSPost2010PropOp35
 70
     0
102
RTVSPost2010Prop36
280
     0
102
RTVSPost2010PropOp36
 70
     0
102
RTVSPost2010Prop37
 90
       50
102
RTVSPost2010PropOp37
 70
     0
102
RTVSPost2010Prop38
140
0.0
102
RTVSPost2010PropOp38
 70
     0
102
RTVSPost2010Prop39
140
1.0
102
RTVSPost2010PropOp39
 70
     0
102
RTVSPost2010Prop40
 90
        0
102
RTVSPost2010PropOp40
 70
     0
102
RTVSPost2010Prop41ColorIndex
 90
       18
102
RTVSPost2010Prop41ColorRGB
 90
        0
102
RTVSPost2010PropOp41
 70
     0
102
RTVSPost2010Prop42
 90
       50
102
RTVSPost2010PropOp42
 70
     0
102
RTVSPost2010Prop43
 90
        3
102
RTVSPost2010PropOp43
 70
     0
102
RTVSPost2010Prop44ColorIndex
 90
        5
102
RTVSPost2010Prop44ColorRGB
 90
      255
102
RTVSPost2010PropOp44
 70
     0
102
RTVSPost2010Prop45
280
     0
102
RTVSPost2010PropOp45
 70
     0
102
RTVSPost2010Prop46
 90
       50
102
RTVSPost2010PropOp46
 70
     0
102
RTVSPost2010Prop47
 90
       50
102
RTVSPost2010PropOp47
 70
     0
102
RTVSPost2010Prop48
 90
       50
102
RTVSPost2010PropOp48
 70
     0
102
RTVSPost2010Prop49
280
     0
102
RTVSPost2010PropOp49
 70
     0
102
RTVSPost2010Prop50
 90
       50
102
RTVSPost2010PropOp50
 70
     0
102
RTVSPost2010Prop51ColorIndex
 90
      256
102
RTVSPost2010Prop51ColorRGB
 90
-16777216
102
RTVSPost2010PropOp51
 70
     0
102
RTVSPost2010Prop52
140
1.0
102
RTVSPost2010PropOp52
 70
     0
102
RTVSPost2010Prop53
 90
        2
102
RTVSPost2010PropOp53
 70
     0
102
RTVSPost2010Prop54
  1
strokes_ogs.tif
102
RTVSPost2010PropOp54
 70
     0
102
RTVSPost2010Prop55
280
     0
102
RTVSPost2010PropOp55
 70
     0
102
RTVSPost2010Prop56
140
1.0
102
RTVSPost2010PropOp56
 70
     0
102
RTVSPost2010Prop57
140
1.0
102
RTVSPost2010PropOp57
 70
     0
  0
XRECORD
  5
143
102
{ACAD_REACTORS
330
142
102
}
330
142
100
AcDbXrecord
280
     1
102
RTVSPropertyOp0
 70
     1
102
RTVSPropertyOp1
 70
     1
102
RTVSPropertyOp2
 70
     1
102
RTVSPropertyOp3
 70
     1
102
RTVSPropertyOp4
 70
     1
102
RTVSPropertyOp5
 70
     1
102
RTVSPropertyOp6
 70
     1
102
RTVSPropertyOp7
 70
     1
102
RTVSPropertyOp8
 70
     1
102
RTVSPropertyOp9
 70
     1
102
RTVSPropertyOp10
 70
     1
102
RTVSPropertyOp11
 70
     1
102
RTVSPropertyOp12
 70
     1
102
RTVSPropertyOp13
 70
     1
102
RTVSPropertyOp14
 70
     1
102
RTVSPropertyOp15
 70
     1
102
RTVSPropertyOp16
 70
     1
102
RTVSPropertyOp17
 70
     1
102
RTVSPropertyOp18
 70
     1
102
RTVSPropertyOp19
 70
     1
102
RTVSPropertyOp20
 70
     1
102
RTVSPropertyOp21
 70
     1
102
RTVSPropertyOp22
 70
     1
102
RTVSPropertyOp23
 70
     1
102
RTVSPropertyOp24
 70
     1
102
RTVSPropertyOp25
 70
     1
102
RTVSPropertyOp26
 70
     1
102
RTVSPropertyOp27
 70
     1
102
RTVSPropertyOp28
 70
     1
102
RTVSPropertyOp29
 70
     1
102
RTVSPropertyOp30
 70
     1
102
RTVSPropertyOp31
 70
     1
102
RTVSPropertyOp32
 70
     1
102
RTVSPropertyOp33
 70
     1
102
RTVSPropertyOp34
 70
     1
102
RTVSPropertyOp35
 70
     1
102
RTVSPropertyOp36
 70
     1
102
RTVSPropertyOp37
 70
     1
102
RTVSPropertyOp38
 70
     1
102
RTVSPropertyOp39
 70
     1
102
RTVSPropertyOp40
 70
     1
102
RTVSPropertyOp41
 70
     1
102
RTVSPropertyOp42
 70
     1
102
RTVSPropertyOp43
 70
     1
102
RTVSPropertyOp44
 70
     1
102
RTVSPropertyOp45
 70
     1
102
RTVSPropertyOp46
 70
     1
102
RTVSPropertyOp47
 70
     1
102
RTVSPropertyOp48
 70
     1
102
RTVSPropertyOp49
 70
     1
102
RTVSPropertyOp50
 70
     1
102
RTVSPropertyOp51
 70
     0
102
RTVSPropertyOp52
 70
     0
102
RTVSPropertyOp53
 70
     1
102
RTVSPropertyOp54
 70
     1
102
RTVSPropertyOp55
 70
     1
102
RTVSPropertyOp56
 70
     1
102
RTVSPropertyOp57
 70
     1
102
RTVSPost2010Prop28
280
     0
102
RTVSPost2010PropOp28
 70
     1
102
RTVSPost2010Prop29
280
     1
102
RTVSPost2010PropOp29
 70
     1
102
RTVSPost2010Prop30
280
     1
102
RTVSPost2010PropOp30
 70
     1
102
RTVSPost2010Prop31
280
     0
102
RTVSPost2010PropOp31
 70
     1
102
RTVSPost2010Prop32
280
     0
102
RTVSPost2010PropOp32
 70
     1
102
RTVSPost2010Prop33
280
     0
102
RTVSPost2010PropOp33
 70
     1
102
RTVSPost2010Prop34
280
     0
102
RTVSPost2010PropOp34
 70
     1
102
RTVSPost2010Prop35
280
     0
102
RTVSPost2010PropOp35
 70
     1
102
RTVSPost2010Prop36
280
     0
102
RTVSPost2010PropOp36
 70
     1
102
RTVSPost2010Prop37
 90
       50
102
RTVSPost2010PropOp37
 70
     1
102
RTVSPost2010Prop38
140
0.0
102
RTVSPost2010PropOp38
 70
     1
102
RTVSPost2010Prop39
140
1.0
102
RTVSPost2010PropOp39
 70
     1
102
RTVSPost2010Prop40
 90
        0
102
RTVSPost2010PropOp40
 70
     1
102
RTVSPost2010Prop41ColorIndex
 90
       18
102
RTVSPost2010Prop41ColorRGB
 90
        0
102
RTVSPost2010PropOp41
 70
     1
102
RTVSPost2010Prop42
 90
       50
102
RTVSPost2010PropOp42
 70
     1
102
RTVSPost2010Prop43
 90
        3
102
RTVSPost2010PropOp43
 70
     1
102
RTVSPost2010Prop44ColorIndex
 90
        5
102
RTVSPost2010Prop44ColorRGB
 90
      255
102
RTVSPost2010PropOp44
 70
     1
102
RTVSPost2010Prop45
280
     0
102
RTVSPost2010PropOp45
 70
     1
102
RTVSPost2010Prop46
 90
       50
102
RTVSPost2010PropOp46
 70
     1
102
RTVSPost2010Prop47
 90
       50
102
RTVSPost2010PropOp47
 70
     1
102
RTVSPost2010Prop48
 90
       50
102
RTVSPost2010PropOp48
 70
     1
102
RTVSPost2010Prop49
280
     0
102
RTVSPost2010PropOp49
 70
     1
102
RTVSPost2010Prop50
 90
       50
102
RTVSPost2010PropOp50
 70
     1
102
RTVSPost2010Prop51ColorIndex
 90
      256
102
RTVSPost2010Prop51ColorRGB
 90
-16777216
102
RTVSPost2010PropOp51
 70
     0
102
RTVSPost2010Prop52
140
1.0
102
RTVSPost2010PropOp52
 70
     0
102
RTVSPost2010Prop53
 90
        2
102
RTVSPost2010PropOp53
 70
     1
102
RTVSPost2010Prop54
  1
strokes_ogs.tif
102
RTVSPost2010PropOp54
 70
     1
102
RTVSPost2010Prop55
280
     0
102
RTVSPost2010PropOp55
 70
     1
102
RTVSPost2010Prop56
140
1.0
102
RTVSPost2010PropOp56
 70
     1
102
RTVSPost2010Prop57
140
1.0
102
RTVSPost2010PropOp57
 70
     1
  0
XRECORD
  5
161
102
{ACAD_REACTORS
330
160
102
}
330
160
100
AcDbXrecord
280
     1
102
RTVSPropertyOp0
 70
     1
102
RTVSPropertyOp1
 70
     1
102
RTVSPropertyOp2
 70
     1
102
RTVSPropertyOp3
 70
     1
102
RTVSPropertyOp4
 70
     1
102
RTVSPropertyOp5
 70
     1
102
RTVSPropertyOp6
 70
     1
102
RTVSPropertyOp7
 70
     1
102
RTVSPropertyOp8
 70
     1
102
RTVSPropertyOp9
 70
     1
102
RTVSPropertyOp10
 70
     1
102
RTVSPropertyOp11
 70
     1
102
RTVSPropertyOp12
 70
     1
102
RTVSPropertyOp13
 70
     1
102
RTVSPropertyOp14
 70
     1
102
RTVSPropertyOp15
 70
     1
102
RTVSPropertyOp16
 70
     1
102
RTVSPropertyOp17
 70
     1
102
RTVSPropertyOp18
 70
     1
102
RTVSPropertyOp19
 70
     1
102
RTVSPropertyOp20
 70
     1
102
RTVSPropertyOp21
 70
     1
102
RTVSPropertyOp22
 70
     1
102
RTVSPropertyOp23
 70
     1
102
RTVSPropertyOp24
 70
     1
102
RTVSPropertyOp25
 70
     1
102
RTVSPropertyOp26
 70
     1
102
RTVSPropertyOp27
 70
     1
102
RTVSPropertyOp28
 70
     1
102
RTVSPropertyOp29
 70
     1
102
RTVSPropertyOp30
 70
     1
102
RTVSPropertyOp31
 70
     1
102
RTVSPropertyOp32
 70
     1
102
RTVSPropertyOp33
 70
     1
102
RTVSPropertyOp34
 70
     1
102
RTVSPropertyOp35
 70
     1
102
RTVSPropertyOp36
 70
     1
102
RTVSPropertyOp37
 70
     1
102
RTVSPropertyOp38
 70
     1
102
RTVSPropertyOp39
 70
     1
102
RTVSPropertyOp40
 70
     1
102
RTVSPropertyOp41
 70
     1
102
RTVSPropertyOp42
 70
     1
102
RTVSPropertyOp43
 70
     1
102
RTVSPropertyOp44
 70
     1
102
RTVSPropertyOp45
 70
     1
102
RTVSPropertyOp46
 70
     1
102
RTVSPropertyOp47
 70
     1
102
RTVSPropertyOp48
 70
     1
102
RTVSPropertyOp49
 70
     1
102
RTVSPropertyOp50
 70
     1
102
RTVSPropertyOp51
 70
     0
102
RTVSPropertyOp52
 70
     0
102
RTVSPropertyOp53
 70
     1
102
RTVSPropertyOp54
 70
     1
102
RTVSPropertyOp55
 70
     1
102
RTVSPropertyOp56
 70
     1
102
RTVSPropertyOp57
 70
     1
102
RTVSPost2010Prop28
280
     0
102
RTVSPost2010PropOp28
 70
     1
102
RTVSPost2010Prop29
280
     1
102
RTVSPost2010PropOp29
 70
     1
102
RTVSPost2010Prop30
280
     1
102
RTVSPost2010PropOp30
 70
     1
102
RTVSPost2010Prop31
280
     0
102
RTVSPost2010PropOp31
 70
     1
102
RTVSPost2010Prop32
280
     0
102
RTVSPost2010PropOp32
 70
     1
102
RTVSPost2010Prop33
280
     0
102
RTVSPost2010PropOp33
 70
     1
102
RTVSPost2010Prop34
280
     0
102
RTVSPost2010PropOp34
 70
     1
102
RTVSPost2010Prop35
280
     0
102
RTVSPost2010PropOp35
 70
     1
102
RTVSPost2010Prop36
280
     0
102
RTVSPost2010PropOp36
 70
     1
102
RTVSPost2010Prop37
 90
       50
102
RTVSPost2010PropOp37
 70
     1
102
RTVSPost2010Prop38
140
0.0
102
RTVSPost2010PropOp38
 70
     1
102
RTVSPost2010Prop39
140
1.0
102
RTVSPost2010PropOp39
 70
     1
102
RTVSPost2010Prop40
 90
        0
102
RTVSPost2010PropOp40
 70
     1
102
RTVSPost2010Prop41ColorIndex
 90
       18
102
RTVSPost2010Prop41ColorRGB
 90
        0
102
RTVSPost2010PropOp41
 70
     1
102
RTVSPost2010Prop42
 90
       50
102
RTVSPost2010PropOp42
 70
     1
102
RTVSPost2010Prop43
 90
        3
102
RTVSPost2010PropOp43
 70
     1
102
RTVSPost2010Prop44ColorIndex
 90
        5
102
RTVSPost2010Prop44ColorRGB
 90
      255
102
RTVSPost2010PropOp44
 70
     1
102
RTVSPost2010Prop45
280
     0
102
RTVSPost2010PropOp45
 70
     1
102
RTVSPost2010Prop46
 90
       50
102
RTVSPost2010PropOp46
 70
     1
102
RTVSPost2010Prop47
 90
       50
102
RTVSPost2010PropOp47
 70
     1
102
RTVSPost2010Prop48
 90
       50
102
RTVSPost2010PropOp48
 70
     1
102
RTVSPost2010Prop49
280
     0
102
RTVSPost2010PropOp49
 70
     1
102
RTVSPost2010Prop50
 90
       50
102
RTVSPost2010PropOp50
 70
     1
102
RTVSPost2010Prop51ColorIndex
 90
      256
102
RTVSPost2010Prop51ColorRGB
 90
-16777216
102
RTVSPost2010PropOp51
 70
     0
102
RTVSPost2010Prop52
140
1.0
102
RTVSPost2010PropOp52
 70
     0
102
RTVSPost2010Prop53
 90
        2
102
RTVSPost2010PropOp53
 70
     1
102
RTVSPost2010Prop54
  1
strokes_ogs.tif
102
RTVSPost2010PropOp54
 70
     1
102
RTVSPost2010Prop55
280
     0
102
RTVSPost2010PropOp55
 70
     1
102
RTVSPost2010Prop56
140
1.0
102
RTVSPost2010PropOp56
 70
     1
102
RTVSPost2010Prop57
140
1.0
102
RTVSPost2010PropOp57
 70
     1
  0
XRECORD
  5
15F
102
{ACAD_REACTORS
330
15E
102
}
330
15E
100
AcDbXrecord
280
     1
102
RTVSPropertyOp0
 70
     1
102
RTVSPropertyOp1
 70
     1
102
RTVSPropertyOp2
 70
     1
102
RTVSPropertyOp3
 70
     1
102
RTVSPropertyOp4
 70
     1
102
RTVSPropertyOp5
 70
     1
102
RTVSPropertyOp6
 70
     1
102
RTVSPropertyOp7
 70
     1
102
RTVSPropertyOp8
 70
     1
102
RTVSPropertyOp9
 70
     1
102
RTVSPropertyOp10
 70
     1
102
RTVSPropertyOp11
 70
     1
102
RTVSPropertyOp12
 70
     1
102
RTVSPropertyOp13
 70
     1
102
RTVSPropertyOp14
 70
     1
102
RTVSPropertyOp15
 70
     1
102
RTVSPropertyOp16
 70
     1
102
RTVSPropertyOp17
 70
     1
102
RTVSPropertyOp18
 70
     1
102
RTVSPropertyOp19
 70
     1
102
RTVSPropertyOp20
 70
     1
102
RTVSPropertyOp21
 70
     1
102
RTVSPropertyOp22
 70
     1
102
RTVSPropertyOp23
 70
     1
102
RTVSPropertyOp24
 70
     1
102
RTVSPropertyOp25
 70
     1
102
RTVSPropertyOp26
 70
     1
102
RTVSPropertyOp27
 70
     1
102
RTVSPropertyOp28
 70
     1
102
RTVSPropertyOp29
 70
     1
102
RTVSPropertyOp30
 70
     1
102
RTVSPropertyOp31
 70
     1
102
RTVSPropertyOp32
 70
     1
102
RTVSPropertyOp33
 70
     1
102
RTVSPropertyOp34
 70
     1
102
RTVSPropertyOp35
 70
     1
102
RTVSPropertyOp36
 70
     1
102
RTVSPropertyOp37
 70
     1
102
RTVSPropertyOp38
 70
     1
102
RTVSPropertyOp39
 70
     1
102
RTVSPropertyOp40
 70
     1
102
RTVSPropertyOp41
 70
     1
102
RTVSPropertyOp42
 70
     1
102
RTVSPropertyOp43
 70
     1
102
RTVSPropertyOp44
 70
     1
102
RTVSPropertyOp45
 70
     1
102
RTVSPropertyOp46
 70
     1
102
RTVSPropertyOp47
 70
     1
102
RTVSPropertyOp48
 70
     1
102
RTVSPropertyOp49
 70
     1
102
RTVSPropertyOp50
 70
     1
102
RTVSPropertyOp51
 70
     0
102
RTVSPropertyOp52
 70
     0
102
RTVSPropertyOp53
 70
     1
102
RTVSPropertyOp54
 70
     1
102
RTVSPropertyOp55
 70
     1
102
RTVSPropertyOp56
 70
     1
102
RTVSPropertyOp57
 70
     1
102
RTVSPost2010Prop28
280
     0
102
RTVSPost2010PropOp28
 70
     1
102
RTVSPost2010Prop29
280
     1
102
RTVSPost2010PropOp29
 70
     1
102
RTVSPost2010Prop30
280
     1
102
RTVSPost2010PropOp30
 70
     1
102
RTVSPost2010Prop31
280
     0
102
RTVSPost2010PropOp31
 70
     1
102
RTVSPost2010Prop32
280
     0
102
RTVSPost2010PropOp32
 70
     1
102
RTVSPost2010Prop33
280
     0
102
RTVSPost2010PropOp33
 70
     1
102
RTVSPost2010Prop34
280
     0
102
RTVSPost2010PropOp34
 70
     1
102
RTVSPost2010Prop35
280
     0
102
RTVSPost2010PropOp35
 70
     1
102
RTVSPost2010Prop36
280
     0
102
RTVSPost2010PropOp36
 70
     1
102
RTVSPost2010Prop37
 90
       50
102
RTVSPost2010PropOp37
 70
     1
102
RTVSPost2010Prop38
140
0.0
102
RTVSPost2010PropOp38
 70
     1
102
RTVSPost2010Prop39
140
1.0
102
RTVSPost2010PropOp39
 70
     1
102
RTVSPost2010Prop40
 90
        0
102
RTVSPost2010PropOp40
 70
     1
102
RTVSPost2010Prop41ColorIndex
 90
       18
102
RTVSPost2010Prop41ColorRGB
 90
        0
102
RTVSPost2010PropOp41
 70
     1
102
RTVSPost2010Prop42
 90
       50
102
RTVSPost2010PropOp42
 70
     1
102
RTVSPost2010Prop43
 90
        3
102
RTVSPost2010PropOp43
 70
     1
102
RTVSPost2010Prop44ColorIndex
 90
        5
102
RTVSPost2010Prop44ColorRGB
 90
      255
102
RTVSPost2010PropOp44
 70
     1
102
RTVSPost2010Prop45
280
     0
102
RTVSPost2010PropOp45
 70
     1
102
RTVSPost2010Prop46
 90
       50
102
RTVSPost2010PropOp46
 70
     1
102
RTVSPost2010Prop47
 90
       50
102
RTVSPost2010PropOp47
 70
     1
102
RTVSPost2010Prop48
 90
       50
102
RTVSPost2010PropOp48
 70
     1
102
RTVSPost2010Prop49
280
     0
102
RTVSPost2010PropOp49
 70
     1
102
RTVSPost2010Prop50
 90
       50
102
RTVSPost2010PropOp50
 70
     1
102
RTVSPost2010Prop51ColorIndex
 90
      256
102
RTVSPost2010Prop51ColorRGB
 90
-16777216
102
RTVSPost2010PropOp51
 70
     0
102
RTVSPost2010Prop52
140
1.0
102
RTVSPost2010PropOp52
 70
     0
102
RTVSPost2010Prop53
 90
        2
102
RTVSPost2010PropOp53
 70
     1
102
RTVSPost2010Prop54
  1
strokes_ogs.tif
102
RTVSPost2010PropOp54
 70
     1
102
RTVSPost2010Prop55
280
     0
102
RTVSPost2010PropOp55
 70
     1
102
RTVSPost2010Prop56
140
1.0
102
RTVSPost2010PropOp56
 70
     1
102
RTVSPost2010Prop57
140
1.0
102
RTVSPost2010PropOp57
 70
     1
  0
XRECORD
  5
159
102
{ACAD_REACTORS
330
158
102
}
330
158
100
AcDbXrecord
280
     1
102
RTVSPropertyOp0
 70
     1
102
RTVSPropertyOp1
 70
     1
102
RTVSPropertyOp2
 70
     1
102
RTVSPropertyOp3
 70
     1
102
RTVSPropertyOp4
 70
     1
102
RTVSPropertyOp5
 70
     1
102
RTVSPropertyOp6
 70
     1
102
RTVSPropertyOp7
 70
     1
102
RTVSPropertyOp8
 70
     1
102
RTVSPropertyOp9
 70
     1
102
RTVSPropertyOp10
 70
     1
102
RTVSPropertyOp11
 70
     1
102
RTVSPropertyOp12
 70
     1
102
RTVSPropertyOp13
 70
     1
102
RTVSPropertyOp14
 70
     1
102
RTVSPropertyOp15
 70
     1
102
RTVSPropertyOp16
 70
     1
102
RTVSPropertyOp17
 70
     1
102
RTVSPropertyOp18
 70
     1
102
RTVSPropertyOp19
 70
     1
102
RTVSPropertyOp20
 70
     1
102
RTVSPropertyOp21
 70
     1
102
RTVSPropertyOp22
 70
     1
102
RTVSPropertyOp23
 70
     1
102
RTVSPropertyOp24
 70
     1
102
RTVSPropertyOp25
 70
     1
102
RTVSPropertyOp26
 70
     1
102
RTVSPropertyOp27
 70
     1
102
RTVSPropertyOp28
 70
     1
102
RTVSPropertyOp29
 70
     1
102
RTVSPropertyOp30
 70
     1
102
RTVSPropertyOp31
 70
     1
102
RTVSPropertyOp32
 70
     1
102
RTVSPropertyOp33
 70
     1
102
RTVSPropertyOp34
 70
     1
102
RTVSPropertyOp35
 70
     1
102
RTVSPropertyOp36
 70
     1
102
RTVSPropertyOp37
 70
     1
102
RTVSPropertyOp38
 70
     1
102
RTVSPropertyOp39
 70
     1
102
RTVSPropertyOp40
 70
     1
102
RTVSPropertyOp41
 70
     1
102
RTVSPropertyOp42
 70
     1
102
RTVSPropertyOp43
 70
     1
102
RTVSPropertyOp44
 70
     1
102
RTVSPropertyOp45
 70
     1
102
RTVSPropertyOp46
 70
     1
102
RTVSPropertyOp47
 70
     1
102
RTVSPropertyOp48
 70
     1
102
RTVSPropertyOp49
 70
     1
102
RTVSPropertyOp50
 70
     1
102
RTVSPropertyOp51
 70
     0
102
RTVSPropertyOp52
 70
     0
102
RTVSPropertyOp53
 70
     1
102
RTVSPropertyOp54
 70
     1
102
RTVSPropertyOp55
 70
     1
102
RTVSPropertyOp56
 70
     1
102
RTVSPropertyOp57
 70
     1
102
RTVSPost2010Prop28
280
     0
102
RTVSPost2010PropOp28
 70
     1
102
RTVSPost2010Prop29
280
     1
102
RTVSPost2010PropOp29
 70
     1
102
RTVSPost2010Prop30
280
     1
102
RTVSPost2010PropOp30
 70
     1
102
RTVSPost2010Prop31
280
     0
102
RTVSPost2010PropOp31
 70
     1
102
RTVSPost2010Prop32
280
     0
102
RTVSPost2010PropOp32
 70
     1
102
RTVSPost2010Prop33
280
     0
102
RTVSPost2010PropOp33
 70
     1
102
RTVSPost2010Prop34
280
     0
102
RTVSPost2010PropOp34
 70
     1
102
RTVSPost2010Prop35
280
     0
102
RTVSPost2010PropOp35
 70
     1
102
RTVSPost2010Prop36
280
     0
102
RTVSPost2010PropOp36
 70
     1
102
RTVSPost2010Prop37
 90
       50
102
RTVSPost2010PropOp37
 70
     1
102
RTVSPost2010Prop38
140
0.0
102
RTVSPost2010PropOp38
 70
     1
102
RTVSPost2010Prop39
140
1.0
102
RTVSPost2010PropOp39
 70
     1
102
RTVSPost2010Prop40
 90
        0
102
RTVSPost2010PropOp40
 70
     1
102
RTVSPost2010Prop41ColorIndex
 90
       18
102
RTVSPost2010Prop41ColorRGB
 90
        0
102
RTVSPost2010PropOp41
 70
     1
102
RTVSPost2010Prop42
 90
       50
102
RTVSPost2010PropOp42
 70
     1
102
RTVSPost2010Prop43
 90
        3
102
RTVSPost2010PropOp43
 70
     1
102
RTVSPost2010Prop44ColorIndex
 90
        5
102
RTVSPost2010Prop44ColorRGB
 90
      255
102
RTVSPost2010PropOp44
 70
     1
102
RTVSPost2010Prop45
280
     0
102
RTVSPost2010PropOp45
 70
     1
102
RTVSPost2010Prop46
 90
       50
102
RTVSPost2010PropOp46
 70
     1
102
RTVSPost2010Prop47
 90
       50
102
RTVSPost2010PropOp47
 70
     1
102
RTVSPost2010Prop48
 90
       50
102
RTVSPost2010PropOp48
 70
     1
102
RTVSPost2010Prop49
280
     0
102
RTVSPost2010PropOp49
 70
     1
102
RTVSPost2010Prop50
 90
       50
102
RTVSPost2010PropOp50
 70
     1
102
RTVSPost2010Prop51ColorIndex
 90
      256
102
RTVSPost2010Prop51ColorRGB
 90
-16777216
102
RTVSPost2010PropOp51
 70
     0
102
RTVSPost2010Prop52
140
1.0
102
RTVSPost2010PropOp52
 70
     0
102
RTVSPost2010Prop53
 90
        2
102
RTVSPost2010PropOp53
 70
     1
102
RTVSPost2010Prop54
  1
strokes_ogs.tif
102
RTVSPost2010PropOp54
 70
     1
102
RTVSPost2010Prop55
280
     0
102
RTVSPost2010PropOp55
 70
     1
102
RTVSPost2010Prop56
140
1.0
102
RTVSPost2010PropOp56
 70
     1
102
RTVSPost2010Prop57
140
1.0
102
RTVSPost2010PropOp57
 70
     1
  0
XRECORD
  5
15B
102
{ACAD_REACTORS
330
15A
102
}
330
15A
100
AcDbXrecord
280
     1
102
RTVSPropertyOp0
 70
     1
102
RTVSPropertyOp1
 70
     1
102
RTVSPropertyOp2
 70
     1
102
RTVSPropertyOp3
 70
     1
102
RTVSPropertyOp4
 70
     1
102
RTVSPropertyOp5
 70
     1
102
RTVSPropertyOp6
 70
     1
102
RTVSPropertyOp7
 70
     1
102
RTVSPropertyOp8
 70
     1
102
RTVSPropertyOp9
 70
     1
102
RTVSPropertyOp10
 70
     1
102
RTVSPropertyOp11
 70
     1
102
RTVSPropertyOp12
 70
     1
102
RTVSPropertyOp13
 70
     1
102
RTVSPropertyOp14
 70
     1
102
RTVSPropertyOp15
 70
     1
102
RTVSPropertyOp16
 70
     1
102
RTVSPropertyOp17
 70
     1
102
RTVSPropertyOp18
 70
     1
102
RTVSPropertyOp19
 70
     1
102
RTVSPropertyOp20
 70
     1
102
RTVSPropertyOp21
 70
     1
102
RTVSPropertyOp22
 70
     1
102
RTVSPropertyOp23
 70
     1
102
RTVSPropertyOp24
 70
     1
102
RTVSPropertyOp25
 70
     1
102
RTVSPropertyOp26
 70
     1
102
RTVSPropertyOp27
 70
     1
102
RTVSPropertyOp28
 70
     1
102
RTVSPropertyOp29
 70
     1
102
RTVSPropertyOp30
 70
     1
102
RTVSPropertyOp31
 70
     1
102
RTVSPropertyOp32
 70
     1
102
RTVSPropertyOp33
 70
     1
102
RTVSPropertyOp34
 70
     1
102
RTVSPropertyOp35
 70
     1
102
RTVSPropertyOp36
 70
     1
102
RTVSPropertyOp37
 70
     1
102
RTVSPropertyOp38
 70
     1
102
RTVSPropertyOp39
 70
     1
102
RTVSPropertyOp40
 70
     1
102
RTVSPropertyOp41
 70
     1
102
RTVSPropertyOp42
 70
     1
102
RTVSPropertyOp43
 70
     1
102
RTVSPropertyOp44
 70
     1
102
RTVSPropertyOp45
 70
     1
102
RTVSPropertyOp46
 70
     1
102
RTVSPropertyOp47
 70
     1
102
RTVSPropertyOp48
 70
     1
102
RTVSPropertyOp49
 70
     1
102
RTVSPropertyOp50
 70
     1
102
RTVSPropertyOp51
 70
     0
102
RTVSPropertyOp52
 70
     0
102
RTVSPropertyOp53
 70
     1
102
RTVSPropertyOp54
 70
     1
102
RTVSPropertyOp55
 70
     1
102
RTVSPropertyOp56
 70
     1
102
RTVSPropertyOp57
 70
     1
102
RTVSPost2010Prop28
280
     0
102
RTVSPost2010PropOp28
 70
     1
102
RTVSPost2010Prop29
280
     1
102
RTVSPost2010PropOp29
 70
     1
102
RTVSPost2010Prop30
280
     1
102
RTVSPost2010PropOp30
 70
     1
102
RTVSPost2010Prop31
280
     0
102
RTVSPost2010PropOp31
 70
     1
102
RTVSPost2010Prop32
280
     0
102
RTVSPost2010PropOp32
 70
     1
102
RTVSPost2010Prop33
280
     0
102
RTVSPost2010PropOp33
 70
     1
102
RTVSPost2010Prop34
280
     0
102
RTVSPost2010PropOp34
 70
     1
102
RTVSPost2010Prop35
280
     0
102
RTVSPost2010PropOp35
 70
     1
102
RTVSPost2010Prop36
280
     0
102
RTVSPost2010PropOp36
 70
     1
102
RTVSPost2010Prop37
 90
       50
102
RTVSPost2010PropOp37
 70
     1
102
RTVSPost2010Prop38
140
0.0
102
RTVSPost2010PropOp38
 70
     1
102
RTVSPost2010Prop39
140
1.0
102
RTVSPost2010PropOp39
 70
     1
102
RTVSPost2010Prop40
 90
        0
102
RTVSPost2010PropOp40
 70
     1
102
RTVSPost2010Prop41ColorIndex
 90
       18
102
RTVSPost2010Prop41ColorRGB
 90
        0
102
RTVSPost2010PropOp41
 70
     1
102
RTVSPost2010Prop42
 90
       50
102
RTVSPost2010PropOp42
 70
     1
102
RTVSPost2010Prop43
 90
        3
102
RTVSPost2010PropOp43
 70
     1
102
RTVSPost2010Prop44ColorIndex
 90
        5
102
RTVSPost2010Prop44ColorRGB
 90
      255
102
RTVSPost2010PropOp44
 70
     1
102
RTVSPost2010Prop45
280
     0
102
RTVSPost2010PropOp45
 70
     1
102
RTVSPost2010Prop46
 90
       50
102
RTVSPost2010PropOp46
 70
     1
102
RTVSPost2010Prop47
 90
       50
102
RTVSPost2010PropOp47
 70
     1
102
RTVSPost2010Prop48
 90
       50
102
RTVSPost2010PropOp48
 70
     1
102
RTVSPost2010Prop49
280
     0
102
RTVSPost2010PropOp49
 70
     1
102
RTVSPost2010Prop50
 90
       50
102
RTVSPost2010PropOp50
 70
     1
102
RTVSPost2010Prop51ColorIndex
 90
      256
102
RTVSPost2010Prop51ColorRGB
 90
-16777216
102
RTVSPost2010PropOp51
 70
     0
102
RTVSPost2010Prop52
140
1.0
102
RTVSPost2010PropOp52
 70
     0
102
RTVSPost2010Prop53
 90
        2
102
RTVSPost2010PropOp53
 70
     1
102
RTVSPost2010Prop54
  1
strokes_ogs.tif
102
RTVSPost2010PropOp54
 70
     1
102
RTVSPost2010Prop55
280
     0
102
RTVSPost2010PropOp55
 70
     1
102
RTVSPost2010Prop56
140
1.0
102
RTVSPost2010PropOp56
 70
     1
102
RTVSPost2010Prop57
140
1.0
102
RTVSPost2010PropOp57
 70
     1
  0
XRECORD
  5
14B
102
{ACAD_REACTORS
330
14A
102
}
330
14A
100
AcDbXrecord
280
     1
102
RTVSPropertyOp0
 70
     1
102
RTVSPropertyOp1
 70
     1
102
RTVSPropertyOp2
 70
     1
102
RTVSPropertyOp3
 70
     1
102
RTVSPropertyOp4
 70
     1
102
RTVSPropertyOp5
 70
     1
102
RTVSPropertyOp6
 70
     1
102
RTVSPropertyOp7
 70
     1
102
RTVSPropertyOp8
 70
     1
102
RTVSPropertyOp9
 70
     1
102
RTVSPropertyOp10
 70
     1
102
RTVSPropertyOp11
 70
     1
102
RTVSPropertyOp12
 70
     1
102
RTVSPropertyOp13
 70
     1
102
RTVSPropertyOp14
 70
     1
102
RTVSPropertyOp15
 70
     1
102
RTVSPropertyOp16
 70
     1
102
RTVSPropertyOp17
 70
     1
102
RTVSPropertyOp18
 70
     1
102
RTVSPropertyOp19
 70
     1
102
RTVSPropertyOp20
 70
     1
102
RTVSPropertyOp21
 70
     1
102
RTVSPropertyOp22
 70
     1
102
RTVSPropertyOp23
 70
     1
102
RTVSPropertyOp24
 70
     1
102
RTVSPropertyOp25
 70
     1
102
RTVSPropertyOp26
 70
     1
102
RTVSPropertyOp27
 70
     1
102
RTVSPropertyOp28
 70
     1
102
RTVSPropertyOp29
 70
     1
102
RTVSPropertyOp30
 70
     1
102
RTVSPropertyOp31
 70
     1
102
RTVSPropertyOp32
 70
     1
102
RTVSPropertyOp33
 70
     1
102
RTVSPropertyOp34
 70
     1
102
RTVSPropertyOp35
 70
     1
102
RTVSPropertyOp36
 70
     1
102
RTVSPropertyOp37
 70
     1
102
RTVSPropertyOp38
 70
     1
102
RTVSPropertyOp39
 70
     1
102
RTVSPropertyOp40
 70
     1
102
RTVSPropertyOp41
 70
     1
102
RTVSPropertyOp42
 70
     1
102
RTVSPropertyOp43
 70
     1
102
RTVSPropertyOp44
 70
     1
102
RTVSPropertyOp45
 70
     1
102
RTVSPropertyOp46
 70
     1
102
RTVSPropertyOp47
 70
     1
102
RTVSPropertyOp48
 70
     1
102
RTVSPropertyOp49
 70
     1
102
RTVSPropertyOp50
 70
     1
102
RTVSPropertyOp51
 70
     0
102
RTVSPropertyOp52
 70
     0
102
RTVSPropertyOp53
 70
     1
102
RTVSPropertyOp54
 70
     1
102
RTVSPropertyOp55
 70
     1
102
RTVSPropertyOp56
 70
     1
102
RTVSPropertyOp57
 70
     1
102
RTVSPost2010Prop28
280
     0
102
RTVSPost2010PropOp28
 70
     1
102
RTVSPost2010Prop29
280
     1
102
RTVSPost2010PropOp29
 70
     1
102
RTVSPost2010Prop30
280
     1
102
RTVSPost2010PropOp30
 70
     1
102
RTVSPost2010Prop31
280
     0
102
RTVSPost2010PropOp31
 70
     1
102
RTVSPost2010Prop32
280
     0
102
RTVSPost2010PropOp32
 70
     1
102
RTVSPost2010Prop33
280
     0
102
RTVSPost2010PropOp33
 70
     1
102
RTVSPost2010Prop34
280
     0
102
RTVSPost2010PropOp34
 70
     1
102
RTVSPost2010Prop35
280
     0
102
RTVSPost2010PropOp35
 70
     1
102
RTVSPost2010Prop36
280
     0
102
RTVSPost2010PropOp36
 70
     1
102
RTVSPost2010Prop37
 90
       50
102
RTVSPost2010PropOp37
 70
     1
102
RTVSPost2010Prop38
140
0.0
102
RTVSPost2010PropOp38
 70
     1
102
RTVSPost2010Prop39
140
1.0
102
RTVSPost2010PropOp39
 70
     1
102
RTVSPost2010Prop40
 90
        0
102
RTVSPost2010PropOp40
 70
     1
102
RTVSPost2010Prop41ColorIndex
 90
       18
102
RTVSPost2010Prop41ColorRGB
 90
        0
102
RTVSPost2010PropOp41
 70
     1
102
RTVSPost2010Prop42
 90
       50
102
RTVSPost2010PropOp42
 70
     1
102
RTVSPost2010Prop43
 90
        3
102
RTVSPost2010PropOp43
 70
     1
102
RTVSPost2010Prop44ColorIndex
 90
        5
102
RTVSPost2010Prop44ColorRGB
 90
      255
102
RTVSPost2010PropOp44
 70
     1
102
RTVSPost2010Prop45
280
     0
102
RTVSPost2010PropOp45
 70
     1
102
RTVSPost2010Prop46
 90
       50
102
RTVSPost2010PropOp46
 70
     1
102
RTVSPost2010Prop47
 90
       50
102
RTVSPost2010PropOp47
 70
     1
102
RTVSPost2010Prop48
 90
       50
102
RTVSPost2010PropOp48
 70
     1
102
RTVSPost2010Prop49
280
     0
102
RTVSPost2010PropOp49
 70
     1
102
RTVSPost2010Prop50
 90
       50
102
RTVSPost2010PropOp50
 70
     1
102
RTVSPost2010Prop51ColorIndex
 90
      256
102
RTVSPost2010Prop51ColorRGB
 90
-16777216
102
RTVSPost2010PropOp51
 70
     0
102
RTVSPost2010Prop52
140
1.0
102
RTVSPost2010PropOp52
 70
     0
102
RTVSPost2010Prop53
 90
        2
102
RTVSPost2010PropOp53
 70
     1
102
RTVSPost2010Prop54
  1
strokes_ogs.tif
102
RTVSPost2010PropOp54
 70
     1
102
RTVSPost2010Prop55
280
     0
102
RTVSPost2010PropOp55
 70
     1
102
RTVSPost2010Prop56
140
1.0
102
RTVSPost2010PropOp56
 70
     1
102
RTVSPost2010Prop57
140
1.0
102
RTVSPost2010PropOp57
 70
     1
  0
XRECORD
  5
13D
102
{ACAD_REACTORS
330
13C
102
}
330
13C
100
AcDbXrecord
280
     1
102
RTVSPropertyOp0
 70
     1
102
RTVSPropertyOp1
 70
     1
102
RTVSPropertyOp2
 70
     1
102
RTVSPropertyOp3
 70
     1
102
RTVSPropertyOp4
 70
     1
102
RTVSPropertyOp5
 70
     1
102
RTVSPropertyOp6
 70
     1
102
RTVSPropertyOp7
 70
     1
102
RTVSPropertyOp8
 70
     1
102
RTVSPropertyOp9
 70
     1
102
RTVSPropertyOp10
 70
     1
102
RTVSPropertyOp11
 70
     1
102
RTVSPropertyOp12
 70
     1
102
RTVSPropertyOp13
 70
     1
102
RTVSPropertyOp14
 70
     1
102
RTVSPropertyOp15
 70
     1
102
RTVSPropertyOp16
 70
     1
102
RTVSPropertyOp17
 70
     1
102
RTVSPropertyOp18
 70
     1
102
RTVSPropertyOp19
 70
     1
102
RTVSPropertyOp20
 70
     1
102
RTVSPropertyOp21
 70
     1
102
RTVSPropertyOp22
 70
     1
102
RTVSPropertyOp23
 70
     1
102
RTVSPropertyOp24
 70
     1
102
RTVSPropertyOp25
 70
     1
102
RTVSPropertyOp26
 70
     1
102
RTVSPropertyOp27
 70
     1
102
RTVSPropertyOp28
 70
     1
102
RTVSPropertyOp29
 70
     1
102
RTVSPropertyOp30
 70
     1
102
RTVSPropertyOp31
 70
     1
102
RTVSPropertyOp32
 70
     1
102
RTVSPropertyOp33
 70
     1
102
RTVSPropertyOp34
 70
     1
102
RTVSPropertyOp35
 70
     1
102
RTVSPropertyOp36
 70
     1
102
RTVSPropertyOp37
 70
     1
102
RTVSPropertyOp38
 70
     1
102
RTVSPropertyOp39
 70
     1
102
RTVSPropertyOp40
 70
     1
102
RTVSPropertyOp41
 70
     1
102
RTVSPropertyOp42
 70
     1
102
RTVSPropertyOp43
 70
     1
102
RTVSPropertyOp44
 70
     1
102
RTVSPropertyOp45
 70
     1
102
RTVSPropertyOp46
 70
     1
102
RTVSPropertyOp47
 70
     1
102
RTVSPropertyOp48
 70
     1
102
RTVSPropertyOp49
 70
     1
102
RTVSPropertyOp50
 70
     1
102
RTVSPropertyOp51
 70
     0
102
RTVSPropertyOp52
 70
     0
102
RTVSPropertyOp53
 70
     1
102
RTVSPropertyOp54
 70
     1
102
RTVSPropertyOp55
 70
     1
102
RTVSPropertyOp56
 70
     1
102
RTVSPropertyOp57
 70
     1
102
RTVSPost2010Prop28
280
     0
102
RTVSPost2010PropOp28
 70
     1
102
RTVSPost2010Prop29
280
     1
102
RTVSPost2010PropOp29
 70
     1
102
RTVSPost2010Prop30
280
     1
102
RTVSPost2010PropOp30
 70
     1
102
RTVSPost2010Prop31
280
     0
102
RTVSPost2010PropOp31
 70
     1
102
RTVSPost2010Prop32
280
     0
102
RTVSPost2010PropOp32
 70
     1
102
RTVSPost2010Prop33
280
     0
102
RTVSPost2010PropOp33
 70
     1
102
RTVSPost2010Prop34
280
     0
102
RTVSPost2010PropOp34
 70
     1
102
RTVSPost2010Prop35
280
     0
102
RTVSPost2010PropOp35
 70
     1
102
RTVSPost2010Prop36
280
     0
102
RTVSPost2010PropOp36
 70
     1
102
RTVSPost2010Prop37
 90
       50
102
RTVSPost2010PropOp37
 70
     1
102
RTVSPost2010Prop38
140
0.0
102
RTVSPost2010PropOp38
 70
     1
102
RTVSPost2010Prop39
140
1.0
102
RTVSPost2010PropOp39
 70
     1
102
RTVSPost2010Prop40
 90
        0
102
RTVSPost2010PropOp40
 70
     1
102
RTVSPost2010Prop41ColorIndex
 90
       18
102
RTVSPost2010Prop41ColorRGB
 90
        0
102
RTVSPost2010PropOp41
 70
     1
102
RTVSPost2010Prop42
 90
       50
102
RTVSPost2010PropOp42
 70
     1
102
RTVSPost2010Prop43
 90
        3
102
RTVSPost2010PropOp43
 70
     1
102
RTVSPost2010Prop44ColorIndex
 90
        5
102
RTVSPost2010Prop44ColorRGB
 90
      255
102
RTVSPost2010PropOp44
 70
     1
102
RTVSPost2010Prop45
280
     0
102
RTVSPost2010PropOp45
 70
     1
102
RTVSPost2010Prop46
 90
       50
102
RTVSPost2010PropOp46
 70
     1
102
RTVSPost2010Prop47
 90
       50
102
RTVSPost2010PropOp47
 70
     1
102
RTVSPost2010Prop48
 90
       50
102
RTVSPost2010PropOp48
 70
     1
102
RTVSPost2010Prop49
280
     0
102
RTVSPost2010PropOp49
 70
     1
102
RTVSPost2010Prop50
 90
       50
102
RTVSPost2010PropOp50
 70
     1
102
RTVSPost2010Prop51ColorIndex
 90
      256
102
RTVSPost2010Prop51ColorRGB
 90
-16777216
102
RTVSPost2010PropOp51
 70
     0
102
RTVSPost2010Prop52
140
1.0
102
RTVSPost2010PropOp52
 70
     0
102
RTVSPost2010Prop53
 90
        2
102
RTVSPost2010PropOp53
 70
     1
102
RTVSPost2010Prop54
  1
strokes_ogs.tif
102
RTVSPost2010PropOp54
 70
     1
102
RTVSPost2010Prop55
280
     0
102
RTVSPost2010PropOp55
 70
     1
102
RTVSPost2010Prop56
140
1.0
102
RTVSPost2010PropOp56
 70
     1
102
RTVSPost2010Prop57
140
1.0
102
RTVSPost2010PropOp57
 70
     1
  0
XRECORD
  5
15D
102
{ACAD_REACTORS
330
15C
102
}
330
15C
100
AcDbXrecord
280
     1
102
RTVSPropertyOp0
 70
     1
102
RTVSPropertyOp1
 70
     1
102
RTVSPropertyOp2
 70
     1
102
RTVSPropertyOp3
 70
     1
102
RTVSPropertyOp4
 70
     1
102
RTVSPropertyOp5
 70
     1
102
RTVSPropertyOp6
 70
     1
102
RTVSPropertyOp7
 70
     1
102
RTVSPropertyOp8
 70
     1
102
RTVSPropertyOp9
 70
     1
102
RTVSPropertyOp10
 70
     1
102
RTVSPropertyOp11
 70
     1
102
RTVSPropertyOp12
 70
     1
102
RTVSPropertyOp13
 70
     1
102
RTVSPropertyOp14
 70
     1
102
RTVSPropertyOp15
 70
     1
102
RTVSPropertyOp16
 70
     1
102
RTVSPropertyOp17
 70
     1
102
RTVSPropertyOp18
 70
     1
102
RTVSPropertyOp19
 70
     1
102
RTVSPropertyOp20
 70
     1
102
RTVSPropertyOp21
 70
     1
102
RTVSPropertyOp22
 70
     1
102
RTVSPropertyOp23
 70
     1
102
RTVSPropertyOp24
 70
     1
102
RTVSPropertyOp25
 70
     1
102
RTVSPropertyOp26
 70
     1
102
RTVSPropertyOp27
 70
     1
102
RTVSPropertyOp28
 70
     1
102
RTVSPropertyOp29
 70
     1
102
RTVSPropertyOp30
 70
     1
102
RTVSPropertyOp31
 70
     1
102
RTVSPropertyOp32
 70
     1
102
RTVSPropertyOp33
 70
     1
102
RTVSPropertyOp34
 70
     1
102
RTVSPropertyOp35
 70
     1
102
RTVSPropertyOp36
 70
     1
102
RTVSPropertyOp37
 70
     1
102
RTVSPropertyOp38
 70
     1
102
RTVSPropertyOp39
 70
     1
102
RTVSPropertyOp40
 70
     1
102
RTVSPropertyOp41
 70
     1
102
RTVSPropertyOp42
 70
     1
102
RTVSPropertyOp43
 70
     1
102
RTVSPropertyOp44
 70
     1
102
RTVSPropertyOp45
 70
     1
102
RTVSPropertyOp46
 70
     1
102
RTVSPropertyOp47
 70
     1
102
RTVSPropertyOp48
 70
     1
102
RTVSPropertyOp49
 70
     1
102
RTVSPropertyOp50
 70
     1
102
RTVSPropertyOp51
 70
     0
102
RTVSPropertyOp52
 70
     0
102
RTVSPropertyOp53
 70
     1
102
RTVSPropertyOp54
 70
     1
102
RTVSPropertyOp55
 70
     1
102
RTVSPropertyOp56
 70
     1
102
RTVSPropertyOp57
 70
     1
102
RTVSPost2010Prop28
280
     0
102
RTVSPost2010PropOp28
 70
     1
102
RTVSPost2010Prop29
280
     1
102
RTVSPost2010PropOp29
 70
     1
102
RTVSPost2010Prop30
280
     1
102
RTVSPost2010PropOp30
 70
     1
102
RTVSPost2010Prop31
280
     0
102
RTVSPost2010PropOp31
 70
     1
102
RTVSPost2010Prop32
280
     0
102
RTVSPost2010PropOp32
 70
     1
102
RTVSPost2010Prop33
280
     0
102
RTVSPost2010PropOp33
 70
     1
102
RTVSPost2010Prop34
280
     0
102
RTVSPost2010PropOp34
 70
     1
102
RTVSPost2010Prop35
280
     0
102
RTVSPost2010PropOp35
 70
     1
102
RTVSPost2010Prop36
280
     0
102
RTVSPost2010PropOp36
 70
     1
102
RTVSPost2010Prop37
 90
       50
102
RTVSPost2010PropOp37
 70
     1
102
RTVSPost2010Prop38
140
0.0
102
RTVSPost2010PropOp38
 70
     1
102
RTVSPost2010Prop39
140
1.0
102
RTVSPost2010PropOp39
 70
     1
102
RTVSPost2010Prop40
 90
        0
102
RTVSPost2010PropOp40
 70
     1
102
RTVSPost2010Prop41ColorIndex
 90
       18
102
RTVSPost2010Prop41ColorRGB
 90
        0
102
RTVSPost2010PropOp41
 70
     1
102
RTVSPost2010Prop42
 90
       50
102
RTVSPost2010PropOp42
 70
     1
102
RTVSPost2010Prop43
 90
        3
102
RTVSPost2010PropOp43
 70
     1
102
RTVSPost2010Prop44ColorIndex
 90
        5
102
RTVSPost2010Prop44ColorRGB
 90
      255
102
RTVSPost2010PropOp44
 70
     1
102
RTVSPost2010Prop45
280
     0
102
RTVSPost2010PropOp45
 70
     1
102
RTVSPost2010Prop46
 90
       50
102
RTVSPost2010PropOp46
 70
     1
102
RTVSPost2010Prop47
 90
       50
102
RTVSPost2010PropOp47
 70
     1
102
RTVSPost2010Prop48
 90
       50
102
RTVSPost2010PropOp48
 70
     1
102
RTVSPost2010Prop49
280
     0
102
RTVSPost2010PropOp49
 70
     1
102
RTVSPost2010Prop50
 90
       50
102
RTVSPost2010PropOp50
 70
     1
102
RTVSPost2010Prop51ColorIndex
 90
      256
102
RTVSPost2010Prop51ColorRGB
 90
-16777216
102
RTVSPost2010PropOp51
 70
     0
102
RTVSPost2010Prop52
140
1.0
102
RTVSPost2010PropOp52
 70
     0
102
RTVSPost2010Prop53
 90
        2
102
RTVSPost2010PropOp53
 70
     1
102
RTVSPost2010Prop54
  1
strokes_ogs.tif
102
RTVSPost2010PropOp54
 70
     1
102
RTVSPost2010Prop55
280
     0
102
RTVSPost2010PropOp55
 70
     1
102
RTVSPost2010Prop56
140
1.0
102
RTVSPost2010PropOp56
 70
     1
102
RTVSPost2010Prop57
140
1.0
102
RTVSPost2010PropOp57
 70
     1
  0
ENDSEC
  0
EOF
