  0
SECTION
  2
HEADER
  9
$ACADVER
  1
AC1018
  9
$ACADMAINTVER
 70
     0
  9
$DWGCODEPAGE
  3
ANSI_1252
  9
$INSBASE
 10
0.0
 20
0.0
 30
0.0
  9
$EXTMIN
 10
-1717.975775217889
 20
-284.5125995399993
 30
0.0
  9
$EXTMAX
 10
1693.199617622187
 20
449.931465472236
 30
0.0
  9
$LIMMIN
 10
0.0
 20
0.0
  9
$LIMMAX
 10
12.0
 20
9.0
  9
$ORTHOMODE
 70
     0
  9
$REGENMODE
 70
     1
  9
$FILLMODE
 70
     1
  9
$QTEXTMODE
 70
     0
  9
$MIRRTEXT
 70
     1
  9
$LTSCALE
 40
1.0
  9
$ATTMODE
 70
     1
  9
$TEXTSIZE
 40
0.2
  9
$TRACEWID
 40
0.05
  9
$TEXTSTYLE
  7
Standard
  9
$CLAYER
  8
0
  9
$CELTYPE
  6
ByLayer
  9
$CECOLOR
 62
   256
  9
$CELTSCALE
 40
1.0
  9
$DISPSILH
 70
     0
  9
$DIMSCALE
 40
1.0
  9
$DIMASZ
 40
0.18
  9
$DIMEXO
 40
0.0625
  9
$DIMDLI
 40
0.38
  9
$DIMRND
 40
0.0
  9
$DIMDLE
 40
0.0
  9
$DIMEXE
 40
0.18
  9
$DIMTP
 40
0.0
  9
$DIMTM
 40
0.0
  9
$DIMTXT
 40
0.18
  9
$DIMCEN
 40
0.09
  9
$DIMTSZ
 40
0.0
  9
$DIMTOL
 70
     0
  9
$DIMLIM
 70
     0
  9
$DIMTIH
 70
     1
  9
$DIMTOH
 70
     1
  9
$DIMSE1
 70
     0
  9
$DIMSE2
 70
     0
  9
$DIMTAD
 70
     0
  9
$DIMZIN
 70
     0
  9
$DIMBLK
  1

  9
$DIMASO
 70
     1
  9
$DIMSHO
 70
     1
  9
$DIMPOST
  1

  9
$DIMAPOST
  1

  9
$DIMALT
 70
     0
  9
$DIMALTD
 70
     2
  9
$DIMALTF
 40
25.4
  9
$DIMLFAC
 40
1.0
  9
$DIMTOFL
 70
     0
  9
$DIMTVP
 40
0.0
  9
$DIMTIX
 70
     0
  9
$DIMSOXD
 70
     0
  9
$DIMSAH
 70
     0
  9
$DIMBLK1
  1

  9
$DIMBLK2
  1

  9
$DIMSTYLE
  2
Standard
  9
$DIMCLRD
 70
     0
  9
$DIMCLRE
 70
     0
  9
$DIMCLRT
 70
     0
  9
$DIMTFAC
 40
1.0
  9
$DIMGAP
 40
0.09
  9
$DIMJUST
 70
     0
  9
$DIMSD1
 70
     0
  9
$DIMSD2
 70
     0
  9
$DIMTOLJ
 70
     1
  9
$DIMTZIN
 70
     0
  9
$DIMALTZ
 70
     0
  9
$DIMALTTZ
 70
     0
  9
$DIMUPT
 70
     0
  9
$DIMDEC
 70
     4
  9
$DIMTDEC
 70
     4
  9
$DIMALTU
 70
     2
  9
$DIMALTTD
 70
     2
  9
$DIMTXSTY
  7
Standard
  9
$DIMAUNIT
 70
     0
  9
$DIMADEC
 70
     0
  9
$DIMALTRND
 40
0.0
  9
$DIMAZIN
 70
     0
  9
$DIMDSEP
 70
    46
  9
$DIMATFIT
 70
     3
  9
$DIMFRAC
 70
     0
  9
$DIMLDRBLK
  1

  9
$DIMLUNIT
 70
     2
  9
$DIMLWD
 70
    -2
  9
$DIMLWE
 70
    -2
  9
$DIMTMOVE
 70
     2
  9
$LUNITS
 70
     2
  9
$LUPREC
 70
     3
  9
$SKETCHINC
 40
0.1
  9
$FILLETRAD
 40
0.5
  9
$AUNITS
 70
     0
  9
$AUPREC
 70
     0
  9
$MENU
  1
.
  9
$ELEVATION
 40
0.0
  9
$PELEVATION
 40
0.0
  9
$THICKNESS
 40
0.0
  9
$LIMCHECK
 70
     0
  9
$CHAMFERA
 40
0.0
  9
$CHAMFERB
 40
0.0
  9
$CHAMFERC
 40
0.0
  9
$CHAMFERD
 40
0.0
  9
$SKPOLY
 70
     0
  9
$TDCREATE
 40
2457139.703541053
  9
$TDUCREATE
 40
2457139.828541053
  9
$TDUPDATE
 40
2457139.7035564
  9
$TDUUPDATE
 40
2457139.8285564
  9
$TDINDWG
 40
0.0000000116
  9
$TDUSRTIMER
 40
0.0000000116
  9
$USRTIMER
 70
     1
  9
$ANGBASE
 50
0.0
  9
$ANGDIR
 70
     0
  9
$PDMODE
 70
     0
  9
$PDSIZE
 40
0.0
  9
$PLINEWID
 40
0.0
  9
$SPLFRAME
 70
     0
  9
$SPLINETYPE
 70
     6
  9
$SPLINESEGS
 70
     8
  9
$HANDSEED
  5
320
  9
$SURFTAB1
 70
     6
  9
$SURFTAB2
 70
     6
  9
$SURFTYPE
 70
     6
  9
$SURFU
 70
     6
  9
$SURFV
 70
     6
  9
$UCSBASE
  2

  9
$UCSNAME
  2

  9
$UCSORG
 10
0.0
 20
0.0
 30
0.0
  9
$UCSXDIR
 10
1.0
 20
0.0
 30
0.0
  9
$UCSYDIR
 10
0.0
 20
1.0
 30
0.0
  9
$UCSORTHOREF
  2

  9
$UCSORTHOVIEW
 70
     0
  9
$UCSORGTOP
 10
0.0
 20
0.0
 30
0.0
  9
$UCSORGBOTTOM
 10
0.0
 20
0.0
 30
0.0
  9
$UCSORGLEFT
 10
0.0
 20
0.0
 30
0.0
  9
$UCSORGRIGHT
 10
0.0
 20
0.0
 30
0.0
  9
$UCSORGFRONT
 10
0.0
 20
0.0
 30
0.0
  9
$UCSORGBACK
 10
0.0
 20
0.0
 30
0.0
  9
$PUCSBASE
  2

  9
$PUCSNAME
  2

  9
$PUCSORG
 10
0.0
 20
0.0
 30
0.0
  9
$PUCSXDIR
 10
1.0
 20
0.0
 30
0.0
  9
$PUCSYDIR
 10
0.0
 20
1.0
 30
0.0
  9
$PUCSORTHOREF
  2

  9
$PUCSORTHOVIEW
 70
     0
  9
$PUCSORGTOP
 10
0.0
 20
0.0
 30
0.0
  9
$PUCSORGBOTTOM
 10
0.0
 20
0.0
 30
0.0
  9
$PUCSORGLEFT
 10
0.0
 20
0.0
 30
0.0
  9
$PUCSORGRIGHT
 10
0.0
 20
0.0
 30
0.0
  9
$PUCSORGFRONT
 10
0.0
 20
0.0
 30
0.0
  9
$PUCSORGBACK
 10
0.0
 20
0.0
 30
0.0
  9
$USERI1
 70
     0
  9
$USERI2
 70
     0
  9
$USERI3
 70
     0
  9
$USERI4
 70
     0
  9
$USERI5
 70
     0
  9
$USERR1
 40
0.0
  9
$USERR2
 40
0.0
  9
$USERR3
 40
0.0
  9
$USERR4
 40
0.0
  9
$USERR5
 40
0.0
  9
$WORLDVIEW
 70
     1
  9
$SHADEDGE
 70
     3
  9
$SHADEDIF
 70
    70
  9
$TILEMODE
 70
     1
  9
$MAXACTVP
 70
    64
  9
$PINSBASE
 10
0.0
 20
0.0
 30
0.0
  9
$PLIMCHECK
 70
     0
  9
$PEXTMIN
 10
1.000000000000000E+20
 20
1.000000000000000E+20
 30
1.000000000000000E+20
  9
$PEXTMAX
 10
-1.000000000000000E+20
 20
-1.000000000000000E+20
 30
-1.000000000000000E+20
  9
$PLIMMIN
 10
0.0
 20
0.0
  9
$PLIMMAX
 10
12.0
 20
9.0
  9
$UNITMODE
 70
     0
  9
$VISRETAIN
 70
     1
  9
$PLINEGEN
 70
     0
  9
$PSLTSCALE
 70
     1
  9
$TREEDEPTH
 70
  3020
  9
$CMLSTYLE
  2
Standard
  9
$CMLJUST
 70
     0
  9
$CMLSCALE
 40
1.0
  9
$PROXYGRAPHICS
 70
     1
  9
$MEASUREMENT
 70
     0
  9
$CELWEIGHT
370
    -1
  9
$ENDCAPS
280
     0
  9
$JOINSTYLE
280
     0
  9
$LWDISPLAY
290
     0
  9
$INSUNITS
 70
     4
  9
$HYPERLINKBASE
  1

  9
$STYLESHEET
  1

  9
$XEDIT
290
     1
  9
$CEPSNTYPE
380
     0
  9
$PSTYLEMODE
290
     1
  9
$FINGERPRINTGUID
  2
{3DB87F99-24A5-467A-9CA6-1AC07926BC6D}
  9
$VERSIONGUID
  2
{FAEB1C32-E019-11D5-929B-00C0DF256EC4}
  9
$EXTNAMES
290
     1
  9
$PSVPSCALE
 40
0.0
  9
$OLESTARTUP
290
     0
  9
$SORTENTS
280
   127
  9
$INDEXCTL
280
     0
  9
$HIDETEXT
280
     1
  9
$XCLIPFRAME
290
     0
  9
$HALOGAP
280
     0
  9
$OBSCOLOR
 70
   257
  9
$OBSLTYPE
280
     0
  9
$INTERSECTIONDISPLAY
280
     0
  9
$INTERSECTIONCOLOR
 70
   257
  9
$DIMASSOC
280
     2
  9
$PROJECTNAME
  1

  0
ENDSEC
  0
SECTION
  2
CLASSES
  0
CLASS
  1
ACDBDICTIONARYWDFLT
  2
AcDbDictionaryWithDefault
  3
ObjectDBX Classes
 90
        0
 91
        4
280
     0
281
     0
  0
CLASS
  1
VISUALSTYLE
  2
AcDbVisualStyle
  3
ObjectDBX Classes
 90
     4095
 91
        4
280
     0
281
     0
  0
CLASS
  1
MATERIAL
  2
AcDbMaterial
  3
ObjectDBX Classes
 90
     1153
 91
        4
280
     0
281
     0
  0
CLASS
  1
SCALE
  2
AcDbScale
  3
ObjectDBX Classes
 90
     1153
 91
        4
280
     0
281
     0
  0
CLASS
  1
SUN
  2
AcDbSun
  3
SCENEOE
 90
     1153
 91
        4
280
     0
281
     0
  0
CLASS
  1
DICTIONARYVAR
  2
AcDbDictionaryVar
  3
ObjectDBX Classes
 90
        0
 91
        4
280
     0
281
     0
  0
ENDSEC
  0
SECTION
  2
TABLES
  0
TABLE
  2
VPORT
  5
8
330
0
100
AcDbSymbolTable
 70
     1
  0
VPORT
  5
29
330
8
100
AcDbSymbolTableRecord
100
AcDbViewportTableRecord
  2
*Active
 70
     0
 10
0.0
 20
0.0
 11
1.0
 21
1.0
 12
-12.38807879785099
 22
82.70943296611836
 13
0.0
 23
0.0
 14
0.5
 24
0.5
 15
0.5
 25
0.5
 16
0.0
 26
0.0
 36
1.0
 17
0.0
 27
0.0
 37
0.0
 40
749.13294631248
 41
4.644567987329638
 42
50.0
 43
0.0
 44
0.0
 50
0.0
 51
0.0
 71
     0
 72
   100
 73
     1
 74
     3
 75
     0
 76
     0
 77
     0
 78
     0
281
     0
 65
     1
110
0.0
120
0.0
130
0.0
111
1.0
121
0.0
131
0.0
112
0.0
122
1.0
132
0.0
 79
     0
146
0.0
  0
ENDTAB
  0
TABLE
  2
LTYPE
  5
5
330
0
100
AcDbSymbolTable
 70
     1
  0
LTYPE
  5
14
330
5
100
AcDbSymbolTableRecord
100
AcDbLinetypeTableRecord
  2
ByBlock
 70
     0
  3

 72
    65
 73
     0
 40
0.0
  0
LTYPE
  5
15
330
5
100
AcDbSymbolTableRecord
100
AcDbLinetypeTableRecord
  2
ByLayer
 70
     0
  3

 72
    65
 73
     0
 40
0.0
  0
LTYPE
  5
16
330
5
100
AcDbSymbolTableRecord
100
AcDbLinetypeTableRecord
  2
Continuous
 70
     0
  3
Solid line
 72
    65
 73
     0
 40
0.0
  0
ENDTAB
  0
TABLE
  2
LAYER
  5
2
330
0
100
AcDbSymbolTable
 70
     2
  0
LAYER
  5
10
330
2
100
AcDbSymbolTableRecord
100
AcDbLayerTableRecord
  2
0
 70
     0
 62
     7
  6
Continuous
370
    -3
390
F
  0
LAYER
  5
6A
330
2
100
AcDbSymbolTableRecord
100
AcDbLayerTableRecord
  2
Dibujo2D$visible$líneas
 70
     0
 62
    18
420
        0
  6
Continuous
370
    -3
390
F
  0
ENDTAB
  0
TABLE
  2
STYLE
  5
3
330
0
100
AcDbSymbolTable
 70
     1
  0
STYLE
  5
11
330
3
100
AcDbSymbolTableRecord
100
AcDbTextStyleTableRecord
  2
Standard
 70
     0
 40
0.0
 41
1.0
 50
0.0
 71
     0
 42
0.2
  3
txt
  4

  0
ENDTAB
  0
TABLE
  2
VIEW
  5
6
330
0
100
AcDbSymbolTable
 70
     0
  0
ENDTAB
  0
TABLE
  2
UCS
  5
7
330
0
100
AcDbSymbolTable
 70
     0
  0
ENDTAB
  0
TABLE
  2
APPID
  5
9
330
0
100
AcDbSymbolTable
 70
     1
  0
APPID
  5
12
330
9
100
AcDbSymbolTableRecord
100
AcDbRegAppTableRecord
  2
ACAD
 70
     0
  0
ENDTAB
  0
TABLE
  2
DIMSTYLE
  5
A
330
0
100
AcDbSymbolTable
 70
     1
100
AcDbDimStyleTable
  0
DIMSTYLE
105
27
330
A
100
AcDbSymbolTableRecord
100
AcDbDimStyleTableRecord
  2
Standard
 70
     0
178
     0
340
11
  0
ENDTAB
  0
TABLE
  2
BLOCK_RECORD
  5
1
330
0
100
AcDbSymbolTable
 70
     1
  0
BLOCK_RECORD
  5
1F
330
1
100
AcDbSymbolTableRecord
100
AcDbBlockTableRecord
  2
*Model_Space
340
22
  0
BLOCK_RECORD
  5
1B
330
1
100
AcDbSymbolTableRecord
100
AcDbBlockTableRecord
  2
*Paper_Space
340
1E
  0
BLOCK_RECORD
  5
23
330
1
100
AcDbSymbolTableRecord
100
AcDbBlockTableRecord
  2
*Paper_Space0
340
26
  0
ENDTAB
  0
ENDSEC
  0
SECTION
  2
BLOCKS
  0
BLOCK
  5
20
330
1F
100
AcDbEntity
  8
0
100
AcDbBlockBegin
  2
*Model_Space
 70
     0
 10
0.0
 20
0.0
 30
0.0
  3
*Model_Space
  1
*Model_Space
  0
ENDBLK
  5
21
330
1F
100
AcDbEntity
  8
0
100
AcDbBlockEnd
  0
BLOCK
  5
1C
330
1B
100
AcDbEntity
 67
     1
  8
0
100
AcDbBlockBegin
  2
*Paper_Space
 70
     0
 10
0.0
 20
0.0
 30
0.0
  3
*Paper_Space
  1
*Paper_Space
  0
ENDBLK
  5
1D
330
1B
100
AcDbEntity
 67
     1
  8
0
100
AcDbBlockEnd
  0
BLOCK
  5
24
330
23
100
AcDbEntity
  8
0
100
AcDbBlockBegin
  2
*Paper_Space0
 70
     0
 10
0.0
 20
0.0
 30
0.0
  3
*Paper_Space0
  1
*Paper_Space0
  0
ENDBLK
  5
25
330
23
100
AcDbEntity
  8
0
100
AcDbBlockEnd
  0
ENDSEC
  0
SECTION
  2
ENTITIES
  0
SPLINE
  5
6B
330
1F
100
AcDbEntity
  8
Dibujo2D$visible$líneas
100
AcDbSpline
210
0.0
220
0.0
230
1.0
 70
    12
 71
     2
 72
     6
 73
     3
 74
     0
 42
0.000000001
 43
0.0000000001
 40
-260.74
 40
-260.74
 40
-260.74
 40
-245.032036732051
 40
-245.032036732051
 40
-245.032036732051
 10
625.0834781871085
 20
250.9221921790889
 30
0.0
 41
1.0
 10
635.768021616082
 20
250.9221881614461
 30
0.0
 41
0.7071069003958372
 10
635.768021616082
 20
239.0065825957892
 30
0.0
 41
1.0
  0
LINE
  5
6C
330
1F
100
AcDbEntity
  8
Dibujo2D$visible$líneas
100
AcDbLine
 10
635.768021616082
 20
239.0065825957892
 30
0.0
 11
635.768021616082
 21
161.1142427497585
 31
0.0
  0
SPLINE
  5
6D
330
1F
100
AcDbEntity
  8
Dibujo2D$visible$líneas
100
AcDbSpline
210
0.0
220
0.0
230
1.0
 70
    12
 71
     2
 72
     6
 73
     3
 74
     0
 42
0.000000001
 43
0.0000000001
 40
-179.3903830242288
 40
-179.3903830242288
 40
-179.3903830242288
 40
-169.3170454167559
 40
-169.3170454167559
 40
-169.3170454167559
 10
635.7647939193006
 20
161.1143139100493
 30
0.0
 41
0.990044600903566
 10
635.6175453487787
 20
154.4350348098437
 30
0.0
 41
0.8087121585060403
 10
630.4308130588291
 20
151.091219970363
 30
0.0
 41
0.8682850065744792
  0
SPLINE
  5
6E
330
1F
100
AcDbEntity
  8
Dibujo2D$visible$líneas
100
AcDbSpline
210
0.0
220
0.0
230
1.0
 70
    12
 71
     2
 72
     6
 73
     3
 74
     0
 42
0.000000001
 43
0.0000000001
 40
-179.662036732051
 40
-179.662036732051
 40
-179.662036732051
 40
-169.7710432879531
 40
-169.7710432879531
 40
-169.7710432879531
 10
635.768021616082
 20
161.1142427497585
 30
0.0
 41
1.0
 10
635.7680216160819
 20
154.6090591023273
 30
0.0
 41
0.8155709395491315
 10
630.861409605917
 20
151.0912199703633
 30
0.0
 41
0.8634045342500993
  0
LINE
  5
6F
330
1F
100
AcDbEntity
  8
Dibujo2D$visible$líneas
100
AcDbLine
 10
625.0834781871085
 20
137.4995844863057
 30
0.0
 11
625.0834781871085
 21
137.283023583159
 31
0.0
  0
LINE
  5
70
330
1F
100
AcDbEntity
  8
Dibujo2D$visible$líneas
100
AcDbLine
 10
625.0834781871085
 20
137.283023583159
 30
0.0
 11
689.1668394391045
 21
137.283023583159
 31
0.0
  0
LINE
  5
71
330
1F
100
AcDbEntity
  8
Dibujo2D$visible$líneas
100
AcDbLine
 10
689.1668394391036
 20
263.1307374971083
 30
0.0
 11
625.0834781871085
 21
263.1307374971083
 31
0.0
  0
LINE
  5
72
330
1F
100
AcDbEntity
  8
Dibujo2D$visible$líneas
100
AcDbLine
 10
625.0834781871085
 20
263.1307374971083
 30
0.0
 11
625.0834781871085
 21
262.8378017623887
 31
0.0
  0
LINE
  5
73
330
1F
100
AcDbEntity
  8
Dibujo2D$visible$líneas
100
AcDbLine
 10
689.1668394391036
 20
262.8378017623887
 30
0.0
 11
625.0834781871085
 21
262.8378017623887
 31
0.0
  0
LINE
  5
74
330
1F
100
AcDbEntity
  8
Dibujo2D$visible$líneas
100
AcDbLine
 10
625.0834781871085
 20
262.8378017623887
 30
0.0
 11
625.0834781871085
 21
250.9221921790889
 31
0.0
  0
LINE
  5
75
330
1F
100
AcDbEntity
  8
Dibujo2D$visible$líneas
100
AcDbLine
 10
673.456363760949
 20
189.2237972548093
 30
0.0
 11
673.2419149532134
 21
189.2237972548093
 31
0.0
  0
LINE
  5
76
330
1F
100
AcDbEntity
  8
Dibujo2D$visible$líneas
100
AcDbLine
 10
673.456363760949
 20
188.9308615200897
 30
0.0
 11
673.2419149532138
 21
188.9308615200897
 31
0.0
  0
SPLINE
  5
77
330
1F
100
AcDbEntity
  8
Dibujo2D$visible$líneas
100
AcDbSpline
210
0.0
220
0.0
230
1.0
 70
    12
 71
     2
 72
     8
 73
     5
 74
     0
 42
0.000000001
 43
0.0000000001
 40
0.0
 40
0.0
 40
0.0
 40
1.269642656206699
 40
1.269642656206699
 40
2.539285312413499
 40
2.539285312413499
 40
2.539285312413499
 10
658.1270638201663
 20
230.7388006295763
 30
0.0
 41
1.0
 10
657.9080057758421
 20
230.0354827092094
 30
0.0
 41
0.8049953962709332
 10
657.1713637609487
 20
230.0365150788454
 30
0.0
 41
1.0
 10
656.4347217460545
 20
230.0354827092069
 30
0.0
 41
0.8049953962689945
 10
656.215663701732
 20
230.7388006295761
 30
0.0
 41
1.0
  0
SPLINE
  5
78
330
1F
100
AcDbEntity
  8
Dibujo2D$visible$líneas
100
AcDbSpline
210
0.0
220
0.0
230
1.0
 70
    12
 71
     2
 72
     8
 73
     5
 74
     0
 42
0.000000001
 43
0.0000000001
 40
0.0
 40
0.0
 40
0.0
 40
1.42001941789425
 40
1.42001941789425
 40
2.840038835782205
 40
2.840038835782205
 40
2.840038835782205
 10
658.160474801598
 20
230.5923327617842
 30
0.0
 41
1.0
 10
658.031456541077
 20
229.7419702107561
 30
0.0
 41
0.7576789601457677
 10
657.1713637609487
 20
229.7435793441254
 30
0.0
 41
1.0
 10
656.311270980825
 20
229.7419702107559
 30
0.0
 41
0.7576789601472504
 10
656.1822527203008
 20
230.5923327617783
 30
0.0
 41
1.0
  0
SPLINE
  5
79
330
1F
100
AcDbEntity
  8
Dibujo2D$visible$líneas
100
AcDbSpline
210
0.0
220
0.0
230
1.0
 70
    12
 71
     2
 72
     8
 73
     5
 74
     0
 42
0.000000001
 43
0.0000000001
 40
0.0
 40
0.0
 40
0.0
 40
1.269642656209288
 40
1.269642656209288
 40
2.539285312416705
 40
2.539285312416705
 40
2.539285312416705
 10
670.6970638201674
 20
230.7388006295786
 30
0.0
 41
1.0
 10
670.4780057758438
 20
230.0354827092095
 30
0.0
 41
0.8049953962704647
 10
669.7413637609488
 20
230.0365150788451
 30
0.0
 41
1.0
 10
669.0047217460544
 20
230.0354827092084
 30
0.0
 41
0.8049953962697536
 10
668.7856637017317
 20
230.7388006295772
 30
0.0
 41
1.0
  0
SPLINE
  5
7A
330
1F
100
AcDbEntity
  8
Dibujo2D$visible$líneas
100
AcDbSpline
210
0.0
220
0.0
230
1.0
 70
    12
 71
     2
 72
     8
 73
     5
 74
     0
 42
0.000000001
 43
0.0000000001
 40
0.0
 40
0.0
 40
0.0
 40
1.420019417889496
 40
1.420019417889496
 40
2.840038835781503
 40
2.840038835781503
 40
2.840038835781503
 10
670.7304748015968
 20
230.5923327617801
 30
0.0
 41
1.0
 10
670.6014565410734
 20
229.7419702107559
 30
0.0
 41
0.7576789601466994
 10
669.7413637609488
 20
229.7435793441256
 30
0.0
 41
1.0
 10
668.8812709808221
 20
229.7419702107558
 30
0.0
 41
0.7576789601459794
 10
668.7522527203005
 20
230.5923327617824
 30
0.0
 41
1.0
  0
SPLINE
  5
7B
330
1F
100
AcDbEntity
  8
Dibujo2D$visible$líneas
100
AcDbSpline
210
0.0
220
0.0
230
1.0
 70
    12
 71
     2
 72
     8
 73
     5
 74
     0
 42
0.000000001
 43
0.0000000001
 40
0.0
 40
0.0
 40
0.0
 40
1.269642656206006
 40
1.269642656206006
 40
2.5392853124128
 40
2.5392853124128
 40
2.5392853124128
 10
670.697063820166
 20
184.95862151888
 30
0.0
 41
1.0
 10
670.4780057758417
 20
184.2553035985129
 30
0.0
 41
0.804995396270142
 10
669.7413637609488
 20
184.25633596815
 30
0.0
 41
1.0
 10
669.0047217460556
 20
184.2553035985135
 30
0.0
 41
0.8049953962707093
 10
668.7856637017312
 20
184.9586215188807
 30
0.0
 41
1.0
  0
SPLINE
  5
7C
330
1F
100
AcDbEntity
  8
Dibujo2D$visible$líneas
100
AcDbSpline
210
0.0
220
0.0
230
1.0
 70
    12
 71
     2
 72
     8
 73
     5
 74
     0
 42
0.000000001
 43
0.0000000001
 40
0.0
 40
0.0
 40
0.0
 40
1.420019417896089
 40
1.420019417896089
 40
2.840038835787138
 40
2.840038835787138
 40
2.840038835787138
 10
670.7304748015981
 20
184.8121536510911
 30
0.0
 41
1.0
 10
670.6014565410787
 20
183.9617911000609
 30
0.0
 41
0.757678960145233
 10
669.7413637609488
 20
183.96340023343
 30
0.0
 41
1.0
 10
668.8812709808233
 20
183.9617911000609
 30
0.0
 41
0.7576789601470577
 10
668.7522527202996
 20
184.8121536510856
 30
0.0
 41
1.0
  0
SPLINE
  5
7D
330
1F
100
AcDbEntity
  8
Dibujo2D$visible$líneas
100
AcDbSpline
210
0.0
220
0.0
230
1.0
 70
    12
 71
     2
 72
     8
 73
     5
 74
     0
 42
0.000000001
 43
0.0000000001
 40
0.0
 40
0.0
 40
0.0
 40
1.269642656207383
 40
1.269642656207383
 40
2.53928531241261
 40
2.53928531241261
 40
2.53928531241261
 10
658.1270638201663
 20
184.9586215188816
 30
0.0
 41
1.0
 10
657.9080057758423
 20
184.2553035985134
 30
0.0
 41
0.8049953962699715
 10
657.1713637609487
 20
184.2563359681502
 30
0.0
 41
1.0
 10
656.4347217460569
 20
184.2553035985142
 30
0.0
 41
0.8049953962714953
 10
656.215663701732
 20
184.9586215188796
 30
0.0
 41
1.0
  0
SPLINE
  5
7E
330
1F
100
AcDbEntity
  8
Dibujo2D$visible$líneas
100
AcDbSpline
210
0.0
220
0.0
230
1.0
 70
    12
 71
     2
 72
     8
 73
     5
 74
     0
 42
0.000000001
 43
0.0000000001
 40
0.0
 40
0.0
 40
0.0
 40
1.42001941789222
 40
1.42001941789222
 40
2.840038835778435
 40
2.840038835778435
 40
2.840038835778435
 10
658.160474801598
 20
184.8121536510872
 30
0.0
 41
1.0
 10
658.0314565410747
 20
183.9617911000614
 30
0.0
 41
0.7576789601466132
 10
657.1713637609487
 20
183.9634002334307
 30
0.0
 41
1.0
 10
656.3112709808269
 20
183.9617911000605
 30
0.0
 41
0.7576789601477134
 10
656.1822527203012
 20
184.8121536510815
 30
0.0
 41
1.0
  0
SPLINE
  5
7F
330
1F
100
AcDbEntity
  8
Dibujo2D$visible$líneas
100
AcDbSpline
210
0.0
220
0.0
230
1.0
 70
    12
 71
     2
 72
     6
 73
     3
 74
     0
 42
0.000000001
 43
0.0000000001
 40
-157.3058985447053
 40
-157.3058985447053
 40
-157.3058985447053
 40
-140.0262104292817
 40
-140.0262104292817
 40
-140.0262104292817
 10
659.0289861255728
 20
236.2614055854796
 30
0.0
 41
1.0
 10
648.0283950109491
 20
236.2614055854796
 30
0.0
 41
0.7071067811865476
 10
648.0283950109492
 20
225.3133831604576
 30
0.0
 41
1.0
  0
SPLINE
  5
80
330
1F
100
AcDbEntity
  8
Dibujo2D$visible$líneas
100
AcDbSpline
210
0.0
220
0.0
230
1.0
 70
    12
 71
     2
 72
     6
 73
     3
 74
     0
 42
0.000000001
 43
0.0000000001
 40
-157.3058985447053
 40
-157.3058985447053
 40
-157.3058985447053
 40
-140.0262104292817
 40
-140.0262104292817
 40
-140.0262104292817
 10
659.0289861255728
 20
235.96846985076
 30
0.0
 41
1.0
 10
648.0283950109491
 20
235.9684698507598
 30
0.0
 41
0.7071067811865476
 10
648.0283950109492
 20
225.0204474257381
 30
0.0
 41
1.0
  0
LINE
  5
81
330
1F
100
AcDbEntity
  8
Dibujo2D$visible$líneas
100
AcDbLine
 10
648.0283950109492
 20
225.0204474257381
 30
0.0
 11
648.0283950109492
 21
189.9500259215162
 31
0.0
  0
SPLINE
  5
82
330
1F
100
AcDbEntity
  8
Dibujo2D$visible$líneas
100
AcDbSpline
210
0.0
220
0.0
230
1.0
 70
    12
 71
     2
 72
     6
 73
     3
 74
     0
 42
0.000000001
 43
0.0000000001
 40
-104.7873926585289
 40
-104.7873926585289
 40
-104.7873926585289
 40
-87.50770454310522
 40
-87.50770454310522
 40
-87.50770454310522
 10
648.0283950109492
 20
189.9500259215162
 30
0.0
 41
1.0
 10
648.0283950109491
 20
179.0020034964942
 30
0.0
 41
0.7071067811865476
 10
659.0289861255728
 20
179.0020034964942
 30
0.0
 41
1.0
  0
LINE
  5
83
330
1F
100
AcDbEntity
  8
Dibujo2D$visible$líneas
100
AcDbLine
 10
659.0289861255728
 20
179.0020034964942
 30
0.0
 11
667.8837413963251
 21
179.0020034964942
 31
0.0
  0
SPLINE
  5
84
330
1F
100
AcDbEntity
  8
Dibujo2D$visible$líneas
100
AcDbSpline
210
0.0
220
0.0
230
1.0
 70
    12
 71
     2
 72
     6
 73
     3
 74
     0
 42
0.000000001
 43
0.0000000001
 40
-78.65294927235267
 40
-78.65294927235267
 40
-78.65294927235267
 40
-61.37326115692898
 40
-61.37326115692898
 40
-61.37326115692898
 10
667.8837413963251
 20
179.0020034964942
 30
0.0
 41
1.0
 10
678.8843325109493
 20
179.0020034964942
 30
0.0
 41
0.7071067811865476
 10
678.8843325109492
 20
189.9500259215162
 30
0.0
 41
1.0
  0
LINE
  5
85
330
1F
100
AcDbEntity
  8
Dibujo2D$visible$líneas
100
AcDbLine
 10
678.8843325109492
 20
189.9500259215162
 30
0.0
 11
678.8843325109492
 21
225.0204474257381
 31
0.0
  0
SPLINE
  5
86
330
1F
100
AcDbEntity
  8
Dibujo2D$visible$líneas
100
AcDbSpline
210
0.0
220
0.0
230
1.0
 70
    12
 71
     2
 72
     6
 73
     3
 74
     0
 42
0.000000001
 43
0.0000000001
 40
-26.13444338617624
 40
-26.13444338617624
 40
-26.13444338617624
 40
-8.854755270752548
 40
-8.854755270752548
 40
-8.854755270752548
 10
678.8843325109492
 20
225.3133831604576
 30
0.0
 41
1.0
 10
678.8843325109493
 20
236.2614055854796
 30
0.0
 41
0.7071067811865476
 10
667.8837413963251
 20
236.2614055854796
 30
0.0
 41
1.0
  0
SPLINE
  5
87
330
1F
100
AcDbEntity
  8
Dibujo2D$visible$líneas
100
AcDbSpline
210
0.0
220
0.0
230
1.0
 70
    12
 71
     2
 72
     6
 73
     3
 74
     0
 42
0.000000001
 43
0.0000000001
 40
-26.13444338617624
 40
-26.13444338617624
 40
-26.13444338617624
 40
-8.854755270752548
 40
-8.854755270752548
 40
-8.854755270752548
 10
678.8843325109492
 20
225.0204474257381
 30
0.0
 41
1.0
 10
678.8843325109493
 20
235.9684698507598
 30
0.0
 41
0.7071067811865476
 10
667.8837413963251
 20
235.96846985076
 30
0.0
 41
1.0
  0
LINE
  5
88
330
1F
100
AcDbEntity
  8
Dibujo2D$visible$líneas
100
AcDbLine
 10
667.8837413963251
 20
236.2614055854796
 30
0.0
 11
659.0289861255728
 21
236.2614055854796
 31
0.0
  0
LINE
  5
89
330
1F
100
AcDbEntity
  8
Dibujo2D$visible$líneas
100
AcDbLine
 10
667.8837413963251
 20
235.96846985076
 30
0.0
 11
659.0289861255728
 21
235.96846985076
 31
0.0
  0
LINE
  5
8A
330
1F
100
AcDbEntity
  8
Dibujo2D$visible$líneas
100
AcDbLine
 10
653.456363760949
 20
226.4563346159447
 30
0.0
 11
673.456363760949
 21
226.4563346159447
 31
0.0
  0
LINE
  5
8B
330
1F
100
AcDbEntity
  8
Dibujo2D$visible$líneas
100
AcDbLine
 10
673.456363760949
 20
226.4563346159447
 30
0.0
 11
673.456363760949
 21
188.6379257853702
 31
0.0
  0
LINE
  5
8C
330
1F
100
AcDbEntity
  8
Dibujo2D$visible$líneas
100
AcDbLine
 10
673.456363760949
 20
188.6379257853702
 30
0.0
 11
673.2419149532143
 21
188.6379257853702
 31
0.0
  0
SPLINE
  5
8D
330
1F
100
AcDbEntity
  8
Dibujo2D$visible$líneas
100
AcDbSpline
210
0.0
220
0.0
230
1.0
 70
    15
 71
     2
 72
    12
 73
     9
 74
     0
 42
0.000000001
 43
0.0000000001
 40
0.0
 40
0.0
 40
0.0
 40
1.567045171215775
 40
1.567045171215775
 40
3.134090342431926
 40
3.134090342431926
 40
4.701135513647815
 40
4.701135513647815
 40
6.268180684863249
 40
6.268180684863249
 40
6.268180684863249
 10
658.1713637609491
 20
230.4458648944211
 30
0.0
 41
1.0
 10
658.168968694493
 20
229.4482599882897
 30
0.0
 41
0.7071108374286358
 10
657.1713637609491
 20
229.450643609406
 30
0.0
 41
1.0
 10
656.1737588274046
 20
229.448259988289
 30
0.0
 41
0.7071108374283942
 10
656.1713637609487
 20
230.4458648944211
 30
0.0
 41
1.0
 10
656.1737588274049
 20
231.4434698005526
 30
0.0
 41
0.7071108374285955
 10
657.1713637609491
 20
231.4410861794362
 30
0.0
 41
1.0
 10
658.1689686944925
 20
231.4434698005522
 30
0.0
 41
0.7071108374288368
 10
658.1713637609487
 20
230.4458648944211
 30
0.0
 41
1.0
  0
SPLINE
  5
8E
330
1F
100
AcDbEntity
  8
Dibujo2D$visible$líneas
100
AcDbSpline
210
0.0
220
0.0
230
1.0
 70
    15
 71
     2
 72
    12
 73
     9
 74
     0
 42
0.000000001
 43
0.0000000001
 40
0.0
 40
0.0
 40
0.0
 40
1.567045171215355
 40
1.567045171215355
 40
3.134090342431114
 40
3.134090342431114
 40
4.70113551364723
 40
4.70113551364723
 40
6.268180684862987
 40
6.268180684862987
 40
6.268180684862987
 10
670.7413637609493
 20
230.4458648944211
 30
0.0
 41
1.0
 10
670.7389686944921
 20
229.4482599882904
 30
0.0
 41
0.7071108374290389
 10
669.7413637609493
 20
229.4506436094065
 30
0.0
 41
1.0
 10
668.7437588274054
 20
229.4482599882898
 30
0.0
 41
0.7071108374285955
 10
668.7413637609493
 20
230.4458648944211
 30
0.0
 41
1.0
 10
668.7437588274056
 20
231.4434698005528
 30
0.0
 41
0.7071108374285147
 10
669.7413637609493
 20
231.4410861794364
 30
0.0
 41
1.0
 10
670.7389686944928
 20
231.4434698005521
 30
0.0
 41
0.7071108374290389
 10
670.7413637609498
 20
230.4458648944211
 30
0.0
 41
1.0
  0
SPLINE
  5
8F
330
1F
100
AcDbEntity
  8
Dibujo2D$visible$líneas
100
AcDbSpline
210
0.0
220
0.0
230
1.0
 70
    15
 71
     2
 72
    12
 73
     9
 74
     0
 42
0.000000001
 43
0.0000000001
 40
0.0
 40
0.0
 40
0.0
 40
1.567045171215208
 40
1.567045171215208
 40
3.134090342430903
 40
3.134090342430903
 40
4.701135513646395
 40
4.701135513646395
 40
6.268180684862575
 40
6.268180684862575
 40
6.268180684862575
 10
670.7413637609493
 20
184.6656857837257
 30
0.0
 41
1.0
 10
670.738968694493
 20
183.668080877595
 30
0.0
 41
0.7071108374288377
 10
669.7413637609493
 20
183.6704644987111
 30
0.0
 41
1.0
 10
668.7437588274056
 20
183.6680808775943
 30
0.0
 41
0.7071108374285551
 10
668.7413637609493
 20
184.6656857837257
 30
0.0
 41
1.0
 10
668.7437588274049
 20
185.6632906898568
 30
0.0
 41
0.7071108374287367
 10
669.7413637609493
 20
185.6609070687404
 30
0.0
 41
1.0
 10
670.7389686944932
 20
185.6632906898571
 30
0.0
 41
0.7071108374288579
 10
670.7413637609498
 20
184.6656857837257
 30
0.0
 41
1.0
  0
SPLINE
  5
90
330
1F
100
AcDbEntity
  8
Dibujo2D$visible$líneas
100
AcDbSpline
210
0.0
220
0.0
230
1.0
 70
    15
 71
     2
 72
    12
 73
     9
 74
     0
 42
0.000000001
 43
0.0000000001
 40
0.0
 40
0.0
 40
0.0
 40
1.567045171215889
 40
1.567045171215889
 40
3.134090342431223
 40
3.134090342431223
 40
4.701135513647055
 40
4.701135513647055
 40
6.268180684862879
 40
6.268180684862879
 40
6.268180684862879
 10
658.1713637609491
 20
184.6656857837257
 30
0.0
 41
1.0
 10
658.1689686944924
 20
183.6680808775942
 30
0.0
 41
0.7071108374285955
 10
657.1713637609491
 20
183.6704644987107
 30
0.0
 41
1.0
 10
656.1737588274067
 20
183.6680808775952
 30
0.0
 41
0.7071108374292199
 10
656.1713637609491
 20
184.6656857837257
 30
0.0
 41
1.0
 10
656.1737588274051
 20
185.6632906898571
 30
0.0
 41
0.7071108374286156
 10
657.1713637609491
 20
185.6609070687408
 30
0.0
 41
1.0
 10
658.168968694493
 20
185.6632906898571
 30
0.0
 41
0.7071108374286358
 10
658.1713637609491
 20
184.6656857837257
 30
0.0
 41
1.0
  0
LINE
  5
91
330
1F
100
AcDbEntity
  8
Dibujo2D$visible$líneas
100
AcDbLine
 10
653.2419149532138
 20
186.7615753105064
 30
0.0
 11
653.2419149532138
 21
224.5799841410809
 31
0.0
  0
LINE
  5
92
330
1F
100
AcDbEntity
  8
Dibujo2D$visible$líneas
100
AcDbLine
 10
653.2419149532138
 20
224.5799841410809
 30
0.0
 11
653.2420922228644
 21
227.0064366194127
 31
0.0
  0
LINE
  5
93
330
1F
100
AcDbEntity
  8
Dibujo2D$visible$líneas
100
AcDbLine
 10
673.2419149532138
 20
186.7615753105064
 30
0.0
 11
653.2420313632142
 21
186.7615753105064
 31
0.0
  0
LINE
  5
94
330
1F
100
AcDbEntity
  8
Dibujo2D$visible$líneas
100
AcDbLine
 10
653.2419149532138
 20
224.5799841410809
 30
0.0
 11
673.2419149532138
 21
224.5799841410809
 31
0.0
  0
LINE
  5
95
330
1F
100
AcDbEntity
  8
Dibujo2D$visible$líneas
100
AcDbLine
 10
673.2419149532138
 20
224.5799841410809
 30
0.0
 11
673.2420520339915
 21
226.4563346159447
 31
0.0
  0
LINE
  5
96
330
1F
100
AcDbEntity
  8
Dibujo2D$visible$líneas
100
AcDbLine
 10
673.2419149532138
 20
224.5799841410809
 30
0.0
 11
673.2419149532138
 21
186.7615753105064
 31
0.0
  0
LINE
  5
97
330
1F
100
AcDbEntity
  8
Dibujo2D$visible$líneas
100
AcDbLine
 10
673.4563637609485
 20
215.941862885502
 30
0.0
 11
673.2419149532138
 21
215.9282623981743
 31
0.0
  0
LINE
  5
98
330
1F
100
AcDbEntity
  8
Dibujo2D$visible$líneas
100
AcDbLine
 10
673.2419149532147
 20
221.6280984600472
 30
0.0
 11
673.4563637609494
 21
221.6145170698977
 31
0.0
  0
LINE
  5
99
330
1F
100
AcDbEntity
  8
Dibujo2D$visible$líneas
100
AcDbLine
 10
673.2419149532129
 20
221.8233889498605
 30
0.0
 11
673.4563637609485
 21
221.809807559711
 31
0.0
  0
LINE
  5
9A
330
1F
100
AcDbEntity
  8
Dibujo2D$visible$líneas
100
AcDbLine
 10
89.10066336182649
 20
-268.1986584388811
 30
0.0
 11
89.10066336182649
 21
263.3378110113425
 31
0.0
  0
LINE
  5
9B
330
1F
100
AcDbEntity
  8
Dibujo2D$visible$líneas
100
AcDbLine
 10
89.10066336182649
 20
-268.1986584388811
 30
0.0
 11
-12.38807879785099
 21
-268.1986584388811
 31
0.0
  0
LINE
  5
9C
330
1F
100
AcDbEntity
  8
Dibujo2D$visible$líneas
100
AcDbLine
 10
-12.38807879785099
 20
-268.1986584388811
 30
0.0
 11
-12.38807879785099
 21
263.3378110113425
 31
0.0
  0
CIRCLE
  5
9D
330
1F
100
AcDbEntity
  8
Dibujo2D$visible$líneas
100
AcDbCircle
 10
15.57181842816021
 20
-237.9102179515686
 30
0.0
 40
10.87330848347506
  0
LINE
  5
9E
330
1F
100
AcDbEntity
  8
Dibujo2D$visible$líneas
100
AcDbLine
 10
89.10066336182649
 20
263.3378110113425
 30
0.0
 11
-12.38807879785099
 21
263.3378110113425
 31
0.0
  0
LINE
  5
9F
330
1F
100
AcDbEntity
  8
Dibujo2D$visible$líneas
100
AcDbLine
 10
1380.17556368845
 20
3.801445619237597
 30
0.0
 11
1383.17556368845
 21
3.801445619237597
 31
0.0
  0
LINE
  5
A0
330
1F
100
AcDbEntity
  8
Dibujo2D$visible$líneas
100
AcDbLine
 10
1380.17556368845
 20
3.801445619237597
 30
0.0
 11
1380.17556368845
 21
-117.2968470447432
 31
0.0
  0
LINE
  5
A1
330
1F
100
AcDbEntity
  8
Dibujo2D$visible$líneas
100
AcDbLine
 10
1383.17556368845
 20
3.801445619237597
 30
0.0
 11
1383.17556368845
 21
-117.2968470447432
 31
0.0
  0
LINE
  5
A2
330
1F
100
AcDbEntity
  8
Dibujo2D$visible$líneas
100
AcDbLine
 10
1496.283459935799
 20
7.87893626446305
 30
0.0
 11
1311.663744610286
 21
7.878936264457138
 31
0.0
  0
LINE
  5
A3
330
1F
100
AcDbEntity
  8
Dibujo2D$visible$líneas
100
AcDbLine
 10
1298.072109126198
 20
7.878936264456684
 30
0.0
 11
1108.695321381253
 21
7.878936264450317
 31
0.0
  0
LINE
  5
A4
330
1F
100
AcDbEntity
  8
Dibujo2D$visible$líneas
100
AcDbLine
 10
1095.103685897168
 20
7.87893626445009
 30
0.0
 11
905.7268981522225
 21
7.878936264443723
 31
0.0
  0
LINE
  5
A5
330
1F
100
AcDbEntity
  8
Dibujo2D$visible$líneas
100
AcDbLine
 10
892.135262668135
 20
7.878936264443269
 30
0.0
 11
702.758474923191
 21
7.878936264437129
 31
0.0
  0
LINE
  5
A6
330
1F
100
AcDbEntity
  8
Dibujo2D$visible$líneas
100
AcDbLine
 10
689.166839439104
 20
7.878936264436675
 30
0.0
 11
499.7900516941586
 21
7.878936264430536
 31
0.0
  0
LINE
  5
A7
330
1F
100
AcDbEntity
  8
Dibujo2D$visible$líneas
100
AcDbLine
 10
486.1984162100716
 20
7.878936264430081
 30
0.0
 11
296.8216284651273
 21
7.878936264423714
 31
0.0
  0
LINE
  5
A8
330
1F
100
AcDbEntity
  8
Dibujo2D$visible$líneas
100
AcDbLine
 10
283.2299929810401
 20
7.87893626442326
 30
0.0
 11
89.10066336182672
 21
7.878936264416893
 31
0.0
  0
LINE
  5
A9
330
1F
100
AcDbEntity
  8
Dibujo2D$visible$líneas
100
AcDbLine
 10
1496.2834599358
 20
21.47057174855024
 30
0.0
 11
1311.663744610285
 21
21.47057174854388
 31
0.0
  0
LINE
  5
AA
330
1F
100
AcDbEntity
  8
Dibujo2D$visible$líneas
100
AcDbLine
 10
1298.072109126199
 20
21.47057174854365
 30
0.0
 11
1108.695321381254
 21
21.47057174853751
 31
0.0
  0
LINE
  5
AB
330
1F
100
AcDbEntity
  8
Dibujo2D$visible$líneas
100
AcDbLine
 10
1095.103685897168
 20
21.47057174853705
 30
0.0
 11
905.726898152222
 21
21.47057174853069
 31
0.0
  0
LINE
  5
AC
330
1F
100
AcDbEntity
  8
Dibujo2D$visible$líneas
100
AcDbLine
 10
892.135262668135
 20
21.47057174853023
 30
0.0
 11
702.7584749231905
 21
21.47057174852387
 31
0.0
  0
LINE
  5
AD
330
1F
100
AcDbEntity
  8
Dibujo2D$visible$líneas
100
AcDbLine
 10
689.1668394391036
 20
21.47057174852341
 30
0.0
 11
499.7900516941586
 21
21.47057174851727
 31
0.0
  0
LINE
  5
AE
330
1F
100
AcDbEntity
  8
Dibujo2D$visible$líneas
100
AcDbLine
 10
486.1984162100712
 20
21.47057174851682
 30
0.0
 11
296.8216284651271
 21
21.47057174851068
 31
0.0
  0
LINE
  5
AF
330
1F
100
AcDbEntity
  8
Dibujo2D$visible$líneas
100
AcDbLine
 10
283.2299929810404
 20
21.47057174851022
 30
0.0
 11
89.10066336182672
 21
21.47057174850386
 31
0.0
  0
LINE
  5
B0
330
1F
100
AcDbEntity
  8
Dibujo2D$visible$líneas
100
AcDbLine
 10
1314.948977040327
 20
-64.32727516399689
 30
0.0
 11
1314.948977040327
 21
-84.32727516399689
 31
0.0
  0
LINE
  5
B1
330
1F
100
AcDbEntity
  8
Dibujo2D$visible$líneas
100
AcDbLine
 10
1314.948977040327
 20
-44.32727516399689
 30
0.0
 11
1314.948977040327
 21
-64.32727516399689
 31
0.0
  0
LINE
  5
B2
330
1F
100
AcDbEntity
  8
Dibujo2D$visible$líneas
100
AcDbLine
 10
89.10066336182717
 20
-27.62985935695872
 30
0.0
 11
91.55738749405236
 21
-27.62985935695872
 31
0.0
  0
LINE
  5
B3
330
1F
100
AcDbEntity
  8
Dibujo2D$visible$líneas
100
AcDbLine
 10
91.55738749405236
 20
-27.62985935695872
 30
0.0
 11
91.55738749405236
 21
-101.0224409217145
 31
0.0
  0
LINE
  5
B4
330
1F
100
AcDbEntity
  8
Dibujo2D$visible$líneas
100
AcDbLine
 10
89.10066336182717
 20
118.7315946367702
 30
0.0
 11
91.55738749405236
 21
118.7315946367702
 31
0.0
  0
LINE
  5
B5
330
1F
100
AcDbEntity
  8
Dibujo2D$visible$líneas
100
AcDbLine
 10
91.55738749405236
 20
118.7315946367702
 30
0.0
 11
91.55738749405236
 21
86.11159463677029
 31
0.0
  0
LINE
  5
B6
330
1F
100
AcDbEntity
  8
Dibujo2D$visible$líneas
100
AcDbLine
 10
486.1984162100716
 20
-268.1986584389207
 30
0.0
 11
486.1984162100716
 21
263.337811011303
 31
0.0
  0
LINE
  5
B7
330
1F
100
AcDbEntity
  8
Dibujo2D$visible$líneas
100
AcDbLine
 10
486.1984162100716
 20
-268.1986584389207
 30
0.0
 11
499.7900516941586
 21
-268.1986584389207
 31
0.0
  0
LINE
  5
B8
330
1F
100
AcDbEntity
  8
Dibujo2D$visible$líneas
100
AcDbLine
 10
499.7900516941586
 20
-268.1986584389207
 30
0.0
 11
499.7900516941586
 21
263.337811011303
 31
0.0
  0
LINE
  5
B9
330
1F
100
AcDbEntity
  8
Dibujo2D$visible$líneas
100
AcDbLine
 10
486.1984162100716
 20
263.337811011303
 30
0.0
 11
499.7900516941586
 21
263.337811011303
 31
0.0
  0
LINE
  5
BA
330
1F
100
AcDbEntity
  8
Dibujo2D$visible$líneas
100
AcDbLine
 10
1508.413289596076
 20
368.5080855590626
 30
0.0
 11
283.8069324798435
 21
368.5080855590626
 31
0.0
  0
LINE
  5
BB
330
1F
100
AcDbEntity
  8
Dibujo2D$visible$líneas
100
AcDbLine
 10
1508.413289596076
 20
368.6945466762114
 30
0.0
 11
283.8069324798435
 21
368.6945466762119
 31
0.0
  0
LINE
  5
BC
330
1F
100
AcDbEntity
  8
Dibujo2D$visible$líneas
100
AcDbLine
 10
1508.413289596076
 20
368.6945466762114
 30
0.0
 11
1508.413289596076
 21
368.5080855590626
 31
0.0
  0
LINE
  5
BD
330
1F
100
AcDbEntity
  8
Dibujo2D$visible$líneas
100
AcDbLine
 10
1508.413289596076
 20
443.9627251206715
 30
0.0
 11
1508.413289596076
 21
443.7503328268805
 31
0.0
  0
LINE
  5
BE
330
1F
100
AcDbEntity
  8
Dibujo2D$visible$líneas
100
AcDbLine
 10
1508.413289596076
 20
368.6945466762114
 30
0.0
 11
1508.413289596076
 21
443.7503328268805
 31
0.0
  0
SPLINE
  5
BF
330
1F
100
AcDbEntity
  8
Dibujo2D$visible$líneas
100
AcDbSpline
210
0.0
220
0.0
230
1.0
 70
    12
 71
     2
 72
     8
 73
     5
 74
     0
 42
0.000000001
 43
0.0000000001
 40
0.0
 40
0.0
 40
0.0
 40
57.66620405654908
 40
57.66620405654908
 40
250.3287688334135
 40
250.3287688334135
 40
250.3287688334135
 10
1189.009855720034
 20
449.9314654722358
 30
0.0
 41
1.0
 10
1217.325424615141
 20
443.9668148289036
 30
0.0
 41
0.9946242660813842
 10
1246.262398924893
 20
443.9626981068019
 30
0.0
 41
1.0
 10
1377.337844260485
 20
443.9627251206715
 30
0.0
 41
1.0
 10
1508.413289596076
 20
443.9627251206715
 30
0.0
 41
1.0
  0
LINE
  5
C0
330
1F
100
AcDbEntity
  8
Dibujo2D$visible$líneas
100
AcDbLine
 10
1189.009855720034
 20
449.9314654722358
 30
0.0
 11
1189.009855720034
 21
449.769839481865
 31
0.0
  0
SPLINE
  5
C1
330
1F
100
AcDbEntity
  8
Dibujo2D$visible$líneas
100
AcDbSpline
210
0.0
220
0.0
230
1.0
 70
    12
 71
     3
 72
    11
 73
     7
 74
     0
 42
0.000000001
 43
0.0000000001
 40
-192.8766342932827
 40
-192.8766342932827
 40
-192.8766342932827
 40
-192.8766342932827
 40
0.0
 40
0.0
 40
0.0
 40
57.67322413178078
 40
57.67322413178078
 40
57.67322413178078
 40
57.67322413178078
 10
1508.413289596076
 20
443.7503328268805
 30
0.0
 41
1.0
 10
1421.029659372349
 20
443.7503328268805
 30
0.0
 41
1.0
 10
1333.646029148621
 20
443.7503328268805
 30
0.0
 41
1.0
 10
1246.262398924893
 20
443.7503328268805
 30
0.0
 41
1.0
 10
1227.002853134186
 20
443.7533561800991
 30
0.0
 41
0.9963564304583221
 10
1207.848883244607
 20
445.7671959637241
 30
0.0
 41
0.996356430458322
 10
1189.009855720034
 20
449.769839481865
 30
0.0
 41
1.0
  0
SPLINE
  5
C2
330
1F
100
AcDbEntity
  8
Dibujo2D$visible$líneas
100
AcDbSpline
210
0.0
220
0.0
230
1.0
 70
    12
 71
     2
 72
     6
 73
     3
 74
     0
 42
0.000000001
 43
0.0000000001
 40
2492.233655473975
 40
2492.233655473975
 40
2492.233655473975
 40
2566.80941021797
 40
2566.80941021797
 40
2566.80941021797
 10
1088.431753137791
 20
449.9314654722358
 30
0.0
 41
1.0
 10
1138.720804428912
 20
437.8472255583608
 30
0.0
 41
0.9768746463348748
 10
1189.009855720034
 20
449.9314654722358
 30
0.0
 41
1.0
  0
LINE
  5
C3
330
1F
100
AcDbEntity
  8
Dibujo2D$visible$líneas
100
AcDbLine
 10
1088.431753137791
 20
449.9314654722358
 30
0.0
 11
1088.431753137791
 21
449.769839481865
 31
0.0
  0
SPLINE
  5
C4
330
1F
100
AcDbEntity
  8
Dibujo2D$visible$líneas
100
AcDbSpline
210
0.0
220
0.0
230
1.0
 70
     8
 71
     3
 72
    12
 73
     8
 74
     0
 42
0.000000001
 43
0.0000000001
 40
0.0
 40
0.0
 40
0.0
 40
0.0
 40
12.66150001979965
 40
25.3340533220902
 40
50.76043729669214
 40
76.19269822335373
 40
101.535879802323
 40
101.535879802323
 40
101.535879802323
 40
101.535879802323
 10
1189.009855720034
 20
449.769839481865
 30
0.0
 10
1184.908129102193
 20
448.7756746245558
 30
0.0
 10
1176.642487452355
 20
447.0279772920088
 30
0.0
 10
1159.903333953864
 20
444.5097997431805
 30
0.0
 10
1138.7263239504
 20
443.2391809423724
 30
0.0
 10
1113.325782861242
 20
444.7616888362207
 30
0.0
 10
1096.641724519094
 20
447.7800116325838
 30
0.0
 10
1088.431753137791
 20
449.769839481865
 30
0.0
  0
SPLINE
  5
C5
330
1F
100
AcDbEntity
  8
Dibujo2D$visible$líneas
100
AcDbSpline
210
0.0
220
0.0
230
1.0
 70
    12
 71
     2
 72
     6
 73
     3
 74
     0
 42
0.000000001
 43
0.0000000001
 40
2417.657753512909
 40
2417.657753512909
 40
2417.657753512909
 40
2492.233655473975
 40
2492.233655473975
 40
2492.233655473975
 10
987.8536505555471
 20
449.9314654722358
 30
0.0
 41
1.0
 10
1038.142701846669
 20
437.8456404642771
 30
0.0
 41
0.9768687881019571
 10
1088.431753137791
 20
449.9314654722358
 30
0.0
 41
1.0
  0
LINE
  5
C6
330
1F
100
AcDbEntity
  8
Dibujo2D$visible$líneas
100
AcDbLine
 10
987.8536505555471
 20
449.9314654722358
 30
0.0
 11
987.8536505555471
 21
449.769839481865
 31
0.0
  0
SPLINE
  5
C7
330
1F
100
AcDbEntity
  8
Dibujo2D$visible$líneas
100
AcDbSpline
210
0.0
220
0.0
230
1.0
 70
     8
 71
     3
 72
    12
 73
     8
 74
     0
 42
0.000000001
 43
0.0000000001
 40
0.0
 40
0.0
 40
0.0
 40
0.0
 40
12.66173891810652
 40
25.33429143002153
 40
50.7606754785171
 40
76.19293872016581
 40
101.5361243241554
 40
101.5361243241554
 40
101.5361243241554
 40
101.5361243241554
 10
1088.431753137791
 20
449.769839481865
 30
0.0
 10
1084.32997900024
 20
448.7755326539437
 30
0.0
 10
1076.06430389052
 20
447.0276046423993
 30
0.0
 10
1059.325115614764
 20
444.5091122584723
 30
0.0
 10
1038.148104411124
 20
443.2383453133699
 30
0.0
 10
1012.747562062757
 20
444.761058637578
 30
0.0
 10
996.0635634459027
 20
447.7797647513452
 30
0.0
 10
987.8536505555471
 20
449.7698394818648
 30
0.0
  0
SPLINE
  5
C8
330
1F
100
AcDbEntity
  8
Dibujo2D$visible$líneas
100
AcDbSpline
210
0.0
220
0.0
230
1.0
 70
    12
 71
     2
 72
     6
 73
     3
 74
     0
 42
0.000000001
 43
0.0000000001
 40
2343.082114252932
 40
2343.082114252932
 40
2343.082114252932
 40
2417.657753512909
 40
2417.657753512909
 40
2417.657753512909
 10
887.2755479733041
 20
449.9314654722356
 30
0.0
 41
1.0
 10
937.5645992644255
 20
437.848469111803
 30
0.0
 41
0.9768792418286903
 10
987.8536505555471
 20
449.9314654722358
 30
0.0
 41
1.0
  0
LINE
  5
C9
330
1F
100
AcDbEntity
  8
Dibujo2D$visible$líneas
100
AcDbLine
 10
887.2755479733041
 20
449.9314654722356
 30
0.0
 11
887.2755479733041
 21
449.769839481865
 31
0.0
  0
SPLINE
  5
CA
330
1F
100
AcDbEntity
  8
Dibujo2D$visible$líneas
100
AcDbSpline
210
0.0
220
0.0
230
1.0
 70
     8
 71
     3
 72
    12
 73
     8
 74
     0
 42
0.000000001
 43
0.0000000001
 40
0.0
 40
0.0
 40
0.0
 40
0.0
 40
12.66131261654028
 40
25.33386653884811
 40
50.7602504555005
 40
76.19250956617158
 40
101.5356879877236
 40
101.5356879877236
 40
101.5356879877236
 40
101.5356879877236
 10
987.8536505555471
 20
449.769839481865
 30
0.0
 10
983.75196121509
 20
448.7757860018058
 30
0.0
 10
975.4863458128216
 20
447.0282696434714
 30
0.0
 10
958.7472195947471
 20
444.510339096213
 30
0.0
 10
937.5702105324995
 20
443.2398365238163
 30
0.0
 10
912.1696704314231
 20
444.7621832528552
 30
0.0
 10
895.4855652380024
 20
447.780205321934
 30
0.0
 10
887.2755479733046
 20
449.769839481865
 30
0.0
  0
SPLINE
  5
CB
330
1F
100
AcDbEntity
  8
Dibujo2D$visible$líneas
100
AcDbSpline
210
0.0
220
0.0
230
1.0
 70
    12
 71
     2
 72
     6
 73
     3
 74
     0
 42
0.000000001
 43
0.0000000001
 40
2268.506862720356
 40
2268.506862720356
 40
2268.506862720356
 40
2343.082114252932
 40
2343.082114252932
 40
2343.082114252932
 10
786.6974453910607
 20
449.9314654722358
 30
0.0
 41
1.0
 10
836.9864966821816
 20
437.8526450746884
 30
0.0
 41
0.9768946709187506
 10
887.2755479733041
 20
449.9314654722356
 30
0.0
 41
1.0
  0
LINE
  5
CC
330
1F
100
AcDbEntity
  8
Dibujo2D$visible$líneas
100
AcDbLine
 10
786.6974453910607
 20
449.9314654722358
 30
0.0
 11
786.6974453910607
 21
449.7698394818652
 31
0.0
  0
SPLINE
  5
CD
330
1F
100
AcDbEntity
  8
Dibujo2D$visible$líneas
100
AcDbSpline
210
0.0
220
0.0
230
1.0
 70
     8
 71
     3
 72
    12
 73
     8
 74
     0
 42
0.000000001
 43
0.0000000001
 40
0.0
 40
0.0
 40
0.0
 40
0.0
 40
12.66068342566046
 40
25.33323942968382
 40
50.75962315186683
 40
76.19187616548116
 40
101.5350439862762
 40
101.5350439862762
 40
101.5350439862762
 40
101.5350439862762
 10
887.2755479733041
 20
449.769839481865
 30
0.0
 10
883.1739837925957
 20
448.7761599977038
 30
0.0
 10
874.908456514876
 20
447.029251364852
 30
0.0
 10
858.1694218848274
 20
444.5121502969286
 30
0.0
 10
836.9924159811135
 20
443.2420380608261
 30
0.0
 10
811.5918791994154
 20
444.7638435932389
 30
0.0
 10
794.9076167073822
 20
447.7808557716515
 30
0.0
 10
786.6974453910611
 20
449.7698394818652
 30
0.0
  0
SPLINE
  5
CE
330
1F
100
AcDbEntity
  8
Dibujo2D$visible$líneas
100
AcDbSpline
210
0.0
220
0.0
230
1.0
 70
    12
 71
     2
 72
     6
 73
     3
 74
     0
 42
0.000000001
 43
0.0000000001
 40
2193.931381798711
 40
2193.931381798711
 40
2193.931381798711
 40
2268.506862720356
 40
2268.506862720356
 40
2268.506862720356
 10
686.1193428088172
 20
449.931465472236
 30
0.0
 41
1.0
 10
736.408394099939
 20
437.8501743155526
 30
0.0
 41
0.9768855426662578
 10
786.6974453910607
 20
449.9314654722358
 30
0.0
 41
1.0
  0
LINE
  5
CF
330
1F
100
AcDbEntity
  8
Dibujo2D$visible$líneas
100
AcDbLine
 10
686.1193428088172
 20
449.931465472236
 30
0.0
 11
686.1193428088172
 21
449.7698394818655
 31
0.0
  0
SPLINE
  5
D0
330
1F
100
AcDbEntity
  8
Dibujo2D$visible$líneas
100
AcDbSpline
210
0.0
220
0.0
230
1.0
 70
     8
 71
     3
 72
    12
 73
     8
 74
     0
 42
0.000000001
 43
0.0000000001
 40
0.0
 40
0.0
 40
0.0
 40
0.0
 40
12.66105567064502
 40
25.33361044306061
 40
50.75999428028064
 40
76.19225090106866
 40
101.5354249935344
 40
101.5354249935344
 40
101.5354249935344
 40
101.5354249935344
 10
786.6974453910607
 20
449.7698394818652
 30
0.0
 10
782.5958071619684
 20
448.7759387219886
 30
0.0
 10
774.3302277474972
 20
447.0286705213522
 30
0.0
 10
757.5911389323646
 20
444.5110786770418
 30
0.0
 10
736.4141311602775
 20
443.2407354879709
 30
0.0
 10
711.0135924143883
 20
444.7628612242412
 30
0.0
 10
694.3294229840062
 20
447.7804709207738
 30
0.0
 10
686.1193428088172
 20
449.7698394818655
 30
0.0
  0
SPLINE
  5
D1
330
1F
100
AcDbEntity
  8
Dibujo2D$visible$líneas
100
AcDbSpline
210
0.0
220
0.0
230
1.0
 70
    12
 71
     2
 72
     6
 73
     3
 74
     0
 42
0.000000001
 43
0.0000000001
 40
2119.356145340948
 40
2119.356145340948
 40
2119.356145340948
 40
2193.931381798711
 40
2193.931381798711
 40
2193.931381798711
 10
585.5412402265738
 20
449.931465472236
 30
0.0
 41
1.0
 10
635.8302915176953
 20
437.8528074620303
 30
0.0
 41
0.9768952708045194
 10
686.1193428088172
 20
449.931465472236
 30
0.0
 41
1.0
  0
LINE
  5
D2
330
1F
100
AcDbEntity
  8
Dibujo2D$visible$líneas
100
AcDbLine
 10
585.5412402265738
 20
449.931465472236
 30
0.0
 11
585.5412402265738
 21
449.7698394818655
 31
0.0
  0
SPLINE
  5
D3
330
1F
100
AcDbEntity
  8
Dibujo2D$visible$líneas
100
AcDbSpline
210
0.0
220
0.0
230
1.0
 70
     8
 71
     3
 72
    12
 73
     8
 74
     0
 42
0.000000001
 43
0.0000000001
 40
0.0
 40
0.0
 40
0.0
 40
0.0
 40
12.6606589627349
 40
25.33321504769731
 40
50.75959876232291
 40
76.1918515388817
 40
101.5350189475215
 40
101.5350189475215
 40
101.5350189475215
 40
101.5350189475215
 10
686.1193428088172
 20
449.7698394818655
 30
0.0
 10
682.0177834944461
 20
448.776174540401
 30
0.0
 10
673.7522596430135
 20
447.0292895396211
 30
0.0
 10
657.0132285738046
 20
444.5122207278174
 30
0.0
 10
635.8362227928378
 20
443.2421236713716
 30
0.0
 10
610.4356861402571
 20
444.7639081589856
 30
0.0
 10
593.7514175324777
 20
447.7808810659072
 30
0.0
 10
585.5412402265738
 20
449.7698394818655
 30
0.0
  0
SPLINE
  5
D4
330
1F
100
AcDbEntity
  8
Dibujo2D$visible$líneas
100
AcDbSpline
210
0.0
220
0.0
230
1.0
 70
    12
 71
     2
 72
     6
 73
     3
 74
     0
 42
0.000000001
 43
0.0000000001
 40
2044.780324837722
 40
2044.780324837722
 40
2044.780324837722
 40
2119.356145340948
 40
2119.356145340948
 40
2119.356145340948
 10
484.9631376443303
 20
449.9314654722358
 30
0.0
 41
1.0
 10
535.2521889354521
 20
437.846517502095
 30
0.0
 41
0.9768720295636053
 10
585.5412402265738
 20
449.931465472236
 30
0.0
 41
1.0
  0
LINE
  5
D5
330
1F
100
AcDbEntity
  8
Dibujo2D$visible$líneas
100
AcDbLine
 10
484.9631376443303
 20
449.9314654722358
 30
0.0
 11
484.9631376443303
 21
449.7698394818652
 31
0.0
  0
SPLINE
  5
D6
330
1F
100
AcDbEntity
  8
Dibujo2D$visible$líneas
100
AcDbSpline
210
0.0
220
0.0
230
1.0
 70
     8
 71
     3
 72
    12
 73
     8
 74
     0
 42
0.000000001
 43
0.0000000001
 40
0.0
 40
0.0
 40
0.0
 40
0.0
 40
12.66160673142727
 40
25.3341596806688
 40
50.76054368827466
 40
76.19280564900012
 40
101.5359890258746
 40
101.5359890258746
 40
101.5359890258746
 40
101.5359890258746
 10
585.5412402265738
 20
449.7698394818655
 30
0.0
 10
581.4394923824098
 20
448.7756112072703
 30
0.0
 10
573.1738357866247
 20
447.0278108312358
 30
0.0
 10
556.4346667538466
 20
444.5094926458968
 30
0.0
 10
535.2576562143331
 20
443.2388076686756
 30
0.0
 10
509.8571145626579
 20
444.7614073273327
 30
0.0
 10
493.1730828987133
 20
447.7799013509037
 30
0.0
 10
484.9631376443303
 20
449.7698394818652
 30
0.0
  0
SPLINE
  5
D7
330
1F
100
AcDbEntity
  8
Dibujo2D$visible$líneas
100
AcDbSpline
210
0.0
220
0.0
230
1.0
 70
    12
 71
     2
 72
     6
 73
     3
 74
     0
 42
0.000000001
 43
0.0000000001
 40
1970.205083445929
 40
1970.205083445929
 40
1970.205083445929
 40
2044.780324837722
 40
2044.780324837722
 40
2044.780324837722
 10
384.3850350620869
 20
449.9314654722358
 30
0.0
 41
1.0
 10
434.6740863532088
 20
437.8527543119795
 30
0.0
 41
0.9768950744601848
 10
484.9631376443303
 20
449.9314654722358
 30
0.0
 41
1.0
  0
LINE
  5
D8
330
1F
100
AcDbEntity
  8
Dibujo2D$visible$líneas
100
AcDbLine
 10
384.3850350620869
 20
449.9314654722358
 30
0.0
 11
384.3850350620869
 21
449.7698394818652
 31
0.0
  0
SPLINE
  5
D9
330
1F
100
AcDbEntity
  8
Dibujo2D$visible$líneas
100
AcDbSpline
210
0.0
220
0.0
230
1.0
 70
     8
 71
     3
 72
    12
 73
     8
 74
     0
 42
0.000000001
 43
0.0000000001
 40
0.0
 40
0.0
 40
0.0
 40
0.0
 40
12.66066696952038
 40
25.33322302798982
 40
50.75960674508976
 40
76.19185959923838
 40
101.5350271427769
 40
101.5350271427769
 40
101.5350271427769
 40
101.5350271427769
 10
484.9631376443303
 20
449.7698394818652
 30
0.0
 10
480.8615767371962
 20
448.7761697805212
 30
0.0
 10
472.5960517643252
 20
447.0292770448651
 30
0.0
 10
455.8570195296438
 20
444.5121976754923
 30
0.0
 10
434.6800137085038
 20
443.2420956506752
 30
0.0
 10
409.2794770136607
 20
444.7638870263366
 30
0.0
 10
392.5952104075823
 20
447.7808727869868
 30
0.0
 10
384.3850350620869
 20
449.7698394818652
 30
0.0
  0
SPLINE
  5
DA
330
1F
100
AcDbEntity
  8
Dibujo2D$visible$líneas
100
AcDbSpline
210
0.0
220
0.0
230
1.0
 70
    12
 71
     2
 72
     6
 73
     3
 74
     0
 42
0.000000001
 43
0.0000000001
 40
1895.629627122312
 40
1895.629627122312
 40
1895.629627122312
 40
1970.205083445929
 40
1970.205083445929
 40
1970.205083445929
 10
283.8069324798435
 20
449.9314654722358
 30
0.0
 41
1.0
 10
334.0959837709652
 20
437.8504392401674
 30
0.0
 41
0.9768865215108851
 10
384.3850350620869
 20
449.9314654722358
 30
0.0
 41
1.0
  0
LINE
  5
DB
330
1F
100
AcDbEntity
  8
Dibujo2D$visible$líneas
100
AcDbLine
 10
283.8069324798435
 20
449.9314654722358
 30
0.0
 11
283.8069324798435
 21
449.7698394818652
 31
0.0
  0
SPLINE
  5
DC
330
1F
100
AcDbEntity
  8
Dibujo2D$visible$líneas
100
AcDbSpline
210
0.0
220
0.0
230
1.0
 70
     8
 71
     3
 72
    12
 73
     8
 74
     0
 42
0.000000001
 43
0.0000000001
 40
0.0
 40
0.0
 40
0.0
 40
0.0
 40
12.66101575380773
 40
25.33357065829079
 40
50.75995448317135
 40
76.1922107171541
 40
101.5353841370904
 40
101.5353841370904
 40
101.5353841370904
 40
101.5353841370904
 10
384.3850350620869
 20
449.7698394818652
 30
0.0
 10
380.2834047733027
 20
448.7759624485367
 30
0.0
 10
372.01783094958
 20
447.0287328022372
 30
0.0
 10
355.2787479449612
 20
444.5111935802482
 30
0.0
 10
334.1017403732558
 20
443.240875154071
 30
0.0
 10
308.7012018379437
 20
444.762966556577
 30
0.0
 10
292.0170224282906
 20
447.7805121854034
 30
0.0
 10
283.8069324798437
 20
449.7698394818652
 30
0.0
  0
LINE
  5
DD
330
1F
100
AcDbEntity
  8
Dibujo2D$visible$líneas
100
AcDbLine
 10
283.8069324798435
 20
368.5080855590626
 30
0.0
 11
283.8069324798435
 21
368.6945466762119
 31
0.0
  0
LINE
  5
DE
330
1F
100
AcDbEntity
  8
Dibujo2D$visible$líneas
100
AcDbLine
 10
283.8069324798435
 20
449.7698394818652
 30
0.0
 11
283.8069324798435
 21
368.6945466762119
 31
0.0
  0
LINE
  5
DF
330
1F
100
AcDbEntity
  8
Dibujo2D$visible$líneas
100
AcDbLine
 10
1496.2834599358
 20
137.4995844863048
 30
0.0
 11
1311.663744610286
 21
137.4995844862987
 31
0.0
  0
LINE
  5
E0
330
1F
100
AcDbEntity
  8
Dibujo2D$visible$líneas
100
AcDbLine
 10
1298.072109126199
 20
137.4995844862982
 30
0.0
 11
1108.695321381254
 21
137.4995844862918
 31
0.0
  0
LINE
  5
E1
330
1F
100
AcDbEntity
  8
Dibujo2D$visible$líneas
100
AcDbLine
 10
1095.103685897167
 20
137.4995844862916
 30
0.0
 11
905.7268981522225
 21
137.4995844862855
 31
0.0
  0
LINE
  5
E2
330
1F
100
AcDbEntity
  8
Dibujo2D$visible$líneas
100
AcDbLine
 10
892.135262668135
 20
137.499584486285
 30
0.0
 11
702.7584749231914
 21
137.4995844862786
 31
0.0
  0
LINE
  5
E3
330
1F
100
AcDbEntity
  8
Dibujo2D$visible$líneas
100
AcDbLine
 10
689.166839439104
 20
137.4995844862782
 30
0.0
 11
499.7900516941586
 21
137.4995844862721
 31
0.0
  0
LINE
  5
E4
330
1F
100
AcDbEntity
  8
Dibujo2D$visible$líneas
100
AcDbLine
 10
486.1984162100716
 20
137.4995844862716
 30
0.0
 11
296.8216284651276
 21
137.4995844862655
 31
0.0
  0
LINE
  5
E5
330
1F
100
AcDbEntity
  8
Dibujo2D$visible$líneas
100
AcDbLine
 10
283.2299929810401
 20
137.4995844862648
 30
0.0
 11
89.10066336182672
 21
137.4995844862584
 31
0.0
  0
LINE
  5
E6
330
1F
100
AcDbEntity
  8
Dibujo2D$visible$líneas
100
AcDbLine
 10
1496.2834599358
 20
151.0912199703918
 30
0.0
 11
1311.663744610286
 21
151.0912199703856
 31
0.0
  0
LINE
  5
E7
330
1F
100
AcDbEntity
  8
Dibujo2D$visible$líneas
100
AcDbLine
 10
1298.072109126199
 20
151.0912199703852
 30
0.0
 11
1108.695321381254
 21
151.091219970379
 31
0.0
  0
LINE
  5
E8
330
1F
100
AcDbEntity
  8
Dibujo2D$visible$líneas
100
AcDbLine
 10
1095.103685897167
 20
151.0912199703786
 30
0.0
 11
905.726898152222
 21
151.0912199703724
 31
0.0
  0
LINE
  5
E9
330
1F
100
AcDbEntity
  8
Dibujo2D$visible$líneas
100
AcDbLine
 10
892.135262668135
 20
151.091219970372
 30
0.0
 11
702.7584749231905
 21
151.0912199703656
 31
0.0
  0
LINE
  5
EA
330
1F
100
AcDbEntity
  8
Dibujo2D$visible$líneas
100
AcDbLine
 10
689.166839439104
 20
151.0912199703652
 30
0.0
 11
499.7900516941586
 21
151.091219970359
 31
0.0
  0
LINE
  5
EB
330
1F
100
AcDbEntity
  8
Dibujo2D$visible$líneas
100
AcDbLine
 10
486.1984162100716
 20
151.0912199703586
 30
0.0
 11
296.8216284651271
 21
151.0912199703524
 31
0.0
  0
LINE
  5
EC
330
1F
100
AcDbEntity
  8
Dibujo2D$visible$líneas
100
AcDbLine
 10
283.2299929810401
 20
151.091219970352
 30
0.0
 11
89.10066336182672
 21
151.0912199703456
 31
0.0
  0
LINE
  5
ED
330
1F
100
AcDbEntity
  8
Dibujo2D$visible$líneas
100
AcDbLine
 10
892.135262668135
 20
-268.198658438902
 30
0.0
 11
892.135262668135
 21
263.3378110113216
 31
0.0
  0
LINE
  5
EE
330
1F
100
AcDbEntity
  8
Dibujo2D$visible$líneas
100
AcDbLine
 10
892.135262668135
 20
-268.198658438902
 30
0.0
 11
905.726898152222
 21
-268.198658438902
 31
0.0
  0
LINE
  5
EF
330
1F
100
AcDbEntity
  8
Dibujo2D$visible$líneas
100
AcDbLine
 10
905.726898152222
 20
-268.198658438902
 30
0.0
 11
905.726898152222
 21
263.3378110113216
 31
0.0
  0
LINE
  5
F0
330
1F
100
AcDbEntity
  8
Dibujo2D$visible$líneas
100
AcDbLine
 10
892.135262668135
 20
263.3378110113216
 30
0.0
 11
905.726898152222
 21
263.3378110113216
 31
0.0
  0
LINE
  5
F1
330
1F
100
AcDbEntity
  8
Dibujo2D$visible$líneas
100
AcDbLine
 10
89.10066336182717
 20
263.1344805648292
 30
0.0
 11
283.2299929810406
 21
263.1344805647992
 31
0.0
  0
LINE
  5
F2
330
1F
100
AcDbEntity
  8
Dibujo2D$visible$líneas
100
AcDbLine
 10
296.8216284651271
 20
263.1344805647972
 30
0.0
 11
486.1984162100721
 21
263.1344805647678
 31
0.0
  0
LINE
  5
F3
330
1F
100
AcDbEntity
  8
Dibujo2D$visible$líneas
100
AcDbLine
 10
499.7900516941586
 20
263.1344805647656
 30
0.0
 11
689.166839439104
 21
263.1344805647362
 31
0.0
  0
LINE
  5
F4
330
1F
100
AcDbEntity
  8
Dibujo2D$visible$líneas
100
AcDbLine
 10
702.7584749231905
 20
263.1344805647342
 30
0.0
 11
892.135262668135
 21
263.1344805647049
 31
0.0
  0
LINE
  5
F5
330
1F
100
AcDbEntity
  8
Dibujo2D$visible$líneas
100
AcDbLine
 10
905.726898152222
 20
263.1344805647028
 30
0.0
 11
1095.103685897167
 21
263.1344805646735
 31
0.0
  0
LINE
  5
F6
330
1F
100
AcDbEntity
  8
Dibujo2D$visible$líneas
100
AcDbLine
 10
1108.695321381254
 20
263.1344805646712
 30
0.0
 11
1298.072109126199
 21
263.1344805646421
 31
0.0
  0
LINE
  5
F7
330
1F
100
AcDbEntity
  8
Dibujo2D$visible$líneas
100
AcDbLine
 10
1311.663744610286
 20
263.1344805646401
 30
0.0
 11
1496.2834599358
 21
263.1344805646114
 31
0.0
  0
LINE
  5
F8
330
1F
100
AcDbEntity
  8
Dibujo2D$visible$líneas
100
AcDbLine
 10
283.2299929810401
 20
-268.1986584389221
 30
0.0
 11
283.2299929810401
 21
263.3378110113016
 31
0.0
  0
LINE
  5
F9
330
1F
100
AcDbEntity
  8
Dibujo2D$visible$líneas
100
AcDbLine
 10
283.2299929810401
 20
-268.1986584389221
 30
0.0
 11
296.8216284651271
 21
-268.1986584389221
 31
0.0
  0
LINE
  5
FA
330
1F
100
AcDbEntity
  8
Dibujo2D$visible$líneas
100
AcDbLine
 10
296.8216284651271
 20
-268.1986584389221
 30
0.0
 11
296.8216284651271
 21
263.3378110113016
 31
0.0
  0
LINE
  5
FB
330
1F
100
AcDbEntity
  8
Dibujo2D$visible$líneas
100
AcDbLine
 10
283.2299929810401
 20
263.3378110113016
 30
0.0
 11
296.8216284651271
 21
263.3378110113016
 31
0.0
  0
ARC
  5
FC
330
1F
100
AcDbEntity
  8
Dibujo2D$visible$líneas
100
AcDbCircle
 10
59.52845511919566
 20
285.8020384721404
 30
0.0
 40
4.077490645226002
100
AcDbArc
 50
0.0280559715695196
 51
0.0000000018411144
  0
LINE
  5
FD
330
1F
100
AcDbEntity
  8
Dibujo2D$visible$líneas
100
AcDbLine
 10
587.6826278245876
 20
-117.296847044771
 30
0.0
 11
587.6826278245876
 21
-268.1986584389102
 31
0.0
  0
LINE
  5
FE
330
1F
100
AcDbEntity
  8
Dibujo2D$visible$líneas
100
AcDbLine
 10
587.6826278245876
 20
-117.2968470447714
 30
0.0
 11
601.2742633086746
 21
-117.2968470447714
 31
0.0
  0
LINE
  5
FF
330
1F
100
AcDbEntity
  8
Dibujo2D$visible$líneas
100
AcDbLine
 10
601.2742633086746
 20
-117.296847044771
 30
0.0
 11
601.2742633086746
 21
-268.1986584389102
 31
0.0
  0
LINE
  5
100
330
1F
100
AcDbEntity
  8
Dibujo2D$visible$líneas
100
AcDbLine
 10
587.6826278245876
 20
-268.1986584389102
 30
0.0
 11
601.2742633086746
 21
-268.1986584389102
 31
0.0
  0
LINE
  5
101
330
1F
100
AcDbEntity
  8
Dibujo2D$visible$líneas
100
AcDbLine
 10
1496.283459935799
 20
-268.198658438882
 30
0.0
 11
1496.283459935799
 21
263.3378110113416
 31
0.0
  0
LINE
  5
102
330
1F
100
AcDbEntity
  8
Dibujo2D$visible$líneas
100
AcDbLine
 10
1496.283459935799
 20
-268.198658438882
 30
0.0
 11
1509.875095419887
 21
-268.198658438882
 31
0.0
  0
LINE
  5
103
330
1F
100
AcDbEntity
  8
Dibujo2D$visible$líneas
100
AcDbLine
 10
1509.875095419887
 20
-268.198658438882
 30
0.0
 11
1509.875095419887
 21
263.3378110113416
 31
0.0
  0
LINE
  5
104
330
1F
100
AcDbEntity
  8
Dibujo2D$visible$líneas
100
AcDbLine
 10
1496.283459935799
 20
263.3378110113416
 30
0.0
 11
1509.875095419887
 21
263.3378110113416
 31
0.0
  0
LINE
  5
105
330
1F
100
AcDbEntity
  8
Dibujo2D$visible$líneas
100
AcDbLine
 10
993.619474282651
 20
-117.2968470447594
 30
0.0
 11
993.619474282651
 21
-268.1986584388989
 31
0.0
  0
LINE
  5
106
330
1F
100
AcDbEntity
  8
Dibujo2D$visible$líneas
100
AcDbLine
 10
993.619474282651
 20
-117.2968470447601
 30
0.0
 11
1007.211109766738
 21
-117.2968470447601
 31
0.0
  0
LINE
  5
107
330
1F
100
AcDbEntity
  8
Dibujo2D$visible$líneas
100
AcDbLine
 10
1007.211109766738
 20
-117.2968470447594
 30
0.0
 11
1007.211109766738
 21
-268.1986584388989
 31
0.0
  0
LINE
  5
108
330
1F
100
AcDbEntity
  8
Dibujo2D$visible$líneas
100
AcDbLine
 10
993.619474282651
 20
-268.1986584388989
 30
0.0
 11
1007.211109766738
 21
-268.1986584388989
 31
0.0
  0
LINE
  5
109
330
1F
100
AcDbEntity
  8
Dibujo2D$visible$líneas
100
AcDbLine
 10
1656.200874502775
 20
278.5716668347724
 30
0.0
 11
1509.874211150491
 21
278.5716668347724
 31
0.0
  0
LINE
  5
10A
330
1F
100
AcDbEntity
  8
Dibujo2D$visible$líneas
100
AcDbLine
 10
1509.873326881095
 20
278.5716668347724
 30
0.0
 11
1509.873326881095
 21
282.6491574799985
 31
0.0
  0
LINE
  5
10B
330
1F
100
AcDbEntity
  8
Dibujo2D$visible$líneas
100
AcDbLine
 10
1656.200874502775
 20
278.5716668347724
 30
0.0
 11
1656.200874502775
 21
282.6491574799985
 31
0.0
  0
LINE
  5
10C
330
1F
100
AcDbEntity
  8
Dibujo2D$visible$líneas
100
AcDbLine
 10
1656.200874502775
 20
282.6491574799985
 30
0.0
 11
1509.874211150491
 21
282.6491574799985
 31
0.0
  0
LINE
  5
10D
330
1F
100
AcDbEntity
  8
Dibujo2D$visible$líneas
100
AcDbLine
 10
1399.556320740714
 20
-117.296847044746
 30
0.0
 11
1399.556320740714
 21
-268.1986584388854
 31
0.0
  0
LINE
  5
10E
330
1F
100
AcDbEntity
  8
Dibujo2D$visible$líneas
100
AcDbLine
 10
1399.556320740714
 20
-117.2968470447466
 30
0.0
 11
1413.147956224801
 21
-117.2968470447466
 31
0.0
  0
LINE
  5
10F
330
1F
100
AcDbEntity
  8
Dibujo2D$visible$líneas
100
AcDbLine
 10
1413.147956224801
 20
-117.296847044746
 30
0.0
 11
1413.147956224801
 21
-268.1986584388854
 31
0.0
  0
LINE
  5
110
330
1F
100
AcDbEntity
  8
Dibujo2D$visible$líneas
100
AcDbLine
 10
1399.556320740714
 20
-268.1986584388854
 30
0.0
 11
1413.147956224801
 21
-268.1986584388854
 31
0.0
  0
LINE
  5
111
330
1F
100
AcDbEntity
  8
Dibujo2D$visible$líneas
100
AcDbLine
 10
1298.072109126198
 20
-268.1986584388886
 30
0.0
 11
1298.072109126198
 21
263.3378110113348
 31
0.0
  0
LINE
  5
112
330
1F
100
AcDbEntity
  8
Dibujo2D$visible$líneas
100
AcDbLine
 10
1298.072109126198
 20
-268.1986584388886
 30
0.0
 11
1311.663744610285
 21
-268.1986584388886
 31
0.0
  0
LINE
  5
113
330
1F
100
AcDbEntity
  8
Dibujo2D$visible$líneas
100
AcDbLine
 10
1311.663744610285
 20
-268.1986584388886
 30
0.0
 11
1311.663744610285
 21
263.3378110113348
 31
0.0
  0
LINE
  5
114
330
1F
100
AcDbEntity
  8
Dibujo2D$visible$líneas
100
AcDbLine
 10
1298.072109126198
 20
263.3378110113348
 30
0.0
 11
1311.663744610285
 21
263.3378110113348
 31
0.0
  0
LINE
  5
115
330
1F
100
AcDbEntity
  8
Dibujo2D$visible$líneas
100
AcDbLine
 10
1196.587897511683
 20
-117.2968470447526
 30
0.0
 11
1196.587897511683
 21
-268.198658438892
 31
0.0
  0
LINE
  5
116
330
1F
100
AcDbEntity
  8
Dibujo2D$visible$líneas
100
AcDbLine
 10
1196.587897511683
 20
-117.2968470447532
 30
0.0
 11
1210.179532995769
 21
-117.2968470447532
 31
0.0
  0
LINE
  5
117
330
1F
100
AcDbEntity
  8
Dibujo2D$visible$líneas
100
AcDbLine
 10
1210.179532995769
 20
-117.2968470447526
 30
0.0
 11
1210.179532995769
 21
-268.198658438892
 31
0.0
  0
LINE
  5
118
330
1F
100
AcDbEntity
  8
Dibujo2D$visible$líneas
100
AcDbLine
 10
1196.587897511683
 20
-268.198658438892
 30
0.0
 11
1210.179532995769
 21
-268.198658438892
 31
0.0
  0
LINE
  5
119
330
1F
100
AcDbEntity
  8
Dibujo2D$visible$líneas
100
AcDbLine
 10
1509.875095419887
 20
7.878936264463505
 30
0.0
 11
1594.741267382525
 21
7.878936264463732
 31
0.0
  0
LINE
  5
11A
330
1F
100
AcDbEntity
  8
Dibujo2D$visible$líneas
100
AcDbLine
 10
1509.875095419887
 20
3.801445619237597
 30
0.0
 11
1594.741267382525
 21
3.801445619237597
 31
0.0
  0
LINE
  5
11B
330
1F
100
AcDbEntity
  8
Dibujo2D$visible$líneas
100
AcDbLine
 10
1311.663744610285
 20
3.801445619237597
 30
0.0
 11
1380.175563688451
 21
3.801445619237597
 31
0.0
  0
LINE
  5
11C
330
1F
100
AcDbEntity
  8
Dibujo2D$visible$líneas
100
AcDbLine
 10
1383.17556368845
 20
3.801445619237597
 30
0.0
 11
1496.283459935799
 21
3.80144561923737
 31
0.0
  0
LINE
  5
11D
330
1F
100
AcDbEntity
  8
Dibujo2D$visible$líneas
100
AcDbLine
 10
1108.695321381254
 20
3.801445619237597
 30
0.0
 11
1298.072109126199
 21
3.801445619237597
 31
0.0
  0
LINE
  5
11E
330
1F
100
AcDbEntity
  8
Dibujo2D$visible$líneas
100
AcDbLine
 10
905.726898152222
 20
3.801445619237597
 30
0.0
 11
1095.103685897167
 21
3.801445619237597
 31
0.0
  0
LINE
  5
11F
330
1F
100
AcDbEntity
  8
Dibujo2D$visible$líneas
100
AcDbLine
 10
702.7584749231905
 20
3.801445619237597
 30
0.0
 11
892.135262668135
 21
3.801445619237597
 31
0.0
  0
LINE
  5
120
330
1F
100
AcDbEntity
  8
Dibujo2D$visible$líneas
100
AcDbLine
 10
499.790051694159
 20
3.801445619237597
 30
0.0
 11
689.1668394391036
 21
3.801445619237597
 31
0.0
  0
LINE
  5
121
330
1F
100
AcDbEntity
  8
Dibujo2D$visible$líneas
100
AcDbLine
 10
296.8216284651271
 20
3.801445619237597
 30
0.0
 11
486.1984162100721
 21
3.801445619237597
 31
0.0
  0
LINE
  5
122
330
1F
100
AcDbEntity
  8
Dibujo2D$visible$líneas
100
AcDbLine
 10
89.10066336182649
 20
3.801445619237597
 30
0.0
 11
283.2299929810397
 21
3.801445619237597
 31
0.0
  0
LINE
  5
123
330
1F
100
AcDbEntity
  8
Dibujo2D$visible$líneas
100
AcDbLine
 10
1509.875095419887
 20
-268.1986584388811
 30
0.0
 11
1509.875095419887
 21
-284.3128000338293
 31
0.0
  0
LINE
  5
124
330
1F
100
AcDbEntity
  8
Dibujo2D$visible$líneas
100
AcDbLine
 10
1505.797604774663
 20
-284.5086210197854
 30
0.0
 11
-12.38807879785077
 21
-284.5086210197854
 31
0.0
  0
LINE
  5
125
330
1F
100
AcDbEntity
  8
Dibujo2D$visible$líneas
100
AcDbLine
 10
1496.283459935799
 20
-268.1986584388811
 30
0.0
 11
1413.147956224801
 21
-268.1986584388811
 31
0.0
  0
LINE
  5
126
330
1F
100
AcDbEntity
  8
Dibujo2D$visible$líneas
100
AcDbLine
 10
1399.556320740714
 20
-268.1986584388811
 30
0.0
 11
1311.663744610285
 21
-268.1986584388811
 31
0.0
  0
LINE
  5
127
330
1F
100
AcDbEntity
  8
Dibujo2D$visible$líneas
100
AcDbLine
 10
1298.072109126198
 20
-268.1986584388811
 30
0.0
 11
1210.179532995769
 21
-268.1986584388811
 31
0.0
  0
LINE
  5
128
330
1F
100
AcDbEntity
  8
Dibujo2D$visible$líneas
100
AcDbLine
 10
1196.587897511683
 20
-268.1986584388811
 30
0.0
 11
1108.695321381254
 21
-268.1986584388811
 31
0.0
  0
LINE
  5
129
330
1F
100
AcDbEntity
  8
Dibujo2D$visible$líneas
100
AcDbLine
 10
1095.103685897167
 20
-268.1986584388811
 30
0.0
 11
1007.211109766738
 21
-268.1986584388811
 31
0.0
  0
LINE
  5
12A
330
1F
100
AcDbEntity
  8
Dibujo2D$visible$líneas
100
AcDbLine
 10
993.619474282651
 20
-268.1986584388811
 30
0.0
 11
905.726898152222
 21
-268.1986584388811
 31
0.0
  0
LINE
  5
12B
330
1F
100
AcDbEntity
  8
Dibujo2D$visible$líneas
100
AcDbLine
 10
892.135262668135
 20
-268.1986584388811
 30
0.0
 11
804.2426865377065
 21
-268.1986584388811
 31
0.0
  0
LINE
  5
12C
330
1F
100
AcDbEntity
  8
Dibujo2D$visible$líneas
100
AcDbLine
 10
790.6510510536195
 20
-268.1986584388811
 30
0.0
 11
702.7584749231905
 21
-268.1986584388811
 31
0.0
  0
LINE
  5
12D
330
1F
100
AcDbEntity
  8
Dibujo2D$visible$líneas
100
AcDbLine
 10
689.1668394391031
 20
-268.1986584388811
 30
0.0
 11
601.2742633086746
 21
-268.1986584388811
 31
0.0
  0
LINE
  5
12E
330
1F
100
AcDbEntity
  8
Dibujo2D$visible$líneas
100
AcDbLine
 10
587.6826278245876
 20
-268.1986584388811
 30
0.0
 11
499.7900516941586
 21
-268.1986584388811
 31
0.0
  0
LINE
  5
12F
330
1F
100
AcDbEntity
  8
Dibujo2D$visible$líneas
100
AcDbLine
 10
486.1984162100721
 20
-268.1986584388811
 30
0.0
 11
398.3058400796431
 21
-268.1986584388811
 31
0.0
  0
LINE
  5
130
330
1F
100
AcDbEntity
  8
Dibujo2D$visible$líneas
100
AcDbLine
 10
384.7142045955566
 20
-268.1986584388811
 30
0.0
 11
296.8216284651273
 21
-268.1986584388811
 31
0.0
  0
LINE
  5
131
330
1F
100
AcDbEntity
  8
Dibujo2D$visible$líneas
100
AcDbLine
 10
283.2299929810401
 20
-268.1986584388811
 30
0.0
 11
195.3374168506111
 21
-268.1986584388811
 31
0.0
  0
LINE
  5
132
330
1F
100
AcDbEntity
  8
Dibujo2D$visible$líneas
100
AcDbLine
 10
181.7457813665242
 20
-268.1986584388811
 30
0.0
 11
89.10066336182649
 21
-268.1986584388811
 31
0.0
  0
SPLINE
  5
133
330
1F
100
AcDbEntity
  8
Dibujo2D$visible$líneas
100
AcDbSpline
210
0.0
220
0.0
230
1.0
 70
    28
 71
     3
 72
    10
 73
     6
 74
     0
 42
0.000000001
 43
0.0000000001
 40
32.27262311841767
 40
32.27262311841767
 40
32.27262311841767
 40
32.27262311841767
 40
32.33340149210515
 40
33.33340149210515
 40
34.31777649210515
 40
34.31777649210515
 40
34.31777649210515
 40
34.31777649210515
 10
-12.38807879785077
 20
-268.1986584388811
 30
0.0
 41
1.0
 10
-12.38807879785077
 20
-268.3658139401697
 30
0.0
 41
1.0
 10
-12.38807879785077
 20
-271.2727872443603
 30
0.0
 41
1.0
 10
-12.38807879785077
 20
-276.5939002872533
 30
0.0
 41
1.0
 10
-12.38807879785077
 20
-284.5314619676033
 30
0.0
 41
1.0
 10
-12.38807879785077
 20
-284.5125315442468
 30
0.0
 41
1.0
  0
LINE
  5
134
330
1F
100
AcDbEntity
  8
Dibujo2D$visible$líneas
100
AcDbLine
 10
181.7457813665242
 20
-117.296847044768
 30
0.0
 11
181.7457813665242
 21
-268.1986584389075
 31
0.0
  0
LINE
  5
135
330
1F
100
AcDbEntity
  8
Dibujo2D$visible$líneas
100
AcDbLine
 10
181.7457813665242
 20
-117.2968470447687
 30
0.0
 11
195.3374168506111
 21
-117.2968470447687
 31
0.0
  0
LINE
  5
136
330
1F
100
AcDbEntity
  8
Dibujo2D$visible$líneas
100
AcDbLine
 10
195.3374168506111
 20
-117.296847044768
 30
0.0
 11
195.3374168506111
 21
-268.1986584389075
 31
0.0
  0
LINE
  5
137
330
1F
100
AcDbEntity
  8
Dibujo2D$visible$líneas
100
AcDbLine
 10
181.7457813665242
 20
-268.1986584389075
 30
0.0
 11
195.3374168506111
 21
-268.1986584389075
 31
0.0
  0
LINE
  5
138
330
1F
100
AcDbEntity
  8
Dibujo2D$visible$líneas
100
AcDbLine
 10
-12.38807879785077
 20
263.3378110115774
 30
0.0
 11
-12.38807879785077
 21
367.9934042390465
 31
0.0
  0
LINE
  5
139
330
1F
100
AcDbEntity
  8
Dibujo2D$visible$líneas
100
AcDbLine
 10
-12.38807879785077
 20
367.9934042390465
 30
0.0
 11
1509.875095419887
 21
367.993404238811
 31
0.0
  0
LINE
  5
13A
330
1F
100
AcDbEntity
  8
Dibujo2D$visible$líneas
100
AcDbLine
 10
89.10066336182626
 20
263.3378110115617
 30
0.0
 11
283.2299929810399
 21
263.3378110115317
 31
0.0
  0
LINE
  5
13B
330
1F
100
AcDbEntity
  8
Dibujo2D$visible$líneas
100
AcDbLine
 10
296.8216284651271
 20
263.3378110115294
 30
0.0
 11
486.1984162100716
 21
263.3378110115001
 31
0.0
  0
LINE
  5
13C
330
1F
100
AcDbEntity
  8
Dibujo2D$visible$líneas
100
AcDbLine
 10
499.7900516941586
 20
263.337811011498
 30
0.0
 11
689.166839439104
 21
263.3378110114687
 31
0.0
  0
LINE
  5
13D
330
1F
100
AcDbEntity
  8
Dibujo2D$visible$líneas
100
AcDbLine
 10
702.7584749231905
 20
263.3378110114667
 30
0.0
 11
892.135262668135
 21
263.3378110114373
 31
0.0
  0
LINE
  5
13E
330
1F
100
AcDbEntity
  8
Dibujo2D$visible$líneas
100
AcDbLine
 10
905.7268981522216
 20
263.3378110114353
 30
0.0
 11
1095.103685897167
 21
263.3378110114057
 31
0.0
  0
LINE
  5
13F
330
1F
100
AcDbEntity
  8
Dibujo2D$visible$líneas
100
AcDbLine
 10
1108.695321381254
 20
263.3378110114039
 30
0.0
 11
1298.072109126198
 21
263.3378110113744
 31
0.0
  0
LINE
  5
140
330
1F
100
AcDbEntity
  8
Dibujo2D$visible$líneas
100
AcDbLine
 10
1311.663744610285
 20
263.3378110113723
 30
0.0
 11
1496.283459935799
 21
263.3378110113437
 31
0.0
  0
LINE
  5
141
330
1F
100
AcDbEntity
  8
Dibujo2D$visible$líneas
100
AcDbLine
 10
1509.875095419887
 20
263.3378110113416
 30
0.0
 11
1509.875095419886
 21
278.5716668379172
 31
0.0
  0
LINE
  5
142
330
1F
100
AcDbEntity
  8
Dibujo2D$visible$líneas
100
AcDbLine
 10
1509.875095419887
 20
282.649157479999
 30
0.0
 11
1509.875095419887
 21
367.993404238811
 31
0.0
  0
CIRCLE
  5
143
330
1F
100
AcDbEntity
  8
Dibujo2D$visible$líneas
100
AcDbCircle
 10
59.52845511918849
 20
285.8020384722728
 30
0.0
 40
10.87330838727735
  0
LINE
  5
144
330
1F
100
AcDbEntity
  8
Dibujo2D$visible$líneas
100
AcDbLine
 10
1496.283459935799
 20
-134.9659731740568
 30
0.0
 11
1413.147956224801
 21
-134.9659731740595
 31
0.0
  0
LINE
  5
145
330
1F
100
AcDbEntity
  8
Dibujo2D$visible$líneas
100
AcDbLine
 10
1399.556320740714
 20
-134.96597317406
 30
0.0
 11
1311.663744610286
 21
-134.9659731740629
 31
0.0
  0
LINE
  5
146
330
1F
100
AcDbEntity
  8
Dibujo2D$visible$líneas
100
AcDbLine
 10
1298.072109126198
 20
-134.9659731740634
 30
0.0
 11
1210.17953299577
 21
-134.9659731740662
 31
0.0
  0
LINE
  5
147
330
1F
100
AcDbEntity
  8
Dibujo2D$visible$líneas
100
AcDbLine
 10
1196.587897511683
 20
-134.9659731740667
 30
0.0
 11
1108.695321381254
 21
-134.9659731740695
 31
0.0
  0
LINE
  5
148
330
1F
100
AcDbEntity
  8
Dibujo2D$visible$líneas
100
AcDbLine
 10
1095.103685897167
 20
-134.96597317407
 30
0.0
 11
1007.211109766738
 21
-134.9659731740729
 31
0.0
  0
LINE
  5
149
330
1F
100
AcDbEntity
  8
Dibujo2D$visible$líneas
100
AcDbLine
 10
993.6194742826515
 20
-134.9659731740733
 30
0.0
 11
905.7268981522216
 21
-134.9659731740762
 31
0.0
  0
LINE
  5
14A
330
1F
100
AcDbEntity
  8
Dibujo2D$visible$líneas
100
AcDbLine
 10
892.135262668135
 20
-134.9659731740766
 30
0.0
 11
804.242686537707
 21
-134.9659731740795
 31
0.0
  0
LINE
  5
14B
330
1F
100
AcDbEntity
  8
Dibujo2D$visible$líneas
100
AcDbLine
 10
790.6510510536195
 20
-134.96597317408
 30
0.0
 11
702.7584749231905
 21
-134.9659731740828
 31
0.0
  0
LINE
  5
14C
330
1F
100
AcDbEntity
  8
Dibujo2D$visible$líneas
100
AcDbLine
 10
689.166839439104
 20
-134.9659731740833
 30
0.0
 11
601.274263308675
 21
-134.9659731740861
 31
0.0
  0
LINE
  5
14D
330
1F
100
AcDbEntity
  8
Dibujo2D$visible$líneas
100
AcDbLine
 10
587.6826278245876
 20
-134.9659731740866
 30
0.0
 11
499.7900516941581
 21
-134.9659731740895
 31
0.0
  0
LINE
  5
14E
330
1F
100
AcDbEntity
  8
Dibujo2D$visible$líneas
100
AcDbLine
 10
486.1984162100716
 20
-134.96597317409
 30
0.0
 11
398.3058400796431
 21
-134.9659731740928
 31
0.0
  0
LINE
  5
14F
330
1F
100
AcDbEntity
  8
Dibujo2D$visible$líneas
100
AcDbLine
 10
384.7142045955561
 20
-134.9659731740933
 30
0.0
 11
296.8216284651273
 21
-134.9659731740961
 31
0.0
  0
LINE
  5
150
330
1F
100
AcDbEntity
  8
Dibujo2D$visible$líneas
100
AcDbLine
 10
283.2299929810404
 20
-134.9659731740966
 30
0.0
 11
195.3374168506111
 21
-134.9659731740995
 31
0.0
  0
LINE
  5
151
330
1F
100
AcDbEntity
  8
Dibujo2D$visible$líneas
100
AcDbLine
 10
181.7457813665242
 20
-134.9659731741
 30
0.0
 11
89.10066336182649
 21
-134.9659731741029
 31
0.0
  0
LINE
  5
152
330
1F
100
AcDbEntity
  8
Dibujo2D$visible$líneas
100
AcDbLine
 10
1496.283459935799
 20
-121.3743376899698
 30
0.0
 11
1413.147956224801
 21
-121.3743376899725
 31
0.0
  0
LINE
  5
153
330
1F
100
AcDbEntity
  8
Dibujo2D$visible$líneas
100
AcDbLine
 10
1399.556320740714
 20
-121.374337689973
 30
0.0
 11
1311.663744610286
 21
-121.374337689976
 31
0.0
  0
LINE
  5
154
330
1F
100
AcDbEntity
  8
Dibujo2D$visible$líneas
100
AcDbLine
 10
1298.072109126198
 20
-121.3743376899764
 30
0.0
 11
1210.17953299577
 21
-121.3743376899793
 31
0.0
  0
LINE
  5
155
330
1F
100
AcDbEntity
  8
Dibujo2D$visible$líneas
100
AcDbLine
 10
1196.587897511683
 20
-121.3743376899796
 30
0.0
 11
1108.695321381254
 21
-121.3743376899826
 31
0.0
  0
LINE
  5
156
330
1F
100
AcDbEntity
  8
Dibujo2D$visible$líneas
100
AcDbLine
 10
1095.103685897166
 20
-121.374337689983
 30
0.0
 11
1007.211109766738
 21
-121.374337689986
 31
0.0
  0
LINE
  5
157
330
1F
100
AcDbEntity
  8
Dibujo2D$visible$líneas
100
AcDbLine
 10
993.619474282651
 20
-121.3743376899864
 30
0.0
 11
905.726898152222
 21
-121.3743376899893
 31
0.0
  0
LINE
  5
158
330
1F
100
AcDbEntity
  8
Dibujo2D$visible$líneas
100
AcDbLine
 10
892.135262668135
 20
-121.3743376899897
 30
0.0
 11
804.242686537707
 21
-121.3743376899926
 31
0.0
  0
LINE
  5
159
330
1F
100
AcDbEntity
  8
Dibujo2D$visible$líneas
100
AcDbLine
 10
790.6510510536195
 20
-121.374337689993
 30
0.0
 11
702.7584749231905
 21
-121.3743376899959
 31
0.0
  0
LINE
  5
15A
330
1F
100
AcDbEntity
  8
Dibujo2D$visible$líneas
100
AcDbLine
 10
689.166839439104
 20
-121.3743376899963
 30
0.0
 11
601.274263308675
 21
-121.3743376899992
 31
0.0
  0
LINE
  5
15B
330
1F
100
AcDbEntity
  8
Dibujo2D$visible$líneas
100
AcDbLine
 10
587.682627824588
 20
-121.3743376899996
 30
0.0
 11
499.7900516941586
 21
-121.3743376900026
 31
0.0
  0
LINE
  5
15C
330
1F
100
AcDbEntity
  8
Dibujo2D$visible$líneas
100
AcDbLine
 10
486.1984162100716
 20
-121.374337690003
 30
0.0
 11
398.305840079644
 21
-121.3743376900059
 31
0.0
  0
LINE
  5
15D
330
1F
100
AcDbEntity
  8
Dibujo2D$visible$líneas
100
AcDbLine
 10
384.7142045955566
 20
-121.3743376900063
 30
0.0
 11
296.8216284651267
 21
-121.3743376900092
 31
0.0
  0
LINE
  5
15E
330
1F
100
AcDbEntity
  8
Dibujo2D$visible$líneas
100
AcDbLine
 10
283.2299929810404
 20
-121.3743376900096
 30
0.0
 11
195.3374168506116
 21
-121.3743376900126
 31
0.0
  0
LINE
  5
15F
330
1F
100
AcDbEntity
  8
Dibujo2D$visible$líneas
100
AcDbLine
 10
181.7457813665246
 20
-121.374337690013
 30
0.0
 11
89.10066336182672
 21
-121.374337690016
 31
0.0
  0
LINE
  5
160
330
1F
100
AcDbEntity
  8
Dibujo2D$visible$líneas
100
AcDbLine
 10
689.1668394391036
 20
-268.1986584389086
 30
0.0
 11
689.1668394391036
 21
263.337811011315
 31
0.0
  0
LINE
  5
161
330
1F
100
AcDbEntity
  8
Dibujo2D$visible$líneas
100
AcDbLine
 10
689.1668394391036
 20
-268.1986584389086
 30
0.0
 11
702.7584749231905
 21
-268.1986584389086
 31
0.0
  0
LINE
  5
162
330
1F
100
AcDbEntity
  8
Dibujo2D$visible$líneas
100
AcDbLine
 10
702.7584749231905
 20
-268.1986584389086
 30
0.0
 11
702.7584749231905
 21
263.337811011315
 31
0.0
  0
LINE
  5
163
330
1F
100
AcDbEntity
  8
Dibujo2D$visible$líneas
100
AcDbLine
 10
689.1668394391036
 20
263.337811011315
 30
0.0
 11
702.7584749231905
 21
263.337811011315
 31
0.0
  0
SPLINE
  5
164
330
1F
100
AcDbEntity
  8
Dibujo2D$visible$líneas
100
AcDbSpline
210
0.0
220
0.0
230
1.0
 70
    15
 71
     2
 72
    20
 73
    17
 74
     0
 42
0.000000001
 43
0.0000000001
 40
0.0
 40
0.0
 40
0.0
 40
10.67484554676948
 40
10.67484554676948
 40
34.19225445086971
 40
34.19225445086971
 40
46.10559908778534
 40
46.10559908778534
 40
58.01894372470157
 40
58.01894372470157
 40
90.12899302127182
 40
90.12899302127182
 40
96.21347414399712
 40
96.21347414399712
 40
102.2979552667224
 40
102.2979552667224
 40
111.2768061004858
 40
111.2768061004858
 40
111.2768061004858
 10
1543.852415591313
 20
-9.790189864848685
 30
0.0
 41
1.0
 10
1537.056597849268
 20
-9.790189864847969
 30
0.0
 41
0.7071067811864972
 10
1537.056597849269
 20
-16.58600760689194
 30
0.0
 41
1.0
 10
1537.056597849269
 20
-37.73392424006659
 30
0.0
 41
1.0
 10
1537.056597849269
 20
-58.88184087324123
 30
0.0
 41
1.0
 10
1537.056597849267
 20
-66.18624691302061
 30
0.0
 41
0.744885179549812
 10
1544.316913582376
 20
-66.98759767863282
 30
0.0
 41
1.0
 10
1551.577229315485
 20
-67.78894844424431
 30
0.0
 41
0.7448851795497559
 10
1553.170256740198
 20
-60.66037136195848
 30
0.0
 41
1.0
 10
1557.929315212545
 20
-39.36424385472435
 30
0.0
 41
1.0
 10
1562.688373684893
 20
-18.06811634748999
 30
0.0
 41
1.0
 10
1563.400047898273
 20
-14.88347281352279
 30
0.0
 41
0.9014608764729382
 10
1561.35969208969
 20
-12.33683133918555
 30
0.0
 41
1.0
 10
1559.319336281108
 20
-9.790189864848925
 30
0.0
 41
0.9014608764729984
 10
1556.056142351163
 20
-9.790189864848458
 30
0.0
 41
1.0
 10
1549.954278971237
 20
-9.790189864848458
 30
0.0
 41
1.0
 10
1543.852415591313
 20
-9.790189864848458
 30
0.0
 41
1.0
  0
SPLINE
  5
165
330
1F
100
AcDbEntity
  8
Dibujo2D$visible$líneas
100
AcDbSpline
210
0.0
220
0.0
230
1.0
 70
    15
 71
     2
 72
    22
 73
    19
 74
     0
 42
0.000000001
 43
0.0000000001
 40
-222.6516781518609
 40
-222.6516781518609
 40
-222.6516781518609
 40
-175.2909399166444
 40
-175.2909399166444
 40
-166.422027285793
 40
-166.422027285793
 40
-157.5531146549405
 40
-157.5531146549405
 40
-112.6096653814465
 40
-112.6096653814465
 40
-105.3082880341765
 40
-105.3082880341765
 40
-98.00691068690605
 40
-98.00691068690605
 40
-74.65997171394773
 40
-74.65997171394773
 40
-68.26367437398665
 40
-68.26367437398665
 40
-61.86737703402567
 40
-61.86737703402567
 40
-61.86737703402567
 10
1547.056543991802
 20
119.5930046956308
 30
0.0
 41
1.0
 10
1556.924813434571
 20
88.95767679560743
 30
0.0
 41
1.0
 10
1566.793082877342
 20
58.32234889558424
 30
0.0
 41
1.0
 10
1568.385399744886
 20
53.37911648377413
 30
0.0
 41
0.7945517958344649
 10
1573.573296952599
 20
53.61732279360933
 30
0.0
 41
1.0
 10
1578.761194160311
 20
53.8555291034449
 30
0.0
 41
0.7945517958344646
 10
1579.893821468681
 20
58.92387943310621
 30
0.0
 41
1.0
 10
1586.554929368768
 20
88.73141468486631
 30
0.0
 41
1.0
 10
1593.216037268855
 20
118.5389499366257
 30
0.0
 41
1.0
 10
1594.070046324909
 20
122.3605221773861
 30
0.0
 41
0.9014608764730605
 10
1591.621619354611
 20
125.4164919465908
 30
0.0
 41
1.0
 10
1589.173192384312
 20
128.4724617157948
 30
0.0
 41
0.9014608764729769
 10
1585.257359668379
 20
128.4724617157952
 30
0.0
 41
1.0
 10
1569.391205458894
 20
128.4724617157952
 30
0.0
 41
1.0
 10
1553.525051249411
 20
128.4724617157952
 30
0.0
 41
1.0
 10
1550.0678300509
 20
128.472461715795
 30
0.0
 41
0.8912939379191835
 10
1548.032184440661
 20
125.6780878387084
 30
0.0
 41
1.0
 10
1545.996538830422
 20
122.8837139616215
 30
0.0
 41
0.891293937919285
 10
1547.056543991802
 20
119.5930046956308
 30
0.0
 41
1.0
  0
SPLINE
  5
166
330
1F
100
AcDbEntity
  8
Dibujo2D$visible$líneas
100
AcDbSpline
210
0.0
220
0.0
230
1.0
 70
    15
 71
     2
 72
    20
 73
    17
 74
     0
 42
0.000000001
 43
0.0000000001
 40
0.0
 40
0.0
 40
0.0
 40
6.396297339961195
 40
6.396297339961195
 40
12.79259467992259
 40
12.79259467992259
 40
52.40830304265248
 40
52.40830304265248
 40
58.17788563076805
 40
58.17788563076805
 40
63.94746821888387
 40
63.94746821888387
 40
92.90750948878132
 40
92.90750948878132
 40
103.5823550355506
 40
103.5823550355506
 40
111.8251005155107
 40
111.8251005155107
 40
111.8251005155107
 10
1555.055654786485
 20
21.47057174855138
 30
0.0
 41
1.0
 10
1558.512875984995
 20
21.47057174855143
 30
0.0
 41
0.8912939379192049
 10
1560.548521595236
 20
24.26494562563755
 30
0.0
 41
1.0
 10
1562.584167205476
 20
27.05931950272448
 30
0.0
 41
0.8912939379191326
 10
1561.524162044095
 20
30.35002876871556
 30
0.0
 41
1.0
 10
1553.269677446577
 20
55.97547847468115
 30
0.0
 41
1.0
 10
1545.015192849061
 20
81.60092818064629
 30
0.0
 41
1.0
 10
1543.946064807113
 20
84.91995876874797
 30
0.0
 41
0.7599944026712092
 10
1540.50133132819
 20
84.37883948981505
 30
0.0
 41
1.0
 10
1537.056597849268
 20
83.83772021088375
 30
0.0
 41
0.7599944026710128
 10
1537.056597849268
 20
80.3507446137736
 30
0.0
 41
1.0
 10
1537.056597849269
 20
54.30856705218423
 30
0.0
 41
1.0
 10
1537.056597849269
 20
28.26638949059486
 30
0.0
 41
1.0
 10
1537.056597849269
 20
21.47057174855136
 30
0.0
 41
0.7071067811865387
 10
1543.852415591313
 20
21.47057174855138
 30
0.0
 41
1.0
 10
1549.454035188899
 20
21.47057174855138
 30
0.0
 41
1.0
 10
1555.055654786485
 20
21.47057174855138
 30
0.0
 41
1.0
  0
SPLINE
  5
167
330
1F
100
AcDbEntity
  8
Dibujo2D$visible$líneas
100
AcDbSpline
210
0.0
220
0.0
230
1.0
 70
    15
 71
     2
 72
    20
 73
    17
 74
     0
 42
0.000000001
 43
0.0000000001
 40
-81.76519935211938
 40
-81.76519935211938
 40
-81.76519935211938
 40
-19.29679010704972
 40
-19.29679010704972
 40
-8.488199808726035
 40
-8.488199808726035
 40
2.320390489597392
 40
2.320390489597392
 40
36.09836907949343
 40
36.09836907949343
 40
57.44806017303196
 40
57.44806017303196
 40
92.22350444271243
 40
92.22350444271243
 40
100.515351121207
 40
100.515351121207
 40
108.8071977997019
 40
108.8071977997019
 40
108.8071977997019
 10
1549.044389369245
 20
184.4602858239415
 30
0.0
 41
1.0
 10
1576.435591615011
 20
216.8937200988968
 30
0.0
 41
1.0
 10
1603.826793860778
 20
249.3271543738521
 30
0.0
 41
1.0
 10
1607.744465594532
 20
253.965999633272
 30
0.0
 41
0.8429638037501388
 10
1605.187159690606
 20
259.4730154919788
 30
0.0
 41
1.0
 10
1602.629853786678
 20
264.9800313506848
 30
0.0
 41
0.8429638037502251
 10
1596.558030571672
 20
264.9800313506856
 30
0.0
 41
1.0
 10
1573.603131952514
 20
264.9800313506854
 30
0.0
 41
1.0
 10
1550.648233333356
 20
264.9800313506854
 30
0.0
 41
1.0
 10
1537.056597849269
 20
264.980031350685
 30
0.0
 41
0.7071067811865593
 10
1537.056597849269
 20
251.3883958665984
 30
0.0
 41
1.0
 10
1537.056597849269
 20
220.1167451802602
 30
0.0
 41
1.0
 10
1537.056597849269
 20
188.8450944939217
 30
0.0
 41
1.0
 10
1537.056597849268
 20
184.0946629428711
 30
0.0
 41
0.8196080154927231
 10
1541.517952990758
 20
182.4628203577157
 30
0.0
 41
1.0
 10
1545.979308132247
 20
180.8309777725605
 30
0.0
 41
0.8196080154928145
 10
1549.044389369245
 20
184.4602858239415
 30
0.0
 41
1.0
  0
SPLINE
  5
168
330
1F
100
AcDbEntity
  8
Dibujo2D$visible$líneas
100
AcDbSpline
210
0.0
220
0.0
230
1.0
 70
    15
 71
     2
 72
    20
 73
    17
 74
     0
 42
0.000000001
 43
0.0000000001
 40
67.78826586524659
 40
67.78826586524659
 40
67.78826586524659
 40
90.55674277507924
 40
90.55674277507924
 40
108.918200471255
 40
108.918200471255
 40
149.0860822872984
 40
149.0860822872984
 40
158.1249873151339
 40
158.1249873151339
 40
167.1638923429702
 40
167.1638923429702
 40
223.5916098022522
 40
223.5916098022522
 40
231.3120314439105
 40
231.3120314439105
 40
239.0324530855704
 40
239.0324530855704
 40
239.0324530855704
 10
1560.586115398126
 20
159.7332233291951
 30
0.0
 41
1.0
 10
1576.05915733244
 20
159.7332233291951
 30
0.0
 41
1.0
 10
1591.532199266755
 20
159.7332233291953
 30
0.0
 41
1.0
 10
1602.421746416422
 20
159.7332233291958
 30
0.0
 41
0.7804137691504215
 10
1604.796661934215
 20
170.3606413320866
 30
0.0
 41
1.0
 10
1610.749978807303
 20
197.0009097710807
 30
0.0
 41
1.0
 10
1616.703295680388
 20
223.6411782100751
 30
0.0
 41
1.0
 10
1617.865570429834
 20
228.842196732223
 30
0.0
 41
0.78689556333795
 10
1613.091621486061
 20
231.2109279840034
 30
0.0
 41
1.0
 10
1608.317672542285
 20
233.5796592357842
 30
0.0
 41
0.786895563337753
 10
1604.879090568725
 20
229.5080956206535
 30
0.0
 41
1.0
 10
1580.136616094459
 20
200.2109726809364
 30
0.0
 41
1.0
 10
1555.394141620193
 20
170.913849741219
 30
0.0
 41
1.0
 10
1552.595804667513
 20
167.600388841634
 30
0.0
 41
0.8429638037503356
 10
1554.422451741743
 20
163.666806085415
 30
0.0
 41
1.0
 10
1556.249098815977
 20
159.7332233291958
 30
0.0
 41
0.842963803750114
 10
1560.586115398125
 20
159.7332233291958
 30
0.0
 41
1.0
  0
SPLINE
  5
169
330
1F
100
AcDbEntity
  8
Dibujo2D$visible$líneas
100
AcDbSpline
210
0.0
220
0.0
230
1.0
 70
    15
 71
     2
 72
    22
 73
    19
 74
     0
 42
0.000000001
 43
0.0000000001
 40
-112.4389066547397
 40
-112.4389066547397
 40
-112.4389066547397
 40
-64.01231885172388
 40
-64.01231885172388
 40
-51.84335660627359
 40
-51.84335660627359
 40
-39.67439436082324
 40
-39.67439436082324
 40
13.58495549827688
 40
13.58495549827688
 40
24.53316547969825
 40
24.53316547969825
 40
35.4813754611197
 40
35.4813754611197
 40
103.8484660562283
 40
103.8484660562283
 40
114.2715500339476
 40
114.2715500339476
 40
124.6946340116647
 40
124.6946340116647
 40
124.6946340116647
 10
1638.780727542921
 20
322.4346279456953
 30
0.0
 41
1.0
 10
1645.958074448939
 20
354.5522612469764
 30
0.0
 41
1.0
 10
1653.135421354957
 20
386.6698945482575
 30
0.0
 41
1.0
 10
1654.558769781715
 20
393.0391816161918
 30
0.0
 41
0.9014608764730058
 10
1650.478058164552
 20
398.1324645648662
 30
0.0
 41
1.0
 10
1646.397346547387
 20
403.2257475135392
 30
0.0
 41
0.9014608764730293
 10
1639.870958687497
 20
403.2257475135403
 30
0.0
 41
1.0
 10
1603.676875217279
 20
403.2257475135403
 30
0.0
 41
1.0
 10
1567.482791747062
 20
403.2257475135403
 30
0.0
 41
1.0
 10
1561.312262185775
 20
403.2257475135399
 30
0.0
 41
0.838993801416394
 10
1558.795789430079
 20
397.5916726172906
 30
0.0
 41
1.0
 10
1556.279316674383
 20
391.9575977210408
 30
0.0
 41
0.8389938014164265
 10
1560.397304369606
 20
387.3622073775872
 30
0.0
 41
1.0
 10
1591.403710333924
 20
352.7611961315139
 30
0.0
 41
1.0
 10
1622.410116298242
 20
318.1601848854406
 30
0.0
 41
1.0
 10
1626.283489326144
 20
313.8377676451837
 30
0.0
 41
0.8536891504400692
 10
1631.899208476956
 20
315.3040581455051
 30
0.0
 41
1.0
 10
1637.514927627768
 20
316.7703486458272
 30
0.0
 41
0.8536891504399557
 10
1638.780727542921
 20
322.4346279456967
 30
0.0
 41
1.0
  0
SPLINE
  5
16A
330
1F
100
AcDbEntity
  8
Dibujo2D$visible$líneas
100
AcDbSpline
210
0.0
220
0.0
230
1.0
 70
    15
 71
     2
 72
    20
 73
    17
 74
     0
 42
0.000000001
 43
0.0000000001
 40
0.0
 40
0.0
 40
0.0
 40
10.9482099814217
 40
10.9482099814217
 40
21.89641996284385
 40
21.89641996284385
 40
83.5576732866979
 40
83.5576732866979
 40
95.02663895349228
 40
95.02663895349228
 40
106.4956046202866
 40
106.4956046202866
 40
138.9321418794731
 40
138.9321418794731
 40
160.2818329730117
 40
160.2818329730117
 40
198.4323176984639
 40
198.4323176984639
 40
198.4323176984639
 10
1602.500981526312
 20
296.2407929640855
 30
0.0
 41
1.0
 10
1608.671511087598
 20
296.2407929640841
 30
0.0
 41
0.8389938014163283
 10
1611.187983843296
 20
301.8748678603339
 30
0.0
 41
1.0
 10
1613.704456598995
 20
307.5089427565836
 30
0.0
 41
0.8389938014161717
 10
1609.586468903771
 20
312.1043331000373
 30
0.0
 41
1.0
 10
1581.621349484678
 20
343.3114782503441
 30
0.0
 41
1.0
 10
1553.656230065586
 20
374.51862340065
 30
0.0
 41
1.0
 10
1549.286858569743
 20
379.3945407333429
 30
0.0
 41
0.8237897376960036
 10
1543.171728209506
 20
377.0554901179779
 30
0.0
 41
1.0
 10
1537.056597849269
 20
374.7164395026138
 30
0.0
 41
0.8237897376961052
 10
1537.056597849268
 20
368.1692281035577
 30
0.0
 41
1.0
 10
1537.056597849269
 20
339.000828275865
 30
0.0
 41
1.0
 10
1537.056597849269
 20
309.8324284481724
 30
0.0
 41
1.0
 10
1537.056597849269
 20
296.240792964086
 30
0.0
 41
0.7071067811865593
 10
1550.648233333356
 20
296.2407929640855
 30
0.0
 41
1.0
 10
1576.574607429835
 20
296.2407929640855
 30
0.0
 41
1.0
 10
1602.500981526314
 20
296.2407929640855
 30
0.0
 41
1.0
  0
LINE
  5
16B
330
1F
100
AcDbEntity
  8
Dibujo2D$visible$líneas
100
AcDbLine
 10
1626.580491927911
 20
146.1415878451083
 30
0.0
 11
1625.674454215795
 21
146.1415878451083
 31
0.0
  0
LINE
  5
16C
330
1F
100
AcDbEntity
  8
Dibujo2D$visible$líneas
100
AcDbLine
 10
1656.199788707484
 20
278.5716668347724
 30
0.0
 11
1626.580491927911
 21
146.1415878451083
 31
0.0
  0
LINE
  5
16D
330
1F
100
AcDbEntity
  8
Dibujo2D$visible$líneas
100
AcDbLine
 10
1657.111759812978
 20
282.6491574799985
 30
0.0
 11
1656.200874502775
 21
282.6491574799985
 31
0.0
  0
LINE
  5
16E
330
1F
100
AcDbEntity
  8
Dibujo2D$visible$líneas
100
AcDbLine
 10
1693.199617622187
 20
444.0006539658012
 30
0.0
 11
1657.111759812978
 21
282.6491574799985
 31
0.0
  0
LINE
  5
16F
330
1F
100
AcDbEntity
  8
Dibujo2D$visible$líneas
100
AcDbLine
 10
1509.873326881095
 20
444.0006539658012
 30
0.0
 11
1693.199617622187
 21
444.0006539658012
 31
0.0
  0
LINE
  5
170
330
1F
100
AcDbEntity
  8
Dibujo2D$visible$líneas
100
AcDbLine
 10
1509.873326881095
 20
367.9934042388107
 30
0.0
 11
1509.873326881095
 21
444.0006539658012
 31
0.0
  0
LINE
  5
171
330
1F
100
AcDbEntity
  8
Dibujo2D$visible$líneas
100
AcDbLine
 10
1509.873326881095
 20
-284.5104610240811
 30
0.0
 11
1509.873326881095
 21
-284.3128000338828
 31
0.0
  0
LINE
  5
172
330
1F
100
AcDbEntity
  8
Dibujo2D$visible$líneas
100
AcDbLine
 10
1625.668520822416
 20
142.0640971998822
 30
0.0
 11
1567.659880797278
 21
-117.296847044743
 31
0.0
  0
SPLINE
  5
173
330
1F
100
AcDbEntity
  8
Dibujo2D$visible$líneas
100
AcDbSpline
210
0.0
220
0.0
230
1.0
 70
    12
 71
     2
 72
    10
 73
     7
 74
     0
 42
0.000000001
 43
0.0000000001
 40
-1754.06204437473
 40
-1754.06204437473
 40
-1754.06204437473
 40
-1643.722008889567
 40
-1643.722008889567
 40
-1614.723524246742
 40
-1614.723524246742
 40
-1612.37756818859
 40
-1612.37756818859
 40
-1612.37756818859
 10
1566.747909691784
 20
-121.3743376899689
 30
0.0
 41
1.0
 10
1550.381124324957
 20
-194.5514524292527
 30
0.0
 41
1.0
 10
1534.014338958131
 20
-267.7285671685366
 30
0.0
 41
1.0
 10
1530.260767960338
 20
-284.5110622908884
 30
0.0
 41
0.7804691384338219
 10
1513.063633380291
 20
-284.5110079812587
 30
0.0
 41
1.0
 10
1511.469364400091
 20
-284.5110079812589
 30
0.0
 41
1.0
 10
1509.875095419887
 20
-284.5110079812589
 30
0.0
 41
1.0
  0
LINE
  5
174
330
1F
100
AcDbEntity
  8
Dibujo2D$visible$líneas
100
AcDbLine
 10
1509.875095419887
 20
-121.3743376899694
 30
0.0
 11
1509.941250139491
 21
-121.3743376899694
 31
0.0
  0
LINE
  5
175
330
1F
100
AcDbEntity
  8
Dibujo2D$visible$líneas
100
AcDbLine
 10
1509.941250139491
 20
-121.3743376899694
 30
0.0
 11
1567.732884217828
 21
-121.3743376899694
 31
0.0
  0
LINE
  5
176
330
1F
100
AcDbEntity
  8
Dibujo2D$visible$líneas
100
AcDbLine
 10
702.7584749231905
 20
-117.2968470447435
 30
0.0
 11
790.6510510536191
 21
-117.2968470447435
 31
0.0
  0
LINE
  5
177
330
1F
100
AcDbEntity
  8
Dibujo2D$visible$líneas
100
AcDbLine
 10
804.2426865377065
 20
-117.2968470447435
 30
0.0
 11
892.1352626681355
 21
-117.2968470447435
 31
0.0
  0
LINE
  5
178
330
1F
100
AcDbEntity
  8
Dibujo2D$visible$líneas
100
AcDbLine
 10
499.790051694159
 20
-117.2968470447435
 30
0.0
 11
587.682627824588
 21
-117.2968470447435
 31
0.0
  0
LINE
  5
179
330
1F
100
AcDbEntity
  8
Dibujo2D$visible$líneas
100
AcDbLine
 10
601.2742633086746
 20
-117.2968470447435
 30
0.0
 11
689.1668394391036
 21
-117.2968470447435
 31
0.0
  0
LINE
  5
17A
330
1F
100
AcDbEntity
  8
Dibujo2D$visible$líneas
100
AcDbLine
 10
296.8216284651276
 20
-117.2968470447435
 30
0.0
 11
384.7142045955561
 21
-117.2968470447432
 31
0.0
  0
LINE
  5
17B
330
1F
100
AcDbEntity
  8
Dibujo2D$visible$líneas
100
AcDbLine
 10
398.3058400796435
 20
-117.2968470447435
 30
0.0
 11
486.1984162100725
 21
-117.2968470447435
 31
0.0
  0
LINE
  5
17C
330
1F
100
AcDbEntity
  8
Dibujo2D$visible$líneas
100
AcDbLine
 10
89.10066336182626
 20
-117.2968470447435
 30
0.0
 11
181.7457813665242
 21
-117.2968470447435
 31
0.0
  0
LINE
  5
17D
330
1F
100
AcDbEntity
  8
Dibujo2D$visible$líneas
100
AcDbLine
 10
195.3374168506111
 20
-117.2968470447435
 30
0.0
 11
283.2299929810406
 21
-117.2968470447435
 31
0.0
  0
LINE
  5
17E
330
1F
100
AcDbEntity
  8
Dibujo2D$visible$líneas
100
AcDbLine
 10
1567.732884217828
 20
-121.3743376899694
 30
0.0
 11
1567.732884217828
 21
-117.2968470447432
 31
0.0
  0
LINE
  5
17F
330
1F
100
AcDbEntity
  8
Dibujo2D$visible$líneas
100
AcDbLine
 10
1509.941250139491
 20
-121.3743376899694
 30
0.0
 11
1509.941250139491
 21
-117.2968470447432
 31
0.0
  0
LINE
  5
180
330
1F
100
AcDbEntity
  8
Dibujo2D$visible$líneas
100
AcDbLine
 10
1509.941250139491
 20
-117.2968470447432
 30
0.0
 11
1567.732884217828
 21
-117.2968470447432
 31
0.0
  0
LINE
  5
181
330
1F
100
AcDbEntity
  8
Dibujo2D$visible$líneas
100
AcDbLine
 10
1509.875095419887
 20
-117.2968470447435
 30
0.0
 11
1509.941250139491
 21
-117.2968470447435
 31
0.0
  0
LINE
  5
182
330
1F
100
AcDbEntity
  8
Dibujo2D$visible$líneas
100
AcDbLine
 10
1311.663744610285
 20
-117.2968470447435
 30
0.0
 11
1399.556320740714
 21
-117.2968470447435
 31
0.0
  0
LINE
  5
183
330
1F
100
AcDbEntity
  8
Dibujo2D$visible$líneas
100
AcDbLine
 10
1413.147956224801
 20
-117.2968470447435
 30
0.0
 11
1496.2834599358
 21
-117.2968470447435
 31
0.0
  0
LINE
  5
184
330
1F
100
AcDbEntity
  8
Dibujo2D$visible$líneas
100
AcDbLine
 10
1108.695321381254
 20
-117.2968470447435
 30
0.0
 11
1196.587897511683
 21
-117.2968470447435
 31
0.0
  0
LINE
  5
185
330
1F
100
AcDbEntity
  8
Dibujo2D$visible$líneas
100
AcDbLine
 10
1210.179532995769
 20
-117.2968470447435
 30
0.0
 11
1298.072109126198
 21
-117.2968470447435
 31
0.0
  0
LINE
  5
186
330
1F
100
AcDbEntity
  8
Dibujo2D$visible$líneas
100
AcDbLine
 10
905.726898152222
 20
-117.2968470447435
 30
0.0
 11
993.619474282651
 21
-117.2968470447435
 31
0.0
  0
LINE
  5
187
330
1F
100
AcDbEntity
  8
Dibujo2D$visible$líneas
100
AcDbLine
 10
1007.211109766738
 20
-117.2968470447435
 30
0.0
 11
1095.103685897167
 21
-117.2968470447435
 31
0.0
  0
LINE
  5
188
330
1F
100
AcDbEntity
  8
Dibujo2D$visible$líneas
100
AcDbLine
 10
1095.103685897167
 20
-268.1986584388954
 30
0.0
 11
1095.103685897167
 21
263.3378110113282
 31
0.0
  0
LINE
  5
189
330
1F
100
AcDbEntity
  8
Dibujo2D$visible$líneas
100
AcDbLine
 10
1095.103685897167
 20
-268.1986584388954
 30
0.0
 11
1108.695321381254
 21
-268.1986584388954
 31
0.0
  0
LINE
  5
18A
330
1F
100
AcDbEntity
  8
Dibujo2D$visible$líneas
100
AcDbLine
 10
1108.695321381254
 20
-268.1986584388954
 30
0.0
 11
1108.695321381254
 21
263.3378110113282
 31
0.0
  0
LINE
  5
18B
330
1F
100
AcDbEntity
  8
Dibujo2D$visible$líneas
100
AcDbLine
 10
1095.103685897167
 20
263.3378110113282
 30
0.0
 11
1108.695321381254
 21
263.3378110113282
 31
0.0
  0
LINE
  5
18C
330
1F
100
AcDbEntity
  8
Dibujo2D$visible$líneas
100
AcDbLine
 10
1509.879260274474
 20
146.1381818655938
 30
0.0
 11
1625.674454215795
 21
146.1381818655944
 31
0.0
  0
LINE
  5
18D
330
1F
100
AcDbEntity
  8
Dibujo2D$visible$líneas
100
AcDbLine
 10
1625.674454215795
 20
146.1381818655944
 30
0.0
 11
1625.674454215795
 21
142.0606912203683
 31
0.0
  0
LINE
  5
18E
330
1F
100
AcDbEntity
  8
Dibujo2D$visible$líneas
100
AcDbLine
 10
1509.879260274474
 20
146.1381818655938
 30
0.0
 11
1509.879260274474
 21
142.0606912203676
 31
0.0
  0
LINE
  5
18F
330
1F
100
AcDbEntity
  8
Dibujo2D$visible$líneas
100
AcDbLine
 10
1509.879260274474
 20
142.0606912203676
 30
0.0
 11
1625.674454215795
 21
142.0606912203683
 31
0.0
  0
LINE
  5
190
330
1F
100
AcDbEntity
  8
Dibujo2D$visible$líneas
100
AcDbLine
 10
790.6510510536195
 20
-117.296847044766
 30
0.0
 11
790.6510510536195
 21
-268.1986584389052
 31
0.0
  0
LINE
  5
191
330
1F
100
AcDbEntity
  8
Dibujo2D$visible$líneas
100
AcDbLine
 10
790.6510510536195
 20
-117.2968470447667
 30
0.0
 11
804.2426865377065
 21
-117.2968470447667
 31
0.0
  0
LINE
  5
192
330
1F
100
AcDbEntity
  8
Dibujo2D$visible$líneas
100
AcDbLine
 10
804.2426865377065
 20
-117.296847044766
 30
0.0
 11
804.2426865377065
 21
-268.1986584389052
 31
0.0
  0
LINE
  5
193
330
1F
100
AcDbEntity
  8
Dibujo2D$visible$líneas
100
AcDbLine
 10
790.6510510536195
 20
-268.1986584389052
 30
0.0
 11
804.2426865377065
 21
-268.1986584389052
 31
0.0
  0
LINE
  5
194
330
1F
100
AcDbEntity
  8
Dibujo2D$visible$líneas
100
AcDbLine
 10
89.10066336182626
 20
-264.1211677937059
 30
0.0
 11
181.7457813665237
 21
-264.1211677937059
 31
0.0
  0
LINE
  5
195
330
1F
100
AcDbEntity
  8
Dibujo2D$visible$líneas
100
AcDbLine
 10
384.7142045955561
 20
-117.2968470447794
 30
0.0
 11
384.7142045955561
 21
-268.1986584389186
 31
0.0
  0
LINE
  5
196
330
1F
100
AcDbEntity
  8
Dibujo2D$visible$líneas
100
AcDbLine
 10
384.7142045955561
 20
-117.2968470447801
 30
0.0
 11
398.3058400796431
 21
-117.2968470447801
 31
0.0
  0
LINE
  5
197
330
1F
100
AcDbEntity
  8
Dibujo2D$visible$líneas
100
AcDbLine
 10
398.3058400796431
 20
-117.2968470447794
 30
0.0
 11
398.3058400796431
 21
-268.1986584389186
 31
0.0
  0
LINE
  5
198
330
1F
100
AcDbEntity
  8
Dibujo2D$visible$líneas
100
AcDbLine
 10
384.7142045955561
 20
-268.1986584389186
 30
0.0
 11
398.3058400796431
 21
-268.1986584389186
 31
0.0
  0
LINE
  5
199
330
1F
100
AcDbEntity
  8
Dibujo2D$visible$líneas
100
AcDbLine
 10
-409.4903621912576
 20
-117.2968470447794
 30
0.0
 11
-409.4903621912576
 21
-268.1986584389186
 31
0.0
  0
LINE
  5
19A
330
1F
100
AcDbEntity
  8
Dibujo2D$visible$líneas
100
AcDbLine
 10
-409.4903621912576
 20
-117.2968470447801
 30
0.0
 11
-423.0819976753446
 21
-117.2968470447801
 31
0.0
  0
LINE
  5
19B
330
1F
100
AcDbEntity
  8
Dibujo2D$visible$líneas
100
AcDbLine
 10
-423.0819976753446
 20
-117.2968470447794
 30
0.0
 11
-423.0819976753446
 21
-268.1986584389186
 31
0.0
  0
LINE
  5
19C
330
1F
100
AcDbEntity
  8
Dibujo2D$visible$líneas
100
AcDbLine
 10
-409.4903621912576
 20
-268.1986584389186
 30
0.0
 11
-423.0819976753446
 21
-268.1986584389186
 31
0.0
  0
LINE
  5
19D
330
1F
100
AcDbEntity
  8
Dibujo2D$visible$líneas
100
AcDbLine
 10
-113.8768209575287
 20
-264.1211677937059
 30
0.0
 11
-206.5219389622257
 21
-264.1211677937059
 31
0.0
  0
LINE
  5
19E
330
1F
100
AcDbEntity
  8
Dibujo2D$visible$líneas
100
AcDbLine
 10
-815.4272086493212
 20
-117.296847044766
 30
0.0
 11
-815.4272086493212
 21
-268.1986584389052
 31
0.0
  0
LINE
  5
19F
330
1F
100
AcDbEntity
  8
Dibujo2D$visible$líneas
100
AcDbLine
 10
-815.4272086493212
 20
-117.2968470447667
 30
0.0
 11
-829.0188441334082
 21
-117.2968470447667
 31
0.0
  0
LINE
  5
1A0
330
1F
100
AcDbEntity
  8
Dibujo2D$visible$líneas
100
AcDbLine
 10
-829.0188441334082
 20
-117.296847044766
 30
0.0
 11
-829.0188441334082
 21
-268.1986584389052
 31
0.0
  0
LINE
  5
1A1
330
1F
100
AcDbEntity
  8
Dibujo2D$visible$líneas
100
AcDbLine
 10
-815.4272086493212
 20
-268.1986584389052
 30
0.0
 11
-829.0188441334082
 21
-268.1986584389052
 31
0.0
  0
LINE
  5
1A2
330
1F
100
AcDbEntity
  8
Dibujo2D$visible$líneas
100
AcDbLine
 10
-1534.655417870175
 20
146.1381818655938
 30
0.0
 11
-1650.450611811496
 21
146.1381818655944
 31
0.0
  0
LINE
  5
1A3
330
1F
100
AcDbEntity
  8
Dibujo2D$visible$líneas
100
AcDbLine
 10
-1650.450611811496
 20
146.1381818655944
 30
0.0
 11
-1650.450611811496
 21
142.0606912203683
 31
0.0
  0
LINE
  5
1A4
330
1F
100
AcDbEntity
  8
Dibujo2D$visible$líneas
100
AcDbLine
 10
-1534.655417870175
 20
146.1381818655938
 30
0.0
 11
-1534.655417870175
 21
142.0606912203676
 31
0.0
  0
LINE
  5
1A5
330
1F
100
AcDbEntity
  8
Dibujo2D$visible$líneas
100
AcDbLine
 10
-1534.655417870175
 20
142.0606912203676
 30
0.0
 11
-1650.450611811496
 21
142.0606912203683
 31
0.0
  0
LINE
  5
1A6
330
1F
100
AcDbEntity
  8
Dibujo2D$visible$líneas
100
AcDbLine
 10
-1119.879843492869
 20
-268.1986584388954
 30
0.0
 11
-1119.879843492869
 21
263.3378110113282
 31
0.0
  0
LINE
  5
1A7
330
1F
100
AcDbEntity
  8
Dibujo2D$visible$líneas
100
AcDbLine
 10
-1119.879843492869
 20
-268.1986584388954
 30
0.0
 11
-1133.471478976955
 21
-268.1986584388954
 31
0.0
  0
LINE
  5
1A8
330
1F
100
AcDbEntity
  8
Dibujo2D$visible$líneas
100
AcDbLine
 10
-1133.471478976955
 20
-268.1986584388954
 30
0.0
 11
-1133.471478976955
 21
263.3378110113282
 31
0.0
  0
LINE
  5
1A9
330
1F
100
AcDbEntity
  8
Dibujo2D$visible$líneas
100
AcDbLine
 10
-1119.879843492869
 20
263.3378110113282
 30
0.0
 11
-1133.471478976955
 21
263.3378110113282
 31
0.0
  0
LINE
  5
1AA
330
1F
100
AcDbEntity
  8
Dibujo2D$visible$líneas
100
AcDbLine
 10
-930.5030557479239
 20
-121.3743376899694
 30
0.0
 11
-1018.395631878353
 21
-121.3743376899694
 31
0.0
  0
LINE
  5
1AB
330
1F
100
AcDbEntity
  8
Dibujo2D$visible$líneas
100
AcDbLine
 10
-1031.98726736244
 20
-121.3743376899694
 30
0.0
 11
-1119.879843492869
 21
-121.3743376899694
 31
0.0
  0
LINE
  5
1AC
330
1F
100
AcDbEntity
  8
Dibujo2D$visible$líneas
100
AcDbLine
 10
-1133.471478976955
 20
-121.3743376899694
 30
0.0
 11
-1221.364055107385
 21
-121.3743376899694
 31
0.0
  0
LINE
  5
1AD
330
1F
100
AcDbEntity
  8
Dibujo2D$visible$líneas
100
AcDbLine
 10
-1234.955690591471
 20
-121.3743376899694
 30
0.0
 11
-1322.8482667219
 21
-121.3743376899694
 31
0.0
  0
LINE
  5
1AE
330
1F
100
AcDbEntity
  8
Dibujo2D$visible$líneas
100
AcDbLine
 10
-1336.439902205987
 20
-121.3743376899694
 30
0.0
 11
-1424.332478336416
 21
-121.3743376899694
 31
0.0
  0
LINE
  5
1AF
330
1F
100
AcDbEntity
  8
Dibujo2D$visible$líneas
100
AcDbLine
 10
-1437.924113820503
 20
-121.3743376899694
 30
0.0
 11
-1521.059617531501
 21
-121.3743376899694
 31
0.0
  0
LINE
  5
1B0
330
1F
100
AcDbEntity
  8
Dibujo2D$visible$líneas
100
AcDbLine
 10
-1534.651253015588
 20
-121.3743376899694
 30
0.0
 11
-1534.717407735192
 21
-121.3743376899694
 31
0.0
  0
LINE
  5
1B1
330
1F
100
AcDbEntity
  8
Dibujo2D$visible$líneas
100
AcDbLine
 10
-1534.717407735192
 20
-121.3743376899694
 30
0.0
 11
-1592.50904181353
 21
-121.3743376899694
 31
0.0
  0
LINE
  5
1B2
330
1F
100
AcDbEntity
  8
Dibujo2D$visible$líneas
100
AcDbLine
 10
-113.8750174997122
 20
-121.3743376899694
 30
0.0
 11
-206.5219389622252
 21
-121.3743376899694
 31
0.0
  0
LINE
  5
1B3
330
1F
100
AcDbEntity
  8
Dibujo2D$visible$líneas
100
AcDbLine
 10
-220.1135744463129
 20
-121.3743376899694
 30
0.0
 11
-308.0061505767414
 21
-121.3743376899694
 31
0.0
  0
LINE
  5
1B4
330
1F
100
AcDbEntity
  8
Dibujo2D$visible$líneas
100
AcDbLine
 10
-321.5977860608289
 20
-121.3743376899694
 30
0.0
 11
-409.4903621912579
 21
-121.3743376899694
 31
0.0
  0
LINE
  5
1B5
330
1F
100
AcDbEntity
  8
Dibujo2D$visible$líneas
100
AcDbLine
 10
-423.0819976753448
 20
-121.3743376899694
 30
0.0
 11
-510.9745738057734
 21
-121.3743376899694
 31
0.0
  0
LINE
  5
1B6
330
1F
100
AcDbEntity
  8
Dibujo2D$visible$líneas
100
AcDbLine
 10
-524.5662092898604
 20
-121.3743376899694
 30
0.0
 11
-612.4587854202889
 21
-121.3743376899694
 31
0.0
  0
LINE
  5
1B7
330
1F
100
AcDbEntity
  8
Dibujo2D$visible$líneas
100
AcDbLine
 10
-626.0504209043761
 20
-121.3743376899694
 30
0.0
 11
-713.9429970348053
 21
-121.3743376899694
 31
0.0
  0
LINE
  5
1B8
330
1F
100
AcDbEntity
  8
Dibujo2D$visible$líneas
100
AcDbLine
 10
-727.5346325188923
 20
-121.3743376899694
 30
0.0
 11
-815.4272086493208
 21
-121.3743376899694
 31
0.0
  0
LINE
  5
1B9
330
1F
100
AcDbEntity
  8
Dibujo2D$visible$líneas
100
AcDbLine
 10
-829.0188441334078
 20
-121.3743376899694
 30
0.0
 11
-916.9114202638372
 21
-121.3743376899694
 31
0.0
  0
LINE
  5
1BA
330
1F
100
AcDbEntity
  8
Dibujo2D$visible$líneas
100
AcDbLine
 10
-727.5346325188923
 20
-117.2968470447435
 30
0.0
 11
-815.4272086493208
 21
-117.2968470447435
 31
0.0
  0
LINE
  5
1BB
330
1F
100
AcDbEntity
  8
Dibujo2D$visible$líneas
100
AcDbLine
 10
-829.0188441334078
 20
-117.2968470447435
 30
0.0
 11
-916.9114202638372
 21
-117.2968470447435
 31
0.0
  0
LINE
  5
1BC
330
1F
100
AcDbEntity
  8
Dibujo2D$visible$líneas
100
AcDbLine
 10
-524.5662092898604
 20
-117.2968470447435
 30
0.0
 11
-612.4587854202889
 21
-117.2968470447435
 31
0.0
  0
LINE
  5
1BD
330
1F
100
AcDbEntity
  8
Dibujo2D$visible$líneas
100
AcDbLine
 10
-626.0504209043761
 20
-117.2968470447435
 30
0.0
 11
-713.9429970348053
 21
-117.2968470447435
 31
0.0
  0
LINE
  5
1BE
330
1F
100
AcDbEntity
  8
Dibujo2D$visible$líneas
100
AcDbLine
 10
-321.5977860608282
 20
-117.2968470447435
 30
0.0
 11
-409.4903621912572
 21
-117.2968470447432
 31
0.0
  0
LINE
  5
1BF
330
1F
100
AcDbEntity
  8
Dibujo2D$visible$líneas
100
AcDbLine
 10
-423.0819976753448
 20
-117.2968470447435
 30
0.0
 11
-510.9745738057734
 21
-117.2968470447435
 31
0.0
  0
LINE
  5
1C0
330
1F
100
AcDbEntity
  8
Dibujo2D$visible$líneas
100
AcDbLine
 10
-113.8750174997122
 20
-117.2968470447435
 30
0.0
 11
-206.5219389622259
 21
-117.2968470447435
 31
0.0
  0
LINE
  5
1C1
330
1F
100
AcDbEntity
  8
Dibujo2D$visible$líneas
100
AcDbLine
 10
-220.1135744463129
 20
-117.2968470447435
 30
0.0
 11
-308.0061505767414
 21
-117.2968470447435
 31
0.0
  0
LINE
  5
1C2
330
1F
100
AcDbEntity
  8
Dibujo2D$visible$líneas
100
AcDbLine
 10
-1592.50904181353
 20
-121.3743376899694
 30
0.0
 11
-1592.50904181353
 21
-117.2968470447432
 31
0.0
  0
LINE
  5
1C3
330
1F
100
AcDbEntity
  8
Dibujo2D$visible$líneas
100
AcDbLine
 10
-1534.717407735192
 20
-121.3743376899694
 30
0.0
 11
-1534.717407735192
 21
-117.2968470447432
 31
0.0
  0
LINE
  5
1C4
330
1F
100
AcDbEntity
  8
Dibujo2D$visible$líneas
100
AcDbLine
 10
-1534.717407735192
 20
-117.2968470447432
 30
0.0
 11
-1592.50904181353
 21
-117.2968470447432
 31
0.0
  0
LINE
  5
1C5
330
1F
100
AcDbEntity
  8
Dibujo2D$visible$líneas
100
AcDbLine
 10
-1534.651253015588
 20
-117.2968470447435
 30
0.0
 11
-1534.717407735192
 21
-117.2968470447435
 31
0.0
  0
LINE
  5
1C6
330
1F
100
AcDbEntity
  8
Dibujo2D$visible$líneas
100
AcDbLine
 10
-1336.439902205987
 20
-117.2968470447435
 30
0.0
 11
-1424.332478336416
 21
-117.2968470447435
 31
0.0
  0
LINE
  5
1C7
330
1F
100
AcDbEntity
  8
Dibujo2D$visible$líneas
100
AcDbLine
 10
-1437.924113820503
 20
-117.2968470447435
 30
0.0
 11
-1521.059617531501
 21
-117.2968470447435
 31
0.0
  0
LINE
  5
1C8
330
1F
100
AcDbEntity
  8
Dibujo2D$visible$líneas
100
AcDbLine
 10
-1133.471478976955
 20
-117.2968470447435
 30
0.0
 11
-1221.364055107384
 21
-117.2968470447435
 31
0.0
  0
LINE
  5
1C9
330
1F
100
AcDbEntity
  8
Dibujo2D$visible$líneas
100
AcDbLine
 10
-1234.955690591471
 20
-117.2968470447435
 30
0.0
 11
-1322.8482667219
 21
-117.2968470447435
 31
0.0
  0
LINE
  5
1CA
330
1F
100
AcDbEntity
  8
Dibujo2D$visible$líneas
100
AcDbLine
 10
-930.5030557479239
 20
-117.2968470447435
 30
0.0
 11
-1018.395631878353
 21
-117.2968470447435
 31
0.0
  0
LINE
  5
1CB
330
1F
100
AcDbEntity
  8
Dibujo2D$visible$líneas
100
AcDbLine
 10
-1031.98726736244
 20
-117.2968470447435
 30
0.0
 11
-1119.879843492869
 21
-117.2968470447435
 31
0.0
  0
SPLINE
  5
1CC
330
1F
100
AcDbEntity
  8
Dibujo2D$visible$líneas
100
AcDbSpline
210
0.0
220
0.0
230
1.0
 70
    15
 71
     2
 72
    20
 73
    17
 74
     0
 42
0.000000001
 43
0.0000000001
 40
0.0
 40
0.0
 40
0.0
 40
10.67484554676949
 40
10.67484554676949
 40
34.19225445086974
 40
34.19225445086974
 40
46.10559908778557
 40
46.10559908778557
 40
58.0189437247014
 40
58.0189437247014
 40
90.12899302127165
 40
90.12899302127165
 40
96.21347414399708
 40
96.21347414399708
 40
102.2979552667226
 40
102.2979552667226
 40
111.276806100486
 40
111.276806100486
 40
111.276806100486
 10
-1568.628573187014
 20
-9.790189864848685
 30
0.0
 41
1.0
 10
-1561.83275544497
 20
-9.790189864848303
 30
0.0
 41
0.7071067811865195
 10
-1561.832755444971
 20
-16.58600760689194
 30
0.0
 41
1.0
 10
-1561.832755444971
 20
-37.73392424006659
 30
0.0
 41
1.0
 10
-1561.832755444971
 20
-58.88184087324123
 30
0.0
 41
1.0
 10
-1561.832755444969
 20
-66.18624691302101
 30
0.0
 41
0.7448851795497784
 10
-1569.093071178078
 20
-66.98759767863237
 30
0.0
 41
1.0
 10
-1576.353386911186
 20
-67.78894844424353
 30
0.0
 41
0.7448851795498149
 10
-1577.946414335899
 20
-60.66037136195848
 30
0.0
 41
1.0
 10
-1582.705472808247
 20
-39.36424385472435
 30
0.0
 41
1.0
 10
-1587.464531280595
 20
-18.06811634748999
 30
0.0
 41
1.0
 10
-1588.176205493975
 20
-14.8834728135226
 30
0.0
 41
0.9014608764729042
 10
-1586.135849685392
 20
-12.33683133918555
 30
0.0
 41
1.0
 10
-1584.09549387681
 20
-9.790189864848614
 30
0.0
 41
0.9014608764729574
 10
-1580.832299946865
 20
-9.790189864848685
 30
0.0
 41
1.0
 10
-1574.730436566939
 20
-9.790189864848458
 30
0.0
 41
1.0
 10
-1568.628573187014
 20
-9.790189864848458
 30
0.0
 41
1.0
  0
SPLINE
  5
1CD
330
1F
100
AcDbEntity
  8
Dibujo2D$visible$líneas
100
AcDbSpline
210
0.0
220
0.0
230
1.0
 70
    15
 71
     2
 72
    22
 73
    19
 74
     0
 42
0.000000001
 43
0.0000000001
 40
-222.6516781518609
 40
-222.6516781518609
 40
-222.6516781518609
 40
-175.2909399166444
 40
-175.2909399166444
 40
-166.4220272857927
 40
-166.4220272857927
 40
-157.5531146549401
 40
-157.5531146549401
 40
-112.6096653814461
 40
-112.6096653814461
 40
-105.3082880341757
 40
-105.3082880341757
 40
-98.00691068690526
 40
-98.00691068690526
 40
-74.65997171394693
 40
-74.65997171394693
 40
-68.26367437398572
 40
-68.26367437398572
 40
-61.86737703402459
 40
-61.86737703402459
 40
-61.86737703402459
 10
-1571.832701587503
 20
119.5930046956308
 30
0.0
 41
1.0
 10
-1581.700971030273
 20
88.95767679560743
 30
0.0
 41
1.0
 10
-1591.569240473043
 20
58.32234889558424
 30
0.0
 41
1.0
 10
-1593.161557340587
 20
53.37911648377368
 30
0.0
 41
0.7945517958344355
 10
-1598.3494545483
 20
53.61732279360933
 30
0.0
 41
1.0
 10
-1603.537351756013
 20
53.85552910344464
 30
0.0
 41
0.7945517958344495
 10
-1604.669979064383
 20
58.92387943310621
 30
0.0
 41
1.0
 10
-1611.33108696447
 20
88.73141468486631
 30
0.0
 41
1.0
 10
-1617.992194864556
 20
118.5389499366257
 30
0.0
 41
1.0
 10
-1618.846203920611
 20
122.3605221773867
 30
0.0
 41
0.9014608764729695
 10
-1616.397776950313
 20
125.4164919465908
 30
0.0
 41
1.0
 10
-1613.949349980014
 20
128.4724617157952
 30
0.0
 41
0.9014608764729538
 10
-1610.03351726408
 20
128.4724617157952
 30
0.0
 41
1.0
 10
-1594.167363054596
 20
128.4724617157952
 30
0.0
 41
1.0
 10
-1578.301208845113
 20
128.4724617157952
 30
0.0
 41
1.0
 10
-1574.843987646602
 20
128.4724617157952
 30
0.0
 41
0.8912939379191812
 10
-1572.808342036362
 20
125.6780878387084
 30
0.0
 41
1.0
 10
-1570.772696426123
 20
122.8837139616217
 30
0.0
 41
0.8912939379192271
 10
-1571.832701587503
 20
119.5930046956308
 30
0.0
 41
1.0
  0
SPLINE
  5
1CE
330
1F
100
AcDbEntity
  8
Dibujo2D$visible$líneas
100
AcDbSpline
210
0.0
220
0.0
230
1.0
 70
    15
 71
     2
 72
    20
 73
    17
 74
     0
 42
0.000000001
 43
0.0000000001
 40
0.0
 40
0.0
 40
0.0
 40
6.39629733996115
 40
6.39629733996115
 40
12.79259467992247
 40
12.79259467992247
 40
52.40830304265236
 40
52.40830304265236
 40
58.17788563076763
 40
58.17788563076763
 40
63.94746821888288
 40
63.94746821888288
 40
92.90750948878032
 40
92.90750948878032
 40
103.5823550355496
 40
103.5823550355496
 40
111.8251005155097
 40
111.8251005155097
 40
111.8251005155097
 10
-1579.831812382186
 20
21.47057174855138
 30
0.0
 41
1.0
 10
-1583.289033580697
 20
21.47057174855123
 30
0.0
 41
0.8912939379191653
 10
-1585.324679190937
 20
24.26494562563778
 30
0.0
 41
1.0
 10
-1587.360324801177
 20
27.0593195027244
 30
0.0
 41
0.8912939379191563
 10
-1586.300319639796
 20
30.35002876871556
 30
0.0
 41
1.0
 10
-1578.045835042279
 20
55.97547847468115
 30
0.0
 41
1.0
 10
-1569.791350444762
 20
81.60092818064629
 30
0.0
 41
1.0
 10
-1568.722222402813
 20
84.91995876874768
 30
0.0
 41
0.7599944026712533
 10
-1565.277488923892
 20
84.37883948981505
 30
0.0
 41
1.0
 10
-1561.832755444971
 20
83.83772021088285
 30
0.0
 41
0.7599944026711632
 10
-1561.832755444971
 20
80.3507446137736
 30
0.0
 41
1.0
 10
-1561.832755444971
 20
54.30856705218423
 30
0.0
 41
1.0
 10
-1561.832755444971
 20
28.26638949059486
 30
0.0
 41
1.0
 10
-1561.832755444971
 20
21.47057174855172
 30
0.0
 41
0.70710678118658
 10
-1568.628573187014
 20
21.47057174855138
 30
0.0
 41
1.0
 10
-1574.2301927846
 20
21.47057174855138
 30
0.0
 41
1.0
 10
-1579.831812382187
 20
21.47057174855138
 30
0.0
 41
1.0
  0
SPLINE
  5
1CF
330
1F
100
AcDbEntity
  8
Dibujo2D$visible$líneas
100
AcDbSpline
210
0.0
220
0.0
230
1.0
 70
    15
 71
     2
 72
    20
 73
    17
 74
     0
 42
0.000000001
 43
0.0000000001
 40
-81.76519935211938
 40
-81.76519935211938
 40
-81.76519935211938
 40
-19.29679010704972
 40
-19.29679010704972
 40
-8.488199808726174
 40
-8.488199808726174
 40
2.320390489597166
 40
2.320390489597166
 40
36.0983690794932
 40
36.0983690794932
 40
57.44806017303224
 40
57.44806017303224
 40
92.22350444271271
 40
92.22350444271271
 40
100.5153511212075
 40
100.5153511212075
 40
108.8071977997024
 40
108.8071977997024
 40
108.8071977997024
 10
-1573.820546964947
 20
184.4602858239415
 30
0.0
 41
1.0
 10
-1601.211749210713
 20
216.8937200988968
 30
0.0
 41
1.0
 10
-1628.602951456479
 20
249.3271543738521
 30
0.0
 41
1.0
 10
-1632.520623190234
 20
253.9659996332718
 30
0.0
 41
0.8429638037501371
 10
-1629.963317286308
 20
259.4730154919788
 30
0.0
 41
1.0
 10
-1627.406011382381
 20
264.9800313506852
 30
0.0
 41
0.8429638037501616
 10
-1621.334188167374
 20
264.9800313506854
 30
0.0
 41
1.0
 10
-1598.379289548216
 20
264.9800313506854
 30
0.0
 41
1.0
 10
-1575.424390929058
 20
264.9800313506854
 30
0.0
 41
1.0
 10
-1561.832755444971
 20
264.9800313506854
 30
0.0
 41
0.707106781186546
 10
-1561.832755444971
 20
251.3883958665984
 30
0.0
 41
1.0
 10
-1561.832755444971
 20
220.1167451802602
 30
0.0
 41
1.0
 10
-1561.832755444971
 20
188.8450944939217
 30
0.0
 41
1.0
 10
-1561.83275544497
 20
184.0946629428712
 30
0.0
 41
0.8196080154927688
 10
-1566.29411058646
 20
182.4628203577155
 30
0.0
 41
1.0
 10
-1570.755465727949
 20
180.8309777725597
 30
0.0
 41
0.8196080154927261
 10
-1573.820546964947
 20
184.4602858239415
 30
0.0
 41
1.0
  0
SPLINE
  5
1D0
330
1F
100
AcDbEntity
  8
Dibujo2D$visible$líneas
100
AcDbSpline
210
0.0
220
0.0
230
1.0
 70
    15
 71
     2
 72
    20
 73
    17
 74
     0
 42
0.000000001
 43
0.0000000001
 40
67.78826586524659
 40
67.78826586524659
 40
67.78826586524659
 40
90.55674277507924
 40
90.55674277507924
 40
108.9182004712556
 40
108.9182004712556
 40
149.086082287299
 40
149.086082287299
 40
158.1249873151351
 40
158.1249873151351
 40
167.163892342971
 40
167.163892342971
 40
223.5916098022531
 40
223.5916098022531
 40
231.3120314439117
 40
231.3120314439117
 40
239.0324530855717
 40
239.0324530855717
 40
239.0324530855717
 10
-1585.362272993827
 20
159.7332233291951
 30
0.0
 41
1.0
 10
-1600.835314928142
 20
159.7332233291951
 30
0.0
 41
1.0
 10
-1616.308356862457
 20
159.7332233291953
 30
0.0
 41
1.0
 10
-1627.197904012124
 20
159.7332233291953
 30
0.0
 41
0.7804137691504036
 10
-1629.572819529918
 20
170.3606413320864
 30
0.0
 41
1.0
 10
-1635.526136403004
 20
197.0009097710807
 30
0.0
 41
1.0
 10
-1641.47945327609
 20
223.6411782100751
 30
0.0
 41
1.0
 10
-1642.641728025539
 20
228.8421967322236
 30
0.0
 41
0.7868955633378252
 10
-1637.867779081763
 20
231.2109279840034
 30
0.0
 41
1.0
 10
-1633.093830137987
 20
233.5796592357833
 30
0.0
 41
0.7868955633378312
 10
-1629.655248164427
 20
229.5080956206535
 30
0.0
 41
1.0
 10
-1604.912773690161
 20
200.2109726809364
 30
0.0
 41
1.0
 10
-1580.170299215895
 20
170.913849741219
 30
0.0
 41
1.0
 10
-1577.371962263213
 20
167.6003888416339
 30
0.0
 41
0.8429638037501856
 10
-1579.198609337445
 20
163.6668060854153
 30
0.0
 41
1.0
 10
-1581.025256411678
 20
159.7332233291956
 30
0.0
 41
0.8429638037501508
 10
-1585.362272993826
 20
159.7332233291951
 30
0.0
 41
1.0
  0
SPLINE
  5
1D1
330
1F
100
AcDbEntity
  8
Dibujo2D$visible$líneas
100
AcDbSpline
210
0.0
220
0.0
230
1.0
 70
    15
 71
     2
 72
    22
 73
    19
 74
     0
 42
0.000000001
 43
0.0000000001
 40
-112.4389066547397
 40
-112.4389066547397
 40
-112.4389066547397
 40
-64.01231885172388
 40
-64.01231885172388
 40
-51.84335660627323
 40
-51.84335660627323
 40
-39.67439436082243
 40
-39.67439436082243
 40
13.5849554982777
 40
13.5849554982777
 40
24.53316547969907
 40
24.53316547969907
 40
35.48137546112058
 40
35.48137546112058
 40
103.8484660562292
 40
103.8484660562292
 40
114.2715500339482
 40
114.2715500339482
 40
124.6946340116652
 40
124.6946340116652
 40
124.6946340116652
 10
-1663.556885138623
 20
322.4346279456953
 30
0.0
 41
1.0
 10
-1670.734232044641
 20
354.5522612469764
 30
0.0
 41
1.0
 10
-1677.911578950659
 20
386.6698945482575
 30
0.0
 41
1.0
 10
-1679.334927377418
 20
393.0391816161919
 30
0.0
 41
0.9014608764729442
 10
-1675.254215760253
 20
398.1324645648662
 30
0.0
 41
1.0
 10
-1671.173504143089
 20
403.2257475135398
 30
0.0
 41
0.9014608764729771
 10
-1664.647116283199
 20
403.2257475135403
 30
0.0
 41
1.0
 10
-1628.453032812981
 20
403.2257475135403
 30
0.0
 41
1.0
 10
-1592.258949342764
 20
403.2257475135403
 30
0.0
 41
1.0
 10
-1586.088419781477
 20
403.2257475135401
 30
0.0
 41
0.8389938014163865
 10
-1583.57194702578
 20
397.5916726172906
 30
0.0
 41
1.0
 10
-1581.055474270084
 20
391.9575977210405
 30
0.0
 41
0.8389938014163699
 10
-1585.173461965308
 20
387.3622073775874
 30
0.0
 41
1.0
 10
-1616.179867929626
 20
352.7611961315139
 30
0.0
 41
1.0
 10
-1647.186273893944
 20
318.1601848854406
 30
0.0
 41
1.0
 10
-1651.059646921844
 20
313.8377676451832
 30
0.0
 41
0.8536891504400116
 10
-1656.675366072657
 20
315.3040581455056
 30
0.0
 41
1.0
 10
-1662.291085223469
 20
316.7703486458281
 30
0.0
 41
0.8536891504400348
 10
-1663.556885138623
 20
322.4346279456969
 30
0.0
 41
1.0
  0
SPLINE
  5
1D2
330
1F
100
AcDbEntity
  8
Dibujo2D$visible$líneas
100
AcDbSpline
210
0.0
220
0.0
230
1.0
 70
    15
 71
     2
 72
    20
 73
    17
 74
     0
 42
0.000000001
 43
0.0000000001
 40
0.0
 40
0.0
 40
0.0
 40
10.94820998142146
 40
10.94820998142146
 40
21.89641996284296
 40
21.89641996284296
 40
83.55767328669702
 40
83.55767328669702
 40
95.02663895349164
 40
95.02663895349164
 40
106.495604620286
 40
106.495604620286
 40
138.9321418794726
 40
138.9321418794726
 40
160.2818329730115
 40
160.2818329730115
 40
198.4323176984637
 40
198.4323176984637
 40
198.4323176984637
 10
-1627.277139122014
 20
296.2407929640855
 30
0.0
 41
1.0
 10
-1633.4476686833
 20
296.2407929640846
 30
0.0
 41
0.8389938014163727
 10
-1635.964141438998
 20
301.8748678603339
 30
0.0
 41
1.0
 10
-1638.480614194695
 20
307.5089427565833
 30
0.0
 41
0.8389938014163515
 10
-1634.362626499472
 20
312.1043331000373
 30
0.0
 41
1.0
 10
-1606.397507080379
 20
343.3114782503441
 30
0.0
 41
1.0
 10
-1578.432387661288
 20
374.51862340065
 30
0.0
 41
1.0
 10
-1574.063016165445
 20
379.3945407333428
 30
0.0
 41
0.82378973769606
 10
-1567.947885805208
 20
377.0554901179781
 30
0.0
 41
1.0
 10
-1561.832755444971
 20
374.7164395026134
 30
0.0
 41
0.8237897376960989
 10
-1561.832755444971
 20
368.1692281035577
 30
0.0
 41
1.0
 10
-1561.832755444971
 20
339.000828275865
 30
0.0
 41
1.0
 10
-1561.832755444971
 20
309.8324284481724
 30
0.0
 41
1.0
 10
-1561.832755444971
 20
296.2407929640856
 30
0.0
 41
0.707106781186549
 10
-1575.424390929058
 20
296.2407929640857
 30
0.0
 41
1.0
 10
-1601.350765025536
 20
296.2407929640855
 30
0.0
 41
1.0
 10
-1627.277139122015
 20
296.2407929640855
 30
0.0
 41
1.0
  0
LINE
  5
1D3
330
1F
100
AcDbEntity
  8
Dibujo2D$visible$líneas
100
AcDbLine
 10
-1651.356649523612
 20
146.1415878451083
 30
0.0
 11
-1650.450611811496
 21
146.1415878451083
 31
0.0
  0
LINE
  5
1D4
330
1F
100
AcDbEntity
  8
Dibujo2D$visible$líneas
100
AcDbLine
 10
-1680.975946303186
 20
278.5716668347724
 30
0.0
 11
-1651.356649523612
 21
146.1415878451083
 31
0.0
  0
LINE
  5
1D5
330
1F
100
AcDbEntity
  8
Dibujo2D$visible$líneas
100
AcDbLine
 10
-1681.88791740868
 20
282.6491574799985
 30
0.0
 11
-1680.977032098477
 21
282.6491574799985
 31
0.0
  0
LINE
  5
1D6
330
1F
100
AcDbEntity
  8
Dibujo2D$visible$líneas
100
AcDbLine
 10
-1717.975775217889
 20
444.0006539658012
 30
0.0
 11
-1681.88791740868
 21
282.6491574799985
 31
0.0
  0
LINE
  5
1D7
330
1F
100
AcDbEntity
  8
Dibujo2D$visible$líneas
100
AcDbLine
 10
-1534.649484476797
 20
444.0006539658012
 30
0.0
 11
-1717.975775217889
 21
444.0006539658012
 31
0.0
  0
LINE
  5
1D8
330
1F
100
AcDbEntity
  8
Dibujo2D$visible$líneas
100
AcDbLine
 10
-1534.649484476797
 20
367.9934042337965
 30
0.0
 11
-1534.649484476797
 21
444.0006539658012
 31
0.0
  0
LINE
  5
1D9
330
1F
100
AcDbEntity
  8
Dibujo2D$visible$líneas
100
AcDbLine
 10
-1534.649484476797
 20
-284.5110079812588
 30
0.0
 11
-1534.649484476797
 21
-284.3148916378962
 31
0.0
  0
LINE
  5
1DA
330
1F
100
AcDbEntity
  8
Dibujo2D$visible$líneas
100
AcDbLine
 10
-1650.444315673464
 20
142.0624753415542
 30
0.0
 11
-1592.43603839298
 21
-117.296847044743
 31
0.0
  0
SPLINE
  5
1DB
330
1F
100
AcDbEntity
  8
Dibujo2D$visible$líneas
100
AcDbSpline
210
0.0
220
0.0
230
1.0
 70
    12
 71
     2
 72
    10
 73
     7
 74
     0
 42
0.000000001
 43
0.0000000001
 40
-1754.06204437473
 40
-1754.06204437473
 40
-1754.06204437473
 40
-1643.722008889567
 40
-1643.722008889567
 40
-1614.723524246743
 40
-1614.723524246743
 40
-1612.376266992135
 40
-1612.376266992135
 40
-1612.376266992135
 10
-1591.524067287486
 20
-121.3743376899689
 30
0.0
 41
1.0
 10
-1575.157281920659
 20
-194.5514524292527
 30
0.0
 41
1.0
 10
-1558.790496553832
 20
-267.7285671685366
 30
0.0
 41
1.0
 10
-1555.03692555604
 20
-284.5110622908879
 30
0.0
 41
0.7804691384338331
 10
-1537.839790975993
 20
-284.5110079812589
 30
0.0
 41
1.0
 10
-1536.244637726396
 20
-284.5110079812588
 30
0.0
 41
1.0
 10
-1534.649484476797
 20
-284.5110079812588
 30
0.0
 41
1.0
  0
LINE
  5
1DC
330
1F
100
AcDbEntity
  8
Dibujo2D$visible$líneas
100
AcDbLine
 10
-713.9429970348054
 20
-268.1986584389086
 30
0.0
 11
-713.9429970348054
 21
263.337811011315
 31
0.0
  0
LINE
  5
1DD
330
1F
100
AcDbEntity
  8
Dibujo2D$visible$líneas
100
AcDbLine
 10
-713.9429970348054
 20
-268.1986584389086
 30
0.0
 11
-727.5346325188922
 21
-268.1986584389086
 31
0.0
  0
LINE
  5
1DE
330
1F
100
AcDbEntity
  8
Dibujo2D$visible$líneas
100
AcDbLine
 10
-727.5346325188922
 20
-268.1986584389086
 30
0.0
 11
-727.5346325188922
 21
263.337811011315
 31
0.0
  0
LINE
  5
1DF
330
1F
100
AcDbEntity
  8
Dibujo2D$visible$líneas
100
AcDbLine
 10
-713.9429970348054
 20
263.337811011315
 30
0.0
 11
-727.5346325188922
 21
263.337811011315
 31
0.0
  0
LINE
  5
1E0
330
1F
100
AcDbEntity
  8
Dibujo2D$visible$líneas
100
AcDbLine
 10
-510.9745738057736
 20
-268.1986584389207
 30
0.0
 11
-510.9745738057736
 21
263.337811011303
 31
0.0
  0
LINE
  5
1E1
330
1F
100
AcDbEntity
  8
Dibujo2D$visible$líneas
100
AcDbLine
 10
-510.9745738057736
 20
-268.1986584389207
 30
0.0
 11
-524.5662092898606
 21
-268.1986584389207
 31
0.0
  0
LINE
  5
1E2
330
1F
100
AcDbEntity
  8
Dibujo2D$visible$líneas
100
AcDbLine
 10
-524.5662092898606
 20
-268.1986584389207
 30
0.0
 11
-524.5662092898606
 21
263.337811011303
 31
0.0
  0
LINE
  5
1E3
330
1F
100
AcDbEntity
  8
Dibujo2D$visible$líneas
100
AcDbLine
 10
-510.9745738057736
 20
263.337811011303
 30
0.0
 11
-524.5662092898606
 21
263.337811011303
 31
0.0
  0
LINE
  5
1E4
330
1F
100
AcDbEntity
  8
Dibujo2D$visible$líneas
100
AcDbLine
 10
-1521.059617531501
 20
-134.9659731740568
 30
0.0
 11
-1437.924113820503
 21
-134.9659731740595
 31
0.0
  0
LINE
  5
1E5
330
1F
100
AcDbEntity
  8
Dibujo2D$visible$líneas
100
AcDbLine
 10
-1424.332478336416
 20
-134.96597317406
 30
0.0
 11
-1336.439902205987
 21
-134.9659731740629
 31
0.0
  0
LINE
  5
1E6
330
1F
100
AcDbEntity
  8
Dibujo2D$visible$líneas
100
AcDbLine
 10
-1322.8482667219
 20
-134.9659731740634
 30
0.0
 11
-1234.955690591471
 21
-134.9659731740662
 31
0.0
  0
LINE
  5
1E7
330
1F
100
AcDbEntity
  8
Dibujo2D$visible$líneas
100
AcDbLine
 10
-1221.364055107384
 20
-134.9659731740667
 30
0.0
 11
-1133.471478976955
 21
-134.9659731740695
 31
0.0
  0
LINE
  5
1E8
330
1F
100
AcDbEntity
  8
Dibujo2D$visible$líneas
100
AcDbLine
 10
-1119.879843492869
 20
-134.96597317407
 30
0.0
 11
-1031.98726736244
 21
-134.9659731740729
 31
0.0
  0
LINE
  5
1E9
330
1F
100
AcDbEntity
  8
Dibujo2D$visible$líneas
100
AcDbLine
 10
-1018.395631878353
 20
-134.9659731740734
 30
0.0
 11
-930.5030557479239
 21
-134.9659731740762
 31
0.0
  0
LINE
  5
1EA
330
1F
100
AcDbEntity
  8
Dibujo2D$visible$líneas
100
AcDbLine
 10
-916.9114202638368
 20
-134.9659731740766
 30
0.0
 11
-829.0188441334082
 21
-134.9659731740795
 31
0.0
  0
LINE
  5
1EB
330
1F
100
AcDbEntity
  8
Dibujo2D$visible$líneas
100
AcDbLine
 10
-815.4272086493214
 20
-134.96597317408
 30
0.0
 11
-727.5346325188918
 21
-134.9659731740828
 31
0.0
  0
LINE
  5
1EC
330
1F
100
AcDbEntity
  8
Dibujo2D$visible$líneas
100
AcDbLine
 10
-713.9429970348054
 20
-134.9659731740833
 30
0.0
 11
-626.0504209043763
 21
-134.9659731740861
 31
0.0
  0
LINE
  5
1ED
330
1F
100
AcDbEntity
  8
Dibujo2D$visible$líneas
100
AcDbLine
 10
-612.4587854202891
 20
-134.9659731740866
 30
0.0
 11
-524.5662092898606
 21
-134.9659731740895
 31
0.0
  0
LINE
  5
1EE
330
1F
100
AcDbEntity
  8
Dibujo2D$visible$líneas
100
AcDbLine
 10
-510.9745738057732
 20
-134.96597317409
 30
0.0
 11
-423.0819976753444
 21
-134.9659731740928
 31
0.0
  0
LINE
  5
1EF
330
1F
100
AcDbEntity
  8
Dibujo2D$visible$líneas
100
AcDbLine
 10
-409.4903621912576
 20
-134.9659731740933
 30
0.0
 11
-321.5977860608284
 21
-134.9659731740961
 31
0.0
  0
LINE
  5
1F0
330
1F
100
AcDbEntity
  8
Dibujo2D$visible$líneas
100
AcDbLine
 10
-308.0061505767417
 20
-134.9659731740966
 30
0.0
 11
-220.1135744463129
 21
-134.9659731740995
 31
0.0
  0
LINE
  5
1F1
330
1F
100
AcDbEntity
  8
Dibujo2D$visible$líneas
100
AcDbLine
 10
-206.5219389622257
 20
-134.9659731741
 30
0.0
 11
-113.876820957528
 21
-134.9659731741029
 31
0.0
  0
LINE
  5
1F2
330
1F
100
AcDbEntity
  8
Dibujo2D$visible$líneas
100
AcDbLine
 10
-12.38807879785077
 20
367.9934042390465
 30
0.0
 11
-1534.650740772729
 21
367.993404238811
 31
0.0
  0
LINE
  5
1F3
330
1F
100
AcDbEntity
  8
Dibujo2D$visible$líneas
100
AcDbLine
 10
-113.8768209575283
 20
263.3378110115617
 30
0.0
 11
-308.0061505767419
 21
263.3378110115317
 31
0.0
  0
LINE
  5
1F4
330
1F
100
AcDbEntity
  8
Dibujo2D$visible$líneas
100
AcDbLine
 10
-321.5977860608286
 20
263.3378110115294
 30
0.0
 11
-510.9745738057738
 21
263.3378110115001
 31
0.0
  0
LINE
  5
1F5
330
1F
100
AcDbEntity
  8
Dibujo2D$visible$líneas
100
AcDbLine
 10
-524.5662092898606
 20
263.337811011498
 30
0.0
 11
-713.9429970348056
 21
263.3378110114687
 31
0.0
  0
LINE
  5
1F6
330
1F
100
AcDbEntity
  8
Dibujo2D$visible$líneas
100
AcDbLine
 10
-727.5346325188921
 20
263.3378110114667
 30
0.0
 11
-916.9114202638372
 21
263.3378110114373
 31
0.0
  0
LINE
  5
1F7
330
1F
100
AcDbEntity
  8
Dibujo2D$visible$líneas
100
AcDbLine
 10
-930.5030557479242
 20
263.3378110114353
 30
0.0
 11
-1119.879843492869
 21
263.3378110114057
 31
0.0
  0
LINE
  5
1F8
330
1F
100
AcDbEntity
  8
Dibujo2D$visible$líneas
100
AcDbLine
 10
-1133.471478976955
 20
263.3378110114037
 30
0.0
 11
-1322.8482667219
 21
263.3378110113744
 31
0.0
  0
LINE
  5
1F9
330
1F
100
AcDbEntity
  8
Dibujo2D$visible$líneas
100
AcDbLine
 10
-1336.439902205987
 20
263.3378110113721
 30
0.0
 11
-1521.059617531502
 21
263.3378110113437
 31
0.0
  0
LINE
  5
1FA
330
1F
100
AcDbEntity
  8
Dibujo2D$visible$líneas
100
AcDbLine
 10
-1534.651253015588
 20
263.3391196724418
 30
0.0
 11
-1534.651253015588
 21
278.5716668382646
 31
0.0
  0
LINE
  5
1FB
330
1F
100
AcDbEntity
  8
Dibujo2D$visible$líneas
100
AcDbLine
 10
-1534.651253015588
 20
282.6491573395259
 30
0.0
 11
-1534.651253015588
 21
367.993404238811
 31
0.0
  0
CIRCLE
  5
1FC
330
1F
100
AcDbEntity
  8
Dibujo2D$visible$líneas
100
AcDbCircle
 10
-84.3046127148905
 20
285.802038472273
 30
0.0
 40
10.87330838727711
  0
LINE
  5
1FD
330
1F
100
AcDbEntity
  8
Dibujo2D$visible$líneas
100
AcDbLine
 10
-206.5219389622259
 20
-117.296847044768
 30
0.0
 11
-206.5219389622259
 21
-268.1986584389075
 31
0.0
  0
LINE
  5
1FE
330
1F
100
AcDbEntity
  8
Dibujo2D$visible$líneas
100
AcDbLine
 10
-206.5219389622259
 20
-117.2968470447687
 30
0.0
 11
-220.1135744463129
 21
-117.2968470447687
 31
0.0
  0
LINE
  5
1FF
330
1F
100
AcDbEntity
  8
Dibujo2D$visible$líneas
100
AcDbLine
 10
-220.1135744463129
 20
-117.296847044768
 30
0.0
 11
-220.1135744463129
 21
-268.1986584389075
 31
0.0
  0
LINE
  5
200
330
1F
100
AcDbEntity
  8
Dibujo2D$visible$líneas
100
AcDbLine
 10
-206.5219389622259
 20
-268.1986584389075
 30
0.0
 11
-220.1135744463129
 21
-268.1986584389075
 31
0.0
  0
LINE
  5
201
330
1F
100
AcDbEntity
  8
Dibujo2D$visible$líneas
100
AcDbLine
 10
-1534.651253015588
 20
-268.1986584388811
 30
0.0
 11
-1534.651253015588
 21
-284.3148916380666
 31
0.0
  0
LINE
  5
202
330
1F
100
AcDbEntity
  8
Dibujo2D$visible$líneas
100
AcDbLine
 10
-1530.573762369938
 20
-284.5086210197854
 30
0.0
 11
-12.38807879785077
 21
-284.5086210197854
 31
0.0
  0
LINE
  5
203
330
1F
100
AcDbEntity
  8
Dibujo2D$visible$líneas
100
AcDbLine
 10
-1521.059617531501
 20
-268.1986584388811
 30
0.0
 11
-1437.924113820503
 21
-268.1986584388811
 31
0.0
  0
LINE
  5
204
330
1F
100
AcDbEntity
  8
Dibujo2D$visible$líneas
100
AcDbLine
 10
-1424.332478336416
 20
-268.1986584388811
 30
0.0
 11
-1336.439902205987
 21
-268.1986584388811
 31
0.0
  0
LINE
  5
205
330
1F
100
AcDbEntity
  8
Dibujo2D$visible$líneas
100
AcDbLine
 10
-1322.8482667219
 20
-268.1986584388811
 30
0.0
 11
-1234.955690591471
 21
-268.1986584388811
 31
0.0
  0
LINE
  5
206
330
1F
100
AcDbEntity
  8
Dibujo2D$visible$líneas
100
AcDbLine
 10
-1221.364055107384
 20
-268.1986584388811
 30
0.0
 11
-1133.471478976955
 21
-268.1986584388811
 31
0.0
  0
LINE
  5
207
330
1F
100
AcDbEntity
  8
Dibujo2D$visible$líneas
100
AcDbLine
 10
-1119.879843492869
 20
-268.1986584388811
 30
0.0
 11
-1031.98726736244
 21
-268.1986584388811
 31
0.0
  0
LINE
  5
208
330
1F
100
AcDbEntity
  8
Dibujo2D$visible$líneas
100
AcDbLine
 10
-1018.395631878353
 20
-268.1986584388811
 30
0.0
 11
-930.5030557479241
 21
-268.1986584388811
 31
0.0
  0
LINE
  5
209
330
1F
100
AcDbEntity
  8
Dibujo2D$visible$líneas
100
AcDbLine
 10
-916.9114202638372
 20
-268.1986584388811
 30
0.0
 11
-829.0188441334082
 21
-268.1986584388811
 31
0.0
  0
LINE
  5
20A
330
1F
100
AcDbEntity
  8
Dibujo2D$visible$líneas
100
AcDbLine
 10
-815.4272086493208
 20
-268.1986584388811
 30
0.0
 11
-727.5346325188921
 21
-268.1986584388811
 31
0.0
  0
LINE
  5
20B
330
1F
100
AcDbEntity
  8
Dibujo2D$visible$líneas
100
AcDbLine
 10
-713.9429970348056
 20
-268.1986584388811
 30
0.0
 11
-626.0504209043761
 21
-268.1986584388811
 31
0.0
  0
LINE
  5
20C
330
1F
100
AcDbEntity
  8
Dibujo2D$visible$líneas
100
AcDbLine
 10
-612.4587854202889
 20
-268.1986584388811
 30
0.0
 11
-524.5662092898606
 21
-268.1986584388811
 31
0.0
  0
LINE
  5
20D
330
1F
100
AcDbEntity
  8
Dibujo2D$visible$líneas
100
AcDbLine
 10
-510.9745738057738
 20
-268.1986584388811
 30
0.0
 11
-423.0819976753446
 21
-268.1986584388811
 31
0.0
  0
LINE
  5
20E
330
1F
100
AcDbEntity
  8
Dibujo2D$visible$líneas
100
AcDbLine
 10
-409.4903621912576
 20
-268.1986584388811
 30
0.0
 11
-321.5977860608286
 21
-268.1986584388811
 31
0.0
  0
LINE
  5
20F
330
1F
100
AcDbEntity
  8
Dibujo2D$visible$líneas
100
AcDbLine
 10
-308.0061505767417
 20
-268.1986584388811
 30
0.0
 11
-220.1135744463129
 21
-268.1986584388811
 31
0.0
  0
LINE
  5
210
330
1F
100
AcDbEntity
  8
Dibujo2D$visible$líneas
100
AcDbLine
 10
-206.5219389622257
 20
-268.1986584388811
 30
0.0
 11
-12.38807879785077
 21
-268.1986584388811
 31
0.0
  0
LINE
  5
211
330
1F
100
AcDbEntity
  8
Dibujo2D$visible$líneas
100
AcDbLine
 10
-113.8768209575278
 20
7.878936264463505
 30
0.0
 11
-308.0061505767414
 21
7.878936264463505
 31
0.0
  0
LINE
  5
212
330
1F
100
AcDbEntity
  8
Dibujo2D$visible$líneas
100
AcDbLine
 10
-321.5977860608284
 20
7.878936264463505
 30
0.0
 11
-510.9745738057734
 21
7.878936264463505
 31
0.0
  0
LINE
  5
213
330
1F
100
AcDbEntity
  8
Dibujo2D$visible$líneas
100
AcDbLine
 10
-524.5662092898606
 20
7.878936264463505
 30
0.0
 11
-713.9429970348052
 21
7.878936264463505
 31
0.0
  0
LINE
  5
214
330
1F
100
AcDbEntity
  8
Dibujo2D$visible$líneas
100
AcDbLine
 10
-727.5346325188923
 20
7.878936264463505
 30
0.0
 11
-916.9114202638369
 21
7.878936264463505
 31
0.0
  0
LINE
  5
215
330
1F
100
AcDbEntity
  8
Dibujo2D$visible$líneas
100
AcDbLine
 10
-930.5030557479245
 20
7.878936264463505
 30
0.0
 11
-1119.879843492868
 21
7.878936264463505
 31
0.0
  0
LINE
  5
216
330
1F
100
AcDbEntity
  8
Dibujo2D$visible$líneas
100
AcDbLine
 10
-1133.471478976955
 20
7.878936264463505
 30
0.0
 11
-1322.8482667219
 21
7.878936264463505
 31
0.0
  0
LINE
  5
217
330
1F
100
AcDbEntity
  8
Dibujo2D$visible$líneas
100
AcDbLine
 10
-1336.439902205987
 20
7.878936264463505
 30
0.0
 11
-1521.059617531501
 21
7.878936264463505
 31
0.0
  0
LINE
  5
218
330
1F
100
AcDbEntity
  8
Dibujo2D$visible$líneas
100
AcDbLine
 10
-1534.651253015588
 20
7.878936264463505
 30
0.0
 11
-1619.517424978227
 21
7.878936264463732
 31
0.0
  0
LINE
  5
219
330
1F
100
AcDbEntity
  8
Dibujo2D$visible$líneas
100
AcDbLine
 10
-1534.651253015588
 20
3.801445619237597
 30
0.0
 11
-1619.517424978227
 21
3.801445619237597
 31
0.0
  0
LINE
  5
21A
330
1F
100
AcDbEntity
  8
Dibujo2D$visible$líneas
100
AcDbLine
 10
-1336.439902205987
 20
3.801445619237597
 30
0.0
 11
-1521.059617531501
 21
3.80144561923737
 31
0.0
  0
LINE
  5
21B
330
1F
100
AcDbEntity
  8
Dibujo2D$visible$líneas
100
AcDbLine
 10
-1133.471478976955
 20
3.801445619237597
 30
0.0
 11
-1322.8482667219
 21
3.801445619237597
 31
0.0
  0
LINE
  5
21C
330
1F
100
AcDbEntity
  8
Dibujo2D$visible$líneas
100
AcDbLine
 10
-930.5030557479239
 20
3.801445619237597
 30
0.0
 11
-1119.879843492868
 21
3.801445619237597
 31
0.0
  0
LINE
  5
21D
330
1F
100
AcDbEntity
  8
Dibujo2D$visible$líneas
100
AcDbLine
 10
-727.5346325188923
 20
3.801445619237597
 30
0.0
 11
-916.9114202638369
 21
3.801445619237597
 31
0.0
  0
LINE
  5
21E
330
1F
100
AcDbEntity
  8
Dibujo2D$visible$líneas
100
AcDbLine
 10
-524.5662092898606
 20
3.801445619237597
 30
0.0
 11
-713.9429970348056
 21
3.801445619237597
 31
0.0
  0
LINE
  5
21F
330
1F
100
AcDbEntity
  8
Dibujo2D$visible$líneas
100
AcDbLine
 10
-321.5977860608284
 20
3.801445619237597
 30
0.0
 11
-510.9745738057734
 21
3.801445619237597
 31
0.0
  0
LINE
  5
220
330
1F
100
AcDbEntity
  8
Dibujo2D$visible$líneas
100
AcDbLine
 10
-113.8768209575285
 20
3.801445619237597
 30
0.0
 11
-308.0061505767419
 21
3.801445619237597
 31
0.0
  0
LINE
  5
221
330
1F
100
AcDbEntity
  8
Dibujo2D$visible$líneas
100
AcDbLine
 10
-1221.364055107384
 20
-117.2968470447526
 30
0.0
 11
-1221.364055107384
 21
-268.198658438892
 31
0.0
  0
LINE
  5
222
330
1F
100
AcDbEntity
  8
Dibujo2D$visible$líneas
100
AcDbLine
 10
-1221.364055107384
 20
-117.2968470447532
 30
0.0
 11
-1234.955690591471
 21
-117.2968470447532
 31
0.0
  0
LINE
  5
223
330
1F
100
AcDbEntity
  8
Dibujo2D$visible$líneas
100
AcDbLine
 10
-1234.955690591471
 20
-117.2968470447526
 30
0.0
 11
-1234.955690591471
 21
-268.198658438892
 31
0.0
  0
LINE
  5
224
330
1F
100
AcDbEntity
  8
Dibujo2D$visible$líneas
100
AcDbLine
 10
-1221.364055107384
 20
-268.198658438892
 30
0.0
 11
-1234.955690591471
 21
-268.198658438892
 31
0.0
  0
LINE
  5
225
330
1F
100
AcDbEntity
  8
Dibujo2D$visible$líneas
100
AcDbLine
 10
-1322.8482667219
 20
-268.1986584388886
 30
0.0
 11
-1322.8482667219
 21
263.3378110113348
 31
0.0
  0
LINE
  5
226
330
1F
100
AcDbEntity
  8
Dibujo2D$visible$líneas
100
AcDbLine
 10
-1322.8482667219
 20
-268.1986584388886
 30
0.0
 11
-1336.439902205987
 21
-268.1986584388886
 31
0.0
  0
LINE
  5
227
330
1F
100
AcDbEntity
  8
Dibujo2D$visible$líneas
100
AcDbLine
 10
-1336.439902205987
 20
-268.1986584388886
 30
0.0
 11
-1336.439902205987
 21
263.3378110113348
 31
0.0
  0
LINE
  5
228
330
1F
100
AcDbEntity
  8
Dibujo2D$visible$líneas
100
AcDbLine
 10
-1322.8482667219
 20
263.3378110113348
 30
0.0
 11
-1336.439902205987
 21
263.3378110113348
 31
0.0
  0
LINE
  5
229
330
1F
100
AcDbEntity
  8
Dibujo2D$visible$líneas
100
AcDbLine
 10
-1424.332478336416
 20
-117.296847044746
 30
0.0
 11
-1424.332478336416
 21
-268.1986584388854
 31
0.0
  0
LINE
  5
22A
330
1F
100
AcDbEntity
  8
Dibujo2D$visible$líneas
100
AcDbLine
 10
-1424.332478336416
 20
-117.2968470447466
 30
0.0
 11
-1437.924113820503
 21
-117.2968470447466
 31
0.0
  0
LINE
  5
22B
330
1F
100
AcDbEntity
  8
Dibujo2D$visible$líneas
100
AcDbLine
 10
-1437.924113820503
 20
-117.296847044746
 30
0.0
 11
-1437.924113820503
 21
-268.1986584388854
 31
0.0
  0
LINE
  5
22C
330
1F
100
AcDbEntity
  8
Dibujo2D$visible$líneas
100
AcDbLine
 10
-1424.332478336416
 20
-268.1986584388854
 30
0.0
 11
-1437.924113820503
 21
-268.1986584388854
 31
0.0
  0
LINE
  5
22D
330
1F
100
AcDbEntity
  8
Dibujo2D$visible$líneas
100
AcDbLine
 10
-1680.975946303186
 20
278.5716668347724
 30
0.0
 11
-1534.650364783444
 21
278.5716668347724
 31
0.0
  0
LINE
  5
22E
330
1F
100
AcDbEntity
  8
Dibujo2D$visible$líneas
100
AcDbLine
 10
-1534.649484476797
 20
278.5716668347724
 30
0.0
 11
-1534.649484476797
 21
282.6491573395232
 31
0.0
  0
LINE
  5
22F
330
1F
100
AcDbEntity
  8
Dibujo2D$visible$líneas
100
AcDbLine
 10
-1680.977032098477
 20
278.5716668347724
 30
0.0
 11
-1680.977032098477
 21
282.6491574799985
 31
0.0
  0
LINE
  5
230
330
1F
100
AcDbEntity
  8
Dibujo2D$visible$líneas
100
AcDbLine
 10
-1680.977032098477
 20
282.6491574799985
 30
0.0
 11
-1534.650283195876
 21
282.6491574799985
 31
0.0
  0
LINE
  5
231
330
1F
100
AcDbEntity
  8
Dibujo2D$visible$líneas
100
AcDbLine
 10
-1018.395631878353
 20
-117.2968470447594
 30
0.0
 11
-1018.395631878353
 21
-268.1986584388989
 31
0.0
  0
LINE
  5
232
330
1F
100
AcDbEntity
  8
Dibujo2D$visible$líneas
100
AcDbLine
 10
-1018.395631878353
 20
-117.2968470447601
 30
0.0
 11
-1031.98726736244
 21
-117.2968470447601
 31
0.0
  0
LINE
  5
233
330
1F
100
AcDbEntity
  8
Dibujo2D$visible$líneas
100
AcDbLine
 10
-1031.98726736244
 20
-117.2968470447594
 30
0.0
 11
-1031.98726736244
 21
-268.1986584388989
 31
0.0
  0
LINE
  5
234
330
1F
100
AcDbEntity
  8
Dibujo2D$visible$líneas
100
AcDbLine
 10
-1018.395631878353
 20
-268.1986584388989
 30
0.0
 11
-1031.98726736244
 21
-268.1986584388989
 31
0.0
  0
LINE
  5
235
330
1F
100
AcDbEntity
  8
Dibujo2D$visible$líneas
100
AcDbLine
 10
-1521.059617531501
 20
-268.198658438882
 30
0.0
 11
-1521.059617531501
 21
263.3378110113416
 31
0.0
  0
LINE
  5
236
330
1F
100
AcDbEntity
  8
Dibujo2D$visible$líneas
100
AcDbLine
 10
-1521.059617531501
 20
-268.198658438882
 30
0.0
 11
-1534.651253015588
 21
-268.198658438882
 31
0.0
  0
LINE
  5
237
330
1F
100
AcDbEntity
  8
Dibujo2D$visible$líneas
100
AcDbLine
 10
-1534.651253015588
 20
-268.198658438882
 30
0.0
 11
-1534.651253015588
 21
263.3378110113416
 31
0.0
  0
LINE
  5
238
330
1F
100
AcDbEntity
  8
Dibujo2D$visible$líneas
100
AcDbLine
 10
-1521.059617531501
 20
263.3378110113416
 30
0.0
 11
-1534.651253015588
 21
263.3378110113416
 31
0.0
  0
LINE
  5
239
330
1F
100
AcDbEntity
  8
Dibujo2D$visible$líneas
100
AcDbLine
 10
-612.4587854202891
 20
-117.296847044771
 30
0.0
 11
-612.4587854202891
 21
-268.1986584389102
 31
0.0
  0
LINE
  5
23A
330
1F
100
AcDbEntity
  8
Dibujo2D$visible$líneas
100
AcDbLine
 10
-612.4587854202891
 20
-117.2968470447714
 30
0.0
 11
-626.0504209043761
 21
-117.2968470447714
 31
0.0
  0
LINE
  5
23B
330
1F
100
AcDbEntity
  8
Dibujo2D$visible$líneas
100
AcDbLine
 10
-626.0504209043761
 20
-117.296847044771
 30
0.0
 11
-626.0504209043761
 21
-268.1986584389102
 31
0.0
  0
LINE
  5
23C
330
1F
100
AcDbEntity
  8
Dibujo2D$visible$líneas
100
AcDbLine
 10
-612.4587854202891
 20
-268.1986584389102
 30
0.0
 11
-626.0504209043761
 21
-268.1986584389102
 31
0.0
  0
CIRCLE
  5
23D
330
1F
100
AcDbEntity
  8
Dibujo2D$visible$líneas
100
AcDbCircle
 10
-84.30461271489774
 20
285.8020384722715
 30
0.0
 40
4.077490645225922
  0
LINE
  5
23E
330
1F
100
AcDbEntity
  8
Dibujo2D$visible$líneas
100
AcDbLine
 10
-308.0061505767417
 20
-268.1986584389221
 30
0.0
 11
-308.0061505767417
 21
263.3378110113016
 31
0.0
  0
LINE
  5
23F
330
1F
100
AcDbEntity
  8
Dibujo2D$visible$líneas
100
AcDbLine
 10
-308.0061505767417
 20
-268.1986584389221
 30
0.0
 11
-321.5977860608286
 21
-268.1986584389221
 31
0.0
  0
LINE
  5
240
330
1F
100
AcDbEntity
  8
Dibujo2D$visible$líneas
100
AcDbLine
 10
-321.5977860608286
 20
-268.1986584389221
 30
0.0
 11
-321.5977860608286
 21
263.3378110113016
 31
0.0
  0
LINE
  5
241
330
1F
100
AcDbEntity
  8
Dibujo2D$visible$líneas
100
AcDbLine
 10
-308.0061505767417
 20
263.3378110113016
 30
0.0
 11
-321.5977860608286
 21
263.3378110113016
 31
0.0
  0
LINE
  5
242
330
1F
100
AcDbEntity
  8
Dibujo2D$visible$líneas
100
AcDbLine
 10
-113.876820957528
 20
263.1344805648292
 30
0.0
 11
-308.0061505767417
 21
263.1344805647992
 31
0.0
  0
LINE
  5
243
330
1F
100
AcDbEntity
  8
Dibujo2D$visible$líneas
100
AcDbLine
 10
-321.5977860608286
 20
263.1344805647972
 30
0.0
 11
-510.9745738057734
 21
263.1344805647678
 31
0.0
  0
LINE
  5
244
330
1F
100
AcDbEntity
  8
Dibujo2D$visible$líneas
100
AcDbLine
 10
-524.5662092898604
 20
263.1344805647658
 30
0.0
 11
-713.9429970348052
 21
263.1344805647365
 31
0.0
  0
LINE
  5
245
330
1F
100
AcDbEntity
  8
Dibujo2D$visible$líneas
100
AcDbLine
 10
-727.5346325188918
 20
263.1344805647344
 30
0.0
 11
-916.9114202638367
 21
263.1344805647049
 31
0.0
  0
LINE
  5
246
330
1F
100
AcDbEntity
  8
Dibujo2D$visible$líneas
100
AcDbLine
 10
-930.5030557479236
 20
263.1344805647028
 30
0.0
 11
-1119.879843492869
 21
263.1344805646735
 31
0.0
  0
LINE
  5
247
330
1F
100
AcDbEntity
  8
Dibujo2D$visible$líneas
100
AcDbLine
 10
-1133.471478976955
 20
263.1344805646714
 30
0.0
 11
-1322.8482667219
 21
263.1344805646421
 31
0.0
  0
LINE
  5
248
330
1F
100
AcDbEntity
  8
Dibujo2D$visible$líneas
100
AcDbLine
 10
-1336.439902205987
 20
263.1344805646401
 30
0.0
 11
-1521.059617531501
 21
263.1344805646116
 31
0.0
  0
LINE
  5
249
330
1F
100
AcDbEntity
  8
Dibujo2D$visible$líneas
100
AcDbLine
 10
-916.9114202638369
 20
-268.198658438902
 30
0.0
 11
-916.9114202638369
 21
263.3378110113216
 31
0.0
  0
LINE
  5
24A
330
1F
100
AcDbEntity
  8
Dibujo2D$visible$líneas
100
AcDbLine
 10
-916.9114202638369
 20
-268.198658438902
 30
0.0
 11
-930.5030557479239
 21
-268.198658438902
 31
0.0
  0
LINE
  5
24B
330
1F
100
AcDbEntity
  8
Dibujo2D$visible$líneas
100
AcDbLine
 10
-930.5030557479239
 20
-268.198658438902
 30
0.0
 11
-930.5030557479239
 21
263.3378110113216
 31
0.0
  0
LINE
  5
24C
330
1F
100
AcDbEntity
  8
Dibujo2D$visible$líneas
100
AcDbLine
 10
-916.9114202638369
 20
263.3378110113216
 30
0.0
 11
-930.5030557479239
 21
263.3378110113216
 31
0.0
  0
LINE
  5
24D
330
1F
100
AcDbEntity
  8
Dibujo2D$visible$líneas
100
AcDbLine
 10
-1521.059617531501
 20
137.4995844863048
 30
0.0
 11
-1336.439902205987
 21
137.4995844862987
 31
0.0
  0
LINE
  5
24E
330
1F
100
AcDbEntity
  8
Dibujo2D$visible$líneas
100
AcDbLine
 10
-1322.8482667219
 20
137.4995844862982
 30
0.0
 11
-1133.471478976955
 21
137.4995844862921
 31
0.0
  0
LINE
  5
24F
330
1F
100
AcDbEntity
  8
Dibujo2D$visible$líneas
100
AcDbLine
 10
-1119.879843492869
 20
137.4995844862916
 30
0.0
 11
-930.5030557479237
 21
137.4995844862855
 31
0.0
  0
LINE
  5
250
330
1F
100
AcDbEntity
  8
Dibujo2D$visible$líneas
100
AcDbLine
 10
-916.9114202638367
 20
137.499584486285
 30
0.0
 11
-727.5346325188922
 21
137.4995844862786
 31
0.0
  0
LINE
  5
251
330
1F
100
AcDbEntity
  8
Dibujo2D$visible$líneas
100
AcDbLine
 10
-713.9429970348054
 20
137.4995844862782
 30
0.0
 11
-524.5662092898606
 21
137.4995844862721
 31
0.0
  0
LINE
  5
252
330
1F
100
AcDbEntity
  8
Dibujo2D$visible$líneas
100
AcDbLine
 10
-510.9745738057734
 20
137.4995844862716
 30
0.0
 11
-321.5977860608286
 21
137.4995844862655
 31
0.0
  0
LINE
  5
253
330
1F
100
AcDbEntity
  8
Dibujo2D$visible$líneas
100
AcDbLine
 10
-308.0061505767414
 20
137.499584486265
 30
0.0
 11
-113.8768209575278
 21
137.4995844862586
 31
0.0
  0
LINE
  5
254
330
1F
100
AcDbEntity
  8
Dibujo2D$visible$líneas
100
AcDbLine
 10
-1521.059617531501
 20
151.0912199703918
 30
0.0
 11
-1336.439902205987
 21
151.0912199703856
 31
0.0
  0
LINE
  5
255
330
1F
100
AcDbEntity
  8
Dibujo2D$visible$líneas
100
AcDbLine
 10
-1322.8482667219
 20
151.0912199703852
 30
0.0
 11
-1133.471478976955
 21
151.091219970379
 31
0.0
  0
LINE
  5
256
330
1F
100
AcDbEntity
  8
Dibujo2D$visible$líneas
100
AcDbLine
 10
-1119.879843492869
 20
151.0912199703786
 30
0.0
 11
-930.5030557479238
 21
151.0912199703724
 31
0.0
  0
LINE
  5
257
330
1F
100
AcDbEntity
  8
Dibujo2D$visible$líneas
100
AcDbLine
 10
-916.9114202638367
 20
151.0912199703718
 30
0.0
 11
-727.5346325188923
 21
151.0912199703656
 31
0.0
  0
LINE
  5
258
330
1F
100
AcDbEntity
  8
Dibujo2D$visible$líneas
100
AcDbLine
 10
-713.9429970348057
 20
151.0912199703652
 30
0.0
 11
-524.5662092898606
 21
151.091219970359
 31
0.0
  0
LINE
  5
259
330
1F
100
AcDbEntity
  8
Dibujo2D$visible$líneas
100
AcDbLine
 10
-510.9745738057734
 20
151.0912199703586
 30
0.0
 11
-321.5977860608286
 21
151.0912199703524
 31
0.0
  0
LINE
  5
25A
330
1F
100
AcDbEntity
  8
Dibujo2D$visible$líneas
100
AcDbLine
 10
-308.0061505767414
 20
151.0912199703517
 30
0.0
 11
-113.8768209575278
 21
151.0912199703454
 31
0.0
  0
LINE
  5
25B
330
1F
100
AcDbEntity
  8
Dibujo2D$visible$líneas
100
AcDbLine
 10
-1533.189447191778
 20
368.5080855590626
 30
0.0
 11
-308.5830900755454
 21
368.5080855590626
 31
0.0
  0
LINE
  5
25C
330
1F
100
AcDbEntity
  8
Dibujo2D$visible$líneas
100
AcDbLine
 10
-1533.189447191778
 20
368.6945466762114
 30
0.0
 11
-308.5830900755454
 21
368.6945466762119
 31
0.0
  0
LINE
  5
25D
330
1F
100
AcDbEntity
  8
Dibujo2D$visible$líneas
100
AcDbLine
 10
-1533.189447191778
 20
368.6945466762114
 30
0.0
 11
-1533.189447191778
 21
368.5080855590626
 31
0.0
  0
LINE
  5
25E
330
1F
100
AcDbEntity
  8
Dibujo2D$visible$líneas
100
AcDbLine
 10
-1533.189447191778
 20
443.9627251206715
 30
0.0
 11
-1533.189447191778
 21
443.7503328268805
 31
0.0
  0
LINE
  5
25F
330
1F
100
AcDbEntity
  8
Dibujo2D$visible$líneas
100
AcDbLine
 10
-1533.189447191778
 20
368.6945466762114
 30
0.0
 11
-1533.189447191778
 21
443.7503328268805
 31
0.0
  0
SPLINE
  5
260
330
1F
100
AcDbEntity
  8
Dibujo2D$visible$líneas
100
AcDbSpline
210
0.0
220
0.0
230
1.0
 70
    12
 71
     2
 72
     8
 73
     5
 74
     0
 42
0.000000001
 43
0.0000000001
 40
0.0
 40
0.0
 40
0.0
 40
57.66620405654931
 40
57.66620405654931
 40
250.3287688334135
 40
250.3287688334135
 40
250.3287688334135
 10
-1213.786013315736
 20
449.9314654722358
 30
0.0
 41
1.0
 10
-1242.101582210843
 20
443.9668148289036
 30
0.0
 41
0.9946242660813843
 10
-1271.038556520595
 20
443.9626981068017
 30
0.0
 41
1.0
 10
-1402.114001856186
 20
443.9627251206715
 30
0.0
 41
1.0
 10
-1533.189447191778
 20
443.9627251206715
 30
0.0
 41
1.0
  0
LINE
  5
261
330
1F
100
AcDbEntity
  8
Dibujo2D$visible$líneas
100
AcDbLine
 10
-1213.786013315736
 20
449.9314654722358
 30
0.0
 11
-1213.786013315736
 21
449.769839481865
 31
0.0
  0
SPLINE
  5
262
330
1F
100
AcDbEntity
  8
Dibujo2D$visible$líneas
100
AcDbSpline
210
0.0
220
0.0
230
1.0
 70
    12
 71
     3
 72
    11
 73
     7
 74
     0
 42
0.000000001
 43
0.0000000001
 40
-192.8766342932827
 40
-192.8766342932827
 40
-192.8766342932827
 40
-192.8766342932827
 40
0.0
 40
0.0
 40
0.0
 40
57.67322413178101
 40
57.67322413178101
 40
57.67322413178101
 40
57.67322413178101
 10
-1533.189447191778
 20
443.7503328268805
 30
0.0
 41
1.0
 10
-1445.80581696805
 20
443.7503328268805
 30
0.0
 41
1.0
 10
-1358.422186744323
 20
443.7503328268805
 30
0.0
 41
1.0
 10
-1271.038556520595
 20
443.7503328268805
 30
0.0
 41
1.0
 10
-1251.779010729888
 20
443.7533561800988
 30
0.0
 41
0.9963564304583219
 10
-1232.62504084031
 20
445.7671959637254
 30
0.0
 41
0.9963564304583211
 10
-1213.786013315736
 20
449.769839481865
 30
0.0
 41
1.0
  0
SPLINE
  5
263
330
1F
100
AcDbEntity
  8
Dibujo2D$visible$líneas
100
AcDbSpline
210
0.0
220
0.0
230
1.0
 70
    12
 71
     2
 72
     6
 73
     3
 74
     0
 42
0.000000001
 43
0.0000000001
 40
2492.233655473975
 40
2492.233655473975
 40
2492.233655473975
 40
2566.80941021797
 40
2566.80941021797
 40
2566.80941021797
 10
-1113.207910733492
 20
449.9314654722358
 30
0.0
 41
1.0
 10
-1163.496962024614
 20
437.8472255583608
 30
0.0
 41
0.9768746463348748
 10
-1213.786013315736
 20
449.9314654722358
 30
0.0
 41
1.0
  0
LINE
  5
264
330
1F
100
AcDbEntity
  8
Dibujo2D$visible$líneas
100
AcDbLine
 10
-1113.207910733492
 20
449.9314654722358
 30
0.0
 11
-1113.207910733492
 21
449.769839481865
 31
0.0
  0
SPLINE
  5
265
330
1F
100
AcDbEntity
  8
Dibujo2D$visible$líneas
100
AcDbSpline
210
0.0
220
0.0
230
1.0
 70
     8
 71
     3
 72
    12
 73
     8
 74
     0
 42
0.000000001
 43
0.0000000001
 40
0.0
 40
0.0
 40
0.0
 40
0.0
 40
12.66150001979999
 40
25.33405332209009
 40
50.76043729669214
 40
76.19269822335372
 40
101.5358798023229
 40
101.5358798023229
 40
101.5358798023229
 40
101.5358798023229
 10
-1213.786013315736
 20
449.769839481865
 30
0.0
 10
-1209.684286697897
 20
448.7756746245569
 30
0.0
 10
-1201.418645048054
 20
447.0279772920088
 30
0.0
 10
-1184.679491549571
 20
444.5097997431802
 30
0.0
 10
-1163.502481546103
 20
443.2391809423722
 30
0.0
 10
-1138.101940456945
 20
444.7616888362221
 30
0.0
 10
-1121.417882114795
 20
447.7800116325835
 30
0.0
 10
-1113.207910733492
 20
449.769839481865
 30
0.0
  0
SPLINE
  5
266
330
1F
100
AcDbEntity
  8
Dibujo2D$visible$líneas
100
AcDbSpline
210
0.0
220
0.0
230
1.0
 70
    12
 71
     2
 72
     6
 73
     3
 74
     0
 42
0.000000001
 43
0.0000000001
 40
2417.657753512909
 40
2417.657753512909
 40
2417.657753512909
 40
2492.233655473975
 40
2492.233655473975
 40
2492.233655473975
 10
-1012.629808151249
 20
449.9314654722358
 30
0.0
 41
1.0
 10
-1062.918859442371
 20
437.8456404642771
 30
0.0
 41
0.9768687881019571
 10
-1113.207910733492
 20
449.9314654722358
 30
0.0
 41
1.0
  0
LINE
  5
267
330
1F
100
AcDbEntity
  8
Dibujo2D$visible$líneas
100
AcDbLine
 10
-1012.629808151249
 20
449.9314654722358
 30
0.0
 11
-1012.629808151249
 21
449.769839481865
 31
0.0
  0
SPLINE
  5
268
330
1F
100
AcDbEntity
  8
Dibujo2D$visible$líneas
100
AcDbSpline
210
0.0
220
0.0
230
1.0
 70
     8
 71
     3
 72
    12
 73
     8
 74
     0
 42
0.000000001
 43
0.0000000001
 40
0.0
 40
0.0
 40
0.0
 40
0.0
 40
12.66173891810663
 40
25.33429143002119
 40
50.76067547851698
 40
76.19293872016569
 40
101.5361243241553
 40
101.5361243241553
 40
101.5361243241553
 40
101.5361243241553
 10
-1113.207910733492
 20
449.769839481865
 30
0.0
 10
-1109.106136595936
 20
448.7755326539419
 30
0.0
 10
-1100.840461486225
 20
447.0276046424007
 30
0.0
 10
-1084.10127321046
 20
444.5091122584705
 30
0.0
 10
-1062.924262006824
 20
443.2383453133697
 30
0.0
 10
-1037.523719658461
 20
444.7610586375785
 30
0.0
 10
-1020.839721041606
 20
447.7797647513456
 30
0.0
 10
-1012.629808151249
 20
449.7698394818648
 30
0.0
  0
SPLINE
  5
269
330
1F
100
AcDbEntity
  8
Dibujo2D$visible$líneas
100
AcDbSpline
210
0.0
220
0.0
230
1.0
 70
    12
 71
     2
 72
     6
 73
     3
 74
     0
 42
0.000000001
 43
0.0000000001
 40
2343.082114252932
 40
2343.082114252932
 40
2343.082114252932
 40
2417.657753512909
 40
2417.657753512909
 40
2417.657753512909
 10
-912.0517055690058
 20
449.9314654722356
 30
0.0
 41
1.0
 10
-962.3407568601273
 20
437.848469111803
 30
0.0
 41
0.9768792418286903
 10
-1012.629808151249
 20
449.9314654722358
 30
0.0
 41
1.0
  0
LINE
  5
26A
330
1F
100
AcDbEntity
  8
Dibujo2D$visible$líneas
100
AcDbLine
 10
-912.0517055690058
 20
449.9314654722356
 30
0.0
 11
-912.0517055690058
 21
449.769839481865
 31
0.0
  0
SPLINE
  5
26B
330
1F
100
AcDbEntity
  8
Dibujo2D$visible$líneas
100
AcDbSpline
210
0.0
220
0.0
230
1.0
 70
     8
 71
     3
 72
    12
 73
     8
 74
     0
 42
0.000000001
 43
0.0000000001
 40
0.0
 40
0.0
 40
0.0
 40
0.0
 40
12.6613126165406
 40
25.33386653884799
 40
50.76025045550038
 40
76.19250956617212
 40
101.5356879877243
 40
101.5356879877243
 40
101.5356879877243
 40
101.5356879877243
 10
-1012.629808151249
 20
449.769839481865
 30
0.0
 10
-1008.528118810784
 20
448.7757860018047
 30
0.0
 10
-1000.262503408529
 20
447.0282696434741
 30
0.0
 10
-983.5233771904439
 20
444.5103390962125
 30
0.0
 10
-962.3463681282018
 20
443.2398365238163
 30
0.0
 10
-936.9458280271308
 20
444.7621832528547
 30
0.0
 10
-920.2617228337051
 20
447.7802053219347
 30
0.0
 10
-912.0517055690057
 20
449.769839481865
 30
0.0
  0
SPLINE
  5
26C
330
1F
100
AcDbEntity
  8
Dibujo2D$visible$líneas
100
AcDbSpline
210
0.0
220
0.0
230
1.0
 70
    12
 71
     2
 72
     6
 73
     3
 74
     0
 42
0.000000001
 43
0.0000000001
 40
2268.506862720356
 40
2268.506862720356
 40
2268.506862720356
 40
2343.082114252932
 40
2343.082114252932
 40
2343.082114252932
 10
-811.4736029867623
 20
449.9314654722358
 30
0.0
 41
1.0
 10
-861.7626542778836
 20
437.8526450746884
 30
0.0
 41
0.9768946709187506
 10
-912.0517055690058
 20
449.9314654722356
 30
0.0
 41
1.0
  0
LINE
  5
26D
330
1F
100
AcDbEntity
  8
Dibujo2D$visible$líneas
100
AcDbLine
 10
-811.4736029867623
 20
449.9314654722358
 30
0.0
 11
-811.4736029867623
 21
449.7698394818652
 31
0.0
  0
SPLINE
  5
26E
330
1F
100
AcDbEntity
  8
Dibujo2D$visible$líneas
100
AcDbSpline
210
0.0
220
0.0
230
1.0
 70
     8
 71
     3
 72
    12
 73
     8
 74
     0
 42
0.000000001
 43
0.0000000001
 40
0.0
 40
0.0
 40
0.0
 40
0.0
 40
12.66068342566057
 40
25.33323942968359
 40
50.7596231518667
 40
76.19187616548105
 40
101.5350439862768
 40
101.5350439862768
 40
101.5350439862768
 40
101.5350439862768
 10
-912.0517055690058
 20
449.769839481865
 30
0.0
 10
-907.9501413883019
 20
448.7761599977056
 30
0.0
 10
-899.6846141105748
 20
447.02925136485
 30
0.0
 10
-882.9455794805317
 20
444.5121502969313
 30
0.0
 10
-861.7685735768174
 20
443.2420380608254
 30
0.0
 10
-836.3680367951201
 20
444.7638435932371
 30
0.0
 10
-819.6837743030833
 20
447.7808557716506
 30
0.0
 10
-811.4736029867622
 20
449.7698394818652
 30
0.0
  0
SPLINE
  5
26F
330
1F
100
AcDbEntity
  8
Dibujo2D$visible$líneas
100
AcDbSpline
210
0.0
220
0.0
230
1.0
 70
    12
 71
     2
 72
     6
 73
     3
 74
     0
 42
0.000000001
 43
0.0000000001
 40
2193.931381798711
 40
2193.931381798711
 40
2193.931381798711
 40
2268.506862720356
 40
2268.506862720356
 40
2268.506862720356
 10
-710.8955004045189
 20
449.931465472236
 30
0.0
 41
1.0
 10
-761.1845516956404
 20
437.8501743155526
 30
0.0
 41
0.9768855426662578
 10
-811.4736029867623
 20
449.9314654722358
 30
0.0
 41
1.0
  0
LINE
  5
270
330
1F
100
AcDbEntity
  8
Dibujo2D$visible$líneas
100
AcDbLine
 10
-710.8955004045189
 20
449.931465472236
 30
0.0
 11
-710.8955004045189
 21
449.7698394818655
 31
0.0
  0
SPLINE
  5
271
330
1F
100
AcDbEntity
  8
Dibujo2D$visible$líneas
100
AcDbSpline
210
0.0
220
0.0
230
1.0
 70
     8
 71
     3
 72
    12
 73
     8
 74
     0
 42
0.000000001
 43
0.0000000001
 40
0.0
 40
0.0
 40
0.0
 40
0.0
 40
12.66105567064469
 40
25.33361044306095
 40
50.7599942802803
 40
76.19225090106877
 40
101.5354249935344
 40
101.5354249935344
 40
101.5354249935344
 40
101.5354249935344
 10
-811.4736029867623
 20
449.7698394818652
 30
0.0
 10
-807.3719647576713
 20
448.7759387219877
 30
0.0
 10
-799.1063853432008
 20
447.0286705213526
 30
0.0
 10
-782.3672965280692
 20
444.5110786770412
 30
0.0
 10
-761.1902887559801
 20
443.2407354879698
 30
0.0
 10
-735.7897500100916
 20
444.7628612242419
 30
0.0
 10
-719.1055805797067
 20
447.7804709207738
 30
0.0
 10
-710.8955004045189
 20
449.7698394818655
 30
0.0
  0
SPLINE
  5
272
330
1F
100
AcDbEntity
  8
Dibujo2D$visible$líneas
100
AcDbSpline
210
0.0
220
0.0
230
1.0
 70
    12
 71
     2
 72
     6
 73
     3
 74
     0
 42
0.000000001
 43
0.0000000001
 40
2119.356145340948
 40
2119.356145340948
 40
2119.356145340948
 40
2193.931381798711
 40
2193.931381798711
 40
2193.931381798711
 10
-610.3173978222753
 20
449.931465472236
 30
0.0
 41
1.0
 10
-660.6064491133969
 20
437.8528074620303
 30
0.0
 41
0.9768952708045194
 10
-710.8955004045189
 20
449.931465472236
 30
0.0
 41
1.0
  0
LINE
  5
273
330
1F
100
AcDbEntity
  8
Dibujo2D$visible$líneas
100
AcDbLine
 10
-610.3173978222753
 20
449.931465472236
 30
0.0
 11
-610.3173978222753
 21
449.7698394818655
 31
0.0
  0
SPLINE
  5
274
330
1F
100
AcDbEntity
  8
Dibujo2D$visible$líneas
100
AcDbSpline
210
0.0
220
0.0
230
1.0
 70
     8
 71
     3
 72
    12
 73
     8
 74
     0
 42
0.000000001
 43
0.0000000001
 40
0.0
 40
0.0
 40
0.0
 40
0.0
 40
12.66065896273524
 40
25.33321504769697
 40
50.75959876232258
 40
76.19185153888203
 40
101.5350189475216
 40
101.5350189475216
 40
101.5350189475216
 40
101.5350189475216
 10
-710.8955004045189
 20
449.7698394818655
 30
0.0
 10
-706.7939410901513
 20
448.7761745404019
 30
0.0
 10
-698.5284172387132
 20
447.0292895396225
 30
0.0
 10
-681.7893861695027
 20
444.5122207278158
 30
0.0
 10
-660.6123803885378
 20
443.242123671373
 30
0.0
 10
-635.2118437359602
 20
444.7639081589854
 30
0.0
 10
-618.5275751281788
 20
447.7808810659077
 30
0.0
 10
-610.3173978222753
 20
449.7698394818655
 30
0.0
  0
SPLINE
  5
275
330
1F
100
AcDbEntity
  8
Dibujo2D$visible$líneas
100
AcDbSpline
210
0.0
220
0.0
230
1.0
 70
    12
 71
     2
 72
     6
 73
     3
 74
     0
 42
0.000000001
 43
0.0000000001
 40
2044.780324837722
 40
2044.780324837722
 40
2044.780324837722
 40
2119.356145340948
 40
2119.356145340948
 40
2119.356145340948
 10
-509.7392952400319
 20
449.9314654722358
 30
0.0
 41
1.0
 10
-560.0283465311536
 20
437.846517502095
 30
0.0
 41
0.9768720295636053
 10
-610.3173978222753
 20
449.931465472236
 30
0.0
 41
1.0
  0
LINE
  5
276
330
1F
100
AcDbEntity
  8
Dibujo2D$visible$líneas
100
AcDbLine
 10
-509.7392952400319
 20
449.9314654722358
 30
0.0
 11
-509.7392952400319
 21
449.7698394818652
 31
0.0
  0
SPLINE
  5
277
330
1F
100
AcDbEntity
  8
Dibujo2D$visible$líneas
100
AcDbSpline
210
0.0
220
0.0
230
1.0
 70
     8
 71
     3
 72
    12
 73
     8
 74
     0
 42
0.000000001
 43
0.0000000001
 40
0.0
 40
0.0
 40
0.0
 40
0.0
 40
12.66160673142727
 40
25.33415968066858
 40
50.7605436882742
 40
76.19280564900033
 40
101.5359890258745
 40
101.5359890258745
 40
101.5359890258745
 40
101.5359890258745
 10
-610.3173978222753
 20
449.7698394818655
 30
0.0
 10
-606.2156499781108
 20
448.7756112072706
 30
0.0
 10
-597.9499933823313
 20
447.0278108312347
 30
0.0
 10
-581.2108243495472
 20
444.5094926458981
 30
0.0
 10
-560.0338138100317
 20
443.2388076686731
 30
0.0
 10
-534.6332721583558
 20
444.7614073273329
 30
0.0
 10
-517.9492404944172
 20
447.7799013509037
 30
0.0
 10
-509.7392952400319
 20
449.7698394818652
 30
0.0
  0
SPLINE
  5
278
330
1F
100
AcDbEntity
  8
Dibujo2D$visible$líneas
100
AcDbSpline
210
0.0
220
0.0
230
1.0
 70
    12
 71
     2
 72
     6
 73
     3
 74
     0
 42
0.000000001
 43
0.0000000001
 40
1970.205083445929
 40
1970.205083445929
 40
1970.205083445929
 40
2044.780324837722
 40
2044.780324837722
 40
2044.780324837722
 10
-409.1611926577889
 20
449.9314654722358
 30
0.0
 41
1.0
 10
-459.4502439489106
 20
437.8527543119795
 30
0.0
 41
0.9768950744601848
 10
-509.7392952400319
 20
449.9314654722358
 30
0.0
 41
1.0
  0
LINE
  5
279
330
1F
100
AcDbEntity
  8
Dibujo2D$visible$líneas
100
AcDbLine
 10
-409.1611926577889
 20
449.9314654722358
 30
0.0
 11
-409.1611926577889
 21
449.7698394818652
 31
0.0
  0
SPLINE
  5
27A
330
1F
100
AcDbEntity
  8
Dibujo2D$visible$líneas
100
AcDbSpline
210
0.0
220
0.0
230
1.0
 70
     8
 71
     3
 72
    12
 73
     8
 74
     0
 42
0.000000001
 43
0.0000000001
 40
0.0
 40
0.0
 40
0.0
 40
0.0
 40
12.66066696951994
 40
25.33322302799005
 40
50.75960674508953
 40
76.19185959923793
 40
101.5350271427764
 40
101.5350271427764
 40
101.5350271427764
 40
101.5350271427764
 10
-509.7392952400319
 20
449.7698394818652
 30
0.0
 10
-505.6377343328993
 20
448.7761697805207
 30
0.0
 10
-497.3722093600261
 20
447.0292770448654
 30
0.0
 10
-480.6331771253469
 20
444.5121976754921
 30
0.0
 10
-459.4561713042071
 20
443.2420956506757
 30
0.0
 10
-434.0556346093663
 20
444.7638870263362
 30
0.0
 10
-417.371368003287
 20
447.7808727869859
 30
0.0
 10
-409.1611926577889
 20
449.7698394818652
 30
0.0
  0
SPLINE
  5
27B
330
1F
100
AcDbEntity
  8
Dibujo2D$visible$líneas
100
AcDbSpline
210
0.0
220
0.0
230
1.0
 70
    12
 71
     2
 72
     6
 73
     3
 74
     0
 42
0.000000001
 43
0.0000000001
 40
1895.629627122312
 40
1895.629627122312
 40
1895.629627122312
 40
1970.205083445929
 40
1970.205083445929
 40
1970.205083445929
 10
-308.5830900755454
 20
449.9314654722358
 30
0.0
 41
1.0
 10
-358.872141366667
 20
437.8504392401674
 30
0.0
 41
0.9768865215108851
 10
-409.1611926577889
 20
449.9314654722358
 30
0.0
 41
1.0
  0
LINE
  5
27C
330
1F
100
AcDbEntity
  8
Dibujo2D$visible$líneas
100
AcDbLine
 10
-308.5830900755454
 20
449.9314654722358
 30
0.0
 11
-308.5830900755454
 21
449.7698394818652
 31
0.0
  0
SPLINE
  5
27D
330
1F
100
AcDbEntity
  8
Dibujo2D$visible$líneas
100
AcDbSpline
210
0.0
220
0.0
230
1.0
 70
     8
 71
     3
 72
    12
 73
     8
 74
     0
 42
0.000000001
 43
0.0000000001
 40
0.0
 40
0.0
 40
0.0
 40
0.0
 40
12.66101575380796
 40
25.33357065829168
 40
50.75995448317157
 40
76.1922107171543
 40
101.5353841370907
 40
101.5353841370907
 40
101.5353841370907
 40
101.5353841370907
 10
-409.1611926577889
 20
449.7698394818652
 30
0.0
 10
-405.0595623689997
 20
448.775962448536
 30
0.0
 10
-396.7939885452824
 20
447.0287328022381
 30
0.0
 10
-380.0549055406589
 20
444.5111935802471
 30
0.0
 10
-358.87789796896
 20
443.2408751540723
 30
0.0
 10
-333.4773594336493
 20
444.7629665565759
 30
0.0
 10
-316.793180023994
 20
447.7805121854029
 30
0.0
 10
-308.5830900755452
 20
449.7698394818652
 30
0.0
  0
LINE
  5
27E
330
1F
100
AcDbEntity
  8
Dibujo2D$visible$líneas
100
AcDbLine
 10
-308.5830900755454
 20
368.5080855590626
 30
0.0
 11
-308.5830900755454
 21
368.6945466762119
 31
0.0
  0
LINE
  5
27F
330
1F
100
AcDbEntity
  8
Dibujo2D$visible$líneas
100
AcDbLine
 10
-308.5830900755454
 20
449.7698394818652
 30
0.0
 11
-308.5830900755454
 21
368.6945466762119
 31
0.0
  0
LINE
  5
280
330
1F
100
AcDbEntity
  8
Dibujo2D$visible$líneas
100
AcDbLine
 10
-113.876820957528
 20
118.7315946367702
 30
0.0
 11
-116.3335450897541
 21
118.7315946367702
 31
0.0
  0
LINE
  5
281
330
1F
100
AcDbEntity
  8
Dibujo2D$visible$líneas
100
AcDbLine
 10
-116.3335450897541
 20
86.11159463677029
 30
0.0
 11
-116.3335450897541
 21
118.7315946367702
 31
0.0
  0
LINE
  5
282
330
1F
100
AcDbEntity
  8
Dibujo2D$visible$líneas
100
AcDbLine
 10
-113.8768209575283
 20
-27.62985935695872
 30
0.0
 11
-116.3335450897541
 21
-27.62985935695872
 31
0.0
  0
SPLINE
  5
283
330
1F
100
AcDbEntity
  8
Dibujo2D$visible$líneas
100
AcDbSpline
210
0.0
220
0.0
230
1.0
 70
    28
 71
     2
 72
    10
 73
     7
 74
     0
 42
0.000000001
 43
0.0000000001
 40
114.8379868586057
 40
114.8379868586057
 40
114.8379868586057
 40
115.28833190511
 40
115.28833190511
 40
172.932497857665
 40
172.932497857665
 40
230.57666381022
 40
230.57666381022
 40
230.57666381022
 10
-116.333545089754
 20
-101.0224409217145
 30
0.0
 41
0.9954592970227896
 10
-116.3335450897541
 20
-101.024690971028
 30
0.0
 41
0.99771177172802
 10
-116.3335450897541
 20
-101.024690971028
 30
0.0
 41
1.0
 10
-116.333545089754
 20
-101.0246909710278
 30
0.0
 41
0.7071067811865476
 10
-116.3335450897541
 20
-64.32727516399325
 30
0.0
 41
1.0
 10
-116.333545089754
 20
-27.62985935695832
 30
0.0
 41
0.7071067811865476
 10
-116.3335450897541
 20
-27.62985935695872
 30
0.0
 41
1.0
  0
LINE
  5
284
330
1F
100
AcDbEntity
  8
Dibujo2D$visible$líneas
100
AcDbLine
 10
-1339.725134636029
 20
-64.32727516399689
 30
0.0
 11
-1339.725134636029
 21
-44.32727516399689
 31
0.0
  0
LINE
  5
285
330
1F
100
AcDbEntity
  8
Dibujo2D$visible$líneas
100
AcDbLine
 10
-1339.725134636029
 20
-84.32727516399689
 30
0.0
 11
-1339.725134636029
 21
-64.32727516399689
 31
0.0
  0
LINE
  5
286
330
1F
100
AcDbEntity
  8
Dibujo2D$visible$líneas
100
AcDbLine
 10
-1521.059617531501
 20
21.47057174855001
 30
0.0
 11
-1336.439902205987
 21
21.47057174854388
 31
0.0
  0
LINE
  5
287
330
1F
100
AcDbEntity
  8
Dibujo2D$visible$líneas
100
AcDbLine
 10
-1322.8482667219
 20
21.47057174854342
 30
0.0
 11
-1133.471478976955
 21
21.47057174853728
 31
0.0
  0
LINE
  5
288
330
1F
100
AcDbEntity
  8
Dibujo2D$visible$líneas
100
AcDbLine
 10
-1119.879843492869
 20
21.47057174853683
 30
0.0
 11
-930.5030557479239
 21
21.47057174853069
 31
0.0
  0
LINE
  5
289
330
1F
100
AcDbEntity
  8
Dibujo2D$visible$líneas
100
AcDbLine
 10
-916.9114202638369
 20
21.47057174853023
 30
0.0
 11
-727.5346325188921
 21
21.47057174852387
 31
0.0
  0
LINE
  5
28A
330
1F
100
AcDbEntity
  8
Dibujo2D$visible$líneas
100
AcDbLine
 10
-713.9429970348057
 20
21.47057174852341
 30
0.0
 11
-524.5662092898606
 21
21.47057174851727
 31
0.0
  0
LINE
  5
28B
330
1F
100
AcDbEntity
  8
Dibujo2D$visible$líneas
100
AcDbLine
 10
-510.9745738057734
 20
21.47057174851705
 30
0.0
 11
-321.5977860608284
 21
21.47057174851068
 31
0.0
  0
LINE
  5
28C
330
1F
100
AcDbEntity
  8
Dibujo2D$visible$líneas
100
AcDbLine
 10
-308.0061505767417
 20
21.47057174851022
 30
0.0
 11
-113.8768209575276
 21
21.47057174850386
 31
0.0
  0
LINE
  5
28D
330
1F
100
AcDbEntity
  8
Dibujo2D$visible$líneas
100
AcDbLine
 10
-1404.951721284152
 20
-117.2968470447432
 30
0.0
 11
-1404.951721284152
 21
3.801445619237597
 31
0.0
  0
LINE
  5
28E
330
1F
100
AcDbEntity
  8
Dibujo2D$visible$líneas
100
AcDbLine
 10
-1407.951721284152
 20
-117.2968470447432
 30
0.0
 11
-1407.951721284152
 21
3.801445619237597
 31
0.0
  0
LINE
  5
28F
330
1F
100
AcDbEntity
  8
Dibujo2D$visible$líneas
100
AcDbLine
 10
-113.8768209575283
 20
-268.1986584388811
 30
0.0
 11
-113.8768209575283
 21
263.3378110113425
 31
0.0
  0
CIRCLE
  5
290
330
1F
100
AcDbEntity
  8
Dibujo2D$visible$líneas
100
AcDbCircle
 10
-40.34797602386149
 20
-237.9102179515687
 30
0.0
 40
10.87330848347554
  0
LINE
  5
291
330
1F
100
AcDbEntity
  8
Dibujo2D$visible$líneas
100
AcDbLine
 10
-113.8768209575283
 20
263.3378110113425
 30
0.0
 11
-12.38807879785077
 21
263.3378110113425
 31
0.0
  0
LINE
  5
292
330
1F
100
AcDbEntity
  8
Dibujo2D$visible$líneas
100
AcDbLine
 10
-698.2325213566509
 20
215.9418628855018
 30
0.0
 11
-698.0180725489158
 21
215.9282623981743
 31
0.0
  0
LINE
  5
293
330
1F
100
AcDbEntity
  8
Dibujo2D$visible$líneas
100
AcDbLine
 10
-698.0180725489157
 20
221.6280984600472
 30
0.0
 11
-698.2325213566509
 21
221.6145170698979
 31
0.0
  0
LINE
  5
294
330
1F
100
AcDbEntity
  8
Dibujo2D$visible$líneas
100
AcDbLine
 10
-698.0180725489163
 20
221.8233889498603
 30
0.0
 11
-698.2325213566508
 21
221.809807559711
 31
0.0
  0
LINE
  5
295
330
1F
100
AcDbEntity
  8
Dibujo2D$visible$líneas
100
AcDbLine
 10
-678.0180725489158
 20
186.7615753105064
 30
0.0
 11
-678.0180725489158
 21
224.5799841410809
 31
0.0
  0
LINE
  5
296
330
1F
100
AcDbEntity
  8
Dibujo2D$visible$líneas
100
AcDbLine
 10
-678.0180725489158
 20
224.5799841410809
 30
0.0
 11
-678.0182498185663
 21
227.0064366194127
 31
0.0
  0
LINE
  5
297
330
1F
100
AcDbEntity
  8
Dibujo2D$visible$líneas
100
AcDbLine
 10
-698.0180725489158
 20
186.7615753105064
 30
0.0
 11
-678.0181889589157
 21
186.7615753105064
 31
0.0
  0
LINE
  5
298
330
1F
100
AcDbEntity
  8
Dibujo2D$visible$líneas
100
AcDbLine
 10
-678.0180725489158
 20
224.5799841410809
 30
0.0
 11
-698.0180725489158
 21
224.5799841410809
 31
0.0
  0
LINE
  5
299
330
1F
100
AcDbEntity
  8
Dibujo2D$visible$líneas
100
AcDbLine
 10
-698.0180725489158
 20
224.5799841410809
 30
0.0
 11
-698.0182096296935
 21
226.4563346159447
 31
0.0
  0
LINE
  5
29A
330
1F
100
AcDbEntity
  8
Dibujo2D$visible$líneas
100
AcDbLine
 10
-698.0180725489158
 20
224.5799841410809
 30
0.0
 11
-698.0180725489158
 21
186.7615753105064
 31
0.0
  0
LINE
  5
29B
330
1F
100
AcDbEntity
  8
Dibujo2D$visible$líneas
100
AcDbLine
 10
-683.8051437212746
 20
236.2614055854796
 30
0.0
 11
-692.6598989920271
 21
236.2614055854796
 31
0.0
  0
LINE
  5
29C
330
1F
100
AcDbEntity
  8
Dibujo2D$visible$líneas
100
AcDbLine
 10
-683.8051437212746
 20
235.96846985076
 30
0.0
 11
-692.6598989920271
 21
235.96846985076
 31
0.0
  0
SPLINE
  5
29D
330
1F
100
AcDbEntity
  8
Dibujo2D$visible$líneas
100
AcDbSpline
210
0.0
220
0.0
230
1.0
 70
    12
 71
     2
 72
     6
 73
     3
 74
     0
 42
0.000000001
 43
0.0000000001
 40
-148.4511432739528
 40
-148.4511432739528
 40
-148.4511432739528
 40
-131.1714551585291
 40
-131.1714551585291
 40
-131.1714551585291
 10
-692.6598989920271
 20
236.2614055854796
 30
0.0
 41
1.0
 10
-703.6604901066509
 20
236.2614055854796
 30
0.0
 41
0.7071067811865476
 10
-703.660490106651
 20
225.3133831604576
 30
0.0
 41
1.0
  0
SPLINE
  5
29E
330
1F
100
AcDbEntity
  8
Dibujo2D$visible$líneas
100
AcDbSpline
210
0.0
220
0.0
230
1.0
 70
    12
 71
     2
 72
     6
 73
     3
 74
     0
 42
0.000000001
 43
0.0000000001
 40
-148.4511432739528
 40
-148.4511432739528
 40
-148.4511432739528
 40
-131.1714551585291
 40
-131.1714551585291
 40
-131.1714551585291
 10
-692.6598989920271
 20
235.96846985076
 30
0.0
 41
1.0
 10
-703.6604901066509
 20
235.9684698507598
 30
0.0
 41
0.7071067811865476
 10
-703.660490106651
 20
225.0204474257381
 30
0.0
 41
1.0
  0
LINE
  5
29F
330
1F
100
AcDbEntity
  8
Dibujo2D$visible$líneas
100
AcDbLine
 10
-703.660490106651
 20
225.0204474257381
 30
0.0
 11
-703.660490106651
 21
189.9500259215162
 31
0.0
  0
SPLINE
  5
2A0
330
1F
100
AcDbEntity
  8
Dibujo2D$visible$líneas
100
AcDbSpline
210
0.0
220
0.0
230
1.0
 70
    12
 71
     2
 72
     6
 73
     3
 74
     0
 42
0.000000001
 43
0.0000000001
 40
-95.93263738777637
 40
-95.93263738777637
 40
-95.93263738777637
 40
-78.65294927235267
 40
-78.65294927235267
 40
-78.65294927235267
 10
-703.660490106651
 20
189.9500259215162
 30
0.0
 41
1.0
 10
-703.6604901066509
 20
179.0020034964942
 30
0.0
 41
0.7071067811865476
 10
-692.6598989920271
 20
179.0020034964942
 30
0.0
 41
1.0
  0
LINE
  5
2A1
330
1F
100
AcDbEntity
  8
Dibujo2D$visible$líneas
100
AcDbLine
 10
-692.6598989920271
 20
179.0020034964942
 30
0.0
 11
-683.8051437212746
 21
179.0020034964942
 31
0.0
  0
SPLINE
  5
2A2
330
1F
100
AcDbEntity
  8
Dibujo2D$visible$líneas
100
AcDbSpline
210
0.0
220
0.0
230
1.0
 70
    12
 71
     2
 72
     6
 73
     3
 74
     0
 42
0.000000001
 43
0.0000000001
 40
-69.79819400160012
 40
-69.79819400160012
 40
-69.79819400160012
 40
-52.51850588617643
 40
-52.51850588617643
 40
-52.51850588617643
 10
-683.8051437212746
 20
179.0020034964942
 30
0.0
 41
1.0
 10
-672.8045526066506
 20
179.0020034964942
 30
0.0
 41
0.7071067811865476
 10
-672.8045526066508
 20
189.9500259215162
 30
0.0
 41
1.0
  0
LINE
  5
2A3
330
1F
100
AcDbEntity
  8
Dibujo2D$visible$líneas
100
AcDbLine
 10
-672.8045526066508
 20
189.9500259215162
 30
0.0
 11
-672.8045526066508
 21
225.0204474257381
 31
0.0
  0
SPLINE
  5
2A4
330
1F
100
AcDbEntity
  8
Dibujo2D$visible$líneas
100
AcDbSpline
210
0.0
220
0.0
230
1.0
 70
    12
 71
     2
 72
     6
 73
     3
 74
     0
 42
0.000000001
 43
0.0000000001
 40
-17.27968811542368
 40
-17.27968811542368
 40
-17.27968811542368
 40
0.0
 40
0.0
 40
0.0
 10
-672.8045526066508
 20
225.3133831604576
 30
0.0
 41
1.0
 10
-672.8045526066506
 20
236.2614055854796
 30
0.0
 41
0.7071067811865476
 10
-683.8051437212746
 20
236.2614055854796
 30
0.0
 41
1.0
  0
SPLINE
  5
2A5
330
1F
100
AcDbEntity
  8
Dibujo2D$visible$líneas
100
AcDbSpline
210
0.0
220
0.0
230
1.0
 70
    12
 71
     2
 72
     6
 73
     3
 74
     0
 42
0.000000001
 43
0.0000000001
 40
-17.27968811542368
 40
-17.27968811542368
 40
-17.27968811542368
 40
0.0
 40
0.0
 40
0.0
 10
-672.8045526066508
 20
225.0204474257381
 30
0.0
 41
1.0
 10
-672.8045526066506
 20
235.9684698507598
 30
0.0
 41
0.7071067811865476
 10
-683.8051437212746
 20
235.96846985076
 30
0.0
 41
1.0
  0
LINE
  5
2A6
330
1F
100
AcDbEntity
  8
Dibujo2D$visible$líneas
100
AcDbLine
 10
-698.0180725489159
 20
188.9308615200897
 30
0.0
 11
-698.2325213566509
 21
188.9308615200897
 31
0.0
  0
LINE
  5
2A7
330
1F
100
AcDbEntity
  8
Dibujo2D$visible$líneas
100
AcDbLine
 10
-698.0180725489159
 20
188.6379257853702
 30
0.0
 11
-698.2325213566509
 21
188.6379257853702
 31
0.0
  0
LINE
  5
2A8
330
1F
100
AcDbEntity
  8
Dibujo2D$visible$líneas
100
AcDbLine
 10
-698.2325213566509
 20
188.6379257853702
 30
0.0
 11
-698.2325213566509
 21
226.4563346159447
 31
0.0
  0
LINE
  5
2A9
330
1F
100
AcDbEntity
  8
Dibujo2D$visible$líneas
100
AcDbLine
 10
-698.2325213566509
 20
226.4563346159447
 30
0.0
 11
-678.232521356651
 21
226.4563346159447
 31
0.0
  0
SPLINE
  5
2AA
330
1F
100
AcDbEntity
  8
Dibujo2D$visible$líneas
100
AcDbSpline
210
0.0
220
0.0
230
1.0
 70
    12
 71
     2
 72
     8
 73
     5
 74
     0
 42
0.000000001
 43
0.0000000001
 40
0.0
 40
0.0
 40
0.0
 40
1.420019417888779
 40
1.420019417888779
 40
2.84003883577963
 40
2.84003883577963
 40
2.84003883577963
 10
-680.9584103160025
 20
230.5923327617792
 30
0.0
 41
1.0
 10
-681.0874285765274
 20
229.7419702107563
 30
0.0
 41
0.7576789601473661
 10
-681.9475213566507
 20
229.7435793441256
 30
0.0
 41
1.0
 10
-682.8076141367764
 20
229.7419702107557
 30
0.0
 41
0.7576789601463569
 10
-682.936632397299
 20
230.592332761781
 30
0.0
 41
1.0
  0
SPLINE
  5
2AB
330
1F
100
AcDbEntity
  8
Dibujo2D$visible$líneas
100
AcDbSpline
210
0.0
220
0.0
230
1.0
 70
    15
 71
     2
 72
    12
 73
     9
 74
     0
 42
0.000000001
 43
0.0000000001
 40
0.0
 40
0.0
 40
0.0
 40
1.567045171215758
 40
1.567045171215758
 40
3.134090342431712
 40
3.134090342431712
 40
4.701135513647374
 40
4.701135513647374
 40
6.268180684863298
 40
6.268180684863298
 40
6.268180684863298
 10
-682.9475213566507
 20
230.4458648944211
 30
0.0
 41
1.0
 10
-682.9451262901946
 20
231.4434698005524
 30
0.0
 41
0.707110837428515
 10
-681.9475213566507
 20
231.441086179436
 30
0.0
 41
1.0
 10
-680.9499164231067
 20
231.4434698005526
 30
0.0
 41
0.7071108374287165
 10
-680.9475213566504
 20
230.4458648944211
 30
0.0
 41
1.0
 10
-680.9499164231066
 20
229.44825998829
 30
0.0
 41
0.7071108374286761
 10
-681.9475213566507
 20
229.4506436094063
 30
0.0
 41
1.0
 10
-682.9451262901946
 20
229.4482599882896
 30
0.0
 41
0.7071108374284746
 10
-682.9475213566507
 20
230.4458648944211
 30
0.0
 41
1.0
  0
SPLINE
  5
2AC
330
1F
100
AcDbEntity
  8
Dibujo2D$visible$líneas
100
AcDbSpline
210
0.0
220
0.0
230
1.0
 70
    12
 71
     2
 72
     8
 73
     5
 74
     0
 42
0.000000001
 43
0.0000000001
 40
0.0
 40
0.0
 40
0.0
 40
1.420019417890468
 40
1.420019417890468
 40
2.840038835780892
 40
2.840038835780892
 40
2.840038835780892
 10
-693.5284103160025
 20
230.5923327617808
 30
0.0
 41
1.0
 10
-693.6574285765257
 20
229.7419702107557
 30
0.0
 41
0.7576789601465672
 10
-694.5175213566508
 20
229.7435793441256
 30
0.0
 41
1.0
 10
-695.3776141367756
 20
229.7419702107564
 30
0.0
 41
0.7576789601470767
 10
-695.5066323972994
 20
230.5923327617808
 30
0.0
 41
1.0
  0
SPLINE
  5
2AD
330
1F
100
AcDbEntity
  8
Dibujo2D$visible$líneas
100
AcDbSpline
210
0.0
220
0.0
230
1.0
 70
    15
 71
     2
 72
    12
 73
     9
 74
     0
 42
0.000000001
 43
0.0000000001
 40
0.0
 40
0.0
 40
0.0
 40
1.567045171215695
 40
1.567045171215695
 40
3.134090342431569
 40
3.134090342431569
 40
4.701135513647441
 40
4.701135513647441
 40
6.268180684863118
 40
6.268180684863118
 40
6.268180684863118
 10
-695.5175213566508
 20
230.4458648944211
 30
0.0
 41
1.0
 10
-695.5151262901944
 20
231.443469800552
 30
0.0
 41
0.7071108374289177
 10
-694.5175213566508
 20
231.4410861794362
 30
0.0
 41
1.0
 10
-693.5199164231068
 20
231.4434698005527
 30
0.0
 41
0.7071108374285552
 10
-693.5175213566508
 20
230.4458648944211
 30
0.0
 41
1.0
 10
-693.5199164231066
 20
229.4482599882896
 30
0.0
 41
0.7071108374284746
 10
-694.5175213566508
 20
229.450643609406
 30
0.0
 41
1.0
 10
-695.5151262901943
 20
229.4482599882899
 30
0.0
 41
0.7071108374288775
 10
-695.5175213566508
 20
230.4458648944211
 30
0.0
 41
1.0
  0
SPLINE
  5
2AE
330
1F
100
AcDbEntity
  8
Dibujo2D$visible$líneas
100
AcDbSpline
210
0.0
220
0.0
230
1.0
 70
    12
 71
     2
 72
     8
 73
     5
 74
     0
 42
0.000000001
 43
0.0000000001
 40
0.0
 40
0.0
 40
0.0
 40
1.420019417890853
 40
1.420019417890853
 40
2.840038835781605
 40
2.840038835781605
 40
2.840038835781605
 10
-693.5284103160022
 20
184.8121536510856
 30
0.0
 41
1.0
 10
-693.6574285765256
 20
183.9617911000608
 30
0.0
 41
0.7576789601467745
 10
-694.5175213566508
 20
183.96340023343
 30
0.0
 41
1.0
 10
-695.3776141367764
 20
183.9617911000606
 30
0.0
 41
0.7576789601466797
 10
-695.5066323972995
 20
184.8121536510854
 30
0.0
 41
1.0
  0
SPLINE
  5
2AF
330
1F
100
AcDbEntity
  8
Dibujo2D$visible$líneas
100
AcDbSpline
210
0.0
220
0.0
230
1.0
 70
    15
 71
     2
 72
    12
 73
     9
 74
     0
 42
0.000000001
 43
0.0000000001
 40
0.0
 40
0.0
 40
0.0
 40
1.567045171215704
 40
1.567045171215704
 40
3.134090342431464
 40
3.134090342431464
 40
4.701135513647061
 40
4.701135513647061
 40
6.268180684862559
 40
6.268180684862559
 40
6.268180684862559
 10
-695.5175213566508
 20
184.6656857837257
 30
0.0
 41
1.0
 10
-695.5151262901942
 20
185.6632906898568
 30
0.0
 41
0.7071108374289781
 10
-694.5175213566508
 20
185.6609070687408
 30
0.0
 41
1.0
 10
-693.5199164231066
 20
185.6632906898572
 30
0.0
 41
0.7071108374285955
 10
-693.5175213566508
 20
184.6656857837257
 30
0.0
 41
1.0
 10
-693.5199164231069
 20
183.6680808775945
 30
0.0
 41
0.7071108374286359
 10
-694.5175213566508
 20
183.6704644987109
 30
0.0
 41
1.0
 10
-695.5151262901944
 20
183.6680808775946
 30
0.0
 41
0.7071108374288774
 10
-695.5175213566506
 20
184.6656857837257
 30
0.0
 41
1.0
  0
SPLINE
  5
2B0
330
1F
100
AcDbEntity
  8
Dibujo2D$visible$líneas
100
AcDbSpline
210
0.0
220
0.0
230
1.0
 70
    12
 71
     2
 72
     8
 73
     5
 74
     0
 42
0.000000001
 43
0.0000000001
 40
0.0
 40
0.0
 40
0.0
 40
1.420019417891382
 40
1.420019417891382
 40
2.840038835782255
 40
2.840038835782255
 40
2.840038835782255
 10
-680.9584103160021
 20
184.8121536510863
 30
0.0
 41
1.0
 10
-681.0874285765248
 20
183.9617911000609
 30
0.0
 41
0.7576789601465541
 10
-681.9475213566507
 20
183.9634002334302
 30
0.0
 41
1.0
 10
-682.8076141367764
 20
183.9617911000607
 30
0.0
 41
0.7576789601466665
 10
-682.9366323972995
 20
184.8121536510854
 30
0.0
 41
1.0
  0
SPLINE
  5
2B1
330
1F
100
AcDbEntity
  8
Dibujo2D$visible$líneas
100
AcDbSpline
210
0.0
220
0.0
230
1.0
 70
    15
 71
     2
 72
    12
 73
     9
 74
     0
 42
0.000000001
 43
0.0000000001
 40
0.0
 40
0.0
 40
0.0
 40
1.567045171215872
 40
1.567045171215872
 40
3.134090342431794
 40
3.134090342431794
 40
4.701135513647682
 40
4.701135513647682
 40
6.268180684863442
 40
6.268180684863442
 40
6.268180684863442
 10
-682.9475213566507
 20
184.6656857837257
 30
0.0
 41
1.0
 10
-682.9451262901946
 20
185.6632906898574
 30
0.0
 41
0.7071108374284746
 10
-681.9475213566507
 20
185.6609070687408
 30
0.0
 41
1.0
 10
-680.9499164231066
 20
185.6632906898571
 30
0.0
 41
0.7071108374286964
 10
-680.9475213566504
 20
184.6656857837257
 30
0.0
 41
1.0
 10
-680.9499164231066
 20
183.6680808775942
 30
0.0
 41
0.7071108374285955
 10
-681.9475213566507
 20
183.6704644987107
 30
0.0
 41
1.0
 10
-682.9451262901947
 20
183.6680808775944
 30
0.0
 41
0.7071108374285955
 10
-682.9475213566507
 20
184.6656857837257
 30
0.0
 41
1.0
  0
LINE
  5
2B2
330
1F
100
AcDbEntity
  8
Dibujo2D$visible$líneas
100
AcDbLine
 10
-649.8596357828105
 20
263.1307374971083
 30
0.0
 11
-649.8596357828105
 21
262.8378017623887
 31
0.0
  0
LINE
  5
2B3
330
1F
100
AcDbEntity
  8
Dibujo2D$visible$líneas
100
AcDbLine
 10
-649.8596357828105
 20
250.9221921790889
 30
0.0
 11
-649.8596357828105
 21
262.8378017623887
 31
0.0
  0
LINE
  5
2B4
330
1F
100
AcDbEntity
  8
Dibujo2D$visible$líneas
100
AcDbLine
 10
-649.8596357828105
 20
263.1307374971083
 30
0.0
 11
-713.9429970348054
 21
263.1307374971083
 31
0.0
  0
LINE
  5
2B5
330
1F
100
AcDbEntity
  8
Dibujo2D$visible$líneas
100
AcDbLine
 10
-649.8596357828105
 20
262.8378017623887
 30
0.0
 11
-713.9429970348052
 21
262.8378017623887
 31
0.0
  0
LINE
  5
2B6
330
1F
100
AcDbEntity
  8
Dibujo2D$visible$líneas
100
AcDbLine
 10
-713.9429970348054
 20
137.283023583159
 30
0.0
 11
-649.8596357828105
 21
137.283023583159
 31
0.0
  0
LINE
  5
2B7
330
1F
100
AcDbEntity
  8
Dibujo2D$visible$líneas
100
AcDbLine
 10
-649.8596357828105
 20
137.283023583159
 30
0.0
 11
-649.8596357828105
 21
137.4995844862748
 31
0.0
  0
SPLINE
  5
2B8
330
1F
100
AcDbEntity
  8
Dibujo2D$visible$líneas
100
AcDbSpline
210
0.0
220
0.0
230
1.0
 70
    12
 71
     2
 72
     6
 73
     3
 74
     0
 42
0.000000001
 43
0.0000000001
 40
-10.00702804734579
 40
-10.00702804734579
 40
-10.00702804734579
 40
0.0663222671061633
 40
0.0663222671061633
 40
0.0663222671061633
 10
-655.2069706545313
 20
151.0912199703634
 30
0.0
 41
0.8682850065744747
 10
-660.3937099692349
 20
154.4350393386063
 30
0.0
 41
0.8087120833580685
 10
-660.5409518184474
 20
161.1143276747777
 30
0.0
 41
0.9900450583864053
  0
SPLINE
  5
2B9
330
1F
100
AcDbEntity
  8
Dibujo2D$visible$líneas
100
AcDbSpline
210
0.0
220
0.0
230
1.0
 70
    12
 71
     2
 72
     6
 73
     3
 74
     0
 42
0.000000001
 43
0.0000000001
 40
-9.553030176149388
 40
-9.553030176149388
 40
-9.553030176149388
 40
0.3379632679489362
 40
0.3379632679489362
 40
0.3379632679489362
 10
-655.6375672016187
 20
151.0912199703632
 30
0.0
 41
0.8634045342501038
 10
-660.5441792117841
 20
154.6090591023272
 30
0.0
 41
0.8155709395491229
 10
-660.544179211784
 20
161.1142427497585
 30
0.0
 41
1.0
  0
LINE
  5
2BA
330
1F
100
AcDbEntity
  8
Dibujo2D$visible$líneas
100
AcDbLine
 10
-660.544179211784
 20
161.1142948996522
 30
0.0
 11
-660.544179211784
 21
239.0065825957892
 31
0.0
  0
SPLINE
  5
2BB
330
1F
100
AcDbEntity
  8
Dibujo2D$visible$líneas
100
AcDbSpline
210
0.0
220
0.0
230
1.0
 70
    12
 71
     2
 72
     6
 73
     3
 74
     0
 42
0.000000001
 43
0.0000000001
 40
65.70796326794894
 40
65.70796326794894
 40
65.70796326794894
 40
81.41592653589794
 40
81.41592653589794
 40
81.41592653589794
 10
-660.544179211784
 20
239.0065825957892
 30
0.0
 41
1.0
 10
-660.544179211784
 20
250.9221881614461
 30
0.0
 41
0.7071069003958373
 10
-649.8596357828105
 20
250.9221921790889
 30
0.0
 41
1.0
  0
LINE
  5
2BC
330
1F
100
AcDbEntity
  8
Dibujo2D$visible$líneas
100
AcDbLine
 10
-698.0180725489159
 20
189.2237972548093
 30
0.0
 11
-698.2325213566508
 21
189.2237972548093
 31
0.0
  0
SPLINE
  5
2BD
330
1F
100
AcDbEntity
  8
Dibujo2D$visible$líneas
100
AcDbSpline
210
0.0
220
0.0
230
1.0
 70
    12
 71
     2
 72
     8
 73
     5
 74
     0
 42
0.000000001
 43
0.0000000001
 40
0.0
 40
0.0
 40
0.0
 40
1.269642656207398
 40
1.269642656207398
 40
2.539285312414736
 40
2.539285312414736
 40
2.539285312414736
 10
-680.9918212974328
 20
230.7388006295768
 30
0.0
 41
1.0
 10
-681.2108793417568
 20
230.0354827092083
 30
0.0
 41
0.8049953962701125
 10
-681.9475213566507
 20
230.0365150788454
 30
0.0
 41
1.0
 10
-682.6841633715447
 20
230.0354827092083
 30
0.0
 41
0.8049953962698624
 10
-682.9032214158681
 20
230.7388006295768
 30
0.0
 41
1.0
  0
SPLINE
  5
2BE
330
1F
100
AcDbEntity
  8
Dibujo2D$visible$líneas
100
AcDbSpline
210
0.0
220
0.0
230
1.0
 70
    12
 71
     2
 72
     8
 73
     5
 74
     0
 42
0.000000001
 43
0.0000000001
 40
0.0
 40
0.0
 40
0.0
 40
1.269642656207131
 40
1.269642656207131
 40
2.539285312414242
 40
2.539285312414242
 40
2.539285312414242
 10
-693.5618212974332
 20
230.7388006295765
 30
0.0
 41
1.0
 10
-693.780879341757
 20
230.0354827092085
 30
0.0
 41
0.8049953962701255
 10
-694.5175213566507
 20
230.0365150788451
 30
0.0
 41
1.0
 10
-695.2541633715442
 20
230.0354827092091
 30
0.0
 41
0.8049953962705718
 10
-695.4732214158684
 20
230.7388006295768
 30
0.0
 41
1.0
  0
SPLINE
  5
2BF
330
1F
100
AcDbEntity
  8
Dibujo2D$visible$líneas
100
AcDbSpline
210
0.0
220
0.0
230
1.0
 70
    12
 71
     2
 72
     8
 73
     5
 74
     0
 42
0.000000001
 43
0.0000000001
 40
0.0
 40
0.0
 40
0.0
 40
1.269642656207557
 40
1.269642656207557
 40
2.539285312414552
 40
2.539285312414552
 40
2.539285312414552
 10
-693.561821297433
 20
184.9586215188814
 30
0.0
 41
1.0
 10
-693.7808793417569
 20
184.2553035985132
 30
0.0
 41
0.8049953962701691
 10
-694.5175213566507
 20
184.2563359681498
 30
0.0
 41
1.0
 10
-695.2541633715443
 20
184.2553035985134
 30
0.0
 41
0.8049953962703494
 10
-695.4732214158681
 20
184.9586215188812
 30
0.0
 41
1.0
  0
SPLINE
  5
2C0
330
1F
100
AcDbEntity
  8
Dibujo2D$visible$líneas
100
AcDbSpline
210
0.0
220
0.0
230
1.0
 70
    12
 71
     2
 72
     8
 73
     5
 74
     0
 42
0.000000001
 43
0.0000000001
 40
0.0
 40
0.0
 40
0.0
 40
1.269642656206763
 40
1.269642656206763
 40
2.539285312413991
 40
2.539285312413991
 40
2.539285312413991
 10
-680.991821297433
 20
184.9586215188807
 30
0.0
 41
1.0
 10
-681.2108793417575
 20
184.2553035985134
 30
0.0
 41
0.8049953962706932
 10
-681.9475213566507
 20
184.2563359681498
 30
0.0
 41
1.0
 10
-682.6841633715446
 20
184.2553035985127
 30
0.0
 41
0.8049953962697666
 10
-682.9032214158678
 20
184.9586215188812
 30
0.0
 41
1.0
  0
LINE
  5
2C1
330
1F
100
AcDbEntity
  8
Dibujo2D$visible$líneas
100
AcDbLine
 10
91.55738749405236
 20
-84.32727516399689
 30
0.0
 11
283.2299929810401
 21
-84.32727516399689
 31
0.0
  0
LINE
  5
2C2
330
1F
100
AcDbEntity
  8
Dibujo2D$visible$líneas
100
AcDbLine
 10
296.8216284651273
 20
-84.32727516399689
 30
0.0
 11
486.1984162100716
 21
-84.32727516399689
 31
0.0
  0
LINE
  5
2C3
330
1F
100
AcDbEntity
  8
Dibujo2D$visible$líneas
100
AcDbLine
 10
499.7900516941586
 20
-84.32727516399689
 30
0.0
 11
689.1668394391031
 21
-84.32727516399689
 31
0.0
  0
LINE
  5
2C4
330
1F
100
AcDbEntity
  8
Dibujo2D$visible$líneas
100
AcDbLine
 10
702.758474923191
 20
-84.32727516399689
 30
0.0
 11
892.1352626681355
 21
-84.32727516399689
 31
0.0
  0
LINE
  5
2C5
330
1F
100
AcDbEntity
  8
Dibujo2D$visible$líneas
100
AcDbLine
 10
905.7268981522225
 20
-84.327275163997
 30
0.0
 11
1095.103685897167
 21
-84.32727516399689
 31
0.0
  0
LINE
  5
2C6
330
1F
100
AcDbEntity
  8
Dibujo2D$visible$líneas
100
AcDbLine
 10
1108.695321381254
 20
-84.32727516399689
 30
0.0
 11
1298.072109126198
 21
-84.32727516399689
 31
0.0
  0
LINE
  5
2C7
330
1F
100
AcDbEntity
  8
Dibujo2D$visible$líneas
100
AcDbLine
 10
1311.663744610286
 20
-84.32727516399689
 30
0.0
 11
1314.948977040327
 21
-84.32727516399689
 31
0.0
  0
LINE
  5
2C8
330
1F
100
AcDbEntity
  8
Dibujo2D$visible$líneas
100
AcDbLine
 10
91.55738749405236
 20
-44.32727516399689
 30
0.0
 11
283.2299929810397
 21
-44.32727516399689
 31
0.0
  0
LINE
  5
2C9
330
1F
100
AcDbEntity
  8
Dibujo2D$visible$líneas
100
AcDbLine
 10
296.8216284651267
 20
-44.32727516399689
 30
0.0
 11
486.1984162100716
 21
-44.32727516399689
 31
0.0
  0
LINE
  5
2CA
330
1F
100
AcDbEntity
  8
Dibujo2D$visible$líneas
100
AcDbLine
 10
499.7900516941586
 20
-44.32727516399689
 30
0.0
 11
689.1668394391036
 21
-44.32727516399689
 31
0.0
  0
LINE
  5
2CB
330
1F
100
AcDbEntity
  8
Dibujo2D$visible$líneas
100
AcDbLine
 10
702.7584749231901
 20
-44.32727516399689
 30
0.0
 11
892.135262668135
 21
-44.32727516399689
 31
0.0
  0
LINE
  5
2CC
330
1F
100
AcDbEntity
  8
Dibujo2D$visible$líneas
100
AcDbLine
 10
905.726898152222
 20
-44.32727516399689
 30
0.0
 11
1095.103685897167
 21
-44.32727516399689
 31
0.0
  0
LINE
  5
2CD
330
1F
100
AcDbEntity
  8
Dibujo2D$visible$líneas
100
AcDbLine
 10
1108.695321381254
 20
-44.32727516399689
 30
0.0
 11
1298.072109126199
 21
-44.32727516399689
 31
0.0
  0
LINE
  5
2CE
330
1F
100
AcDbEntity
  8
Dibujo2D$visible$líneas
100
AcDbLine
 10
1311.663744610285
 20
-44.32727516399689
 30
0.0
 11
1314.948977040327
 21
-44.32727516399689
 31
0.0
  0
LINE
  5
2CF
330
1F
100
AcDbEntity
  8
Dibujo2D$visible$líneas
100
AcDbLine
 10
89.10066336182604
 20
-101.024690971028
 30
0.0
 11
91.55738749405236
 21
-101.024690971028
 31
0.0
  0
LINE
  5
2D0
330
1F
100
AcDbEntity
  8
Dibujo2D$visible$líneas
100
AcDbLine
 10
89.1006633618274
 20
86.11159463677029
 30
0.0
 11
91.55738749405236
 21
86.11159463677029
 31
0.0
  0
LINE
  5
2D1
330
1F
100
AcDbEntity
  8
Dibujo2D$visible$líneas
100
AcDbLine
 10
1509.875095419887
 20
-284.5125995399993
 30
0.0
 11
-12.38807879785008
 21
-284.5125995399993
 31
0.0
  0
LINE
  5
2D2
330
1F
100
AcDbEntity
  8
Dibujo2D$visible$líneas
100
AcDbLine
 10
-12.38807879785168
 20
-284.5125995399993
 30
0.0
 11
-1534.649484476797
 21
-284.5125995399993
 31
0.0
  0
LINE
  5
2D3
330
1F
100
AcDbEntity
  8
Dibujo2D$visible$líneas
100
AcDbLine
 10
-113.8768209575283
 20
86.11159463677029
 30
0.0
 11
-116.3335450897541
 21
86.11159463677029
 31
0.0
  0
LINE
  5
2D4
330
1F
100
AcDbEntity
  8
Dibujo2D$visible$líneas
100
AcDbLine
 10
-113.8768209575278
 20
-101.024690971028
 30
0.0
 11
-116.3335450897541
 21
-101.024690971028
 31
0.0
  0
LINE
  5
2D5
330
1F
100
AcDbEntity
  8
Dibujo2D$visible$líneas
100
AcDbLine
 10
-116.3335450897539
 20
-44.32727516399689
 30
0.0
 11
-308.0061505767417
 21
-44.32727516399689
 31
0.0
  0
LINE
  5
2D6
330
1F
100
AcDbEntity
  8
Dibujo2D$visible$líneas
100
AcDbLine
 10
-321.5977860608289
 20
-44.32727516399689
 30
0.0
 11
-510.9745738057736
 21
-44.32727516399689
 31
0.0
  0
LINE
  5
2D7
330
1F
100
AcDbEntity
  8
Dibujo2D$visible$líneas
100
AcDbLine
 10
-524.5662092898608
 20
-44.32727516399689
 30
0.0
 11
-713.9429970348053
 21
-44.32727516399689
 31
0.0
  0
LINE
  5
2D8
330
1F
100
AcDbEntity
  8
Dibujo2D$visible$líneas
100
AcDbLine
 10
-727.5346325188922
 20
-44.32727516399689
 30
0.0
 11
-916.9114202638368
 21
-44.32727516399689
 31
0.0
  0
LINE
  5
2D9
330
1F
100
AcDbEntity
  8
Dibujo2D$visible$líneas
100
AcDbLine
 10
-930.503055747924
 20
-44.32727516399689
 30
0.0
 11
-1119.879843492869
 21
-44.32727516399689
 31
0.0
  0
LINE
  5
2DA
330
1F
100
AcDbEntity
  8
Dibujo2D$visible$líneas
100
AcDbLine
 10
-1133.471478976955
 20
-44.32727516399689
 30
0.0
 11
-1322.8482667219
 21
-44.32727516399689
 31
0.0
  0
LINE
  5
2DB
330
1F
100
AcDbEntity
  8
Dibujo2D$visible$líneas
100
AcDbLine
 10
-1336.439902205987
 20
-44.32727516399689
 30
0.0
 11
-1339.725134636029
 21
-44.32727516399689
 31
0.0
  0
LINE
  5
2DC
330
1F
100
AcDbEntity
  8
Dibujo2D$visible$líneas
100
AcDbLine
 10
-116.3335450897541
 20
-84.32727516399689
 30
0.0
 11
-308.0061505767419
 21
-84.32727516399689
 31
0.0
  0
LINE
  5
2DD
330
1F
100
AcDbEntity
  8
Dibujo2D$visible$líneas
100
AcDbLine
 10
-321.5977860608286
 20
-84.32727516399689
 30
0.0
 11
-510.9745738057736
 21
-84.32727516399689
 31
0.0
  0
LINE
  5
2DE
330
1F
100
AcDbEntity
  8
Dibujo2D$visible$líneas
100
AcDbLine
 10
-524.5662092898606
 20
-84.32727516399689
 30
0.0
 11
-713.9429970348054
 21
-84.32727516399689
 31
0.0
  0
LINE
  5
2DF
330
1F
100
AcDbEntity
  8
Dibujo2D$visible$líneas
100
AcDbLine
 10
-727.5346325188923
 20
-84.32727516399689
 30
0.0
 11
-916.9114202638368
 21
-84.32727516399689
 31
0.0
  0
LINE
  5
2E0
330
1F
100
AcDbEntity
  8
Dibujo2D$visible$líneas
100
AcDbLine
 10
-930.5030557479241
 20
-84.32727516399689
 30
0.0
 11
-1119.879843492868
 21
-84.32727516399689
 31
0.0
  0
LINE
  5
2E1
330
1F
100
AcDbEntity
  8
Dibujo2D$visible$líneas
100
AcDbLine
 10
-1133.471478976955
 20
-84.32727516399689
 30
0.0
 11
-1322.8482667219
 21
-84.32727516399689
 31
0.0
  0
LINE
  5
2E2
330
1F
100
AcDbEntity
  8
Dibujo2D$visible$líneas
100
AcDbLine
 10
-1336.439902205987
 20
-84.32727516399689
 30
0.0
 11
-1339.725134636029
 21
-84.32727516399689
 31
0.0
  0
ENDSEC
  0
SECTION
  2
OBJECTS
  0
DICTIONARY
  5
C
330
0
100
AcDbDictionary
281
     1
  3
ACAD_DETAILVIEWSTYLE
350
31E
  3
ACAD_GROUP
350
D
  3
ACAD_LAYOUT
350
1A
  3
ACAD_MATERIAL
350
43
  3
ACAD_MLEADERSTYLE
350
31D
  3
ACAD_MLINESTYLE
350
17
  3
ACAD_PLOTSETTINGS
350
19
  3
ACAD_PLOTSTYLENAME
350
E
  3
ACAD_SCALELIST
350
47
  3
ACAD_SECTIONVIEWSTYLE
350
31F
  3
ACAD_TABLESTYLE
350
31C
  3
ACAD_VISUALSTYLE
350
2A
  3
AcDbVariableDictionary
350
2E3
  0
DICTIONARY
  5
31E
102
{ACAD_REACTORS
330
C
102
}
330
C
100
AcDbDictionary
281
     1
  0
DICTIONARY
  5
D
102
{ACAD_REACTORS
330
C
102
}
330
C
100
AcDbDictionary
281
     1
  0
DICTIONARY
  5
1A
102
{ACAD_REACTORS
330
C
102
}
330
C
100
AcDbDictionary
281
     1
  3
Layout1
350
1E
  3
Layout2
350
26
  3
Model
350
22
  0
DICTIONARY
  5
43
102
{ACAD_REACTORS
330
C
102
}
330
C
100
AcDbDictionary
281
     1
  3
ByBlock
350
45
  3
ByLayer
350
44
  3
Global
350
46
  0
DICTIONARY
  5
31D
102
{ACAD_REACTORS
330
C
102
}
330
C
100
AcDbDictionary
281
     1
  0
DICTIONARY
  5
17
102
{ACAD_REACTORS
330
C
102
}
330
C
100
AcDbDictionary
281
     1
  3
Standard
350
18
  0
DICTIONARY
  5
19
102
{ACAD_REACTORS
330
C
102
}
330
C
100
AcDbDictionary
281
     1
  0
ACDBDICTIONARYWDFLT
  5
E
102
{ACAD_REACTORS
330
C
102
}
330
C
100
AcDbDictionary
281
     1
  3
Normal
350
F
100
AcDbDictionaryWithDefault
340
F
  0
DICTIONARY
  5
47
102
{ACAD_REACTORS
330
C
102
}
330
C
100
AcDbDictionary
281
     1
  3
A0
350
48
  3
A1
350
49
  3
A2
350
4A
  3
A3
350
4B
  3
A4
350
4C
  3
A5
350
4D
  3
A6
350
4E
  3
A7
350
4F
  3
A8
350
50
  3
A9
350
51
  3
B0
350
52
  3
B1
350
53
  3
B2
350
54
  3
B3
350
55
  3
B4
350
56
  3
B5
350
57
  3
B6
350
58
  3
B7
350
59
  3
B8
350
5A
  3
B9
350
5B
  3
C0
350
5C
  3
C1
350
5D
  3
C2
350
5E
  3
C3
350
5F
  3
C4
350
60
  3
C5
350
61
  3
C6
350
62
  3
C7
350
63
  3
C8
350
64
  3
C9
350
65
  3
D0
350
66
  3
D1
350
67
  3
D2
350
68
  0
DICTIONARY
  5
31F
102
{ACAD_REACTORS
330
C
102
}
330
C
100
AcDbDictionary
281
     1
  0
DICTIONARY
  5
31C
102
{ACAD_REACTORS
330
C
102
}
330
C
100
AcDbDictionary
281
     1
  0
DICTIONARY
  5
2A
102
{ACAD_REACTORS
330
C
102
}
330
C
100
AcDbDictionary
281
     1
  3
2dWireframe
350
2F
  3
Basic
350
32
  3
Brighten
350
36
  3
ColorChange
350
3A
  3
Conceptual
350
34
  3
Dim
350
35
  3
EdgeColorOff
350
3D
  3
Facepattern
350
39
  3
Flat
350
2B
  3
FlatWithEdges
350
2C
  3
Gouraud
350
2D
  3
GouraudWithEdges
350
2E
  3
Hidden
350
31
  3
JitterOff
350
3B
  3
Linepattern
350
38
  3
OverhangOff
350
3C
  3
Realistic
350
33
  3
Shaded
350
42
  3
Shaded with edges
350
41
  3
Shades of Gray
350
3E
  3
Sketchy
350
3F
  3
Thicken
350
37
  3
Wireframe
350
30
  3
X-Ray
350
40
  0
DICTIONARY
  5
2E3
102
{ACAD_REACTORS
330
C
102
}
330
C
100
AcDbDictionary
281
     1
  3
CANNOSCALE
350
2E4
  3
MSLTSCALE
350
2E5
  0
LAYOUT
  5
1E
102
{ACAD_REACTORS
330
1A
102
}
330
1A
100
AcDbPlotSettings
  1

  2
none_device
  4

  6

 40
0.0
 41
0.0
 42
0.0
 43
0.0
 44
0.0
 45
0.0
 46
0.0
 47
0.0
 48
0.0
 49
0.0
140
0.0
141
0.0
142
1.0
143
1.0
 70
   688
 72
     0
 73
     0
 74
     5
  7

 75
    16
 76
     0
 77
     2
 78
   300
147
1.0
148
0.0
149
0.0
100
AcDbLayout
  1
Layout1
 70
     1
 71
     1
 10
0.0
 20
0.0
 11
12.0
 21
9.0
 12
0.0
 22
0.0
 32
0.0
 14
1.000000000000000E+20
 24
1.000000000000000E+20
 34
1.000000000000000E+20
 15
-1.000000000000000E+20
 25
-1.000000000000000E+20
 35
-1.000000000000000E+20
146
0.0
 13
0.0
 23
0.0
 33
0.0
 16
1.0
 26
0.0
 36
0.0
 17
0.0
 27
1.0
 37
0.0
 76
     0
330
1B
  0
LAYOUT
  5
26
102
{ACAD_REACTORS
330
1A
102
}
330
1A
100
AcDbPlotSettings
  1

  2
none_device
  4

  6

 40
0.0
 41
0.0
 42
0.0
 43
0.0
 44
0.0
 45
0.0
 46
0.0
 47
0.0
 48
0.0
 49
0.0
140
0.0
141
0.0
142
1.0
143
1.0
 70
   688
 72
     0
 73
     0
 74
     5
  7

 75
    16
 76
     0
 77
     2
 78
   300
147
1.0
148
0.0
149
0.0
100
AcDbLayout
  1
Layout2
 70
     1
 71
     2
 10
0.0
 20
0.0
 11
0.0
 21
0.0
 12
0.0
 22
0.0
 32
0.0
 14
0.0
 24
0.0
 34
0.0
 15
0.0
 25
0.0
 35
0.0
146
0.0
 13
0.0
 23
0.0
 33
0.0
 16
1.0
 26
0.0
 36
0.0
 17
0.0
 27
1.0
 37
0.0
 76
     0
330
23
  0
LAYOUT
  5
22
102
{ACAD_REACTORS
330
1A
102
}
330
1A
100
AcDbPlotSettings
  1

  2
none_device
  4
Letter_(8.50_x_11.00_Inches)
  6

 40
6.35
 41
6.35
 42
6.35000508
 43
6.35000508
 44
215.9
 45
279.4
 46
0.0
 47
0.0
 48
0.0
 49
0.0
140
0.0
141
0.0
142
1.0
143
1.0
 70
  1712
 72
     0
 73
     0
 74
     0
  7

 75
     0
 76
     0
 77
     2
 78
   300
147
1.0
148
0.0
149
0.0
100
AcDbLayout
  1
Model
 70
     1
 71
     0
 10
0.0
 20
0.0
 11
12.0
 21
9.0
 12
0.0
 22
0.0
 32
0.0
 14
-1717.975775217889
 24
-284.5125995399993
 34
0.0
 15
1693.199617622187
 25
449.931465472236
 35
0.0
146
0.0
 13
0.0
 23
0.0
 33
0.0
 16
1.0
 26
0.0
 36
0.0
 17
0.0
 27
1.0
 37
0.0
 76
     0
330
1F
331
29
  0
MATERIAL
  5
45
102
{ACAD_REACTORS
330
43
102
}
102
{ACAD_XDICTIONARY
360
318
102
}
330
43
100
AcDbMaterial
  1
ByBlock
  0
MATERIAL
  5
44
102
{ACAD_REACTORS
330
43
102
}
102
{ACAD_XDICTIONARY
360
316
102
}
330
43
100
AcDbMaterial
  1
ByLayer
  0
MATERIAL
  5
46
102
{ACAD_REACTORS
330
43
102
}
102
{ACAD_XDICTIONARY
360
31A
102
}
330
43
100
AcDbMaterial
  1
Global
  0
MLINESTYLE
  5
18
102
{ACAD_REACTORS
330
17
102
}
330
17
100
AcDbMlineStyle
  2
Standard
 70
     0
  3

 62
   256
 51
90.0
 52
90.0
 71
     2
 49
0.5
 62
   256
  6
BYLAYER
 49
-0.5
 62
   256
  6
BYLAYER
  0
ACDBPLACEHOLDER
  5
F
102
{ACAD_REACTORS
330
E
102
}
330
E
  0
SCALE
  5
48
102
{ACAD_REACTORS
330
47
102
}
330
47
100
AcDbScale
 70
     0
300
1:1
140
1.0
141
1.0
290
     1
  0
SCALE
  5
49
102
{ACAD_REACTORS
330
47
102
}
330
47
100
AcDbScale
 70
     0
300
1:2
140
1.0
141
2.0
290
     0
  0
SCALE
  5
4A
102
{ACAD_REACTORS
330
47
102
}
330
47
100
AcDbScale
 70
     0
300
1:4
140
1.0
141
4.0
290
     0
  0
SCALE
  5
4B
102
{ACAD_REACTORS
330
47
102
}
330
47
100
AcDbScale
 70
     0
300
1:5
140
1.0
141
5.0
290
     0
  0
SCALE
  5
4C
102
{ACAD_REACTORS
330
47
102
}
330
47
100
AcDbScale
 70
     0
300
1:8
140
1.0
141
8.0
290
     0
  0
SCALE
  5
4D
102
{ACAD_REACTORS
330
47
102
}
330
47
100
AcDbScale
 70
     0
300
1:10
140
1.0
141
10.0
290
     0
  0
SCALE
  5
4E
102
{ACAD_REACTORS
330
47
102
}
330
47
100
AcDbScale
 70
     0
300
1:16
140
1.0
141
16.0
290
     0
  0
SCALE
  5
4F
102
{ACAD_REACTORS
330
47
102
}
330
47
100
AcDbScale
 70
     0
300
1:20
140
1.0
141
20.0
290
     0
  0
SCALE
  5
50
102
{ACAD_REACTORS
330
47
102
}
330
47
100
AcDbScale
 70
     0
300
1:30
140
1.0
141
30.0
290
     0
  0
SCALE
  5
51
102
{ACAD_REACTORS
330
47
102
}
330
47
100
AcDbScale
 70
     0
300
1:40
140
1.0
141
40.0
290
     0
  0
SCALE
  5
52
102
{ACAD_REACTORS
330
47
102
}
330
47
100
AcDbScale
 70
     0
300
1:50
140
1.0
141
50.0
290
     0
  0
SCALE
  5
53
102
{ACAD_REACTORS
330
47
102
}
330
47
100
AcDbScale
 70
     0
300
1:100
140
1.0
141
100.0
290
     0
  0
SCALE
  5
54
102
{ACAD_REACTORS
330
47
102
}
330
47
100
AcDbScale
 70
     0
300
2:1
140
2.0
141
1.0
290
     0
  0
SCALE
  5
55
102
{ACAD_REACTORS
330
47
102
}
330
47
100
AcDbScale
 70
     0
300
4:1
140
4.0
141
1.0
290
     0
  0
SCALE
  5
56
102
{ACAD_REACTORS
330
47
102
}
330
47
100
AcDbScale
 70
     0
300
8:1
140
8.0
141
1.0
290
     0
  0
SCALE
  5
57
102
{ACAD_REACTORS
330
47
102
}
330
47
100
AcDbScale
 70
     0
300
10:1
140
10.0
141
1.0
290
     0
  0
SCALE
  5
58
102
{ACAD_REACTORS
330
47
102
}
330
47
100
AcDbScale
 70
     0
300
100:1
140
100.0
141
1.0
290
     0
  0
SCALE
  5
59
102
{ACAD_REACTORS
330
47
102
}
330
47
100
AcDbScale
 70
     0
300
1/128" = 1'-0"
140
0.0078125
141
12.0
290
     0
  0
SCALE
  5
5A
102
{ACAD_REACTORS
330
47
102
}
330
47
100
AcDbScale
 70
     0
300
1/64" = 1'-0"
140
0.015625
141
12.0
290
     0
  0
SCALE
  5
5B
102
{ACAD_REACTORS
330
47
102
}
330
47
100
AcDbScale
 70
     0
300
1/32" = 1'-0"
140
0.03125
141
12.0
290
     0
  0
SCALE
  5
5C
102
{ACAD_REACTORS
330
47
102
}
330
47
100
AcDbScale
 70
     0
300
1/16" = 1'-0"
140
0.0625
141
12.0
290
     0
  0
SCALE
  5
5D
102
{ACAD_REACTORS
330
47
102
}
330
47
100
AcDbScale
 70
     0
300
3/32" = 1'-0"
140
0.09375
141
12.0
290
     0
  0
SCALE
  5
5E
102
{ACAD_REACTORS
330
47
102
}
330
47
100
AcDbScale
 70
     0
300
1/8" = 1'-0"
140
0.125
141
12.0
290
     0
  0
SCALE
  5
5F
102
{ACAD_REACTORS
330
47
102
}
330
47
100
AcDbScale
 70
     0
300
3/16" = 1'-0"
140
0.1875
141
12.0
290
     0
  0
SCALE
  5
60
102
{ACAD_REACTORS
330
47
102
}
330
47
100
AcDbScale
 70
     0
300
1/4" = 1'-0"
140
0.25
141
12.0
290
     0
  0
SCALE
  5
61
102
{ACAD_REACTORS
330
47
102
}
330
47
100
AcDbScale
 70
     0
300
3/8" = 1'-0"
140
0.375
141
12.0
290
     0
  0
SCALE
  5
62
102
{ACAD_REACTORS
330
47
102
}
330
47
100
AcDbScale
 70
     0
300
1/2" = 1'-0"
140
0.5
141
12.0
290
     0
  0
SCALE
  5
63
102
{ACAD_REACTORS
330
47
102
}
330
47
100
AcDbScale
 70
     0
300
3/4" = 1'-0"
140
0.75
141
12.0
290
     0
  0
SCALE
  5
64
102
{ACAD_REACTORS
330
47
102
}
330
47
100
AcDbScale
 70
     0
300
1" = 1'-0"
140
1.0
141
12.0
290
     0
  0
SCALE
  5
65
102
{ACAD_REACTORS
330
47
102
}
330
47
100
AcDbScale
 70
     0
300
1-1/2" = 1'-0"
140
1.5
141
12.0
290
     0
  0
SCALE
  5
66
102
{ACAD_REACTORS
330
47
102
}
330
47
100
AcDbScale
 70
     0
300
3" = 1'-0"
140
3.0
141
12.0
290
     0
  0
SCALE
  5
67
102
{ACAD_REACTORS
330
47
102
}
330
47
100
AcDbScale
 70
     0
300
6" = 1'-0"
140
6.0
141
12.0
290
     0
  0
SCALE
  5
68
102
{ACAD_REACTORS
330
47
102
}
330
47
100
AcDbScale
 70
     0
300
1'-0" = 1'-0"
140
12.0
141
12.0
290
     0
  0
VISUALSTYLE
  5
2F
102
{ACAD_REACTORS
330
2A
102
}
102
{ACAD_XDICTIONARY
360
2EE
102
}
330
2A
100
AcDbVisualStyle
  2
2dWireframe
 70
     4
 71
     0
 72
     2
 73
     0
 90
        0
 40
0.6
 41
30.0
 62
     5
 63
     7
421
 16777215
 74
     1
 91
        4
 64
     7
 65
   257
 75
     1
175
     1
 42
1.0
 92
        0
 66
   257
 43
1.0
 76
     1
 77
     6
 78
     2
 67
     7
 79
     5
170
     0
171
     0
290
     0
174
     0
 93
        1
 44
0.0
173
     0
291
     0
 45
0.0
1001
ACAD
1000
AcDbSavedByObjectVersion
1070
     0
  0
VISUALSTYLE
  5
32
102
{ACAD_REACTORS
330
2A
102
}
102
{ACAD_XDICTIONARY
360
2F4
102
}
330
2A
100
AcDbVisualStyle
  2
Basic
 70
     7
 71
     1
 72
     0
 73
     1
 90
        0
 40
0.6
 41
30.0
 62
     5
 63
     7
421
 16777215
 74
     0
 91
        4
 64
     7
 65
   257
 75
     1
175
     1
 42
1.0
 92
        8
 66
     7
 43
1.0
 76
     1
 77
     6
 78
     2
 67
     7
 79
     5
170
     0
171
     0
290
     0
174
     0
 93
        1
 44
0.0
173
     0
291
     1
 45
0.0
1001
ACAD
1000
AcDbSavedByObjectVersion
1070
     0
  0
VISUALSTYLE
  5
36
102
{ACAD_REACTORS
330
2A
102
}
102
{ACAD_XDICTIONARY
360
2FC
102
}
330
2A
100
AcDbVisualStyle
  2
Brighten
 70
    12
 71
     2
 72
     2
 73
     0
 90
        0
 40
0.6
 41
30.0
 62
     5
 63
     7
421
 16777215
 74
     1
 91
        4
 64
     7
 65
   257
 75
     1
175
     1
 42
1.0
 92
        8
 66
     7
 43
1.0
 76
     1
 77
     6
 78
     2
 67
     7
 79
     5
170
     0
171
     0
290
     0
174
     0
 93
        1
 44
50.0
173
     0
291
     1
 45
0.0
1001
ACAD
1000
AcDbSavedByObjectVersion
1070
     0
  0
VISUALSTYLE
  5
3A
102
{ACAD_REACTORS
330
2A
102
}
102
{ACAD_XDICTIONARY
360
304
102
}
330
2A
100
AcDbVisualStyle
  2
ColorChange
 70
    16
 71
     2
 72
     2
 73
     3
 90
        0
 40
0.6
 41
30.0
 62
     5
 63
     8
421
  8421504
 74
     1
 91
        4
 64
     7
 65
   257
 75
     1
175
     1
 42
1.0
 92
        8
 66
     8
424
  8421504
 43
1.0
 76
     1
 77
     6
 78
     2
 67
     7
 79
     5
170
     0
171
     0
290
     0
174
     0
 93
        1
 44
0.0
173
     0
291
     1
 45
0.0
1001
ACAD
1000
AcDbSavedByObjectVersion
1070
     0
  0
VISUALSTYLE
  5
34
102
{ACAD_REACTORS
330
2A
102
}
102
{ACAD_XDICTIONARY
360
2F8
102
}
330
2A
100
AcDbVisualStyle
  2
Conceptual
 70
     9
 71
     3
 72
     2
 73
     0
 90
        0
 40
0.6
 41
30.0
 62
     5
 63
     7
421
 16777215
 74
     2
 91
        2
 64
     7
 65
   257
 75
     1
175
     1
 42
179.0
 92
        8
 66
     7
 43
1.0
 76
     1
 77
     6
 78
     2
 67
     7
 79
     3
170
     0
171
     0
290
     0
174
     0
 93
        1
 44
0.0
173
     0
291
     0
 45
0.0
1001
ACAD
1000
AcDbSavedByObjectVersion
1070
     0
  0
VISUALSTYLE
  5
35
102
{ACAD_REACTORS
330
2A
102
}
102
{ACAD_XDICTIONARY
360
2FA
102
}
330
2A
100
AcDbVisualStyle
  2
Dim
 70
    11
 71
     2
 72
     2
 73
     0
 90
        0
 40
0.6
 41
30.0
 62
     5
 63
     7
421
 16777215
 74
     1
 91
        4
 64
     7
 65
   257
 75
     1
175
     1
 42
1.0
 92
        8
 66
     7
 43
1.0
 76
     1
 77
     6
 78
     2
 67
     7
 79
     5
170
     0
171
     0
290
     0
174
     0
 93
        1
 44
-50.0
173
     0
291
     1
 45
0.0
1001
ACAD
1000
AcDbSavedByObjectVersion
1070
     0
  0
VISUALSTYLE
  5
3D
102
{ACAD_REACTORS
330
2A
102
}
102
{ACAD_XDICTIONARY
360
30A
102
}
330
2A
100
AcDbVisualStyle
  2
EdgeColorOff
 70
    22
 71
     2
 72
     2
 73
     0
 90
        0
 40
0.6
 41
30.0
 62
     5
 63
     7
421
 16777215
 74
     1
 91
        4
 64
     7
 65
   257
 75
     1
175
     1
 42
1.0
 92
        8
 66
     7
 43
1.0
 76
     1
 77
     6
 78
     2
 67
     7
 79
     5
170
     0
171
     0
290
     0
174
     0
 93
        1
 44
0.0
173
     0
291
     1
 45
0.0
1001
ACAD
1000
AcDbSavedByObjectVersion
1070
     0
  0
VISUALSTYLE
  5
39
102
{ACAD_REACTORS
330
2A
102
}
102
{ACAD_XDICTIONARY
360
302
102
}
330
2A
100
AcDbVisualStyle
  2
Facepattern
 70
    15
 71
     2
 72
     2
 73
     0
 90
        0
 40
0.6
 41
30.0
 62
     5
 63
     7
421
 16777215
 74
     1
 91
        4
 64
     7
 65
   257
 75
     1
175
     1
 42
1.0
 92
        8
 66
     7
 43
1.0
 76
     1
 77
     6
 78
     2
 67
     7
 79
     5
170
     0
171
     0
290
     0
174
     0
 93
        1
 44
0.0
173
     0
291
     1
 45
0.0
1001
ACAD
1000
AcDbSavedByObjectVersion
1070
     0
  0
VISUALSTYLE
  5
2B
102
{ACAD_REACTORS
330
2A
102
}
102
{ACAD_XDICTIONARY
360
2E6
102
}
330
2A
100
AcDbVisualStyle
  2
Flat
 70
     0
 71
     2
 72
     1
 73
     1
 90
        2
 40
0.6
 41
30.0
 62
     5
 63
     7
421
 16777215
 74
     0
 91
        0
 64
     7
 65
   257
 75
     1
175
     1
 42
1.0
 92
        8
 66
     7
 43
1.0
 76
     1
 77
     6
 78
     2
 67
     7
 79
     5
170
     0
171
     0
290
     0
174
     0
 93
       13
 44
0.0
173
     0
291
     1
 45
0.0
1001
ACAD
1000
AcDbSavedByObjectVersion
1070
     0
  0
VISUALSTYLE
  5
2C
102
{ACAD_REACTORS
330
2A
102
}
102
{ACAD_XDICTIONARY
360
2E8
102
}
330
2A
100
AcDbVisualStyle
  2
FlatWithEdges
 70
     1
 71
     2
 72
     1
 73
     1
 90
        2
 40
0.6
 41
30.0
 62
     5
 63
     7
421
 16777215
 74
     1
 91
        0
 64
     7
 65
   257
 75
     1
175
     1
 42
1.0
 92
        0
 66
   257
 43
1.0
 76
     1
 77
     6
 78
     2
 67
     7
 79
     5
170
     0
171
     0
290
     0
174
     0
 93
       13
 44
0.0
173
     0
291
     1
 45
0.0
1001
ACAD
1000
AcDbSavedByObjectVersion
1070
     0
  0
VISUALSTYLE
  5
2D
102
{ACAD_REACTORS
330
2A
102
}
102
{ACAD_XDICTIONARY
360
2EA
102
}
330
2A
100
AcDbVisualStyle
  2
Gouraud
 70
     2
 71
     2
 72
     2
 73
     1
 90
        2
 40
0.6
 41
30.0
 62
     5
 63
     7
421
 16777215
 74
     0
 91
        0
 64
     7
 65
   257
 75
     1
175
     1
 42
1.0
 92
        0
 66
     7
 43
1.0
 76
     1
 77
     6
 78
     2
 67
     7
 79
     5
170
     0
171
     0
290
     0
174
     0
 93
       13
 44
0.0
173
     0
291
     1
 45
0.0
1001
ACAD
1000
AcDbSavedByObjectVersion
1070
     0
  0
VISUALSTYLE
  5
2E
102
{ACAD_REACTORS
330
2A
102
}
102
{ACAD_XDICTIONARY
360
2EC
102
}
330
2A
100
AcDbVisualStyle
  2
GouraudWithEdges
 70
     3
 71
     2
 72
     2
 73
     1
 90
        2
 40
0.6
 41
30.0
 62
     5
 63
     7
421
 16777215
 74
     1
 91
        0
 64
     7
 65
   257
 75
     1
175
     1
 42
1.0
 92
        0
 66
   257
 43
1.0
 76
     1
 77
     6
 78
     2
 67
     7
 79
     5
170
     0
171
     0
290
     0
174
     0
 93
       13
 44
0.0
173
     0
291
     1
 45
0.0
1001
ACAD
1000
AcDbSavedByObjectVersion
1070
     0
  0
VISUALSTYLE
  5
31
102
{ACAD_REACTORS
330
2A
102
}
102
{ACAD_XDICTIONARY
360
2F2
102
}
330
2A
100
AcDbVisualStyle
  2
Hidden
 70
     6
 71
     1
 72
     2
 73
     2
 90
        0
 40
0.6
 41
30.0
 62
     5
 63
     7
421
 16777215
 74
     2
 91
        2
 64
     7
 65
   257
 75
     2
175
     1
 42
40.0
 92
        0
 66
   257
 43
1.0
 76
     1
 77
     6
 78
     2
 67
     7
 79
     3
170
     0
171
     0
290
     0
174
     0
 93
        1
 44
0.0
173
     0
291
     0
 45
0.0
1001
ACAD
1000
AcDbSavedByObjectVersion
1070
     0
  0
VISUALSTYLE
  5
3B
102
{ACAD_REACTORS
330
2A
102
}
102
{ACAD_XDICTIONARY
360
306
102
}
330
2A
100
AcDbVisualStyle
  2
JitterOff
 70
    20
 71
     2
 72
     2
 73
     0
 90
        0
 40
0.6
 41
30.0
 62
     5
 63
     7
421
 16777215
 74
     1
 91
        4
 64
     7
 65
   257
 75
     1
175
     1
 42
1.0
 92
       10
 66
     7
 43
1.0
 76
     1
 77
     6
 78
     2
 67
     7
 79
     5
170
     0
171
     0
290
     0
174
     0
 93
        1
 44
0.0
173
     0
291
     1
 45
0.0
1001
ACAD
1000
AcDbSavedByObjectVersion
1070
     0
  0
VISUALSTYLE
  5
38
102
{ACAD_REACTORS
330
2A
102
}
102
{ACAD_XDICTIONARY
360
300
102
}
330
2A
100
AcDbVisualStyle
  2
Linepattern
 70
    14
 71
     2
 72
     2
 73
     0
 90
        0
 40
0.6
 41
30.0
 62
     5
 63
     7
421
 16777215
 74
     1
 91
        4
 64
     7
 65
   257
 75
     7
175
     7
 42
1.0
 92
        8
 66
     7
 43
1.0
 76
     1
 77
     6
 78
     2
 67
     7
 79
     5
170
     0
171
     0
290
     0
174
     0
 93
        1
 44
0.0
173
     0
291
     1
 45
0.0
1001
ACAD
1000
AcDbSavedByObjectVersion
1070
     0
  0
VISUALSTYLE
  5
3C
102
{ACAD_REACTORS
330
2A
102
}
102
{ACAD_XDICTIONARY
360
308
102
}
330
2A
100
AcDbVisualStyle
  2
OverhangOff
 70
    21
 71
     2
 72
     2
 73
     0
 90
        0
 40
0.6
 41
30.0
 62
     5
 63
     7
421
 16777215
 74
     1
 91
        4
 64
     7
 65
   257
 75
     1
175
     1
 42
1.0
 92
        9
 66
     7
 43
1.0
 76
     1
 77
     6
 78
     2
 67
     7
 79
     5
170
     0
171
     0
290
     0
174
     0
 93
        1
 44
0.0
173
     0
291
     1
 45
0.0
1001
ACAD
1000
AcDbSavedByObjectVersion
1070
     0
  0
VISUALSTYLE
  5
33
102
{ACAD_REACTORS
330
2A
102
}
102
{ACAD_XDICTIONARY
360
2F6
102
}
330
2A
100
AcDbVisualStyle
  2
Realistic
 70
     8
 71
     2
 72
     3
 73
     0
 90
        2
 40
0.6
 41
30.0
 62
     5
 63
     7
421
 16777215
 74
     0
 91
        0
 64
     7
 65
   257
 75
     1
175
     1
 42
1.0
 92
        8
 66
   257
 43
1.0
 76
     1
 77
     6
 78
     2
 67
     7
 79
     3
170
     0
171
     0
290
     0
174
     0
 93
       13
 44
0.0
173
     0
291
     0
 45
0.0
1001
ACAD
1000
AcDbSavedByObjectVersion
1070
     0
  0
VISUALSTYLE
  5
42
102
{ACAD_REACTORS
330
2A
102
}
102
{ACAD_XDICTIONARY
360
314
102
}
330
2A
100
AcDbVisualStyle
  2
Shaded
 70
    27
 71
     2
 72
     2
 73
     1
 90
        2
 40
0.6
 41
30.0
 62
     5
 63
     7
421
 16777215
 74
     0
 91
        4
 64
     7
 65
   257
 75
     1
175
     1
 42
1.0
 92
        8
 66
   257
 43
1.0
 76
     1
 77
     6
 78
     2
 67
     8
425
  7895160
 79
     3
170
     0
171
     0
290
     0
174
     0
 93
        5
 44
0.0
173
     0
291
     0
 45
0.0
1001
ACAD
1000
AcDbSavedByObjectVersion
1070
     0
  0
VISUALSTYLE
  5
41
102
{ACAD_REACTORS
330
2A
102
}
102
{ACAD_XDICTIONARY
360
312
102
}
330
2A
100
AcDbVisualStyle
  2
Shaded with edges
 70
    26
 71
     2
 72
     2
 73
     1
 90
        2
 40
0.6
 41
30.0
 62
     5
 63
     7
421
 16777215
 74
     1
 91
       10
 64
     7
 65
   257
 75
     2
175
     1
 42
1.0
 92
        8
 66
   257
 43
1.0
 76
     1
 77
     6
 78
     2
 67
     7
 79
     3
170
     0
171
     0
290
     0
174
     0
 93
        5
 44
0.0
173
     0
291
     0
 45
0.0
1001
ACAD
1000
AcDbSavedByObjectVersion
1070
     0
  0
VISUALSTYLE
  5
3E
102
{ACAD_REACTORS
330
2A
102
}
102
{ACAD_XDICTIONARY
360
30C
102
}
330
2A
100
AcDbVisualStyle
  2
Shades of Gray
 70
    23
 71
     2
 72
     2
 73
     3
 90
        0
 40
0.6
 41
30.0
 62
     5
 63
     7
421
 16777215
 74
     2
 91
        2
 64
     7
 65
     7
 75
     1
175
     1
 42
40.0
 92
        8
 66
     7
 43
1.0
 76
     1
 77
     6
 78
     2
 67
     7
 79
     3
170
     0
171
     0
290
     0
174
     0
 93
        1
 44
0.0
173
     0
291
     0
 45
0.0
1001
ACAD
1000
AcDbSavedByObjectVersion
1070
     0
  0
VISUALSTYLE
  5
3F
102
{ACAD_REACTORS
330
2A
102
}
102
{ACAD_XDICTIONARY
360
30E
102
}
330
2A
100
AcDbVisualStyle
  2
Sketchy
 70
    24
 71
     1
 72
     2
 73
     2
 90
        0
 40
0.6
 41
30.0
 62
     5
 63
     7
421
 16777215
 74
     2
 91
        2
 64
     7
 65
     7
 75
     1
175
     1
 42
40.0
 92
       11
 66
     7
 43
1.0
 76
     1
 77
     6
 78
     2
 67
     7
 79
     6
170
     0
171
     0
290
     0
174
     0
 93
        1
 44
0.0
173
     0
291
     0
 45
0.0
1001
ACAD
1000
AcDbSavedByObjectVersion
1070
     0
  0
VISUALSTYLE
  5
37
102
{ACAD_REACTORS
330
2A
102
}
102
{ACAD_XDICTIONARY
360
2FE
102
}
330
2A
100
AcDbVisualStyle
  2
Thicken
 70
    13
 71
     2
 72
     2
 73
     0
 90
        0
 40
0.6
 41
30.0
 62
     5
 63
     7
421
 16777215
 74
     1
 91
        4
 64
     7
 65
   257
 75
     1
175
     1
 42
1.0
 92
       12
 66
     7
 43
1.0
 76
     1
 77
     6
 78
     2
 67
     7
 79
     5
170
     0
171
     0
290
     0
174
     0
 93
        1
 44
0.0
173
     0
291
     1
 45
0.0
1001
ACAD
1000
AcDbSavedByObjectVersion
1070
     0
  0
VISUALSTYLE
  5
30
102
{ACAD_REACTORS
330
2A
102
}
102
{ACAD_XDICTIONARY
360
2F0
102
}
330
2A
100
AcDbVisualStyle
  2
Wireframe
 70
     5
 71
     0
 72
     2
 73
     0
 90
        0
 40
0.6
 41
30.0
 62
     5
 63
     7
421
 16777215
 74
     1
 91
        4
 64
     7
 65
   257
 75
     1
175
     1
 42
1.0
 92
        0
 66
   257
 43
1.0
 76
     1
 77
     6
 78
     2
 67
     7
 79
     3
170
     0
171
     0
290
     0
174
     0
 93
        1
 44
0.0
173
     0
291
     0
 45
0.0
1001
ACAD
1000
AcDbSavedByObjectVersion
1070
     0
  0
VISUALSTYLE
  5
40
102
{ACAD_REACTORS
330
2A
102
}
102
{ACAD_XDICTIONARY
360
310
102
}
330
2A
100
AcDbVisualStyle
  2
X-Ray
 70
    25
 71
     2
 72
     2
 73
     1
 90
        1
 40
0.5
 41
30.0
 62
     5
 63
     7
421
 16777215
 74
     1
 91
        0
 64
     7
 65
   257
 75
     1
175
     1
 42
1.0
 92
        8
 66
     7
 43
1.0
 76
     1
 77
     6
 78
     2
 67
     7
 79
     3
170
     0
171
     0
290
     0
174
     0
 93
       13
 44
0.0
173
     0
291
     0
 45
0.0
1001
ACAD
1000
AcDbSavedByObjectVersion
1070
     0
  0
DICTIONARYVAR
  5
2E4
102
{ACAD_REACTORS
330
2E3
102
}
330
2E3
100
DictionaryVariables
280
     0
  1
1:1
  0
DICTIONARYVAR
  5
2E5
102
{ACAD_REACTORS
330
2E3
102
}
330
2E3
100
DictionaryVariables
280
     0
  1
1
  0
DICTIONARY
  5
318
330
45
100
AcDbDictionary
280
     1
281
     1
  3
ACAD_XREC_ROUNDTRIP
360
319
  0
DICTIONARY
  5
316
330
44
100
AcDbDictionary
280
     1
281
     1
  3
ACAD_XREC_ROUNDTRIP
360
317
  0
DICTIONARY
  5
31A
330
46
100
AcDbDictionary
280
     1
281
     1
  3
ACAD_XREC_ROUNDTRIP
360
31B
  0
DICTIONARY
  5
2EE
330
2F
100
AcDbDictionary
280
     1
281
     1
  3
ACAD_XREC_ROUNDTRIP
360
2EF
  0
DICTIONARY
  5
2F4
330
32
100
AcDbDictionary
280
     1
281
     1
  3
ACAD_XREC_ROUNDTRIP
360
2F5
  0
DICTIONARY
  5
2FC
330
36
100
AcDbDictionary
280
     1
281
     1
  3
ACAD_XREC_ROUNDTRIP
360
2FD
  0
DICTIONARY
  5
304
330
3A
100
AcDbDictionary
280
     1
281
     1
  3
ACAD_XREC_ROUNDTRIP
360
305
  0
DICTIONARY
  5
2F8
330
34
100
AcDbDictionary
280
     1
281
     1
  3
ACAD_XREC_ROUNDTRIP
360
2F9
  0
DICTIONARY
  5
2FA
330
35
100
AcDbDictionary
280
     1
281
     1
  3
ACAD_XREC_ROUNDTRIP
360
2FB
  0
DICTIONARY
  5
30A
330
3D
100
AcDbDictionary
280
     1
281
     1
  3
ACAD_XREC_ROUNDTRIP
360
30B
  0
DICTIONARY
  5
302
330
39
100
AcDbDictionary
280
     1
281
     1
  3
ACAD_XREC_ROUNDTRIP
360
303
  0
DICTIONARY
  5
2E6
330
2B
100
AcDbDictionary
280
     1
281
     1
  3
ACAD_XREC_ROUNDTRIP
360
2E7
  0
DICTIONARY
  5
2E8
330
2C
100
AcDbDictionary
280
     1
281
     1
  3
ACAD_XREC_ROUNDTRIP
360
2E9
  0
DICTIONARY
  5
2EA
330
2D
100
AcDbDictionary
280
     1
281
     1
  3
ACAD_XREC_ROUNDTRIP
360
2EB
  0
DICTIONARY
  5
2EC
330
2E
100
AcDbDictionary
280
     1
281
     1
  3
ACAD_XREC_ROUNDTRIP
360
2ED
  0
DICTIONARY
  5
2F2
330
31
100
AcDbDictionary
280
     1
281
     1
  3
ACAD_XREC_ROUNDTRIP
360
2F3
  0
DICTIONARY
  5
306
330
3B
100
AcDbDictionary
280
     1
281
     1
  3
ACAD_XREC_ROUNDTRIP
360
307
  0
DICTIONARY
  5
300
330
38
100
AcDbDictionary
280
     1
281
     1
  3
ACAD_XREC_ROUNDTRIP
360
301
  0
DICTIONARY
  5
308
330
3C
100
AcDbDictionary
280
     1
281
     1
  3
ACAD_XREC_ROUNDTRIP
360
309
  0
DICTIONARY
  5
2F6
330
33
100
AcDbDictionary
280
     1
281
     1
  3
ACAD_XREC_ROUNDTRIP
360
2F7
  0
DICTIONARY
  5
314
330
42
100
AcDbDictionary
280
     1
281
     1
  3
ACAD_XREC_ROUNDTRIP
360
315
  0
DICTIONARY
  5
312
330
41
100
AcDbDictionary
280
     1
281
     1
  3
ACAD_XREC_ROUNDTRIP
360
313
  0
DICTIONARY
  5
30C
330
3E
100
AcDbDictionary
280
     1
281
     1
  3
ACAD_XREC_ROUNDTRIP
360
30D
  0
DICTIONARY
  5
30E
330
3F
100
AcDbDictionary
280
     1
281
     1
  3
ACAD_XREC_ROUNDTRIP
360
30F
  0
DICTIONARY
  5
2FE
330
37
100
AcDbDictionary
280
     1
281
     1
  3
ACAD_XREC_ROUNDTRIP
360
2FF
  0
DICTIONARY
  5
2F0
330
30
100
AcDbDictionary
280
     1
281
     1
  3
ACAD_XREC_ROUNDTRIP
360
2F1
  0
DICTIONARY
  5
310
330
40
100
AcDbDictionary
280
     1
281
     1
  3
ACAD_XREC_ROUNDTRIP
360
311
  0
XRECORD
  5
319
102
{ACAD_REACTORS
330
318
102
}
330
318
100
AcDbXrecord
280
     1
102
MATERIAL
148
0.0
149
0.0
149
0.0
 93
        0
 94
      127
282
     0
 72
     1
 77
     1
171
     1
175
     1
179
     1
273
     0
  0
XRECORD
  5
317
102
{ACAD_REACTORS
330
316
102
}
330
316
100
AcDbXrecord
280
     1
102
MATERIAL
148
0.0
149
0.0
149
0.0
 93
        0
 94
      127
282
     0
 72
     1
 77
     1
171
     1
175
     1
179
     1
273
     0
  0
XRECORD
  5
31B
102
{ACAD_REACTORS
330
31A
102
}
330
31A
100
AcDbXrecord
280
     1
102
MATERIAL
148
0.0
149
0.0
149
0.0
 93
        0
 94
      127
282
     0
 72
     1
 77
     1
171
     1
175
     1
179
     1
273
     0
  0
XRECORD
  5
2EF
102
{ACAD_REACTORS
330
2EE
102
}
330
2EE
100
AcDbXrecord
280
     1
102
RTVSPropertyOp0
 70
     1
102
RTVSPropertyOp1
 70
     1
102
RTVSPropertyOp2
 70
     1
102
RTVSPropertyOp3
 70
     1
102
RTVSPropertyOp4
 70
     1
102
RTVSPropertyOp5
 70
     1
102
RTVSPropertyOp6
 70
     1
102
RTVSPropertyOp7
 70
     1
102
RTVSPropertyOp8
 70
     1
102
RTVSPropertyOp9
 70
     1
102
RTVSPropertyOp10
 70
     1
102
RTVSPropertyOp11
 70
     1
102
RTVSPropertyOp12
 70
     1
102
RTVSPropertyOp13
 70
     1
102
RTVSPropertyOp14
 70
     1
102
RTVSPropertyOp15
 70
     1
102
RTVSPropertyOp16
 70
     1
102
RTVSPropertyOp17
 70
     1
102
RTVSPropertyOp18
 70
     1
102
RTVSPropertyOp19
 70
     1
102
RTVSPropertyOp20
 70
     1
102
RTVSPropertyOp21
 70
     1
102
RTVSPropertyOp22
 70
     1
102
RTVSPropertyOp23
 70
     1
102
RTVSPropertyOp24
 70
     1
102
RTVSPropertyOp25
 70
     1
102
RTVSPropertyOp26
 70
     1
102
RTVSPropertyOp27
 70
     1
102
RTVSPropertyOp28
 70
     1
102
RTVSPropertyOp29
 70
     1
102
RTVSPropertyOp30
 70
     1
102
RTVSPropertyOp31
 70
     1
102
RTVSPropertyOp32
 70
     1
102
RTVSPropertyOp33
 70
     1
102
RTVSPropertyOp34
 70
     1
102
RTVSPropertyOp35
 70
     1
102
RTVSPropertyOp36
 70
     1
102
RTVSPropertyOp37
 70
     1
102
RTVSPropertyOp38
 70
     1
102
RTVSPropertyOp39
 70
     1
102
RTVSPropertyOp40
 70
     1
102
RTVSPropertyOp41
 70
     1
102
RTVSPropertyOp42
 70
     1
102
RTVSPropertyOp43
 70
     1
102
RTVSPropertyOp44
 70
     1
102
RTVSPropertyOp45
 70
     1
102
RTVSPropertyOp46
 70
     1
102
RTVSPropertyOp47
 70
     1
102
RTVSPropertyOp48
 70
     1
102
RTVSPropertyOp49
 70
     1
102
RTVSPropertyOp50
 70
     1
102
RTVSPropertyOp51
 70
     0
102
RTVSPropertyOp52
 70
     0
102
RTVSPropertyOp53
 70
     1
102
RTVSPropertyOp54
 70
     1
102
RTVSPropertyOp55
 70
     1
102
RTVSPropertyOp56
 70
     1
102
RTVSPropertyOp57
 70
     1
102
RTVSPost2010Prop28
280
     1
102
RTVSPost2010PropOp28
 70
     1
102
RTVSPost2010Prop29
280
     1
102
RTVSPost2010PropOp29
 70
     1
102
RTVSPost2010Prop30
280
     0
102
RTVSPost2010PropOp30
 70
     1
102
RTVSPost2010Prop31
280
     0
102
RTVSPost2010PropOp31
 70
     1
102
RTVSPost2010Prop32
280
     0
102
RTVSPost2010PropOp32
 70
     1
102
RTVSPost2010Prop33
280
     0
102
RTVSPost2010PropOp33
 70
     1
102
RTVSPost2010Prop34
280
     0
102
RTVSPost2010PropOp34
 70
     1
102
RTVSPost2010Prop35
280
     0
102
RTVSPost2010PropOp35
 70
     1
102
RTVSPost2010Prop36
280
     0
102
RTVSPost2010PropOp36
 70
     1
102
RTVSPost2010Prop37
 90
       50
102
RTVSPost2010PropOp37
 70
     1
102
RTVSPost2010Prop38
140
0.0
102
RTVSPost2010PropOp38
 70
     1
102
RTVSPost2010Prop39
140
1.0
102
RTVSPost2010PropOp39
 70
     1
102
RTVSPost2010Prop40
 90
        0
102
RTVSPost2010PropOp40
 70
     1
102
RTVSPost2010Prop41ColorIndex
 90
       18
102
RTVSPost2010Prop41ColorRGB
 90
        0
102
RTVSPost2010PropOp41
 70
     1
102
RTVSPost2010Prop42
 90
       50
102
RTVSPost2010PropOp42
 70
     1
102
RTVSPost2010Prop43
 90
        3
102
RTVSPost2010PropOp43
 70
     1
102
RTVSPost2010Prop44ColorIndex
 90
        5
102
RTVSPost2010Prop44ColorRGB
 90
      255
102
RTVSPost2010PropOp44
 70
     1
102
RTVSPost2010Prop45
280
     0
102
RTVSPost2010PropOp45
 70
     1
102
RTVSPost2010Prop46
 90
       50
102
RTVSPost2010PropOp46
 70
     1
102
RTVSPost2010Prop47
 90
       50
102
RTVSPost2010PropOp47
 70
     1
102
RTVSPost2010Prop48
 90
       50
102
RTVSPost2010PropOp48
 70
     1
102
RTVSPost2010Prop49
280
     0
102
RTVSPost2010PropOp49
 70
     1
102
RTVSPost2010Prop50
 90
       50
102
RTVSPost2010PropOp50
 70
     1
102
RTVSPost2010Prop51ColorIndex
 90
      256
102
RTVSPost2010Prop51ColorRGB
 90
-16777216
102
RTVSPost2010PropOp51
 70
     0
102
RTVSPost2010Prop52
140
1.0
102
RTVSPost2010PropOp52
 70
     0
102
RTVSPost2010Prop53
 90
        2
102
RTVSPost2010PropOp53
 70
     1
102
RTVSPost2010Prop54
  1
strokes_ogs.tif
102
RTVSPost2010PropOp54
 70
     1
102
RTVSPost2010Prop55
280
     0
102
RTVSPost2010PropOp55
 70
     1
102
RTVSPost2010Prop56
140
1.0
102
RTVSPost2010PropOp56
 70
     1
102
RTVSPost2010Prop57
140
1.0
102
RTVSPost2010PropOp57
 70
     1
  0
XRECORD
  5
2F5
102
{ACAD_REACTORS
330
2F4
102
}
330
2F4
100
AcDbXrecord
280
     1
102
RTVSPropertyOp0
 70
     1
102
RTVSPropertyOp1
 70
     1
102
RTVSPropertyOp2
 70
     1
102
RTVSPropertyOp3
 70
     1
102
RTVSPropertyOp4
 70
     1
102
RTVSPropertyOp5
 70
     1
102
RTVSPropertyOp6
 70
     1
102
RTVSPropertyOp7
 70
     1
102
RTVSPropertyOp8
 70
     1
102
RTVSPropertyOp9
 70
     1
102
RTVSPropertyOp10
 70
     1
102
RTVSPropertyOp11
 70
     1
102
RTVSPropertyOp12
 70
     1
102
RTVSPropertyOp13
 70
     1
102
RTVSPropertyOp14
 70
     1
102
RTVSPropertyOp15
 70
     1
102
RTVSPropertyOp16
 70
     1
102
RTVSPropertyOp17
 70
     1
102
RTVSPropertyOp18
 70
     1
102
RTVSPropertyOp19
 70
     1
102
RTVSPropertyOp20
 70
     1
102
RTVSPropertyOp21
 70
     1
102
RTVSPropertyOp22
 70
     1
102
RTVSPropertyOp23
 70
     1
102
RTVSPropertyOp24
 70
     1
102
RTVSPropertyOp25
 70
     1
102
RTVSPropertyOp26
 70
     1
102
RTVSPropertyOp27
 70
     1
102
RTVSPropertyOp28
 70
     1
102
RTVSPropertyOp29
 70
     1
102
RTVSPropertyOp30
 70
     1
102
RTVSPropertyOp31
 70
     1
102
RTVSPropertyOp32
 70
     1
102
RTVSPropertyOp33
 70
     1
102
RTVSPropertyOp34
 70
     1
102
RTVSPropertyOp35
 70
     1
102
RTVSPropertyOp36
 70
     1
102
RTVSPropertyOp37
 70
     1
102
RTVSPropertyOp38
 70
     1
102
RTVSPropertyOp39
 70
     1
102
RTVSPropertyOp40
 70
     1
102
RTVSPropertyOp41
 70
     1
102
RTVSPropertyOp42
 70
     1
102
RTVSPropertyOp43
 70
     1
102
RTVSPropertyOp44
 70
     1
102
RTVSPropertyOp45
 70
     1
102
RTVSPropertyOp46
 70
     1
102
RTVSPropertyOp47
 70
     1
102
RTVSPropertyOp48
 70
     1
102
RTVSPropertyOp49
 70
     1
102
RTVSPropertyOp50
 70
     1
102
RTVSPropertyOp51
 70
     0
102
RTVSPropertyOp52
 70
     0
102
RTVSPropertyOp53
 70
     1
102
RTVSPropertyOp54
 70
     1
102
RTVSPropertyOp55
 70
     1
102
RTVSPropertyOp56
 70
     1
102
RTVSPropertyOp57
 70
     1
102
RTVSPost2010Prop28
280
     0
102
RTVSPost2010PropOp28
 70
     1
102
RTVSPost2010Prop29
280
     1
102
RTVSPost2010PropOp29
 70
     1
102
RTVSPost2010Prop30
280
     1
102
RTVSPost2010PropOp30
 70
     1
102
RTVSPost2010Prop31
280
     0
102
RTVSPost2010PropOp31
 70
     1
102
RTVSPost2010Prop32
280
     0
102
RTVSPost2010PropOp32
 70
     1
102
RTVSPost2010Prop33
280
     0
102
RTVSPost2010PropOp33
 70
     1
102
RTVSPost2010Prop34
280
     0
102
RTVSPost2010PropOp34
 70
     1
102
RTVSPost2010Prop35
280
     0
102
RTVSPost2010PropOp35
 70
     1
102
RTVSPost2010Prop36
280
     0
102
RTVSPost2010PropOp36
 70
     1
102
RTVSPost2010Prop37
 90
       50
102
RTVSPost2010PropOp37
 70
     1
102
RTVSPost2010Prop38
140
0.0
102
RTVSPost2010PropOp38
 70
     1
102
RTVSPost2010Prop39
140
1.0
102
RTVSPost2010PropOp39
 70
     1
102
RTVSPost2010Prop40
 90
        0
102
RTVSPost2010PropOp40
 70
     1
102
RTVSPost2010Prop41ColorIndex
 90
       18
102
RTVSPost2010Prop41ColorRGB
 90
        0
102
RTVSPost2010PropOp41
 70
     1
102
RTVSPost2010Prop42
 90
       50
102
RTVSPost2010PropOp42
 70
     1
102
RTVSPost2010Prop43
 90
        3
102
RTVSPost2010PropOp43
 70
     1
102
RTVSPost2010Prop44ColorIndex
 90
        5
102
RTVSPost2010Prop44ColorRGB
 90
      255
102
RTVSPost2010PropOp44
 70
     1
102
RTVSPost2010Prop45
280
     0
102
RTVSPost2010PropOp45
 70
     1
102
RTVSPost2010Prop46
 90
       50
102
RTVSPost2010PropOp46
 70
     1
102
RTVSPost2010Prop47
 90
       50
102
RTVSPost2010PropOp47
 70
     1
102
RTVSPost2010Prop48
 90
       50
102
RTVSPost2010PropOp48
 70
     1
102
RTVSPost2010Prop49
280
     0
102
RTVSPost2010PropOp49
 70
     1
102
RTVSPost2010Prop50
 90
       50
102
RTVSPost2010PropOp50
 70
     1
102
RTVSPost2010Prop51ColorIndex
 90
      256
102
RTVSPost2010Prop51ColorRGB
 90
-16777216
102
RTVSPost2010PropOp51
 70
     0
102
RTVSPost2010Prop52
140
1.0
102
RTVSPost2010PropOp52
 70
     0
102
RTVSPost2010Prop53
 90
        2
102
RTVSPost2010PropOp53
 70
     1
102
RTVSPost2010Prop54
  1
strokes_ogs.tif
102
RTVSPost2010PropOp54
 70
     1
102
RTVSPost2010Prop55
280
     0
102
RTVSPost2010PropOp55
 70
     1
102
RTVSPost2010Prop56
140
1.0
102
RTVSPost2010PropOp56
 70
     1
102
RTVSPost2010Prop57
140
1.0
102
RTVSPost2010PropOp57
 70
     1
  0
XRECORD
  5
2FD
102
{ACAD_REACTORS
330
2FC
102
}
330
2FC
100
AcDbXrecord
280
     1
102
RTVSPropertyOp0
 70
     1
102
RTVSPropertyOp1
 70
     1
102
RTVSPropertyOp2
 70
     1
102
RTVSPropertyOp3
 70
     1
102
RTVSPropertyOp4
 70
     1
102
RTVSPropertyOp5
 70
     1
102
RTVSPropertyOp6
 70
     1
102
RTVSPropertyOp7
 70
     1
102
RTVSPropertyOp8
 70
     1
102
RTVSPropertyOp9
 70
     1
102
RTVSPropertyOp10
 70
     1
102
RTVSPropertyOp11
 70
     1
102
RTVSPropertyOp12
 70
     1
102
RTVSPropertyOp13
 70
     1
102
RTVSPropertyOp14
 70
     1
102
RTVSPropertyOp15
 70
     1
102
RTVSPropertyOp16
 70
     1
102
RTVSPropertyOp17
 70
     1
102
RTVSPropertyOp18
 70
     1
102
RTVSPropertyOp19
 70
     1
102
RTVSPropertyOp20
 70
     1
102
RTVSPropertyOp21
 70
     1
102
RTVSPropertyOp22
 70
     1
102
RTVSPropertyOp23
 70
     1
102
RTVSPropertyOp24
 70
     1
102
RTVSPropertyOp25
 70
     1
102
RTVSPropertyOp26
 70
     1
102
RTVSPropertyOp27
 70
     1
102
RTVSPropertyOp28
 70
     1
102
RTVSPropertyOp29
 70
     1
102
RTVSPropertyOp30
 70
     1
102
RTVSPropertyOp31
 70
     1
102
RTVSPropertyOp32
 70
     1
102
RTVSPropertyOp33
 70
     1
102
RTVSPropertyOp34
 70
     1
102
RTVSPropertyOp35
 70
     1
102
RTVSPropertyOp36
 70
     1
102
RTVSPropertyOp37
 70
     1
102
RTVSPropertyOp38
 70
     1
102
RTVSPropertyOp39
 70
     1
102
RTVSPropertyOp40
 70
     1
102
RTVSPropertyOp41
 70
     1
102
RTVSPropertyOp42
 70
     1
102
RTVSPropertyOp43
 70
     1
102
RTVSPropertyOp44
 70
     1
102
RTVSPropertyOp45
 70
     1
102
RTVSPropertyOp46
 70
     1
102
RTVSPropertyOp47
 70
     1
102
RTVSPropertyOp48
 70
     1
102
RTVSPropertyOp49
 70
     1
102
RTVSPropertyOp50
 70
     1
102
RTVSPropertyOp51
 70
     0
102
RTVSPropertyOp52
 70
     0
102
RTVSPropertyOp53
 70
     1
102
RTVSPropertyOp54
 70
     1
102
RTVSPropertyOp55
 70
     1
102
RTVSPropertyOp56
 70
     1
102
RTVSPropertyOp57
 70
     1
102
RTVSPost2010Prop28
280
     0
102
RTVSPost2010PropOp28
 70
     1
102
RTVSPost2010Prop29
280
     1
102
RTVSPost2010PropOp29
 70
     1
102
RTVSPost2010Prop30
280
     1
102
RTVSPost2010PropOp30
 70
     1
102
RTVSPost2010Prop31
280
     0
102
RTVSPost2010PropOp31
 70
     1
102
RTVSPost2010Prop32
280
     0
102
RTVSPost2010PropOp32
 70
     1
102
RTVSPost2010Prop33
280
     0
102
RTVSPost2010PropOp33
 70
     1
102
RTVSPost2010Prop34
280
     0
102
RTVSPost2010PropOp34
 70
     1
102
RTVSPost2010Prop35
280
     0
102
RTVSPost2010PropOp35
 70
     1
102
RTVSPost2010Prop36
280
     0
102
RTVSPost2010PropOp36
 70
     1
102
RTVSPost2010Prop37
 90
       50
102
RTVSPost2010PropOp37
 70
     1
102
RTVSPost2010Prop38
140
0.0
102
RTVSPost2010PropOp38
 70
     1
102
RTVSPost2010Prop39
140
1.0
102
RTVSPost2010PropOp39
 70
     1
102
RTVSPost2010Prop40
 90
        0
102
RTVSPost2010PropOp40
 70
     1
102
RTVSPost2010Prop41ColorIndex
 90
       18
102
RTVSPost2010Prop41ColorRGB
 90
        0
102
RTVSPost2010PropOp41
 70
     1
102
RTVSPost2010Prop42
 90
       50
102
RTVSPost2010PropOp42
 70
     1
102
RTVSPost2010Prop43
 90
        3
102
RTVSPost2010PropOp43
 70
     1
102
RTVSPost2010Prop44ColorIndex
 90
        5
102
RTVSPost2010Prop44ColorRGB
 90
      255
102
RTVSPost2010PropOp44
 70
     1
102
RTVSPost2010Prop45
280
     0
102
RTVSPost2010PropOp45
 70
     1
102
RTVSPost2010Prop46
 90
       50
102
RTVSPost2010PropOp46
 70
     1
102
RTVSPost2010Prop47
 90
       50
102
RTVSPost2010PropOp47
 70
     1
102
RTVSPost2010Prop48
 90
       50
102
RTVSPost2010PropOp48
 70
     1
102
RTVSPost2010Prop49
280
     0
102
RTVSPost2010PropOp49
 70
     1
102
RTVSPost2010Prop50
 90
       50
102
RTVSPost2010PropOp50
 70
     1
102
RTVSPost2010Prop51ColorIndex
 90
      256
102
RTVSPost2010Prop51ColorRGB
 90
-16777216
102
RTVSPost2010PropOp51
 70
     0
102
RTVSPost2010Prop52
140
1.0
102
RTVSPost2010PropOp52
 70
     0
102
RTVSPost2010Prop53
 90
        2
102
RTVSPost2010PropOp53
 70
     1
102
RTVSPost2010Prop54
  1
strokes_ogs.tif
102
RTVSPost2010PropOp54
 70
     1
102
RTVSPost2010Prop55
280
     0
102
RTVSPost2010PropOp55
 70
     1
102
RTVSPost2010Prop56
140
1.0
102
RTVSPost2010PropOp56
 70
     1
102
RTVSPost2010Prop57
140
1.0
102
RTVSPost2010PropOp57
 70
     1
  0
XRECORD
  5
305
102
{ACAD_REACTORS
330
304
102
}
330
304
100
AcDbXrecord
280
     1
102
RTVSPropertyOp0
 70
     1
102
RTVSPropertyOp1
 70
     1
102
RTVSPropertyOp2
 70
     1
102
RTVSPropertyOp3
 70
     1
102
RTVSPropertyOp4
 70
     1
102
RTVSPropertyOp5
 70
     1
102
RTVSPropertyOp6
 70
     1
102
RTVSPropertyOp7
 70
     1
102
RTVSPropertyOp8
 70
     1
102
RTVSPropertyOp9
 70
     1
102
RTVSPropertyOp10
 70
     1
102
RTVSPropertyOp11
 70
     1
102
RTVSPropertyOp12
 70
     1
102
RTVSPropertyOp13
 70
     1
102
RTVSPropertyOp14
 70
     1
102
RTVSPropertyOp15
 70
     1
102
RTVSPropertyOp16
 70
     1
102
RTVSPropertyOp17
 70
     1
102
RTVSPropertyOp18
 70
     1
102
RTVSPropertyOp19
 70
     1
102
RTVSPropertyOp20
 70
     1
102
RTVSPropertyOp21
 70
     1
102
RTVSPropertyOp22
 70
     1
102
RTVSPropertyOp23
 70
     1
102
RTVSPropertyOp24
 70
     1
102
RTVSPropertyOp25
 70
     1
102
RTVSPropertyOp26
 70
     1
102
RTVSPropertyOp27
 70
     1
102
RTVSPropertyOp28
 70
     1
102
RTVSPropertyOp29
 70
     1
102
RTVSPropertyOp30
 70
     1
102
RTVSPropertyOp31
 70
     1
102
RTVSPropertyOp32
 70
     1
102
RTVSPropertyOp33
 70
     1
102
RTVSPropertyOp34
 70
     1
102
RTVSPropertyOp35
 70
     1
102
RTVSPropertyOp36
 70
     1
102
RTVSPropertyOp37
 70
     1
102
RTVSPropertyOp38
 70
     1
102
RTVSPropertyOp39
 70
     1
102
RTVSPropertyOp40
 70
     1
102
RTVSPropertyOp41
 70
     1
102
RTVSPropertyOp42
 70
     1
102
RTVSPropertyOp43
 70
     1
102
RTVSPropertyOp44
 70
     1
102
RTVSPropertyOp45
 70
     1
102
RTVSPropertyOp46
 70
     1
102
RTVSPropertyOp47
 70
     1
102
RTVSPropertyOp48
 70
     1
102
RTVSPropertyOp49
 70
     1
102
RTVSPropertyOp50
 70
     1
102
RTVSPropertyOp51
 70
     0
102
RTVSPropertyOp52
 70
     0
102
RTVSPropertyOp53
 70
     1
102
RTVSPropertyOp54
 70
     1
102
RTVSPropertyOp55
 70
     1
102
RTVSPropertyOp56
 70
     1
102
RTVSPropertyOp57
 70
     1
102
RTVSPost2010Prop28
280
     0
102
RTVSPost2010PropOp28
 70
     1
102
RTVSPost2010Prop29
280
     1
102
RTVSPost2010PropOp29
 70
     1
102
RTVSPost2010Prop30
280
     1
102
RTVSPost2010PropOp30
 70
     1
102
RTVSPost2010Prop31
280
     0
102
RTVSPost2010PropOp31
 70
     1
102
RTVSPost2010Prop32
280
     0
102
RTVSPost2010PropOp32
 70
     1
102
RTVSPost2010Prop33
280
     0
102
RTVSPost2010PropOp33
 70
     1
102
RTVSPost2010Prop34
280
     0
102
RTVSPost2010PropOp34
 70
     1
102
RTVSPost2010Prop35
280
     0
102
RTVSPost2010PropOp35
 70
     1
102
RTVSPost2010Prop36
280
     0
102
RTVSPost2010PropOp36
 70
     1
102
RTVSPost2010Prop37
 90
       50
102
RTVSPost2010PropOp37
 70
     1
102
RTVSPost2010Prop38
140
0.0
102
RTVSPost2010PropOp38
 70
     1
102
RTVSPost2010Prop39
140
1.0
102
RTVSPost2010PropOp39
 70
     1
102
RTVSPost2010Prop40
 90
        0
102
RTVSPost2010PropOp40
 70
     1
102
RTVSPost2010Prop41ColorIndex
 90
       18
102
RTVSPost2010Prop41ColorRGB
 90
        0
102
RTVSPost2010PropOp41
 70
     1
102
RTVSPost2010Prop42
 90
       50
102
RTVSPost2010PropOp42
 70
     1
102
RTVSPost2010Prop43
 90
        3
102
RTVSPost2010PropOp43
 70
     1
102
RTVSPost2010Prop44ColorIndex
 90
        5
102
RTVSPost2010Prop44ColorRGB
 90
      255
102
RTVSPost2010PropOp44
 70
     1
102
RTVSPost2010Prop45
280
     0
102
RTVSPost2010PropOp45
 70
     1
102
RTVSPost2010Prop46
 90
       50
102
RTVSPost2010PropOp46
 70
     1
102
RTVSPost2010Prop47
 90
       50
102
RTVSPost2010PropOp47
 70
     1
102
RTVSPost2010Prop48
 90
       50
102
RTVSPost2010PropOp48
 70
     1
102
RTVSPost2010Prop49
280
     0
102
RTVSPost2010PropOp49
 70
     1
102
RTVSPost2010Prop50
 90
       50
102
RTVSPost2010PropOp50
 70
     1
102
RTVSPost2010Prop51ColorIndex
 90
      256
102
RTVSPost2010Prop51ColorRGB
 90
-16777216
102
RTVSPost2010PropOp51
 70
     0
102
RTVSPost2010Prop52
140
1.0
102
RTVSPost2010PropOp52
 70
     0
102
RTVSPost2010Prop53
 90
        2
102
RTVSPost2010PropOp53
 70
     1
102
RTVSPost2010Prop54
  1
strokes_ogs.tif
102
RTVSPost2010PropOp54
 70
     1
102
RTVSPost2010Prop55
280
     0
102
RTVSPost2010PropOp55
 70
     1
102
RTVSPost2010Prop56
140
1.0
102
RTVSPost2010PropOp56
 70
     1
102
RTVSPost2010Prop57
140
1.0
102
RTVSPost2010PropOp57
 70
     1
  0
XRECORD
  5
2F9
102
{ACAD_REACTORS
330
2F8
102
}
330
2F8
100
AcDbXrecord
280
     1
102
RTVSPropertyOp0
 70
     1
102
RTVSPropertyOp1
 70
     1
102
RTVSPropertyOp2
 70
     1
102
RTVSPropertyOp3
 70
     1
102
RTVSPropertyOp4
 70
     1
102
RTVSPropertyOp5
 70
     1
102
RTVSPropertyOp6
 70
     1
102
RTVSPropertyOp7
 70
     1
102
RTVSPropertyOp8
 70
     1
102
RTVSPropertyOp9
 70
     1
102
RTVSPropertyOp10
 70
     1
102
RTVSPropertyOp11
 70
     1
102
RTVSPropertyOp12
 70
     1
102
RTVSPropertyOp13
 70
     1
102
RTVSPropertyOp14
 70
     1
102
RTVSPropertyOp15
 70
     1
102
RTVSPropertyOp16
 70
     1
102
RTVSPropertyOp17
 70
     1
102
RTVSPropertyOp18
 70
     1
102
RTVSPropertyOp19
 70
     1
102
RTVSPropertyOp20
 70
     1
102
RTVSPropertyOp21
 70
     1
102
RTVSPropertyOp22
 70
     1
102
RTVSPropertyOp23
 70
     1
102
RTVSPropertyOp24
 70
     1
102
RTVSPropertyOp25
 70
     1
102
RTVSPropertyOp26
 70
     1
102
RTVSPropertyOp27
 70
     1
102
RTVSPropertyOp28
 70
     1
102
RTVSPropertyOp29
 70
     1
102
RTVSPropertyOp30
 70
     1
102
RTVSPropertyOp31
 70
     1
102
RTVSPropertyOp32
 70
     1
102
RTVSPropertyOp33
 70
     1
102
RTVSPropertyOp34
 70
     1
102
RTVSPropertyOp35
 70
     1
102
RTVSPropertyOp36
 70
     1
102
RTVSPropertyOp37
 70
     1
102
RTVSPropertyOp38
 70
     1
102
RTVSPropertyOp39
 70
     1
102
RTVSPropertyOp40
 70
     1
102
RTVSPropertyOp41
 70
     1
102
RTVSPropertyOp42
 70
     1
102
RTVSPropertyOp43
 70
     1
102
RTVSPropertyOp44
 70
     1
102
RTVSPropertyOp45
 70
     1
102
RTVSPropertyOp46
 70
     1
102
RTVSPropertyOp47
 70
     1
102
RTVSPropertyOp48
 70
     1
102
RTVSPropertyOp49
 70
     1
102
RTVSPropertyOp50
 70
     1
102
RTVSPropertyOp51
 70
     0
102
RTVSPropertyOp52
 70
     0
102
RTVSPropertyOp53
 70
     1
102
RTVSPropertyOp54
 70
     1
102
RTVSPropertyOp55
 70
     1
102
RTVSPropertyOp56
 70
     1
102
RTVSPropertyOp57
 70
     1
102
RTVSPost2010Prop28
280
     0
102
RTVSPost2010PropOp28
 70
     1
102
RTVSPost2010Prop29
280
     1
102
RTVSPost2010PropOp29
 70
     1
102
RTVSPost2010Prop30
280
     1
102
RTVSPost2010PropOp30
 70
     1
102
RTVSPost2010Prop31
280
     0
102
RTVSPost2010PropOp31
 70
     1
102
RTVSPost2010Prop32
280
     0
102
RTVSPost2010PropOp32
 70
     1
102
RTVSPost2010Prop33
280
     0
102
RTVSPost2010PropOp33
 70
     1
102
RTVSPost2010Prop34
280
     0
102
RTVSPost2010PropOp34
 70
     1
102
RTVSPost2010Prop35
280
     0
102
RTVSPost2010PropOp35
 70
     1
102
RTVSPost2010Prop36
280
     0
102
RTVSPost2010PropOp36
 70
     1
102
RTVSPost2010Prop37
 90
       50
102
RTVSPost2010PropOp37
 70
     1
102
RTVSPost2010Prop38
140
0.0
102
RTVSPost2010PropOp38
 70
     1
102
RTVSPost2010Prop39
140
1.0
102
RTVSPost2010PropOp39
 70
     1
102
RTVSPost2010Prop40
 90
        0
102
RTVSPost2010PropOp40
 70
     1
102
RTVSPost2010Prop41ColorIndex
 90
       18
102
RTVSPost2010Prop41ColorRGB
 90
        0
102
RTVSPost2010PropOp41
 70
     1
102
RTVSPost2010Prop42
 90
       50
102
RTVSPost2010PropOp42
 70
     1
102
RTVSPost2010Prop43
 90
        3
102
RTVSPost2010PropOp43
 70
     1
102
RTVSPost2010Prop44ColorIndex
 90
        5
102
RTVSPost2010Prop44ColorRGB
 90
      255
102
RTVSPost2010PropOp44
 70
     1
102
RTVSPost2010Prop45
280
     0
102
RTVSPost2010PropOp45
 70
     1
102
RTVSPost2010Prop46
 90
       50
102
RTVSPost2010PropOp46
 70
     1
102
RTVSPost2010Prop47
 90
       50
102
RTVSPost2010PropOp47
 70
     1
102
RTVSPost2010Prop48
 90
       50
102
RTVSPost2010PropOp48
 70
     1
102
RTVSPost2010Prop49
280
     0
102
RTVSPost2010PropOp49
 70
     1
102
RTVSPost2010Prop50
 90
       50
102
RTVSPost2010PropOp50
 70
     1
102
RTVSPost2010Prop51ColorIndex
 90
      256
102
RTVSPost2010Prop51ColorRGB
 90
-16777216
102
RTVSPost2010PropOp51
 70
     0
102
RTVSPost2010Prop52
140
1.0
102
RTVSPost2010PropOp52
 70
     0
102
RTVSPost2010Prop53
 90
        2
102
RTVSPost2010PropOp53
 70
     1
102
RTVSPost2010Prop54
  1
strokes_ogs.tif
102
RTVSPost2010PropOp54
 70
     1
102
RTVSPost2010Prop55
280
     0
102
RTVSPost2010PropOp55
 70
     1
102
RTVSPost2010Prop56
140
1.0
102
RTVSPost2010PropOp56
 70
     1
102
RTVSPost2010Prop57
140
1.0
102
RTVSPost2010PropOp57
 70
     1
  0
XRECORD
  5
2FB
102
{ACAD_REACTORS
330
2FA
102
}
330
2FA
100
AcDbXrecord
280
     1
102
RTVSPropertyOp0
 70
     1
102
RTVSPropertyOp1
 70
     1
102
RTVSPropertyOp2
 70
     1
102
RTVSPropertyOp3
 70
     1
102
RTVSPropertyOp4
 70
     1
102
RTVSPropertyOp5
 70
     1
102
RTVSPropertyOp6
 70
     1
102
RTVSPropertyOp7
 70
     1
102
RTVSPropertyOp8
 70
     1
102
RTVSPropertyOp9
 70
     1
102
RTVSPropertyOp10
 70
     1
102
RTVSPropertyOp11
 70
     1
102
RTVSPropertyOp12
 70
     1
102
RTVSPropertyOp13
 70
     1
102
RTVSPropertyOp14
 70
     1
102
RTVSPropertyOp15
 70
     1
102
RTVSPropertyOp16
 70
     1
102
RTVSPropertyOp17
 70
     1
102
RTVSPropertyOp18
 70
     1
102
RTVSPropertyOp19
 70
     1
102
RTVSPropertyOp20
 70
     1
102
RTVSPropertyOp21
 70
     1
102
RTVSPropertyOp22
 70
     1
102
RTVSPropertyOp23
 70
     1
102
RTVSPropertyOp24
 70
     1
102
RTVSPropertyOp25
 70
     1
102
RTVSPropertyOp26
 70
     1
102
RTVSPropertyOp27
 70
     1
102
RTVSPropertyOp28
 70
     1
102
RTVSPropertyOp29
 70
     1
102
RTVSPropertyOp30
 70
     1
102
RTVSPropertyOp31
 70
     1
102
RTVSPropertyOp32
 70
     1
102
RTVSPropertyOp33
 70
     1
102
RTVSPropertyOp34
 70
     1
102
RTVSPropertyOp35
 70
     1
102
RTVSPropertyOp36
 70
     1
102
RTVSPropertyOp37
 70
     1
102
RTVSPropertyOp38
 70
     1
102
RTVSPropertyOp39
 70
     1
102
RTVSPropertyOp40
 70
     1
102
RTVSPropertyOp41
 70
     1
102
RTVSPropertyOp42
 70
     1
102
RTVSPropertyOp43
 70
     1
102
RTVSPropertyOp44
 70
     1
102
RTVSPropertyOp45
 70
     1
102
RTVSPropertyOp46
 70
     1
102
RTVSPropertyOp47
 70
     1
102
RTVSPropertyOp48
 70
     1
102
RTVSPropertyOp49
 70
     1
102
RTVSPropertyOp50
 70
     1
102
RTVSPropertyOp51
 70
     0
102
RTVSPropertyOp52
 70
     0
102
RTVSPropertyOp53
 70
     1
102
RTVSPropertyOp54
 70
     1
102
RTVSPropertyOp55
 70
     1
102
RTVSPropertyOp56
 70
     1
102
RTVSPropertyOp57
 70
     1
102
RTVSPost2010Prop28
280
     0
102
RTVSPost2010PropOp28
 70
     1
102
RTVSPost2010Prop29
280
     1
102
RTVSPost2010PropOp29
 70
     1
102
RTVSPost2010Prop30
280
     1
102
RTVSPost2010PropOp30
 70
     1
102
RTVSPost2010Prop31
280
     0
102
RTVSPost2010PropOp31
 70
     1
102
RTVSPost2010Prop32
280
     0
102
RTVSPost2010PropOp32
 70
     1
102
RTVSPost2010Prop33
280
     0
102
RTVSPost2010PropOp33
 70
     1
102
RTVSPost2010Prop34
280
     0
102
RTVSPost2010PropOp34
 70
     1
102
RTVSPost2010Prop35
280
     0
102
RTVSPost2010PropOp35
 70
     1
102
RTVSPost2010Prop36
280
     0
102
RTVSPost2010PropOp36
 70
     1
102
RTVSPost2010Prop37
 90
       50
102
RTVSPost2010PropOp37
 70
     1
102
RTVSPost2010Prop38
140
0.0
102
RTVSPost2010PropOp38
 70
     1
102
RTVSPost2010Prop39
140
1.0
102
RTVSPost2010PropOp39
 70
     1
102
RTVSPost2010Prop40
 90
        0
102
RTVSPost2010PropOp40
 70
     1
102
RTVSPost2010Prop41ColorIndex
 90
       18
102
RTVSPost2010Prop41ColorRGB
 90
        0
102
RTVSPost2010PropOp41
 70
     1
102
RTVSPost2010Prop42
 90
       50
102
RTVSPost2010PropOp42
 70
     1
102
RTVSPost2010Prop43
 90
        3
102
RTVSPost2010PropOp43
 70
     1
102
RTVSPost2010Prop44ColorIndex
 90
        5
102
RTVSPost2010Prop44ColorRGB
 90
      255
102
RTVSPost2010PropOp44
 70
     1
102
RTVSPost2010Prop45
280
     0
102
RTVSPost2010PropOp45
 70
     1
102
RTVSPost2010Prop46
 90
       50
102
RTVSPost2010PropOp46
 70
     1
102
RTVSPost2010Prop47
 90
       50
102
RTVSPost2010PropOp47
 70
     1
102
RTVSPost2010Prop48
 90
       50
102
RTVSPost2010PropOp48
 70
     1
102
RTVSPost2010Prop49
280
     0
102
RTVSPost2010PropOp49
 70
     1
102
RTVSPost2010Prop50
 90
       50
102
RTVSPost2010PropOp50
 70
     1
102
RTVSPost2010Prop51ColorIndex
 90
      256
102
RTVSPost2010Prop51ColorRGB
 90
-16777216
102
RTVSPost2010PropOp51
 70
     0
102
RTVSPost2010Prop52
140
1.0
102
RTVSPost2010PropOp52
 70
     0
102
RTVSPost2010Prop53
 90
        2
102
RTVSPost2010PropOp53
 70
     1
102
RTVSPost2010Prop54
  1
strokes_ogs.tif
102
RTVSPost2010PropOp54
 70
     1
102
RTVSPost2010Prop55
280
     0
102
RTVSPost2010PropOp55
 70
     1
102
RTVSPost2010Prop56
140
1.0
102
RTVSPost2010PropOp56
 70
     1
102
RTVSPost2010Prop57
140
1.0
102
RTVSPost2010PropOp57
 70
     1
  0
XRECORD
  5
30B
102
{ACAD_REACTORS
330
30A
102
}
330
30A
100
AcDbXrecord
280
     1
102
RTVSPropertyOp0
 70
     0
102
RTVSPropertyOp1
 70
     0
102
RTVSPropertyOp2
 70
     0
102
RTVSPropertyOp3
 70
     0
102
RTVSPropertyOp4
 70
     0
102
RTVSPropertyOp5
 70
     0
102
RTVSPropertyOp6
 70
     0
102
RTVSPropertyOp7
 70
     0
102
RTVSPropertyOp8
 70
     0
102
RTVSPropertyOp9
 70
     0
102
RTVSPropertyOp10
 70
     0
102
RTVSPropertyOp11
 70
     0
102
RTVSPropertyOp12
 70
     0
102
RTVSPropertyOp13
 70
     0
102
RTVSPropertyOp14
 70
     2
102
RTVSPropertyOp15
 70
     0
102
RTVSPropertyOp16
 70
     0
102
RTVSPropertyOp17
 70
     0
102
RTVSPropertyOp18
 70
     0
102
RTVSPropertyOp19
 70
     0
102
RTVSPropertyOp20
 70
     0
102
RTVSPropertyOp21
 70
     0
102
RTVSPropertyOp22
 70
     0
102
RTVSPropertyOp23
 70
     0
102
RTVSPropertyOp24
 70
     0
102
RTVSPropertyOp25
 70
     0
102
RTVSPropertyOp26
 70
     0
102
RTVSPropertyOp27
 70
     0
102
RTVSPropertyOp28
 70
     0
102
RTVSPropertyOp29
 70
     0
102
RTVSPropertyOp30
 70
     0
102
RTVSPropertyOp31
 70
     0
102
RTVSPropertyOp32
 70
     0
102
RTVSPropertyOp33
 70
     0
102
RTVSPropertyOp34
 70
     0
102
RTVSPropertyOp35
 70
     0
102
RTVSPropertyOp36
 70
     0
102
RTVSPropertyOp37
 70
     0
102
RTVSPropertyOp38
 70
     0
102
RTVSPropertyOp39
 70
     0
102
RTVSPropertyOp40
 70
     0
102
RTVSPropertyOp41
 70
     0
102
RTVSPropertyOp42
 70
     0
102
RTVSPropertyOp43
 70
     0
102
RTVSPropertyOp44
 70
     0
102
RTVSPropertyOp45
 70
     0
102
RTVSPropertyOp46
 70
     0
102
RTVSPropertyOp47
 70
     0
102
RTVSPropertyOp48
 70
     0
102
RTVSPropertyOp49
 70
     0
102
RTVSPropertyOp50
 70
     0
102
RTVSPropertyOp51
 70
     0
102
RTVSPropertyOp52
 70
     0
102
RTVSPropertyOp53
 70
     0
102
RTVSPropertyOp54
 70
     0
102
RTVSPropertyOp55
 70
     0
102
RTVSPropertyOp56
 70
     0
102
RTVSPropertyOp57
 70
     0
102
RTVSPost2010Prop28
280
     0
102
RTVSPost2010PropOp28
 70
     0
102
RTVSPost2010Prop29
280
     1
102
RTVSPost2010PropOp29
 70
     0
102
RTVSPost2010Prop30
280
     1
102
RTVSPost2010PropOp30
 70
     0
102
RTVSPost2010Prop31
280
     0
102
RTVSPost2010PropOp31
 70
     0
102
RTVSPost2010Prop32
280
     0
102
RTVSPost2010PropOp32
 70
     0
102
RTVSPost2010Prop33
280
     0
102
RTVSPost2010PropOp33
 70
     0
102
RTVSPost2010Prop34
280
     0
102
RTVSPost2010PropOp34
 70
     0
102
RTVSPost2010Prop35
280
     0
102
RTVSPost2010PropOp35
 70
     0
102
RTVSPost2010Prop36
280
     0
102
RTVSPost2010PropOp36
 70
     0
102
RTVSPost2010Prop37
 90
       50
102
RTVSPost2010PropOp37
 70
     0
102
RTVSPost2010Prop38
140
0.0
102
RTVSPost2010PropOp38
 70
     0
102
RTVSPost2010Prop39
140
1.0
102
RTVSPost2010PropOp39
 70
     0
102
RTVSPost2010Prop40
 90
        0
102
RTVSPost2010PropOp40
 70
     0
102
RTVSPost2010Prop41ColorIndex
 90
       18
102
RTVSPost2010Prop41ColorRGB
 90
        0
102
RTVSPost2010PropOp41
 70
     0
102
RTVSPost2010Prop42
 90
       50
102
RTVSPost2010PropOp42
 70
     0
102
RTVSPost2010Prop43
 90
        3
102
RTVSPost2010PropOp43
 70
     0
102
RTVSPost2010Prop44ColorIndex
 90
        5
102
RTVSPost2010Prop44ColorRGB
 90
      255
102
RTVSPost2010PropOp44
 70
     0
102
RTVSPost2010Prop45
280
     0
102
RTVSPost2010PropOp45
 70
     0
102
RTVSPost2010Prop46
 90
       50
102
RTVSPost2010PropOp46
 70
     0
102
RTVSPost2010Prop47
 90
       50
102
RTVSPost2010PropOp47
 70
     0
102
RTVSPost2010Prop48
 90
       50
102
RTVSPost2010PropOp48
 70
     0
102
RTVSPost2010Prop49
280
     0
102
RTVSPost2010PropOp49
 70
     0
102
RTVSPost2010Prop50
 90
       50
102
RTVSPost2010PropOp50
 70
     0
102
RTVSPost2010Prop51ColorIndex
 90
      256
102
RTVSPost2010Prop51ColorRGB
 90
-16777216
102
RTVSPost2010PropOp51
 70
     0
102
RTVSPost2010Prop52
140
1.0
102
RTVSPost2010PropOp52
 70
     0
102
RTVSPost2010Prop53
 90
        2
102
RTVSPost2010PropOp53
 70
     0
102
RTVSPost2010Prop54
  1
strokes_ogs.tif
102
RTVSPost2010PropOp54
 70
     0
102
RTVSPost2010Prop55
280
     0
102
RTVSPost2010PropOp55
 70
     0
102
RTVSPost2010Prop56
140
1.0
102
RTVSPost2010PropOp56
 70
     0
102
RTVSPost2010Prop57
140
1.0
102
RTVSPost2010PropOp57
 70
     0
  0
XRECORD
  5
303
102
{ACAD_REACTORS
330
302
102
}
330
302
100
AcDbXrecord
280
     1
102
RTVSPropertyOp0
 70
     1
102
RTVSPropertyOp1
 70
     1
102
RTVSPropertyOp2
 70
     1
102
RTVSPropertyOp3
 70
     1
102
RTVSPropertyOp4
 70
     1
102
RTVSPropertyOp5
 70
     1
102
RTVSPropertyOp6
 70
     1
102
RTVSPropertyOp7
 70
     1
102
RTVSPropertyOp8
 70
     1
102
RTVSPropertyOp9
 70
     1
102
RTVSPropertyOp10
 70
     1
102
RTVSPropertyOp11
 70
     1
102
RTVSPropertyOp12
 70
     1
102
RTVSPropertyOp13
 70
     1
102
RTVSPropertyOp14
 70
     1
102
RTVSPropertyOp15
 70
     1
102
RTVSPropertyOp16
 70
     1
102
RTVSPropertyOp17
 70
     1
102
RTVSPropertyOp18
 70
     1
102
RTVSPropertyOp19
 70
     1
102
RTVSPropertyOp20
 70
     1
102
RTVSPropertyOp21
 70
     1
102
RTVSPropertyOp22
 70
     1
102
RTVSPropertyOp23
 70
     1
102
RTVSPropertyOp24
 70
     1
102
RTVSPropertyOp25
 70
     1
102
RTVSPropertyOp26
 70
     1
102
RTVSPropertyOp27
 70
     1
102
RTVSPropertyOp28
 70
     1
102
RTVSPropertyOp29
 70
     1
102
RTVSPropertyOp30
 70
     1
102
RTVSPropertyOp31
 70
     1
102
RTVSPropertyOp32
 70
     1
102
RTVSPropertyOp33
 70
     1
102
RTVSPropertyOp34
 70
     1
102
RTVSPropertyOp35
 70
     1
102
RTVSPropertyOp36
 70
     1
102
RTVSPropertyOp37
 70
     1
102
RTVSPropertyOp38
 70
     1
102
RTVSPropertyOp39
 70
     1
102
RTVSPropertyOp40
 70
     1
102
RTVSPropertyOp41
 70
     1
102
RTVSPropertyOp42
 70
     1
102
RTVSPropertyOp43
 70
     1
102
RTVSPropertyOp44
 70
     1
102
RTVSPropertyOp45
 70
     1
102
RTVSPropertyOp46
 70
     1
102
RTVSPropertyOp47
 70
     1
102
RTVSPropertyOp48
 70
     1
102
RTVSPropertyOp49
 70
     1
102
RTVSPropertyOp50
 70
     1
102
RTVSPropertyOp51
 70
     0
102
RTVSPropertyOp52
 70
     0
102
RTVSPropertyOp53
 70
     1
102
RTVSPropertyOp54
 70
     1
102
RTVSPropertyOp55
 70
     1
102
RTVSPropertyOp56
 70
     1
102
RTVSPropertyOp57
 70
     1
102
RTVSPost2010Prop28
280
     0
102
RTVSPost2010PropOp28
 70
     1
102
RTVSPost2010Prop29
280
     1
102
RTVSPost2010PropOp29
 70
     1
102
RTVSPost2010Prop30
280
     1
102
RTVSPost2010PropOp30
 70
     1
102
RTVSPost2010Prop31
280
     0
102
RTVSPost2010PropOp31
 70
     1
102
RTVSPost2010Prop32
280
     0
102
RTVSPost2010PropOp32
 70
     1
102
RTVSPost2010Prop33
280
     0
102
RTVSPost2010PropOp33
 70
     1
102
RTVSPost2010Prop34
280
     0
102
RTVSPost2010PropOp34
 70
     1
102
RTVSPost2010Prop35
280
     0
102
RTVSPost2010PropOp35
 70
     1
102
RTVSPost2010Prop36
280
     0
102
RTVSPost2010PropOp36
 70
     1
102
RTVSPost2010Prop37
 90
       50
102
RTVSPost2010PropOp37
 70
     1
102
RTVSPost2010Prop38
140
0.0
102
RTVSPost2010PropOp38
 70
     1
102
RTVSPost2010Prop39
140
1.0
102
RTVSPost2010PropOp39
 70
     1
102
RTVSPost2010Prop40
 90
        0
102
RTVSPost2010PropOp40
 70
     1
102
RTVSPost2010Prop41ColorIndex
 90
       18
102
RTVSPost2010Prop41ColorRGB
 90
        0
102
RTVSPost2010PropOp41
 70
     1
102
RTVSPost2010Prop42
 90
       50
102
RTVSPost2010PropOp42
 70
     1
102
RTVSPost2010Prop43
 90
        3
102
RTVSPost2010PropOp43
 70
     1
102
RTVSPost2010Prop44ColorIndex
 90
        5
102
RTVSPost2010Prop44ColorRGB
 90
      255
102
RTVSPost2010PropOp44
 70
     1
102
RTVSPost2010Prop45
280
     0
102
RTVSPost2010PropOp45
 70
     1
102
RTVSPost2010Prop46
 90
       50
102
RTVSPost2010PropOp46
 70
     1
102
RTVSPost2010Prop47
 90
       50
102
RTVSPost2010PropOp47
 70
     1
102
RTVSPost2010Prop48
 90
       50
102
RTVSPost2010PropOp48
 70
     1
102
RTVSPost2010Prop49
280
     0
102
RTVSPost2010PropOp49
 70
     1
102
RTVSPost2010Prop50
 90
       50
102
RTVSPost2010PropOp50
 70
     1
102
RTVSPost2010Prop51ColorIndex
 90
      256
102
RTVSPost2010Prop51ColorRGB
 90
-16777216
102
RTVSPost2010PropOp51
 70
     0
102
RTVSPost2010Prop52
140
1.0
102
RTVSPost2010PropOp52
 70
     0
102
RTVSPost2010Prop53
 90
        2
102
RTVSPost2010PropOp53
 70
     1
102
RTVSPost2010Prop54
  1
strokes_ogs.tif
102
RTVSPost2010PropOp54
 70
     1
102
RTVSPost2010Prop55
280
     0
102
RTVSPost2010PropOp55
 70
     1
102
RTVSPost2010Prop56
140
1.0
102
RTVSPost2010PropOp56
 70
     1
102
RTVSPost2010Prop57
140
1.0
102
RTVSPost2010PropOp57
 70
     1
  0
XRECORD
  5
2E7
102
{ACAD_REACTORS
330
2E6
102
}
330
2E6
100
AcDbXrecord
280
     1
102
RTVSPropertyOp0
 70
     1
102
RTVSPropertyOp1
 70
     1
102
RTVSPropertyOp2
 70
     1
102
RTVSPropertyOp3
 70
     1
102
RTVSPropertyOp4
 70
     1
102
RTVSPropertyOp5
 70
     1
102
RTVSPropertyOp6
 70
     1
102
RTVSPropertyOp7
 70
     1
102
RTVSPropertyOp8
 70
     1
102
RTVSPropertyOp9
 70
     1
102
RTVSPropertyOp10
 70
     1
102
RTVSPropertyOp11
 70
     1
102
RTVSPropertyOp12
 70
     1
102
RTVSPropertyOp13
 70
     1
102
RTVSPropertyOp14
 70
     1
102
RTVSPropertyOp15
 70
     1
102
RTVSPropertyOp16
 70
     1
102
RTVSPropertyOp17
 70
     1
102
RTVSPropertyOp18
 70
     1
102
RTVSPropertyOp19
 70
     1
102
RTVSPropertyOp20
 70
     1
102
RTVSPropertyOp21
 70
     1
102
RTVSPropertyOp22
 70
     1
102
RTVSPropertyOp23
 70
     1
102
RTVSPropertyOp24
 70
     1
102
RTVSPropertyOp25
 70
     1
102
RTVSPropertyOp26
 70
     1
102
RTVSPropertyOp27
 70
     1
102
RTVSPropertyOp28
 70
     1
102
RTVSPropertyOp29
 70
     1
102
RTVSPropertyOp30
 70
     1
102
RTVSPropertyOp31
 70
     1
102
RTVSPropertyOp32
 70
     1
102
RTVSPropertyOp33
 70
     1
102
RTVSPropertyOp34
 70
     1
102
RTVSPropertyOp35
 70
     1
102
RTVSPropertyOp36
 70
     1
102
RTVSPropertyOp37
 70
     1
102
RTVSPropertyOp38
 70
     1
102
RTVSPropertyOp39
 70
     1
102
RTVSPropertyOp40
 70
     1
102
RTVSPropertyOp41
 70
     1
102
RTVSPropertyOp42
 70
     1
102
RTVSPropertyOp43
 70
     1
102
RTVSPropertyOp44
 70
     1
102
RTVSPropertyOp45
 70
     1
102
RTVSPropertyOp46
 70
     1
102
RTVSPropertyOp47
 70
     1
102
RTVSPropertyOp48
 70
     1
102
RTVSPropertyOp49
 70
     1
102
RTVSPropertyOp50
 70
     1
102
RTVSPropertyOp51
 70
     0
102
RTVSPropertyOp52
 70
     0
102
RTVSPropertyOp53
 70
     1
102
RTVSPropertyOp54
 70
     1
102
RTVSPropertyOp55
 70
     1
102
RTVSPropertyOp56
 70
     1
102
RTVSPropertyOp57
 70
     1
102
RTVSPost2010Prop28
280
     0
102
RTVSPost2010PropOp28
 70
     1
102
RTVSPost2010Prop29
280
     1
102
RTVSPost2010PropOp29
 70
     1
102
RTVSPost2010Prop30
280
     1
102
RTVSPost2010PropOp30
 70
     1
102
RTVSPost2010Prop31
280
     0
102
RTVSPost2010PropOp31
 70
     1
102
RTVSPost2010Prop32
280
     0
102
RTVSPost2010PropOp32
 70
     1
102
RTVSPost2010Prop33
280
     0
102
RTVSPost2010PropOp33
 70
     1
102
RTVSPost2010Prop34
280
     0
102
RTVSPost2010PropOp34
 70
     1
102
RTVSPost2010Prop35
280
     0
102
RTVSPost2010PropOp35
 70
     1
102
RTVSPost2010Prop36
280
     0
102
RTVSPost2010PropOp36
 70
     1
102
RTVSPost2010Prop37
 90
       50
102
RTVSPost2010PropOp37
 70
     1
102
RTVSPost2010Prop38
140
0.0
102
RTVSPost2010PropOp38
 70
     1
102
RTVSPost2010Prop39
140
1.0
102
RTVSPost2010PropOp39
 70
     1
102
RTVSPost2010Prop40
 90
        0
102
RTVSPost2010PropOp40
 70
     1
102
RTVSPost2010Prop41ColorIndex
 90
       18
102
RTVSPost2010Prop41ColorRGB
 90
        0
102
RTVSPost2010PropOp41
 70
     1
102
RTVSPost2010Prop42
 90
       50
102
RTVSPost2010PropOp42
 70
     1
102
RTVSPost2010Prop43
 90
        3
102
RTVSPost2010PropOp43
 70
     1
102
RTVSPost2010Prop44ColorIndex
 90
        5
102
RTVSPost2010Prop44ColorRGB
 90
      255
102
RTVSPost2010PropOp44
 70
     1
102
RTVSPost2010Prop45
280
     0
102
RTVSPost2010PropOp45
 70
     1
102
RTVSPost2010Prop46
 90
       50
102
RTVSPost2010PropOp46
 70
     1
102
RTVSPost2010Prop47
 90
       50
102
RTVSPost2010PropOp47
 70
     1
102
RTVSPost2010Prop48
 90
       50
102
RTVSPost2010PropOp48
 70
     1
102
RTVSPost2010Prop49
280
     0
102
RTVSPost2010PropOp49
 70
     1
102
RTVSPost2010Prop50
 90
       50
102
RTVSPost2010PropOp50
 70
     1
102
RTVSPost2010Prop51ColorIndex
 90
      256
102
RTVSPost2010Prop51ColorRGB
 90
-16777216
102
RTVSPost2010PropOp51
 70
     0
102
RTVSPost2010Prop52
140
1.0
102
RTVSPost2010PropOp52
 70
     0
102
RTVSPost2010Prop53
 90
        2
102
RTVSPost2010PropOp53
 70
     1
102
RTVSPost2010Prop54
  1
strokes_ogs.tif
102
RTVSPost2010PropOp54
 70
     1
102
RTVSPost2010Prop55
280
     0
102
RTVSPost2010PropOp55
 70
     1
102
RTVSPost2010Prop56
140
1.0
102
RTVSPost2010PropOp56
 70
     1
102
RTVSPost2010Prop57
140
1.0
102
RTVSPost2010PropOp57
 70
     1
  0
XRECORD
  5
2E9
102
{ACAD_REACTORS
330
2E8
102
}
330
2E8
100
AcDbXrecord
280
     1
102
RTVSPropertyOp0
 70
     1
102
RTVSPropertyOp1
 70
     1
102
RTVSPropertyOp2
 70
     1
102
RTVSPropertyOp3
 70
     1
102
RTVSPropertyOp4
 70
     1
102
RTVSPropertyOp5
 70
     1
102
RTVSPropertyOp6
 70
     1
102
RTVSPropertyOp7
 70
     1
102
RTVSPropertyOp8
 70
     1
102
RTVSPropertyOp9
 70
     1
102
RTVSPropertyOp10
 70
     1
102
RTVSPropertyOp11
 70
     1
102
RTVSPropertyOp12
 70
     1
102
RTVSPropertyOp13
 70
     1
102
RTVSPropertyOp14
 70
     1
102
RTVSPropertyOp15
 70
     1
102
RTVSPropertyOp16
 70
     1
102
RTVSPropertyOp17
 70
     1
102
RTVSPropertyOp18
 70
     1
102
RTVSPropertyOp19
 70
     1
102
RTVSPropertyOp20
 70
     1
102
RTVSPropertyOp21
 70
     1
102
RTVSPropertyOp22
 70
     1
102
RTVSPropertyOp23
 70
     1
102
RTVSPropertyOp24
 70
     1
102
RTVSPropertyOp25
 70
     1
102
RTVSPropertyOp26
 70
     1
102
RTVSPropertyOp27
 70
     1
102
RTVSPropertyOp28
 70
     1
102
RTVSPropertyOp29
 70
     1
102
RTVSPropertyOp30
 70
     1
102
RTVSPropertyOp31
 70
     1
102
RTVSPropertyOp32
 70
     1
102
RTVSPropertyOp33
 70
     1
102
RTVSPropertyOp34
 70
     1
102
RTVSPropertyOp35
 70
     1
102
RTVSPropertyOp36
 70
     1
102
RTVSPropertyOp37
 70
     1
102
RTVSPropertyOp38
 70
     1
102
RTVSPropertyOp39
 70
     1
102
RTVSPropertyOp40
 70
     1
102
RTVSPropertyOp41
 70
     1
102
RTVSPropertyOp42
 70
     1
102
RTVSPropertyOp43
 70
     1
102
RTVSPropertyOp44
 70
     1
102
RTVSPropertyOp45
 70
     1
102
RTVSPropertyOp46
 70
     1
102
RTVSPropertyOp47
 70
     1
102
RTVSPropertyOp48
 70
     1
102
RTVSPropertyOp49
 70
     1
102
RTVSPropertyOp50
 70
     1
102
RTVSPropertyOp51
 70
     0
102
RTVSPropertyOp52
 70
     0
102
RTVSPropertyOp53
 70
     1
102
RTVSPropertyOp54
 70
     1
102
RTVSPropertyOp55
 70
     1
102
RTVSPropertyOp56
 70
     1
102
RTVSPropertyOp57
 70
     1
102
RTVSPost2010Prop28
280
     0
102
RTVSPost2010PropOp28
 70
     1
102
RTVSPost2010Prop29
280
     1
102
RTVSPost2010PropOp29
 70
     1
102
RTVSPost2010Prop30
280
     1
102
RTVSPost2010PropOp30
 70
     1
102
RTVSPost2010Prop31
280
     0
102
RTVSPost2010PropOp31
 70
     1
102
RTVSPost2010Prop32
280
     0
102
RTVSPost2010PropOp32
 70
     1
102
RTVSPost2010Prop33
280
     0
102
RTVSPost2010PropOp33
 70
     1
102
RTVSPost2010Prop34
280
     0
102
RTVSPost2010PropOp34
 70
     1
102
RTVSPost2010Prop35
280
     0
102
RTVSPost2010PropOp35
 70
     1
102
RTVSPost2010Prop36
280
     0
102
RTVSPost2010PropOp36
 70
     1
102
RTVSPost2010Prop37
 90
       50
102
RTVSPost2010PropOp37
 70
     1
102
RTVSPost2010Prop38
140
0.0
102
RTVSPost2010PropOp38
 70
     1
102
RTVSPost2010Prop39
140
1.0
102
RTVSPost2010PropOp39
 70
     1
102
RTVSPost2010Prop40
 90
        0
102
RTVSPost2010PropOp40
 70
     1
102
RTVSPost2010Prop41ColorIndex
 90
       18
102
RTVSPost2010Prop41ColorRGB
 90
        0
102
RTVSPost2010PropOp41
 70
     1
102
RTVSPost2010Prop42
 90
       50
102
RTVSPost2010PropOp42
 70
     1
102
RTVSPost2010Prop43
 90
        3
102
RTVSPost2010PropOp43
 70
     1
102
RTVSPost2010Prop44ColorIndex
 90
        5
102
RTVSPost2010Prop44ColorRGB
 90
      255
102
RTVSPost2010PropOp44
 70
     1
102
RTVSPost2010Prop45
280
     0
102
RTVSPost2010PropOp45
 70
     1
102
RTVSPost2010Prop46
 90
       50
102
RTVSPost2010PropOp46
 70
     1
102
RTVSPost2010Prop47
 90
       50
102
RTVSPost2010PropOp47
 70
     1
102
RTVSPost2010Prop48
 90
       50
102
RTVSPost2010PropOp48
 70
     1
102
RTVSPost2010Prop49
280
     0
102
RTVSPost2010PropOp49
 70
     1
102
RTVSPost2010Prop50
 90
       50
102
RTVSPost2010PropOp50
 70
     1
102
RTVSPost2010Prop51ColorIndex
 90
      256
102
RTVSPost2010Prop51ColorRGB
 90
-16777216
102
RTVSPost2010PropOp51
 70
     0
102
RTVSPost2010Prop52
140
1.0
102
RTVSPost2010PropOp52
 70
     0
102
RTVSPost2010Prop53
 90
        2
102
RTVSPost2010PropOp53
 70
     1
102
RTVSPost2010Prop54
  1
strokes_ogs.tif
102
RTVSPost2010PropOp54
 70
     1
102
RTVSPost2010Prop55
280
     0
102
RTVSPost2010PropOp55
 70
     1
102
RTVSPost2010Prop56
140
1.0
102
RTVSPost2010PropOp56
 70
     1
102
RTVSPost2010Prop57
140
1.0
102
RTVSPost2010PropOp57
 70
     1
  0
XRECORD
  5
2EB
102
{ACAD_REACTORS
330
2EA
102
}
330
2EA
100
AcDbXrecord
280
     1
102
RTVSPropertyOp0
 70
     1
102
RTVSPropertyOp1
 70
     1
102
RTVSPropertyOp2
 70
     1
102
RTVSPropertyOp3
 70
     1
102
RTVSPropertyOp4
 70
     1
102
RTVSPropertyOp5
 70
     1
102
RTVSPropertyOp6
 70
     1
102
RTVSPropertyOp7
 70
     1
102
RTVSPropertyOp8
 70
     1
102
RTVSPropertyOp9
 70
     1
102
RTVSPropertyOp10
 70
     1
102
RTVSPropertyOp11
 70
     1
102
RTVSPropertyOp12
 70
     1
102
RTVSPropertyOp13
 70
     1
102
RTVSPropertyOp14
 70
     1
102
RTVSPropertyOp15
 70
     1
102
RTVSPropertyOp16
 70
     1
102
RTVSPropertyOp17
 70
     1
102
RTVSPropertyOp18
 70
     1
102
RTVSPropertyOp19
 70
     1
102
RTVSPropertyOp20
 70
     1
102
RTVSPropertyOp21
 70
     1
102
RTVSPropertyOp22
 70
     1
102
RTVSPropertyOp23
 70
     1
102
RTVSPropertyOp24
 70
     1
102
RTVSPropertyOp25
 70
     1
102
RTVSPropertyOp26
 70
     1
102
RTVSPropertyOp27
 70
     1
102
RTVSPropertyOp28
 70
     1
102
RTVSPropertyOp29
 70
     1
102
RTVSPropertyOp30
 70
     1
102
RTVSPropertyOp31
 70
     1
102
RTVSPropertyOp32
 70
     1
102
RTVSPropertyOp33
 70
     1
102
RTVSPropertyOp34
 70
     1
102
RTVSPropertyOp35
 70
     1
102
RTVSPropertyOp36
 70
     1
102
RTVSPropertyOp37
 70
     1
102
RTVSPropertyOp38
 70
     1
102
RTVSPropertyOp39
 70
     1
102
RTVSPropertyOp40
 70
     1
102
RTVSPropertyOp41
 70
     1
102
RTVSPropertyOp42
 70
     1
102
RTVSPropertyOp43
 70
     1
102
RTVSPropertyOp44
 70
     1
102
RTVSPropertyOp45
 70
     1
102
RTVSPropertyOp46
 70
     1
102
RTVSPropertyOp47
 70
     1
102
RTVSPropertyOp48
 70
     1
102
RTVSPropertyOp49
 70
     1
102
RTVSPropertyOp50
 70
     1
102
RTVSPropertyOp51
 70
     0
102
RTVSPropertyOp52
 70
     0
102
RTVSPropertyOp53
 70
     1
102
RTVSPropertyOp54
 70
     1
102
RTVSPropertyOp55
 70
     1
102
RTVSPropertyOp56
 70
     1
102
RTVSPropertyOp57
 70
     1
102
RTVSPost2010Prop28
280
     0
102
RTVSPost2010PropOp28
 70
     1
102
RTVSPost2010Prop29
280
     1
102
RTVSPost2010PropOp29
 70
     1
102
RTVSPost2010Prop30
280
     1
102
RTVSPost2010PropOp30
 70
     1
102
RTVSPost2010Prop31
280
     0
102
RTVSPost2010PropOp31
 70
     1
102
RTVSPost2010Prop32
280
     0
102
RTVSPost2010PropOp32
 70
     1
102
RTVSPost2010Prop33
280
     0
102
RTVSPost2010PropOp33
 70
     1
102
RTVSPost2010Prop34
280
     0
102
RTVSPost2010PropOp34
 70
     1
102
RTVSPost2010Prop35
280
     0
102
RTVSPost2010PropOp35
 70
     1
102
RTVSPost2010Prop36
280
     0
102
RTVSPost2010PropOp36
 70
     1
102
RTVSPost2010Prop37
 90
       50
102
RTVSPost2010PropOp37
 70
     1
102
RTVSPost2010Prop38
140
0.0
102
RTVSPost2010PropOp38
 70
     1
102
RTVSPost2010Prop39
140
1.0
102
RTVSPost2010PropOp39
 70
     1
102
RTVSPost2010Prop40
 90
        0
102
RTVSPost2010PropOp40
 70
     1
102
RTVSPost2010Prop41ColorIndex
 90
       18
102
RTVSPost2010Prop41ColorRGB
 90
        0
102
RTVSPost2010PropOp41
 70
     1
102
RTVSPost2010Prop42
 90
       50
102
RTVSPost2010PropOp42
 70
     1
102
RTVSPost2010Prop43
 90
        3
102
RTVSPost2010PropOp43
 70
     1
102
RTVSPost2010Prop44ColorIndex
 90
        5
102
RTVSPost2010Prop44ColorRGB
 90
      255
102
RTVSPost2010PropOp44
 70
     1
102
RTVSPost2010Prop45
280
     0
102
RTVSPost2010PropOp45
 70
     1
102
RTVSPost2010Prop46
 90
       50
102
RTVSPost2010PropOp46
 70
     1
102
RTVSPost2010Prop47
 90
       50
102
RTVSPost2010PropOp47
 70
     1
102
RTVSPost2010Prop48
 90
       50
102
RTVSPost2010PropOp48
 70
     1
102
RTVSPost2010Prop49
280
     0
102
RTVSPost2010PropOp49
 70
     1
102
RTVSPost2010Prop50
 90
       50
102
RTVSPost2010PropOp50
 70
     1
102
RTVSPost2010Prop51ColorIndex
 90
      256
102
RTVSPost2010Prop51ColorRGB
 90
-16777216
102
RTVSPost2010PropOp51
 70
     0
102
RTVSPost2010Prop52
140
1.0
102
RTVSPost2010PropOp52
 70
     0
102
RTVSPost2010Prop53
 90
        2
102
RTVSPost2010PropOp53
 70
     1
102
RTVSPost2010Prop54
  1
strokes_ogs.tif
102
RTVSPost2010PropOp54
 70
     1
102
RTVSPost2010Prop55
280
     0
102
RTVSPost2010PropOp55
 70
     1
102
RTVSPost2010Prop56
140
1.0
102
RTVSPost2010PropOp56
 70
     1
102
RTVSPost2010Prop57
140
1.0
102
RTVSPost2010PropOp57
 70
     1
  0
XRECORD
  5
2ED
102
{ACAD_REACTORS
330
2EC
102
}
330
2EC
100
AcDbXrecord
280
     1
102
RTVSPropertyOp0
 70
     1
102
RTVSPropertyOp1
 70
     1
102
RTVSPropertyOp2
 70
     1
102
RTVSPropertyOp3
 70
     1
102
RTVSPropertyOp4
 70
     1
102
RTVSPropertyOp5
 70
     1
102
RTVSPropertyOp6
 70
     1
102
RTVSPropertyOp7
 70
     1
102
RTVSPropertyOp8
 70
     1
102
RTVSPropertyOp9
 70
     1
102
RTVSPropertyOp10
 70
     1
102
RTVSPropertyOp11
 70
     1
102
RTVSPropertyOp12
 70
     1
102
RTVSPropertyOp13
 70
     1
102
RTVSPropertyOp14
 70
     1
102
RTVSPropertyOp15
 70
     1
102
RTVSPropertyOp16
 70
     1
102
RTVSPropertyOp17
 70
     1
102
RTVSPropertyOp18
 70
     1
102
RTVSPropertyOp19
 70
     1
102
RTVSPropertyOp20
 70
     1
102
RTVSPropertyOp21
 70
     1
102
RTVSPropertyOp22
 70
     1
102
RTVSPropertyOp23
 70
     1
102
RTVSPropertyOp24
 70
     1
102
RTVSPropertyOp25
 70
     1
102
RTVSPropertyOp26
 70
     1
102
RTVSPropertyOp27
 70
     1
102
RTVSPropertyOp28
 70
     1
102
RTVSPropertyOp29
 70
     1
102
RTVSPropertyOp30
 70
     1
102
RTVSPropertyOp31
 70
     1
102
RTVSPropertyOp32
 70
     1
102
RTVSPropertyOp33
 70
     1
102
RTVSPropertyOp34
 70
     1
102
RTVSPropertyOp35
 70
     1
102
RTVSPropertyOp36
 70
     1
102
RTVSPropertyOp37
 70
     1
102
RTVSPropertyOp38
 70
     1
102
RTVSPropertyOp39
 70
     1
102
RTVSPropertyOp40
 70
     1
102
RTVSPropertyOp41
 70
     1
102
RTVSPropertyOp42
 70
     1
102
RTVSPropertyOp43
 70
     1
102
RTVSPropertyOp44
 70
     1
102
RTVSPropertyOp45
 70
     1
102
RTVSPropertyOp46
 70
     1
102
RTVSPropertyOp47
 70
     1
102
RTVSPropertyOp48
 70
     1
102
RTVSPropertyOp49
 70
     1
102
RTVSPropertyOp50
 70
     1
102
RTVSPropertyOp51
 70
     0
102
RTVSPropertyOp52
 70
     0
102
RTVSPropertyOp53
 70
     1
102
RTVSPropertyOp54
 70
     1
102
RTVSPropertyOp55
 70
     1
102
RTVSPropertyOp56
 70
     1
102
RTVSPropertyOp57
 70
     1
102
RTVSPost2010Prop28
280
     0
102
RTVSPost2010PropOp28
 70
     1
102
RTVSPost2010Prop29
280
     1
102
RTVSPost2010PropOp29
 70
     1
102
RTVSPost2010Prop30
280
     1
102
RTVSPost2010PropOp30
 70
     1
102
RTVSPost2010Prop31
280
     0
102
RTVSPost2010PropOp31
 70
     1
102
RTVSPost2010Prop32
280
     0
102
RTVSPost2010PropOp32
 70
     1
102
RTVSPost2010Prop33
280
     0
102
RTVSPost2010PropOp33
 70
     1
102
RTVSPost2010Prop34
280
     0
102
RTVSPost2010PropOp34
 70
     1
102
RTVSPost2010Prop35
280
     0
102
RTVSPost2010PropOp35
 70
     1
102
RTVSPost2010Prop36
280
     0
102
RTVSPost2010PropOp36
 70
     1
102
RTVSPost2010Prop37
 90
       50
102
RTVSPost2010PropOp37
 70
     1
102
RTVSPost2010Prop38
140
0.0
102
RTVSPost2010PropOp38
 70
     1
102
RTVSPost2010Prop39
140
1.0
102
RTVSPost2010PropOp39
 70
     1
102
RTVSPost2010Prop40
 90
        0
102
RTVSPost2010PropOp40
 70
     1
102
RTVSPost2010Prop41ColorIndex
 90
       18
102
RTVSPost2010Prop41ColorRGB
 90
        0
102
RTVSPost2010PropOp41
 70
     1
102
RTVSPost2010Prop42
 90
       50
102
RTVSPost2010PropOp42
 70
     1
102
RTVSPost2010Prop43
 90
        3
102
RTVSPost2010PropOp43
 70
     1
102
RTVSPost2010Prop44ColorIndex
 90
        5
102
RTVSPost2010Prop44ColorRGB
 90
      255
102
RTVSPost2010PropOp44
 70
     1
102
RTVSPost2010Prop45
280
     0
102
RTVSPost2010PropOp45
 70
     1
102
RTVSPost2010Prop46
 90
       50
102
RTVSPost2010PropOp46
 70
     1
102
RTVSPost2010Prop47
 90
       50
102
RTVSPost2010PropOp47
 70
     1
102
RTVSPost2010Prop48
 90
       50
102
RTVSPost2010PropOp48
 70
     1
102
RTVSPost2010Prop49
280
     0
102
RTVSPost2010PropOp49
 70
     1
102
RTVSPost2010Prop50
 90
       50
102
RTVSPost2010PropOp50
 70
     1
102
RTVSPost2010Prop51ColorIndex
 90
      256
102
RTVSPost2010Prop51ColorRGB
 90
-16777216
102
RTVSPost2010PropOp51
 70
     0
102
RTVSPost2010Prop52
140
1.0
102
RTVSPost2010PropOp52
 70
     0
102
RTVSPost2010Prop53
 90
        2
102
RTVSPost2010PropOp53
 70
     1
102
RTVSPost2010Prop54
  1
strokes_ogs.tif
102
RTVSPost2010PropOp54
 70
     1
102
RTVSPost2010Prop55
280
     0
102
RTVSPost2010PropOp55
 70
     1
102
RTVSPost2010Prop56
140
1.0
102
RTVSPost2010PropOp56
 70
     1
102
RTVSPost2010Prop57
140
1.0
102
RTVSPost2010PropOp57
 70
     1
  0
XRECORD
  5
2F3
102
{ACAD_REACTORS
330
2F2
102
}
330
2F2
100
AcDbXrecord
280
     1
102
RTVSPropertyOp0
 70
     1
102
RTVSPropertyOp1
 70
     1
102
RTVSPropertyOp2
 70
     1
102
RTVSPropertyOp3
 70
     1
102
RTVSPropertyOp4
 70
     1
102
RTVSPropertyOp5
 70
     1
102
RTVSPropertyOp6
 70
     1
102
RTVSPropertyOp7
 70
     1
102
RTVSPropertyOp8
 70
     1
102
RTVSPropertyOp9
 70
     1
102
RTVSPropertyOp10
 70
     1
102
RTVSPropertyOp11
 70
     1
102
RTVSPropertyOp12
 70
     1
102
RTVSPropertyOp13
 70
     1
102
RTVSPropertyOp14
 70
     1
102
RTVSPropertyOp15
 70
     1
102
RTVSPropertyOp16
 70
     1
102
RTVSPropertyOp17
 70
     1
102
RTVSPropertyOp18
 70
     1
102
RTVSPropertyOp19
 70
     1
102
RTVSPropertyOp20
 70
     1
102
RTVSPropertyOp21
 70
     1
102
RTVSPropertyOp22
 70
     1
102
RTVSPropertyOp23
 70
     1
102
RTVSPropertyOp24
 70
     1
102
RTVSPropertyOp25
 70
     1
102
RTVSPropertyOp26
 70
     1
102
RTVSPropertyOp27
 70
     1
102
RTVSPropertyOp28
 70
     1
102
RTVSPropertyOp29
 70
     1
102
RTVSPropertyOp30
 70
     1
102
RTVSPropertyOp31
 70
     1
102
RTVSPropertyOp32
 70
     1
102
RTVSPropertyOp33
 70
     1
102
RTVSPropertyOp34
 70
     1
102
RTVSPropertyOp35
 70
     1
102
RTVSPropertyOp36
 70
     1
102
RTVSPropertyOp37
 70
     1
102
RTVSPropertyOp38
 70
     1
102
RTVSPropertyOp39
 70
     1
102
RTVSPropertyOp40
 70
     1
102
RTVSPropertyOp41
 70
     1
102
RTVSPropertyOp42
 70
     1
102
RTVSPropertyOp43
 70
     1
102
RTVSPropertyOp44
 70
     1
102
RTVSPropertyOp45
 70
     1
102
RTVSPropertyOp46
 70
     1
102
RTVSPropertyOp47
 70
     1
102
RTVSPropertyOp48
 70
     1
102
RTVSPropertyOp49
 70
     1
102
RTVSPropertyOp50
 70
     1
102
RTVSPropertyOp51
 70
     0
102
RTVSPropertyOp52
 70
     0
102
RTVSPropertyOp53
 70
     1
102
RTVSPropertyOp54
 70
     1
102
RTVSPropertyOp55
 70
     1
102
RTVSPropertyOp56
 70
     1
102
RTVSPropertyOp57
 70
     1
102
RTVSPost2010Prop28
280
     0
102
RTVSPost2010PropOp28
 70
     1
102
RTVSPost2010Prop29
280
     1
102
RTVSPost2010PropOp29
 70
     1
102
RTVSPost2010Prop30
280
     1
102
RTVSPost2010PropOp30
 70
     1
102
RTVSPost2010Prop31
280
     0
102
RTVSPost2010PropOp31
 70
     1
102
RTVSPost2010Prop32
280
     0
102
RTVSPost2010PropOp32
 70
     1
102
RTVSPost2010Prop33
280
     0
102
RTVSPost2010PropOp33
 70
     1
102
RTVSPost2010Prop34
280
     0
102
RTVSPost2010PropOp34
 70
     1
102
RTVSPost2010Prop35
280
     0
102
RTVSPost2010PropOp35
 70
     1
102
RTVSPost2010Prop36
280
     0
102
RTVSPost2010PropOp36
 70
     1
102
RTVSPost2010Prop37
 90
       50
102
RTVSPost2010PropOp37
 70
     1
102
RTVSPost2010Prop38
140
0.0
102
RTVSPost2010PropOp38
 70
     1
102
RTVSPost2010Prop39
140
1.0
102
RTVSPost2010PropOp39
 70
     1
102
RTVSPost2010Prop40
 90
        0
102
RTVSPost2010PropOp40
 70
     1
102
RTVSPost2010Prop41ColorIndex
 90
       18
102
RTVSPost2010Prop41ColorRGB
 90
        0
102
RTVSPost2010PropOp41
 70
     1
102
RTVSPost2010Prop42
 90
       50
102
RTVSPost2010PropOp42
 70
     1
102
RTVSPost2010Prop43
 90
        3
102
RTVSPost2010PropOp43
 70
     1
102
RTVSPost2010Prop44ColorIndex
 90
        5
102
RTVSPost2010Prop44ColorRGB
 90
      255
102
RTVSPost2010PropOp44
 70
     1
102
RTVSPost2010Prop45
280
     0
102
RTVSPost2010PropOp45
 70
     1
102
RTVSPost2010Prop46
 90
       50
102
RTVSPost2010PropOp46
 70
     1
102
RTVSPost2010Prop47
 90
       50
102
RTVSPost2010PropOp47
 70
     1
102
RTVSPost2010Prop48
 90
       50
102
RTVSPost2010PropOp48
 70
     1
102
RTVSPost2010Prop49
280
     0
102
RTVSPost2010PropOp49
 70
     1
102
RTVSPost2010Prop50
 90
       50
102
RTVSPost2010PropOp50
 70
     1
102
RTVSPost2010Prop51ColorIndex
 90
      256
102
RTVSPost2010Prop51ColorRGB
 90
-16777216
102
RTVSPost2010PropOp51
 70
     0
102
RTVSPost2010Prop52
140
1.0
102
RTVSPost2010PropOp52
 70
     0
102
RTVSPost2010Prop53
 90
        2
102
RTVSPost2010PropOp53
 70
     1
102
RTVSPost2010Prop54
  1
strokes_ogs.tif
102
RTVSPost2010PropOp54
 70
     1
102
RTVSPost2010Prop55
280
     0
102
RTVSPost2010PropOp55
 70
     1
102
RTVSPost2010Prop56
140
1.0
102
RTVSPost2010PropOp56
 70
     1
102
RTVSPost2010Prop57
140
1.0
102
RTVSPost2010PropOp57
 70
     1
  0
XRECORD
  5
307
102
{ACAD_REACTORS
330
306
102
}
330
306
100
AcDbXrecord
280
     1
102
RTVSPropertyOp0
 70
     0
102
RTVSPropertyOp1
 70
     0
102
RTVSPropertyOp2
 70
     0
102
RTVSPropertyOp3
 70
     0
102
RTVSPropertyOp4
 70
     0
102
RTVSPropertyOp5
 70
     0
102
RTVSPropertyOp6
 70
     0
102
RTVSPropertyOp7
 70
     0
102
RTVSPropertyOp8
 70
     0
102
RTVSPropertyOp9
 70
     0
102
RTVSPropertyOp10
 70
     0
102
RTVSPropertyOp11
 70
     0
102
RTVSPropertyOp12
 70
     0
102
RTVSPropertyOp13
 70
     0
102
RTVSPropertyOp14
 70
     2
102
RTVSPropertyOp15
 70
     0
102
RTVSPropertyOp16
 70
     0
102
RTVSPropertyOp17
 70
     0
102
RTVSPropertyOp18
 70
     0
102
RTVSPropertyOp19
 70
     0
102
RTVSPropertyOp20
 70
     0
102
RTVSPropertyOp21
 70
     0
102
RTVSPropertyOp22
 70
     0
102
RTVSPropertyOp23
 70
     0
102
RTVSPropertyOp24
 70
     0
102
RTVSPropertyOp25
 70
     0
102
RTVSPropertyOp26
 70
     0
102
RTVSPropertyOp27
 70
     0
102
RTVSPropertyOp28
 70
     0
102
RTVSPropertyOp29
 70
     0
102
RTVSPropertyOp30
 70
     0
102
RTVSPropertyOp31
 70
     0
102
RTVSPropertyOp32
 70
     0
102
RTVSPropertyOp33
 70
     0
102
RTVSPropertyOp34
 70
     0
102
RTVSPropertyOp35
 70
     0
102
RTVSPropertyOp36
 70
     0
102
RTVSPropertyOp37
 70
     0
102
RTVSPropertyOp38
 70
     0
102
RTVSPropertyOp39
 70
     0
102
RTVSPropertyOp40
 70
     0
102
RTVSPropertyOp41
 70
     0
102
RTVSPropertyOp42
 70
     0
102
RTVSPropertyOp43
 70
     0
102
RTVSPropertyOp44
 70
     0
102
RTVSPropertyOp45
 70
     0
102
RTVSPropertyOp46
 70
     0
102
RTVSPropertyOp47
 70
     0
102
RTVSPropertyOp48
 70
     0
102
RTVSPropertyOp49
 70
     0
102
RTVSPropertyOp50
 70
     0
102
RTVSPropertyOp51
 70
     0
102
RTVSPropertyOp52
 70
     0
102
RTVSPropertyOp53
 70
     0
102
RTVSPropertyOp54
 70
     0
102
RTVSPropertyOp55
 70
     0
102
RTVSPropertyOp56
 70
     0
102
RTVSPropertyOp57
 70
     0
102
RTVSPost2010Prop28
280
     0
102
RTVSPost2010PropOp28
 70
     0
102
RTVSPost2010Prop29
280
     1
102
RTVSPost2010PropOp29
 70
     0
102
RTVSPost2010Prop30
280
     1
102
RTVSPost2010PropOp30
 70
     0
102
RTVSPost2010Prop31
280
     0
102
RTVSPost2010PropOp31
 70
     0
102
RTVSPost2010Prop32
280
     0
102
RTVSPost2010PropOp32
 70
     0
102
RTVSPost2010Prop33
280
     0
102
RTVSPost2010PropOp33
 70
     0
102
RTVSPost2010Prop34
280
     0
102
RTVSPost2010PropOp34
 70
     0
102
RTVSPost2010Prop35
280
     0
102
RTVSPost2010PropOp35
 70
     0
102
RTVSPost2010Prop36
280
     0
102
RTVSPost2010PropOp36
 70
     0
102
RTVSPost2010Prop37
 90
       50
102
RTVSPost2010PropOp37
 70
     0
102
RTVSPost2010Prop38
140
0.0
102
RTVSPost2010PropOp38
 70
     0
102
RTVSPost2010Prop39
140
1.0
102
RTVSPost2010PropOp39
 70
     0
102
RTVSPost2010Prop40
 90
        0
102
RTVSPost2010PropOp40
 70
     0
102
RTVSPost2010Prop41ColorIndex
 90
       18
102
RTVSPost2010Prop41ColorRGB
 90
        0
102
RTVSPost2010PropOp41
 70
     0
102
RTVSPost2010Prop42
 90
       50
102
RTVSPost2010PropOp42
 70
     0
102
RTVSPost2010Prop43
 90
        3
102
RTVSPost2010PropOp43
 70
     0
102
RTVSPost2010Prop44ColorIndex
 90
        5
102
RTVSPost2010Prop44ColorRGB
 90
      255
102
RTVSPost2010PropOp44
 70
     0
102
RTVSPost2010Prop45
280
     0
102
RTVSPost2010PropOp45
 70
     0
102
RTVSPost2010Prop46
 90
       50
102
RTVSPost2010PropOp46
 70
     0
102
RTVSPost2010Prop47
 90
       50
102
RTVSPost2010PropOp47
 70
     0
102
RTVSPost2010Prop48
 90
       50
102
RTVSPost2010PropOp48
 70
     0
102
RTVSPost2010Prop49
280
     0
102
RTVSPost2010PropOp49
 70
     0
102
RTVSPost2010Prop50
 90
       50
102
RTVSPost2010PropOp50
 70
     0
102
RTVSPost2010Prop51ColorIndex
 90
      256
102
RTVSPost2010Prop51ColorRGB
 90
-16777216
102
RTVSPost2010PropOp51
 70
     0
102
RTVSPost2010Prop52
140
1.0
102
RTVSPost2010PropOp52
 70
     0
102
RTVSPost2010Prop53
 90
        2
102
RTVSPost2010PropOp53
 70
     0
102
RTVSPost2010Prop54
  1
strokes_ogs.tif
102
RTVSPost2010PropOp54
 70
     0
102
RTVSPost2010Prop55
280
     0
102
RTVSPost2010PropOp55
 70
     0
102
RTVSPost2010Prop56
140
1.0
102
RTVSPost2010PropOp56
 70
     0
102
RTVSPost2010Prop57
140
1.0
102
RTVSPost2010PropOp57
 70
     0
  0
XRECORD
  5
301
102
{ACAD_REACTORS
330
300
102
}
330
300
100
AcDbXrecord
280
     1
102
RTVSPropertyOp0
 70
     1
102
RTVSPropertyOp1
 70
     1
102
RTVSPropertyOp2
 70
     1
102
RTVSPropertyOp3
 70
     1
102
RTVSPropertyOp4
 70
     1
102
RTVSPropertyOp5
 70
     1
102
RTVSPropertyOp6
 70
     1
102
RTVSPropertyOp7
 70
     1
102
RTVSPropertyOp8
 70
     1
102
RTVSPropertyOp9
 70
     1
102
RTVSPropertyOp10
 70
     1
102
RTVSPropertyOp11
 70
     1
102
RTVSPropertyOp12
 70
     1
102
RTVSPropertyOp13
 70
     1
102
RTVSPropertyOp14
 70
     1
102
RTVSPropertyOp15
 70
     1
102
RTVSPropertyOp16
 70
     1
102
RTVSPropertyOp17
 70
     1
102
RTVSPropertyOp18
 70
     1
102
RTVSPropertyOp19
 70
     1
102
RTVSPropertyOp20
 70
     1
102
RTVSPropertyOp21
 70
     1
102
RTVSPropertyOp22
 70
     1
102
RTVSPropertyOp23
 70
     1
102
RTVSPropertyOp24
 70
     1
102
RTVSPropertyOp25
 70
     1
102
RTVSPropertyOp26
 70
     1
102
RTVSPropertyOp27
 70
     1
102
RTVSPropertyOp28
 70
     1
102
RTVSPropertyOp29
 70
     1
102
RTVSPropertyOp30
 70
     1
102
RTVSPropertyOp31
 70
     1
102
RTVSPropertyOp32
 70
     1
102
RTVSPropertyOp33
 70
     1
102
RTVSPropertyOp34
 70
     1
102
RTVSPropertyOp35
 70
     1
102
RTVSPropertyOp36
 70
     1
102
RTVSPropertyOp37
 70
     1
102
RTVSPropertyOp38
 70
     1
102
RTVSPropertyOp39
 70
     1
102
RTVSPropertyOp40
 70
     1
102
RTVSPropertyOp41
 70
     1
102
RTVSPropertyOp42
 70
     1
102
RTVSPropertyOp43
 70
     1
102
RTVSPropertyOp44
 70
     1
102
RTVSPropertyOp45
 70
     1
102
RTVSPropertyOp46
 70
     1
102
RTVSPropertyOp47
 70
     1
102
RTVSPropertyOp48
 70
     1
102
RTVSPropertyOp49
 70
     1
102
RTVSPropertyOp50
 70
     1
102
RTVSPropertyOp51
 70
     0
102
RTVSPropertyOp52
 70
     0
102
RTVSPropertyOp53
 70
     1
102
RTVSPropertyOp54
 70
     1
102
RTVSPropertyOp55
 70
     1
102
RTVSPropertyOp56
 70
     1
102
RTVSPropertyOp57
 70
     1
102
RTVSPost2010Prop28
280
     0
102
RTVSPost2010PropOp28
 70
     1
102
RTVSPost2010Prop29
280
     1
102
RTVSPost2010PropOp29
 70
     1
102
RTVSPost2010Prop30
280
     1
102
RTVSPost2010PropOp30
 70
     1
102
RTVSPost2010Prop31
280
     0
102
RTVSPost2010PropOp31
 70
     1
102
RTVSPost2010Prop32
280
     0
102
RTVSPost2010PropOp32
 70
     1
102
RTVSPost2010Prop33
280
     0
102
RTVSPost2010PropOp33
 70
     1
102
RTVSPost2010Prop34
280
     0
102
RTVSPost2010PropOp34
 70
     1
102
RTVSPost2010Prop35
280
     0
102
RTVSPost2010PropOp35
 70
     1
102
RTVSPost2010Prop36
280
     0
102
RTVSPost2010PropOp36
 70
     1
102
RTVSPost2010Prop37
 90
       50
102
RTVSPost2010PropOp37
 70
     1
102
RTVSPost2010Prop38
140
0.0
102
RTVSPost2010PropOp38
 70
     1
102
RTVSPost2010Prop39
140
1.0
102
RTVSPost2010PropOp39
 70
     1
102
RTVSPost2010Prop40
 90
        0
102
RTVSPost2010PropOp40
 70
     1
102
RTVSPost2010Prop41ColorIndex
 90
       18
102
RTVSPost2010Prop41ColorRGB
 90
        0
102
RTVSPost2010PropOp41
 70
     1
102
RTVSPost2010Prop42
 90
       50
102
RTVSPost2010PropOp42
 70
     1
102
RTVSPost2010Prop43
 90
        3
102
RTVSPost2010PropOp43
 70
     1
102
RTVSPost2010Prop44ColorIndex
 90
        5
102
RTVSPost2010Prop44ColorRGB
 90
      255
102
RTVSPost2010PropOp44
 70
     1
102
RTVSPost2010Prop45
280
     0
102
RTVSPost2010PropOp45
 70
     1
102
RTVSPost2010Prop46
 90
       50
102
RTVSPost2010PropOp46
 70
     1
102
RTVSPost2010Prop47
 90
       50
102
RTVSPost2010PropOp47
 70
     1
102
RTVSPost2010Prop48
 90
       50
102
RTVSPost2010PropOp48
 70
     1
102
RTVSPost2010Prop49
280
     0
102
RTVSPost2010PropOp49
 70
     1
102
RTVSPost2010Prop50
 90
       50
102
RTVSPost2010PropOp50
 70
     1
102
RTVSPost2010Prop51ColorIndex
 90
      256
102
RTVSPost2010Prop51ColorRGB
 90
-16777216
102
RTVSPost2010PropOp51
 70
     0
102
RTVSPost2010Prop52
140
1.0
102
RTVSPost2010PropOp52
 70
     0
102
RTVSPost2010Prop53
 90
        2
102
RTVSPost2010PropOp53
 70
     1
102
RTVSPost2010Prop54
  1
strokes_ogs.tif
102
RTVSPost2010PropOp54
 70
     1
102
RTVSPost2010Prop55
280
     0
102
RTVSPost2010PropOp55
 70
     1
102
RTVSPost2010Prop56
140
1.0
102
RTVSPost2010PropOp56
 70
     1
102
RTVSPost2010Prop57
140
1.0
102
RTVSPost2010PropOp57
 70
     1
  0
XRECORD
  5
309
102
{ACAD_REACTORS
330
308
102
}
330
308
100
AcDbXrecord
280
     1
102
RTVSPropertyOp0
 70
     0
102
RTVSPropertyOp1
 70
     0
102
RTVSPropertyOp2
 70
     0
102
RTVSPropertyOp3
 70
     0
102
RTVSPropertyOp4
 70
     0
102
RTVSPropertyOp5
 70
     0
102
RTVSPropertyOp6
 70
     0
102
RTVSPropertyOp7
 70
     0
102
RTVSPropertyOp8
 70
     0
102
RTVSPropertyOp9
 70
     0
102
RTVSPropertyOp10
 70
     0
102
RTVSPropertyOp11
 70
     0
102
RTVSPropertyOp12
 70
     0
102
RTVSPropertyOp13
 70
     0
102
RTVSPropertyOp14
 70
     2
102
RTVSPropertyOp15
 70
     0
102
RTVSPropertyOp16
 70
     0
102
RTVSPropertyOp17
 70
     0
102
RTVSPropertyOp18
 70
     0
102
RTVSPropertyOp19
 70
     0
102
RTVSPropertyOp20
 70
     0
102
RTVSPropertyOp21
 70
     0
102
RTVSPropertyOp22
 70
     0
102
RTVSPropertyOp23
 70
     0
102
RTVSPropertyOp24
 70
     0
102
RTVSPropertyOp25
 70
     0
102
RTVSPropertyOp26
 70
     0
102
RTVSPropertyOp27
 70
     0
102
RTVSPropertyOp28
 70
     0
102
RTVSPropertyOp29
 70
     0
102
RTVSPropertyOp30
 70
     0
102
RTVSPropertyOp31
 70
     0
102
RTVSPropertyOp32
 70
     0
102
RTVSPropertyOp33
 70
     0
102
RTVSPropertyOp34
 70
     0
102
RTVSPropertyOp35
 70
     0
102
RTVSPropertyOp36
 70
     0
102
RTVSPropertyOp37
 70
     0
102
RTVSPropertyOp38
 70
     0
102
RTVSPropertyOp39
 70
     0
102
RTVSPropertyOp40
 70
     0
102
RTVSPropertyOp41
 70
     0
102
RTVSPropertyOp42
 70
     0
102
RTVSPropertyOp43
 70
     0
102
RTVSPropertyOp44
 70
     0
102
RTVSPropertyOp45
 70
     0
102
RTVSPropertyOp46
 70
     0
102
RTVSPropertyOp47
 70
     0
102
RTVSPropertyOp48
 70
     0
102
RTVSPropertyOp49
 70
     0
102
RTVSPropertyOp50
 70
     0
102
RTVSPropertyOp51
 70
     0
102
RTVSPropertyOp52
 70
     0
102
RTVSPropertyOp53
 70
     0
102
RTVSPropertyOp54
 70
     0
102
RTVSPropertyOp55
 70
     0
102
RTVSPropertyOp56
 70
     0
102
RTVSPropertyOp57
 70
     0
102
RTVSPost2010Prop28
280
     0
102
RTVSPost2010PropOp28
 70
     0
102
RTVSPost2010Prop29
280
     1
102
RTVSPost2010PropOp29
 70
     0
102
RTVSPost2010Prop30
280
     1
102
RTVSPost2010PropOp30
 70
     0
102
RTVSPost2010Prop31
280
     0
102
RTVSPost2010PropOp31
 70
     0
102
RTVSPost2010Prop32
280
     0
102
RTVSPost2010PropOp32
 70
     0
102
RTVSPost2010Prop33
280
     0
102
RTVSPost2010PropOp33
 70
     0
102
RTVSPost2010Prop34
280
     0
102
RTVSPost2010PropOp34
 70
     0
102
RTVSPost2010Prop35
280
     0
102
RTVSPost2010PropOp35
 70
     0
102
RTVSPost2010Prop36
280
     0
102
RTVSPost2010PropOp36
 70
     0
102
RTVSPost2010Prop37
 90
       50
102
RTVSPost2010PropOp37
 70
     0
102
RTVSPost2010Prop38
140
0.0
102
RTVSPost2010PropOp38
 70
     0
102
RTVSPost2010Prop39
140
1.0
102
RTVSPost2010PropOp39
 70
     0
102
RTVSPost2010Prop40
 90
        0
102
RTVSPost2010PropOp40
 70
     0
102
RTVSPost2010Prop41ColorIndex
 90
       18
102
RTVSPost2010Prop41ColorRGB
 90
        0
102
RTVSPost2010PropOp41
 70
     0
102
RTVSPost2010Prop42
 90
       50
102
RTVSPost2010PropOp42
 70
     0
102
RTVSPost2010Prop43
 90
        3
102
RTVSPost2010PropOp43
 70
     0
102
RTVSPost2010Prop44ColorIndex
 90
        5
102
RTVSPost2010Prop44ColorRGB
 90
      255
102
RTVSPost2010PropOp44
 70
     0
102
RTVSPost2010Prop45
280
     0
102
RTVSPost2010PropOp45
 70
     0
102
RTVSPost2010Prop46
 90
       50
102
RTVSPost2010PropOp46
 70
     0
102
RTVSPost2010Prop47
 90
       50
102
RTVSPost2010PropOp47
 70
     0
102
RTVSPost2010Prop48
 90
       50
102
RTVSPost2010PropOp48
 70
     0
102
RTVSPost2010Prop49
280
     0
102
RTVSPost2010PropOp49
 70
     0
102
RTVSPost2010Prop50
 90
       50
102
RTVSPost2010PropOp50
 70
     0
102
RTVSPost2010Prop51ColorIndex
 90
      256
102
RTVSPost2010Prop51ColorRGB
 90
-16777216
102
RTVSPost2010PropOp51
 70
     0
102
RTVSPost2010Prop52
140
1.0
102
RTVSPost2010PropOp52
 70
     0
102
RTVSPost2010Prop53
 90
        2
102
RTVSPost2010PropOp53
 70
     0
102
RTVSPost2010Prop54
  1
strokes_ogs.tif
102
RTVSPost2010PropOp54
 70
     0
102
RTVSPost2010Prop55
280
     0
102
RTVSPost2010PropOp55
 70
     0
102
RTVSPost2010Prop56
140
1.0
102
RTVSPost2010PropOp56
 70
     0
102
RTVSPost2010Prop57
140
1.0
102
RTVSPost2010PropOp57
 70
     0
  0
XRECORD
  5
2F7
102
{ACAD_REACTORS
330
2F6
102
}
330
2F6
100
AcDbXrecord
280
     1
102
RTVSPropertyOp0
 70
     1
102
RTVSPropertyOp1
 70
     1
102
RTVSPropertyOp2
 70
     1
102
RTVSPropertyOp3
 70
     1
102
RTVSPropertyOp4
 70
     1
102
RTVSPropertyOp5
 70
     1
102
RTVSPropertyOp6
 70
     1
102
RTVSPropertyOp7
 70
     1
102
RTVSPropertyOp8
 70
     1
102
RTVSPropertyOp9
 70
     1
102
RTVSPropertyOp10
 70
     1
102
RTVSPropertyOp11
 70
     1
102
RTVSPropertyOp12
 70
     1
102
RTVSPropertyOp13
 70
     1
102
RTVSPropertyOp14
 70
     1
102
RTVSPropertyOp15
 70
     1
102
RTVSPropertyOp16
 70
     1
102
RTVSPropertyOp17
 70
     1
102
RTVSPropertyOp18
 70
     1
102
RTVSPropertyOp19
 70
     1
102
RTVSPropertyOp20
 70
     1
102
RTVSPropertyOp21
 70
     1
102
RTVSPropertyOp22
 70
     1
102
RTVSPropertyOp23
 70
     1
102
RTVSPropertyOp24
 70
     1
102
RTVSPropertyOp25
 70
     1
102
RTVSPropertyOp26
 70
     1
102
RTVSPropertyOp27
 70
     1
102
RTVSPropertyOp28
 70
     1
102
RTVSPropertyOp29
 70
     1
102
RTVSPropertyOp30
 70
     1
102
RTVSPropertyOp31
 70
     1
102
RTVSPropertyOp32
 70
     1
102
RTVSPropertyOp33
 70
     1
102
RTVSPropertyOp34
 70
     1
102
RTVSPropertyOp35
 70
     1
102
RTVSPropertyOp36
 70
     1
102
RTVSPropertyOp37
 70
     1
102
RTVSPropertyOp38
 70
     1
102
RTVSPropertyOp39
 70
     1
102
RTVSPropertyOp40
 70
     1
102
RTVSPropertyOp41
 70
     1
102
RTVSPropertyOp42
 70
     1
102
RTVSPropertyOp43
 70
     1
102
RTVSPropertyOp44
 70
     1
102
RTVSPropertyOp45
 70
     1
102
RTVSPropertyOp46
 70
     1
102
RTVSPropertyOp47
 70
     1
102
RTVSPropertyOp48
 70
     1
102
RTVSPropertyOp49
 70
     1
102
RTVSPropertyOp50
 70
     1
102
RTVSPropertyOp51
 70
     0
102
RTVSPropertyOp52
 70
     0
102
RTVSPropertyOp53
 70
     1
102
RTVSPropertyOp54
 70
     1
102
RTVSPropertyOp55
 70
     1
102
RTVSPropertyOp56
 70
     1
102
RTVSPropertyOp57
 70
     1
102
RTVSPost2010Prop28
280
     0
102
RTVSPost2010PropOp28
 70
     1
102
RTVSPost2010Prop29
280
     1
102
RTVSPost2010PropOp29
 70
     1
102
RTVSPost2010Prop30
280
     1
102
RTVSPost2010PropOp30
 70
     1
102
RTVSPost2010Prop31
280
     0
102
RTVSPost2010PropOp31
 70
     1
102
RTVSPost2010Prop32
280
     0
102
RTVSPost2010PropOp32
 70
     1
102
RTVSPost2010Prop33
280
     0
102
RTVSPost2010PropOp33
 70
     1
102
RTVSPost2010Prop34
280
     0
102
RTVSPost2010PropOp34
 70
     1
102
RTVSPost2010Prop35
280
     0
102
RTVSPost2010PropOp35
 70
     1
102
RTVSPost2010Prop36
280
     0
102
RTVSPost2010PropOp36
 70
     1
102
RTVSPost2010Prop37
 90
       50
102
RTVSPost2010PropOp37
 70
     1
102
RTVSPost2010Prop38
140
0.0
102
RTVSPost2010PropOp38
 70
     1
102
RTVSPost2010Prop39
140
1.0
102
RTVSPost2010PropOp39
 70
     1
102
RTVSPost2010Prop40
 90
        0
102
RTVSPost2010PropOp40
 70
     1
102
RTVSPost2010Prop41ColorIndex
 90
       18
102
RTVSPost2010Prop41ColorRGB
 90
        0
102
RTVSPost2010PropOp41
 70
     1
102
RTVSPost2010Prop42
 90
       50
102
RTVSPost2010PropOp42
 70
     1
102
RTVSPost2010Prop43
 90
        3
102
RTVSPost2010PropOp43
 70
     1
102
RTVSPost2010Prop44ColorIndex
 90
        5
102
RTVSPost2010Prop44ColorRGB
 90
      255
102
RTVSPost2010PropOp44
 70
     1
102
RTVSPost2010Prop45
280
     0
102
RTVSPost2010PropOp45
 70
     1
102
RTVSPost2010Prop46
 90
       50
102
RTVSPost2010PropOp46
 70
     1
102
RTVSPost2010Prop47
 90
       50
102
RTVSPost2010PropOp47
 70
     1
102
RTVSPost2010Prop48
 90
       50
102
RTVSPost2010PropOp48
 70
     1
102
RTVSPost2010Prop49
280
     0
102
RTVSPost2010PropOp49
 70
     1
102
RTVSPost2010Prop50
 90
       50
102
RTVSPost2010PropOp50
 70
     1
102
RTVSPost2010Prop51ColorIndex
 90
      256
102
RTVSPost2010Prop51ColorRGB
 90
-16777216
102
RTVSPost2010PropOp51
 70
     0
102
RTVSPost2010Prop52
140
1.0
102
RTVSPost2010PropOp52
 70
     0
102
RTVSPost2010Prop53
 90
        2
102
RTVSPost2010PropOp53
 70
     1
102
RTVSPost2010Prop54
  1
strokes_ogs.tif
102
RTVSPost2010PropOp54
 70
     1
102
RTVSPost2010Prop55
280
     0
102
RTVSPost2010PropOp55
 70
     1
102
RTVSPost2010Prop56
140
1.0
102
RTVSPost2010PropOp56
 70
     1
102
RTVSPost2010Prop57
140
1.0
102
RTVSPost2010PropOp57
 70
     1
  0
XRECORD
  5
315
102
{ACAD_REACTORS
330
314
102
}
330
314
100
AcDbXrecord
280
     1
102
RTVSPropertyOp0
 70
     1
102
RTVSPropertyOp1
 70
     1
102
RTVSPropertyOp2
 70
     1
102
RTVSPropertyOp3
 70
     1
102
RTVSPropertyOp4
 70
     1
102
RTVSPropertyOp5
 70
     1
102
RTVSPropertyOp6
 70
     1
102
RTVSPropertyOp7
 70
     1
102
RTVSPropertyOp8
 70
     1
102
RTVSPropertyOp9
 70
     1
102
RTVSPropertyOp10
 70
     1
102
RTVSPropertyOp11
 70
     1
102
RTVSPropertyOp12
 70
     1
102
RTVSPropertyOp13
 70
     1
102
RTVSPropertyOp14
 70
     1
102
RTVSPropertyOp15
 70
     1
102
RTVSPropertyOp16
 70
     1
102
RTVSPropertyOp17
 70
     1
102
RTVSPropertyOp18
 70
     1
102
RTVSPropertyOp19
 70
     1
102
RTVSPropertyOp20
 70
     1
102
RTVSPropertyOp21
 70
     1
102
RTVSPropertyOp22
 70
     1
102
RTVSPropertyOp23
 70
     1
102
RTVSPropertyOp24
 70
     1
102
RTVSPropertyOp25
 70
     1
102
RTVSPropertyOp26
 70
     1
102
RTVSPropertyOp27
 70
     1
102
RTVSPropertyOp28
 70
     1
102
RTVSPropertyOp29
 70
     1
102
RTVSPropertyOp30
 70
     1
102
RTVSPropertyOp31
 70
     1
102
RTVSPropertyOp32
 70
     1
102
RTVSPropertyOp33
 70
     1
102
RTVSPropertyOp34
 70
     1
102
RTVSPropertyOp35
 70
     1
102
RTVSPropertyOp36
 70
     1
102
RTVSPropertyOp37
 70
     1
102
RTVSPropertyOp38
 70
     1
102
RTVSPropertyOp39
 70
     1
102
RTVSPropertyOp40
 70
     1
102
RTVSPropertyOp41
 70
     1
102
RTVSPropertyOp42
 70
     1
102
RTVSPropertyOp43
 70
     1
102
RTVSPropertyOp44
 70
     1
102
RTVSPropertyOp45
 70
     1
102
RTVSPropertyOp46
 70
     1
102
RTVSPropertyOp47
 70
     1
102
RTVSPropertyOp48
 70
     1
102
RTVSPropertyOp49
 70
     1
102
RTVSPropertyOp50
 70
     1
102
RTVSPropertyOp51
 70
     0
102
RTVSPropertyOp52
 70
     0
102
RTVSPropertyOp53
 70
     1
102
RTVSPropertyOp54
 70
     1
102
RTVSPropertyOp55
 70
     1
102
RTVSPropertyOp56
 70
     1
102
RTVSPropertyOp57
 70
     1
102
RTVSPost2010Prop28
280
     0
102
RTVSPost2010PropOp28
 70
     1
102
RTVSPost2010Prop29
280
     1
102
RTVSPost2010PropOp29
 70
     1
102
RTVSPost2010Prop30
280
     1
102
RTVSPost2010PropOp30
 70
     1
102
RTVSPost2010Prop31
280
     0
102
RTVSPost2010PropOp31
 70
     1
102
RTVSPost2010Prop32
280
     0
102
RTVSPost2010PropOp32
 70
     1
102
RTVSPost2010Prop33
280
     0
102
RTVSPost2010PropOp33
 70
     1
102
RTVSPost2010Prop34
280
     0
102
RTVSPost2010PropOp34
 70
     1
102
RTVSPost2010Prop35
280
     0
102
RTVSPost2010PropOp35
 70
     1
102
RTVSPost2010Prop36
280
     0
102
RTVSPost2010PropOp36
 70
     1
102
RTVSPost2010Prop37
 90
       50
102
RTVSPost2010PropOp37
 70
     1
102
RTVSPost2010Prop38
140
0.0
102
RTVSPost2010PropOp38
 70
     1
102
RTVSPost2010Prop39
140
1.0
102
RTVSPost2010PropOp39
 70
     1
102
RTVSPost2010Prop40
 90
        0
102
RTVSPost2010PropOp40
 70
     1
102
RTVSPost2010Prop41ColorIndex
 90
       18
102
RTVSPost2010Prop41ColorRGB
 90
        0
102
RTVSPost2010PropOp41
 70
     1
102
RTVSPost2010Prop42
 90
       50
102
RTVSPost2010PropOp42
 70
     1
102
RTVSPost2010Prop43
 90
        3
102
RTVSPost2010PropOp43
 70
     1
102
RTVSPost2010Prop44ColorIndex
 90
        5
102
RTVSPost2010Prop44ColorRGB
 90
      255
102
RTVSPost2010PropOp44
 70
     1
102
RTVSPost2010Prop45
280
     0
102
RTVSPost2010PropOp45
 70
     1
102
RTVSPost2010Prop46
 90
       50
102
RTVSPost2010PropOp46
 70
     1
102
RTVSPost2010Prop47
 90
       50
102
RTVSPost2010PropOp47
 70
     1
102
RTVSPost2010Prop48
 90
       50
102
RTVSPost2010PropOp48
 70
     1
102
RTVSPost2010Prop49
280
     0
102
RTVSPost2010PropOp49
 70
     1
102
RTVSPost2010Prop50
 90
       50
102
RTVSPost2010PropOp50
 70
     1
102
RTVSPost2010Prop51ColorIndex
 90
      256
102
RTVSPost2010Prop51ColorRGB
 90
-16777216
102
RTVSPost2010PropOp51
 70
     0
102
RTVSPost2010Prop52
140
1.0
102
RTVSPost2010PropOp52
 70
     0
102
RTVSPost2010Prop53
 90
        2
102
RTVSPost2010PropOp53
 70
     1
102
RTVSPost2010Prop54
  1
strokes_ogs.tif
102
RTVSPost2010PropOp54
 70
     1
102
RTVSPost2010Prop55
280
     0
102
RTVSPost2010PropOp55
 70
     1
102
RTVSPost2010Prop56
140
1.0
102
RTVSPost2010PropOp56
 70
     1
102
RTVSPost2010Prop57
140
1.0
102
RTVSPost2010PropOp57
 70
     1
  0
XRECORD
  5
313
102
{ACAD_REACTORS
330
312
102
}
330
312
100
AcDbXrecord
280
     1
102
RTVSPropertyOp0
 70
     1
102
RTVSPropertyOp1
 70
     1
102
RTVSPropertyOp2
 70
     1
102
RTVSPropertyOp3
 70
     1
102
RTVSPropertyOp4
 70
     1
102
RTVSPropertyOp5
 70
     1
102
RTVSPropertyOp6
 70
     1
102
RTVSPropertyOp7
 70
     1
102
RTVSPropertyOp8
 70
     1
102
RTVSPropertyOp9
 70
     1
102
RTVSPropertyOp10
 70
     1
102
RTVSPropertyOp11
 70
     1
102
RTVSPropertyOp12
 70
     1
102
RTVSPropertyOp13
 70
     1
102
RTVSPropertyOp14
 70
     1
102
RTVSPropertyOp15
 70
     1
102
RTVSPropertyOp16
 70
     1
102
RTVSPropertyOp17
 70
     1
102
RTVSPropertyOp18
 70
     1
102
RTVSPropertyOp19
 70
     1
102
RTVSPropertyOp20
 70
     1
102
RTVSPropertyOp21
 70
     1
102
RTVSPropertyOp22
 70
     1
102
RTVSPropertyOp23
 70
     1
102
RTVSPropertyOp24
 70
     1
102
RTVSPropertyOp25
 70
     1
102
RTVSPropertyOp26
 70
     1
102
RTVSPropertyOp27
 70
     1
102
RTVSPropertyOp28
 70
     1
102
RTVSPropertyOp29
 70
     1
102
RTVSPropertyOp30
 70
     1
102
RTVSPropertyOp31
 70
     1
102
RTVSPropertyOp32
 70
     1
102
RTVSPropertyOp33
 70
     1
102
RTVSPropertyOp34
 70
     1
102
RTVSPropertyOp35
 70
     1
102
RTVSPropertyOp36
 70
     1
102
RTVSPropertyOp37
 70
     1
102
RTVSPropertyOp38
 70
     1
102
RTVSPropertyOp39
 70
     1
102
RTVSPropertyOp40
 70
     1
102
RTVSPropertyOp41
 70
     1
102
RTVSPropertyOp42
 70
     1
102
RTVSPropertyOp43
 70
     1
102
RTVSPropertyOp44
 70
     1
102
RTVSPropertyOp45
 70
     1
102
RTVSPropertyOp46
 70
     1
102
RTVSPropertyOp47
 70
     1
102
RTVSPropertyOp48
 70
     1
102
RTVSPropertyOp49
 70
     1
102
RTVSPropertyOp50
 70
     1
102
RTVSPropertyOp51
 70
     0
102
RTVSPropertyOp52
 70
     0
102
RTVSPropertyOp53
 70
     1
102
RTVSPropertyOp54
 70
     1
102
RTVSPropertyOp55
 70
     1
102
RTVSPropertyOp56
 70
     1
102
RTVSPropertyOp57
 70
     1
102
RTVSPost2010Prop28
280
     0
102
RTVSPost2010PropOp28
 70
     1
102
RTVSPost2010Prop29
280
     1
102
RTVSPost2010PropOp29
 70
     1
102
RTVSPost2010Prop30
280
     1
102
RTVSPost2010PropOp30
 70
     1
102
RTVSPost2010Prop31
280
     0
102
RTVSPost2010PropOp31
 70
     1
102
RTVSPost2010Prop32
280
     0
102
RTVSPost2010PropOp32
 70
     1
102
RTVSPost2010Prop33
280
     0
102
RTVSPost2010PropOp33
 70
     1
102
RTVSPost2010Prop34
280
     0
102
RTVSPost2010PropOp34
 70
     1
102
RTVSPost2010Prop35
280
     0
102
RTVSPost2010PropOp35
 70
     1
102
RTVSPost2010Prop36
280
     0
102
RTVSPost2010PropOp36
 70
     1
102
RTVSPost2010Prop37
 90
       50
102
RTVSPost2010PropOp37
 70
     1
102
RTVSPost2010Prop38
140
0.0
102
RTVSPost2010PropOp38
 70
     1
102
RTVSPost2010Prop39
140
1.0
102
RTVSPost2010PropOp39
 70
     1
102
RTVSPost2010Prop40
 90
        0
102
RTVSPost2010PropOp40
 70
     1
102
RTVSPost2010Prop41ColorIndex
 90
       18
102
RTVSPost2010Prop41ColorRGB
 90
        0
102
RTVSPost2010PropOp41
 70
     1
102
RTVSPost2010Prop42
 90
       50
102
RTVSPost2010PropOp42
 70
     1
102
RTVSPost2010Prop43
 90
        3
102
RTVSPost2010PropOp43
 70
     1
102
RTVSPost2010Prop44ColorIndex
 90
        5
102
RTVSPost2010Prop44ColorRGB
 90
      255
102
RTVSPost2010PropOp44
 70
     1
102
RTVSPost2010Prop45
280
     0
102
RTVSPost2010PropOp45
 70
     1
102
RTVSPost2010Prop46
 90
       50
102
RTVSPost2010PropOp46
 70
     1
102
RTVSPost2010Prop47
 90
       50
102
RTVSPost2010PropOp47
 70
     1
102
RTVSPost2010Prop48
 90
       50
102
RTVSPost2010PropOp48
 70
     1
102
RTVSPost2010Prop49
280
     0
102
RTVSPost2010PropOp49
 70
     1
102
RTVSPost2010Prop50
 90
       50
102
RTVSPost2010PropOp50
 70
     1
102
RTVSPost2010Prop51ColorIndex
 90
      256
102
RTVSPost2010Prop51ColorRGB
 90
-16777216
102
RTVSPost2010PropOp51
 70
     0
102
RTVSPost2010Prop52
140
1.0
102
RTVSPost2010PropOp52
 70
     0
102
RTVSPost2010Prop53
 90
        2
102
RTVSPost2010PropOp53
 70
     1
102
RTVSPost2010Prop54
  1
strokes_ogs.tif
102
RTVSPost2010PropOp54
 70
     1
102
RTVSPost2010Prop55
280
     0
102
RTVSPost2010PropOp55
 70
     1
102
RTVSPost2010Prop56
140
1.0
102
RTVSPost2010PropOp56
 70
     1
102
RTVSPost2010Prop57
140
1.0
102
RTVSPost2010PropOp57
 70
     1
  0
XRECORD
  5
30D
102
{ACAD_REACTORS
330
30C
102
}
330
30C
100
AcDbXrecord
280
     1
102
RTVSPropertyOp0
 70
     1
102
RTVSPropertyOp1
 70
     1
102
RTVSPropertyOp2
 70
     1
102
RTVSPropertyOp3
 70
     1
102
RTVSPropertyOp4
 70
     1
102
RTVSPropertyOp5
 70
     1
102
RTVSPropertyOp6
 70
     1
102
RTVSPropertyOp7
 70
     1
102
RTVSPropertyOp8
 70
     1
102
RTVSPropertyOp9
 70
     1
102
RTVSPropertyOp10
 70
     1
102
RTVSPropertyOp11
 70
     1
102
RTVSPropertyOp12
 70
     1
102
RTVSPropertyOp13
 70
     1
102
RTVSPropertyOp14
 70
     1
102
RTVSPropertyOp15
 70
     1
102
RTVSPropertyOp16
 70
     1
102
RTVSPropertyOp17
 70
     1
102
RTVSPropertyOp18
 70
     1
102
RTVSPropertyOp19
 70
     1
102
RTVSPropertyOp20
 70
     1
102
RTVSPropertyOp21
 70
     1
102
RTVSPropertyOp22
 70
     1
102
RTVSPropertyOp23
 70
     1
102
RTVSPropertyOp24
 70
     1
102
RTVSPropertyOp25
 70
     1
102
RTVSPropertyOp26
 70
     1
102
RTVSPropertyOp27
 70
     1
102
RTVSPropertyOp28
 70
     1
102
RTVSPropertyOp29
 70
     1
102
RTVSPropertyOp30
 70
     1
102
RTVSPropertyOp31
 70
     1
102
RTVSPropertyOp32
 70
     1
102
RTVSPropertyOp33
 70
     1
102
RTVSPropertyOp34
 70
     1
102
RTVSPropertyOp35
 70
     1
102
RTVSPropertyOp36
 70
     1
102
RTVSPropertyOp37
 70
     1
102
RTVSPropertyOp38
 70
     1
102
RTVSPropertyOp39
 70
     1
102
RTVSPropertyOp40
 70
     1
102
RTVSPropertyOp41
 70
     1
102
RTVSPropertyOp42
 70
     1
102
RTVSPropertyOp43
 70
     1
102
RTVSPropertyOp44
 70
     1
102
RTVSPropertyOp45
 70
     1
102
RTVSPropertyOp46
 70
     1
102
RTVSPropertyOp47
 70
     1
102
RTVSPropertyOp48
 70
     1
102
RTVSPropertyOp49
 70
     1
102
RTVSPropertyOp50
 70
     1
102
RTVSPropertyOp51
 70
     0
102
RTVSPropertyOp52
 70
     0
102
RTVSPropertyOp53
 70
     1
102
RTVSPropertyOp54
 70
     1
102
RTVSPropertyOp55
 70
     1
102
RTVSPropertyOp56
 70
     1
102
RTVSPropertyOp57
 70
     1
102
RTVSPost2010Prop28
280
     0
102
RTVSPost2010PropOp28
 70
     1
102
RTVSPost2010Prop29
280
     1
102
RTVSPost2010PropOp29
 70
     1
102
RTVSPost2010Prop30
280
     1
102
RTVSPost2010PropOp30
 70
     1
102
RTVSPost2010Prop31
280
     0
102
RTVSPost2010PropOp31
 70
     1
102
RTVSPost2010Prop32
280
     0
102
RTVSPost2010PropOp32
 70
     1
102
RTVSPost2010Prop33
280
     0
102
RTVSPost2010PropOp33
 70
     1
102
RTVSPost2010Prop34
280
     0
102
RTVSPost2010PropOp34
 70
     1
102
RTVSPost2010Prop35
280
     0
102
RTVSPost2010PropOp35
 70
     1
102
RTVSPost2010Prop36
280
     0
102
RTVSPost2010PropOp36
 70
     1
102
RTVSPost2010Prop37
 90
       50
102
RTVSPost2010PropOp37
 70
     1
102
RTVSPost2010Prop38
140
0.0
102
RTVSPost2010PropOp38
 70
     1
102
RTVSPost2010Prop39
140
1.0
102
RTVSPost2010PropOp39
 70
     1
102
RTVSPost2010Prop40
 90
        0
102
RTVSPost2010PropOp40
 70
     1
102
RTVSPost2010Prop41ColorIndex
 90
       18
102
RTVSPost2010Prop41ColorRGB
 90
        0
102
RTVSPost2010PropOp41
 70
     1
102
RTVSPost2010Prop42
 90
       50
102
RTVSPost2010PropOp42
 70
     1
102
RTVSPost2010Prop43
 90
        3
102
RTVSPost2010PropOp43
 70
     1
102
RTVSPost2010Prop44ColorIndex
 90
        5
102
RTVSPost2010Prop44ColorRGB
 90
      255
102
RTVSPost2010PropOp44
 70
     1
102
RTVSPost2010Prop45
280
     0
102
RTVSPost2010PropOp45
 70
     1
102
RTVSPost2010Prop46
 90
       50
102
RTVSPost2010PropOp46
 70
     1
102
RTVSPost2010Prop47
 90
       50
102
RTVSPost2010PropOp47
 70
     1
102
RTVSPost2010Prop48
 90
       50
102
RTVSPost2010PropOp48
 70
     1
102
RTVSPost2010Prop49
280
     0
102
RTVSPost2010PropOp49
 70
     1
102
RTVSPost2010Prop50
 90
       50
102
RTVSPost2010PropOp50
 70
     1
102
RTVSPost2010Prop51ColorIndex
 90
      256
102
RTVSPost2010Prop51ColorRGB
 90
-16777216
102
RTVSPost2010PropOp51
 70
     0
102
RTVSPost2010Prop52
140
1.0
102
RTVSPost2010PropOp52
 70
     0
102
RTVSPost2010Prop53
 90
        2
102
RTVSPost2010PropOp53
 70
     1
102
RTVSPost2010Prop54
  1
strokes_ogs.tif
102
RTVSPost2010PropOp54
 70
     1
102
RTVSPost2010Prop55
280
     0
102
RTVSPost2010PropOp55
 70
     1
102
RTVSPost2010Prop56
140
1.0
102
RTVSPost2010PropOp56
 70
     1
102
RTVSPost2010Prop57
140
1.0
102
RTVSPost2010PropOp57
 70
     1
  0
XRECORD
  5
30F
102
{ACAD_REACTORS
330
30E
102
}
330
30E
100
AcDbXrecord
280
     1
102
RTVSPropertyOp0
 70
     1
102
RTVSPropertyOp1
 70
     1
102
RTVSPropertyOp2
 70
     1
102
RTVSPropertyOp3
 70
     1
102
RTVSPropertyOp4
 70
     1
102
RTVSPropertyOp5
 70
     1
102
RTVSPropertyOp6
 70
     1
102
RTVSPropertyOp7
 70
     1
102
RTVSPropertyOp8
 70
     1
102
RTVSPropertyOp9
 70
     1
102
RTVSPropertyOp10
 70
     1
102
RTVSPropertyOp11
 70
     1
102
RTVSPropertyOp12
 70
     1
102
RTVSPropertyOp13
 70
     1
102
RTVSPropertyOp14
 70
     1
102
RTVSPropertyOp15
 70
     1
102
RTVSPropertyOp16
 70
     1
102
RTVSPropertyOp17
 70
     1
102
RTVSPropertyOp18
 70
     1
102
RTVSPropertyOp19
 70
     1
102
RTVSPropertyOp20
 70
     1
102
RTVSPropertyOp21
 70
     1
102
RTVSPropertyOp22
 70
     1
102
RTVSPropertyOp23
 70
     1
102
RTVSPropertyOp24
 70
     1
102
RTVSPropertyOp25
 70
     1
102
RTVSPropertyOp26
 70
     1
102
RTVSPropertyOp27
 70
     1
102
RTVSPropertyOp28
 70
     1
102
RTVSPropertyOp29
 70
     1
102
RTVSPropertyOp30
 70
     1
102
RTVSPropertyOp31
 70
     1
102
RTVSPropertyOp32
 70
     1
102
RTVSPropertyOp33
 70
     1
102
RTVSPropertyOp34
 70
     1
102
RTVSPropertyOp35
 70
     1
102
RTVSPropertyOp36
 70
     1
102
RTVSPropertyOp37
 70
     1
102
RTVSPropertyOp38
 70
     1
102
RTVSPropertyOp39
 70
     1
102
RTVSPropertyOp40
 70
     1
102
RTVSPropertyOp41
 70
     1
102
RTVSPropertyOp42
 70
     1
102
RTVSPropertyOp43
 70
     1
102
RTVSPropertyOp44
 70
     1
102
RTVSPropertyOp45
 70
     1
102
RTVSPropertyOp46
 70
     1
102
RTVSPropertyOp47
 70
     1
102
RTVSPropertyOp48
 70
     1
102
RTVSPropertyOp49
 70
     1
102
RTVSPropertyOp50
 70
     1
102
RTVSPropertyOp51
 70
     0
102
RTVSPropertyOp52
 70
     0
102
RTVSPropertyOp53
 70
     1
102
RTVSPropertyOp54
 70
     1
102
RTVSPropertyOp55
 70
     1
102
RTVSPropertyOp56
 70
     1
102
RTVSPropertyOp57
 70
     1
102
RTVSPost2010Prop28
280
     0
102
RTVSPost2010PropOp28
 70
     1
102
RTVSPost2010Prop29
280
     1
102
RTVSPost2010PropOp29
 70
     1
102
RTVSPost2010Prop30
280
     1
102
RTVSPost2010PropOp30
 70
     1
102
RTVSPost2010Prop31
280
     0
102
RTVSPost2010PropOp31
 70
     1
102
RTVSPost2010Prop32
280
     0
102
RTVSPost2010PropOp32
 70
     1
102
RTVSPost2010Prop33
280
     0
102
RTVSPost2010PropOp33
 70
     1
102
RTVSPost2010Prop34
280
     0
102
RTVSPost2010PropOp34
 70
     1
102
RTVSPost2010Prop35
280
     0
102
RTVSPost2010PropOp35
 70
     1
102
RTVSPost2010Prop36
280
     0
102
RTVSPost2010PropOp36
 70
     1
102
RTVSPost2010Prop37
 90
       50
102
RTVSPost2010PropOp37
 70
     1
102
RTVSPost2010Prop38
140
0.0
102
RTVSPost2010PropOp38
 70
     1
102
RTVSPost2010Prop39
140
1.0
102
RTVSPost2010PropOp39
 70
     1
102
RTVSPost2010Prop40
 90
        0
102
RTVSPost2010PropOp40
 70
     1
102
RTVSPost2010Prop41ColorIndex
 90
       18
102
RTVSPost2010Prop41ColorRGB
 90
        0
102
RTVSPost2010PropOp41
 70
     1
102
RTVSPost2010Prop42
 90
       50
102
RTVSPost2010PropOp42
 70
     1
102
RTVSPost2010Prop43
 90
        3
102
RTVSPost2010PropOp43
 70
     1
102
RTVSPost2010Prop44ColorIndex
 90
        5
102
RTVSPost2010Prop44ColorRGB
 90
      255
102
RTVSPost2010PropOp44
 70
     1
102
RTVSPost2010Prop45
280
     0
102
RTVSPost2010PropOp45
 70
     1
102
RTVSPost2010Prop46
 90
       50
102
RTVSPost2010PropOp46
 70
     1
102
RTVSPost2010Prop47
 90
       50
102
RTVSPost2010PropOp47
 70
     1
102
RTVSPost2010Prop48
 90
       50
102
RTVSPost2010PropOp48
 70
     1
102
RTVSPost2010Prop49
280
     0
102
RTVSPost2010PropOp49
 70
     1
102
RTVSPost2010Prop50
 90
       50
102
RTVSPost2010PropOp50
 70
     1
102
RTVSPost2010Prop51ColorIndex
 90
      256
102
RTVSPost2010Prop51ColorRGB
 90
-16777216
102
RTVSPost2010PropOp51
 70
     0
102
RTVSPost2010Prop52
140
1.0
102
RTVSPost2010PropOp52
 70
     0
102
RTVSPost2010Prop53
 90
        2
102
RTVSPost2010PropOp53
 70
     1
102
RTVSPost2010Prop54
  1
strokes_ogs.tif
102
RTVSPost2010PropOp54
 70
     1
102
RTVSPost2010Prop55
280
     0
102
RTVSPost2010PropOp55
 70
     1
102
RTVSPost2010Prop56
140
1.0
102
RTVSPost2010PropOp56
 70
     1
102
RTVSPost2010Prop57
140
1.0
102
RTVSPost2010PropOp57
 70
     1
  0
XRECORD
  5
2FF
102
{ACAD_REACTORS
330
2FE
102
}
330
2FE
100
AcDbXrecord
280
     1
102
RTVSPropertyOp0
 70
     1
102
RTVSPropertyOp1
 70
     1
102
RTVSPropertyOp2
 70
     1
102
RTVSPropertyOp3
 70
     1
102
RTVSPropertyOp4
 70
     1
102
RTVSPropertyOp5
 70
     1
102
RTVSPropertyOp6
 70
     1
102
RTVSPropertyOp7
 70
     1
102
RTVSPropertyOp8
 70
     1
102
RTVSPropertyOp9
 70
     1
102
RTVSPropertyOp10
 70
     1
102
RTVSPropertyOp11
 70
     1
102
RTVSPropertyOp12
 70
     1
102
RTVSPropertyOp13
 70
     1
102
RTVSPropertyOp14
 70
     1
102
RTVSPropertyOp15
 70
     1
102
RTVSPropertyOp16
 70
     1
102
RTVSPropertyOp17
 70
     1
102
RTVSPropertyOp18
 70
     1
102
RTVSPropertyOp19
 70
     1
102
RTVSPropertyOp20
 70
     1
102
RTVSPropertyOp21
 70
     1
102
RTVSPropertyOp22
 70
     1
102
RTVSPropertyOp23
 70
     1
102
RTVSPropertyOp24
 70
     1
102
RTVSPropertyOp25
 70
     1
102
RTVSPropertyOp26
 70
     1
102
RTVSPropertyOp27
 70
     1
102
RTVSPropertyOp28
 70
     1
102
RTVSPropertyOp29
 70
     1
102
RTVSPropertyOp30
 70
     1
102
RTVSPropertyOp31
 70
     1
102
RTVSPropertyOp32
 70
     1
102
RTVSPropertyOp33
 70
     1
102
RTVSPropertyOp34
 70
     1
102
RTVSPropertyOp35
 70
     1
102
RTVSPropertyOp36
 70
     1
102
RTVSPropertyOp37
 70
     1
102
RTVSPropertyOp38
 70
     1
102
RTVSPropertyOp39
 70
     1
102
RTVSPropertyOp40
 70
     1
102
RTVSPropertyOp41
 70
     1
102
RTVSPropertyOp42
 70
     1
102
RTVSPropertyOp43
 70
     1
102
RTVSPropertyOp44
 70
     1
102
RTVSPropertyOp45
 70
     1
102
RTVSPropertyOp46
 70
     1
102
RTVSPropertyOp47
 70
     1
102
RTVSPropertyOp48
 70
     1
102
RTVSPropertyOp49
 70
     1
102
RTVSPropertyOp50
 70
     1
102
RTVSPropertyOp51
 70
     0
102
RTVSPropertyOp52
 70
     0
102
RTVSPropertyOp53
 70
     1
102
RTVSPropertyOp54
 70
     1
102
RTVSPropertyOp55
 70
     1
102
RTVSPropertyOp56
 70
     1
102
RTVSPropertyOp57
 70
     1
102
RTVSPost2010Prop28
280
     0
102
RTVSPost2010PropOp28
 70
     1
102
RTVSPost2010Prop29
280
     1
102
RTVSPost2010PropOp29
 70
     1
102
RTVSPost2010Prop30
280
     1
102
RTVSPost2010PropOp30
 70
     1
102
RTVSPost2010Prop31
280
     0
102
RTVSPost2010PropOp31
 70
     1
102
RTVSPost2010Prop32
280
     0
102
RTVSPost2010PropOp32
 70
     1
102
RTVSPost2010Prop33
280
     0
102
RTVSPost2010PropOp33
 70
     1
102
RTVSPost2010Prop34
280
     0
102
RTVSPost2010PropOp34
 70
     1
102
RTVSPost2010Prop35
280
     0
102
RTVSPost2010PropOp35
 70
     1
102
RTVSPost2010Prop36
280
     0
102
RTVSPost2010PropOp36
 70
     1
102
RTVSPost2010Prop37
 90
       50
102
RTVSPost2010PropOp37
 70
     1
102
RTVSPost2010Prop38
140
0.0
102
RTVSPost2010PropOp38
 70
     1
102
RTVSPost2010Prop39
140
1.0
102
RTVSPost2010PropOp39
 70
     1
102
RTVSPost2010Prop40
 90
        0
102
RTVSPost2010PropOp40
 70
     1
102
RTVSPost2010Prop41ColorIndex
 90
       18
102
RTVSPost2010Prop41ColorRGB
 90
        0
102
RTVSPost2010PropOp41
 70
     1
102
RTVSPost2010Prop42
 90
       50
102
RTVSPost2010PropOp42
 70
     1
102
RTVSPost2010Prop43
 90
        3
102
RTVSPost2010PropOp43
 70
     1
102
RTVSPost2010Prop44ColorIndex
 90
        5
102
RTVSPost2010Prop44ColorRGB
 90
      255
102
RTVSPost2010PropOp44
 70
     1
102
RTVSPost2010Prop45
280
     0
102
RTVSPost2010PropOp45
 70
     1
102
RTVSPost2010Prop46
 90
       50
102
RTVSPost2010PropOp46
 70
     1
102
RTVSPost2010Prop47
 90
       50
102
RTVSPost2010PropOp47
 70
     1
102
RTVSPost2010Prop48
 90
       50
102
RTVSPost2010PropOp48
 70
     1
102
RTVSPost2010Prop49
280
     0
102
RTVSPost2010PropOp49
 70
     1
102
RTVSPost2010Prop50
 90
       50
102
RTVSPost2010PropOp50
 70
     1
102
RTVSPost2010Prop51ColorIndex
 90
      256
102
RTVSPost2010Prop51ColorRGB
 90
-16777216
102
RTVSPost2010PropOp51
 70
     0
102
RTVSPost2010Prop52
140
1.0
102
RTVSPost2010PropOp52
 70
     0
102
RTVSPost2010Prop53
 90
        2
102
RTVSPost2010PropOp53
 70
     1
102
RTVSPost2010Prop54
  1
strokes_ogs.tif
102
RTVSPost2010PropOp54
 70
     1
102
RTVSPost2010Prop55
280
     0
102
RTVSPost2010PropOp55
 70
     1
102
RTVSPost2010Prop56
140
1.0
102
RTVSPost2010PropOp56
 70
     1
102
RTVSPost2010Prop57
140
1.0
102
RTVSPost2010PropOp57
 70
     1
  0
XRECORD
  5
2F1
102
{ACAD_REACTORS
330
2F0
102
}
330
2F0
100
AcDbXrecord
280
     1
102
RTVSPropertyOp0
 70
     1
102
RTVSPropertyOp1
 70
     1
102
RTVSPropertyOp2
 70
     1
102
RTVSPropertyOp3
 70
     1
102
RTVSPropertyOp4
 70
     1
102
RTVSPropertyOp5
 70
     1
102
RTVSPropertyOp6
 70
     1
102
RTVSPropertyOp7
 70
     1
102
RTVSPropertyOp8
 70
     1
102
RTVSPropertyOp9
 70
     1
102
RTVSPropertyOp10
 70
     1
102
RTVSPropertyOp11
 70
     1
102
RTVSPropertyOp12
 70
     1
102
RTVSPropertyOp13
 70
     1
102
RTVSPropertyOp14
 70
     1
102
RTVSPropertyOp15
 70
     1
102
RTVSPropertyOp16
 70
     1
102
RTVSPropertyOp17
 70
     1
102
RTVSPropertyOp18
 70
     1
102
RTVSPropertyOp19
 70
     1
102
RTVSPropertyOp20
 70
     1
102
RTVSPropertyOp21
 70
     1
102
RTVSPropertyOp22
 70
     1
102
RTVSPropertyOp23
 70
     1
102
RTVSPropertyOp24
 70
     1
102
RTVSPropertyOp25
 70
     1
102
RTVSPropertyOp26
 70
     1
102
RTVSPropertyOp27
 70
     1
102
RTVSPropertyOp28
 70
     1
102
RTVSPropertyOp29
 70
     1
102
RTVSPropertyOp30
 70
     1
102
RTVSPropertyOp31
 70
     1
102
RTVSPropertyOp32
 70
     1
102
RTVSPropertyOp33
 70
     1
102
RTVSPropertyOp34
 70
     1
102
RTVSPropertyOp35
 70
     1
102
RTVSPropertyOp36
 70
     1
102
RTVSPropertyOp37
 70
     1
102
RTVSPropertyOp38
 70
     1
102
RTVSPropertyOp39
 70
     1
102
RTVSPropertyOp40
 70
     1
102
RTVSPropertyOp41
 70
     1
102
RTVSPropertyOp42
 70
     1
102
RTVSPropertyOp43
 70
     1
102
RTVSPropertyOp44
 70
     1
102
RTVSPropertyOp45
 70
     1
102
RTVSPropertyOp46
 70
     1
102
RTVSPropertyOp47
 70
     1
102
RTVSPropertyOp48
 70
     1
102
RTVSPropertyOp49
 70
     1
102
RTVSPropertyOp50
 70
     1
102
RTVSPropertyOp51
 70
     0
102
RTVSPropertyOp52
 70
     0
102
RTVSPropertyOp53
 70
     1
102
RTVSPropertyOp54
 70
     1
102
RTVSPropertyOp55
 70
     1
102
RTVSPropertyOp56
 70
     1
102
RTVSPropertyOp57
 70
     1
102
RTVSPost2010Prop28
280
     0
102
RTVSPost2010PropOp28
 70
     1
102
RTVSPost2010Prop29
280
     1
102
RTVSPost2010PropOp29
 70
     1
102
RTVSPost2010Prop30
280
     1
102
RTVSPost2010PropOp30
 70
     1
102
RTVSPost2010Prop31
280
     0
102
RTVSPost2010PropOp31
 70
     1
102
RTVSPost2010Prop32
280
     0
102
RTVSPost2010PropOp32
 70
     1
102
RTVSPost2010Prop33
280
     0
102
RTVSPost2010PropOp33
 70
     1
102
RTVSPost2010Prop34
280
     0
102
RTVSPost2010PropOp34
 70
     1
102
RTVSPost2010Prop35
280
     0
102
RTVSPost2010PropOp35
 70
     1
102
RTVSPost2010Prop36
280
     0
102
RTVSPost2010PropOp36
 70
     1
102
RTVSPost2010Prop37
 90
       50
102
RTVSPost2010PropOp37
 70
     1
102
RTVSPost2010Prop38
140
0.0
102
RTVSPost2010PropOp38
 70
     1
102
RTVSPost2010Prop39
140
1.0
102
RTVSPost2010PropOp39
 70
     1
102
RTVSPost2010Prop40
 90
        0
102
RTVSPost2010PropOp40
 70
     1
102
RTVSPost2010Prop41ColorIndex
 90
       18
102
RTVSPost2010Prop41ColorRGB
 90
        0
102
RTVSPost2010PropOp41
 70
     1
102
RTVSPost2010Prop42
 90
       50
102
RTVSPost2010PropOp42
 70
     1
102
RTVSPost2010Prop43
 90
        3
102
RTVSPost2010PropOp43
 70
     1
102
RTVSPost2010Prop44ColorIndex
 90
        5
102
RTVSPost2010Prop44ColorRGB
 90
      255
102
RTVSPost2010PropOp44
 70
     1
102
RTVSPost2010Prop45
280
     0
102
RTVSPost2010PropOp45
 70
     1
102
RTVSPost2010Prop46
 90
       50
102
RTVSPost2010PropOp46
 70
     1
102
RTVSPost2010Prop47
 90
       50
102
RTVSPost2010PropOp47
 70
     1
102
RTVSPost2010Prop48
 90
       50
102
RTVSPost2010PropOp48
 70
     1
102
RTVSPost2010Prop49
280
     0
102
RTVSPost2010PropOp49
 70
     1
102
RTVSPost2010Prop50
 90
       50
102
RTVSPost2010PropOp50
 70
     1
102
RTVSPost2010Prop51ColorIndex
 90
      256
102
RTVSPost2010Prop51ColorRGB
 90
-16777216
102
RTVSPost2010PropOp51
 70
     0
102
RTVSPost2010Prop52
140
1.0
102
RTVSPost2010PropOp52
 70
     0
102
RTVSPost2010Prop53
 90
        2
102
RTVSPost2010PropOp53
 70
     1
102
RTVSPost2010Prop54
  1
strokes_ogs.tif
102
RTVSPost2010PropOp54
 70
     1
102
RTVSPost2010Prop55
280
     0
102
RTVSPost2010PropOp55
 70
     1
102
RTVSPost2010Prop56
140
1.0
102
RTVSPost2010PropOp56
 70
     1
102
RTVSPost2010Prop57
140
1.0
102
RTVSPost2010PropOp57
 70
     1
  0
XRECORD
  5
311
102
{ACAD_REACTORS
330
310
102
}
330
310
100
AcDbXrecord
280
     1
102
RTVSPropertyOp0
 70
     1
102
RTVSPropertyOp1
 70
     1
102
RTVSPropertyOp2
 70
     1
102
RTVSPropertyOp3
 70
     1
102
RTVSPropertyOp4
 70
     1
102
RTVSPropertyOp5
 70
     1
102
RTVSPropertyOp6
 70
     1
102
RTVSPropertyOp7
 70
     1
102
RTVSPropertyOp8
 70
     1
102
RTVSPropertyOp9
 70
     1
102
RTVSPropertyOp10
 70
     1
102
RTVSPropertyOp11
 70
     1
102
RTVSPropertyOp12
 70
     1
102
RTVSPropertyOp13
 70
     1
102
RTVSPropertyOp14
 70
     1
102
RTVSPropertyOp15
 70
     1
102
RTVSPropertyOp16
 70
     1
102
RTVSPropertyOp17
 70
     1
102
RTVSPropertyOp18
 70
     1
102
RTVSPropertyOp19
 70
     1
102
RTVSPropertyOp20
 70
     1
102
RTVSPropertyOp21
 70
     1
102
RTVSPropertyOp22
 70
     1
102
RTVSPropertyOp23
 70
     1
102
RTVSPropertyOp24
 70
     1
102
RTVSPropertyOp25
 70
     1
102
RTVSPropertyOp26
 70
     1
102
RTVSPropertyOp27
 70
     1
102
RTVSPropertyOp28
 70
     1
102
RTVSPropertyOp29
 70
     1
102
RTVSPropertyOp30
 70
     1
102
RTVSPropertyOp31
 70
     1
102
RTVSPropertyOp32
 70
     1
102
RTVSPropertyOp33
 70
     1
102
RTVSPropertyOp34
 70
     1
102
RTVSPropertyOp35
 70
     1
102
RTVSPropertyOp36
 70
     1
102
RTVSPropertyOp37
 70
     1
102
RTVSPropertyOp38
 70
     1
102
RTVSPropertyOp39
 70
     1
102
RTVSPropertyOp40
 70
     1
102
RTVSPropertyOp41
 70
     1
102
RTVSPropertyOp42
 70
     1
102
RTVSPropertyOp43
 70
     1
102
RTVSPropertyOp44
 70
     1
102
RTVSPropertyOp45
 70
     1
102
RTVSPropertyOp46
 70
     1
102
RTVSPropertyOp47
 70
     1
102
RTVSPropertyOp48
 70
     1
102
RTVSPropertyOp49
 70
     1
102
RTVSPropertyOp50
 70
     1
102
RTVSPropertyOp51
 70
     0
102
RTVSPropertyOp52
 70
     0
102
RTVSPropertyOp53
 70
     1
102
RTVSPropertyOp54
 70
     1
102
RTVSPropertyOp55
 70
     1
102
RTVSPropertyOp56
 70
     1
102
RTVSPropertyOp57
 70
     1
102
RTVSPost2010Prop28
280
     0
102
RTVSPost2010PropOp28
 70
     1
102
RTVSPost2010Prop29
280
     1
102
RTVSPost2010PropOp29
 70
     1
102
RTVSPost2010Prop30
280
     1
102
RTVSPost2010PropOp30
 70
     1
102
RTVSPost2010Prop31
280
     0
102
RTVSPost2010PropOp31
 70
     1
102
RTVSPost2010Prop32
280
     0
102
RTVSPost2010PropOp32
 70
     1
102
RTVSPost2010Prop33
280
     0
102
RTVSPost2010PropOp33
 70
     1
102
RTVSPost2010Prop34
280
     0
102
RTVSPost2010PropOp34
 70
     1
102
RTVSPost2010Prop35
280
     0
102
RTVSPost2010PropOp35
 70
     1
102
RTVSPost2010Prop36
280
     0
102
RTVSPost2010PropOp36
 70
     1
102
RTVSPost2010Prop37
 90
       50
102
RTVSPost2010PropOp37
 70
     1
102
RTVSPost2010Prop38
140
0.0
102
RTVSPost2010PropOp38
 70
     1
102
RTVSPost2010Prop39
140
1.0
102
RTVSPost2010PropOp39
 70
     1
102
RTVSPost2010Prop40
 90
        0
102
RTVSPost2010PropOp40
 70
     1
102
RTVSPost2010Prop41ColorIndex
 90
       18
102
RTVSPost2010Prop41ColorRGB
 90
        0
102
RTVSPost2010PropOp41
 70
     1
102
RTVSPost2010Prop42
 90
       50
102
RTVSPost2010PropOp42
 70
     1
102
RTVSPost2010Prop43
 90
        3
102
RTVSPost2010PropOp43
 70
     1
102
RTVSPost2010Prop44ColorIndex
 90
        5
102
RTVSPost2010Prop44ColorRGB
 90
      255
102
RTVSPost2010PropOp44
 70
     1
102
RTVSPost2010Prop45
280
     0
102
RTVSPost2010PropOp45
 70
     1
102
RTVSPost2010Prop46
 90
       50
102
RTVSPost2010PropOp46
 70
     1
102
RTVSPost2010Prop47
 90
       50
102
RTVSPost2010PropOp47
 70
     1
102
RTVSPost2010Prop48
 90
       50
102
RTVSPost2010PropOp48
 70
     1
102
RTVSPost2010Prop49
280
     0
102
RTVSPost2010PropOp49
 70
     1
102
RTVSPost2010Prop50
 90
       50
102
RTVSPost2010PropOp50
 70
     1
102
RTVSPost2010Prop51ColorIndex
 90
      256
102
RTVSPost2010Prop51ColorRGB
 90
-16777216
102
RTVSPost2010PropOp51
 70
     0
102
RTVSPost2010Prop52
140
1.0
102
RTVSPost2010PropOp52
 70
     0
102
RTVSPost2010Prop53
 90
        2
102
RTVSPost2010PropOp53
 70
     1
102
RTVSPost2010Prop54
  1
strokes_ogs.tif
102
RTVSPost2010PropOp54
 70
     1
102
RTVSPost2010Prop55
280
     0
102
RTVSPost2010PropOp55
 70
     1
102
RTVSPost2010Prop56
140
1.0
102
RTVSPost2010PropOp56
 70
     1
102
RTVSPost2010Prop57
140
1.0
102
RTVSPost2010PropOp57
 70
     1
  0
ENDSEC
  0
EOF
