  0
SECTION
  2
HEADER
  9
$ACADVER
  1
AC1018
  9
$ACADMAINTVER
 70
     0
  9
$DWGCODEPAGE
  3
ANSI_1252
  9
$INSBASE
 10
0.0
 20
0.0
 30
0.0
  9
$EXTMIN
 10
-1144.57212389764
 20
-287.7616987718147
 30
0.0
  9
$EXTMAX
 10
1282.525377648334
 20
252.9079410673014
 30
0.0
  9
$LIMMIN
 10
0.0
 20
0.0
  9
$LIMMAX
 10
12.0
 20
9.0
  9
$ORTHOMODE
 70
     0
  9
$REGENMODE
 70
     1
  9
$FILLMODE
 70
     1
  9
$QTEXTMODE
 70
     0
  9
$MIRRTEXT
 70
     1
  9
$LTSCALE
 40
1.0
  9
$ATTMODE
 70
     1
  9
$TEXTSIZE
 40
0.2
  9
$TRACEWID
 40
0.05
  9
$TEXTSTYLE
  7
Standard
  9
$CLAYER
  8
0
  9
$CELTYPE
  6
ByLayer
  9
$CECOLOR
 62
   256
  9
$CELTSCALE
 40
1.0
  9
$DISPSILH
 70
     0
  9
$DIMSCALE
 40
1.0
  9
$DIMASZ
 40
0.18
  9
$DIMEXO
 40
0.0625
  9
$DIMDLI
 40
0.38
  9
$DIMRND
 40
0.0
  9
$DIMDLE
 40
0.0
  9
$DIMEXE
 40
0.18
  9
$DIMTP
 40
0.0
  9
$DIMTM
 40
0.0
  9
$DIMTXT
 40
0.18
  9
$DIMCEN
 40
0.09
  9
$DIMTSZ
 40
0.0
  9
$DIMTOL
 70
     0
  9
$DIMLIM
 70
     0
  9
$DIMTIH
 70
     1
  9
$DIMTOH
 70
     1
  9
$DIMSE1
 70
     0
  9
$DIMSE2
 70
     0
  9
$DIMTAD
 70
     0
  9
$DIMZIN
 70
     0
  9
$DIMBLK
  1

  9
$DIMASO
 70
     1
  9
$DIMSHO
 70
     1
  9
$DIMPOST
  1

  9
$DIMAPOST
  1

  9
$DIMALT
 70
     0
  9
$DIMALTD
 70
     2
  9
$DIMALTF
 40
25.4
  9
$DIMLFAC
 40
1.0
  9
$DIMTOFL
 70
     0
  9
$DIMTVP
 40
0.0
  9
$DIMTIX
 70
     0
  9
$DIMSOXD
 70
     0
  9
$DIMSAH
 70
     0
  9
$DIMBLK1
  1

  9
$DIMBLK2
  1

  9
$DIMSTYLE
  2
Standard
  9
$DIMCLRD
 70
     0
  9
$DIMCLRE
 70
     0
  9
$DIMCLRT
 70
     0
  9
$DIMTFAC
 40
1.0
  9
$DIMGAP
 40
0.09
  9
$DIMJUST
 70
     0
  9
$DIMSD1
 70
     0
  9
$DIMSD2
 70
     0
  9
$DIMTOLJ
 70
     1
  9
$DIMTZIN
 70
     0
  9
$DIMALTZ
 70
     0
  9
$DIMALTTZ
 70
     0
  9
$DIMUPT
 70
     0
  9
$DIMDEC
 70
     4
  9
$DIMTDEC
 70
     4
  9
$DIMALTU
 70
     2
  9
$DIMALTTD
 70
     2
  9
$DIMTXSTY
  7
Standard
  9
$DIMAUNIT
 70
     0
  9
$DIMADEC
 70
     0
  9
$DIMALTRND
 40
0.0
  9
$DIMAZIN
 70
     0
  9
$DIMDSEP
 70
    46
  9
$DIMATFIT
 70
     3
  9
$DIMFRAC
 70
     0
  9
$DIMLDRBLK
  1

  9
$DIMLUNIT
 70
     2
  9
$DIMLWD
 70
    -2
  9
$DIMLWE
 70
    -2
  9
$DIMTMOVE
 70
     2
  9
$LUNITS
 70
     2
  9
$LUPREC
 70
     3
  9
$SKETCHINC
 40
0.1
  9
$FILLETRAD
 40
0.5
  9
$AUNITS
 70
     0
  9
$AUPREC
 70
     0
  9
$MENU
  1
.
  9
$ELEVATION
 40
0.0
  9
$PELEVATION
 40
0.0
  9
$THICKNESS
 40
0.0
  9
$LIMCHECK
 70
     0
  9
$CHAMFERA
 40
0.0
  9
$CHAMFERB
 40
0.0
  9
$CHAMFERC
 40
0.0
  9
$CHAMFERD
 40
0.0
  9
$SKPOLY
 70
     0
  9
$TDCREATE
 40
2457139.705007535
  9
$TDUCREATE
 40
2457139.830007535
  9
$TDUPDATE
 40
2457139.705022882
  9
$TDUUPDATE
 40
2457139.830022882
  9
$TDINDWG
 40
0.0000000116
  9
$TDUSRTIMER
 40
0.0000000116
  9
$USRTIMER
 70
     1
  9
$ANGBASE
 50
0.0
  9
$ANGDIR
 70
     0
  9
$PDMODE
 70
     0
  9
$PDSIZE
 40
0.0
  9
$PLINEWID
 40
0.0
  9
$SPLFRAME
 70
     0
  9
$SPLINETYPE
 70
     6
  9
$SPLINESEGS
 70
     8
  9
$HANDSEED
  5
8A2
  9
$SURFTAB1
 70
     6
  9
$SURFTAB2
 70
     6
  9
$SURFTYPE
 70
     6
  9
$SURFU
 70
     6
  9
$SURFV
 70
     6
  9
$UCSBASE
  2

  9
$UCSNAME
  2

  9
$UCSORG
 10
0.0
 20
0.0
 30
0.0
  9
$UCSXDIR
 10
1.0
 20
0.0
 30
0.0
  9
$UCSYDIR
 10
0.0
 20
1.0
 30
0.0
  9
$UCSORTHOREF
  2

  9
$UCSORTHOVIEW
 70
     0
  9
$UCSORGTOP
 10
0.0
 20
0.0
 30
0.0
  9
$UCSORGBOTTOM
 10
0.0
 20
0.0
 30
0.0
  9
$UCSORGLEFT
 10
0.0
 20
0.0
 30
0.0
  9
$UCSORGRIGHT
 10
0.0
 20
0.0
 30
0.0
  9
$UCSORGFRONT
 10
0.0
 20
0.0
 30
0.0
  9
$UCSORGBACK
 10
0.0
 20
0.0
 30
0.0
  9
$PUCSBASE
  2

  9
$PUCSNAME
  2

  9
$PUCSORG
 10
0.0
 20
0.0
 30
0.0
  9
$PUCSXDIR
 10
1.0
 20
0.0
 30
0.0
  9
$PUCSYDIR
 10
0.0
 20
1.0
 30
0.0
  9
$PUCSORTHOREF
  2

  9
$PUCSORTHOVIEW
 70
     0
  9
$PUCSORGTOP
 10
0.0
 20
0.0
 30
0.0
  9
$PUCSORGBOTTOM
 10
0.0
 20
0.0
 30
0.0
  9
$PUCSORGLEFT
 10
0.0
 20
0.0
 30
0.0
  9
$PUCSORGRIGHT
 10
0.0
 20
0.0
 30
0.0
  9
$PUCSORGFRONT
 10
0.0
 20
0.0
 30
0.0
  9
$PUCSORGBACK
 10
0.0
 20
0.0
 30
0.0
  9
$USERI1
 70
     0
  9
$USERI2
 70
     0
  9
$USERI3
 70
     0
  9
$USERI4
 70
     0
  9
$USERI5
 70
     0
  9
$USERR1
 40
0.0
  9
$USERR2
 40
0.0
  9
$USERR3
 40
0.0
  9
$USERR4
 40
0.0
  9
$USERR5
 40
0.0
  9
$WORLDVIEW
 70
     1
  9
$SHADEDGE
 70
     3
  9
$SHADEDIF
 70
    70
  9
$TILEMODE
 70
     1
  9
$MAXACTVP
 70
    64
  9
$PINSBASE
 10
0.0
 20
0.0
 30
0.0
  9
$PLIMCHECK
 70
     0
  9
$PEXTMIN
 10
1.000000000000000E+20
 20
1.000000000000000E+20
 30
1.000000000000000E+20
  9
$PEXTMAX
 10
-1.000000000000000E+20
 20
-1.000000000000000E+20
 30
-1.000000000000000E+20
  9
$PLIMMIN
 10
0.0
 20
0.0
  9
$PLIMMAX
 10
12.0
 20
9.0
  9
$UNITMODE
 70
     0
  9
$VISRETAIN
 70
     1
  9
$PLINEGEN
 70
     0
  9
$PSLTSCALE
 70
     1
  9
$TREEDEPTH
 70
  3020
  9
$CMLSTYLE
  2
Standard
  9
$CMLJUST
 70
     0
  9
$CMLSCALE
 40
1.0
  9
$PROXYGRAPHICS
 70
     1
  9
$MEASUREMENT
 70
     0
  9
$CELWEIGHT
370
    -1
  9
$ENDCAPS
280
     0
  9
$JOINSTYLE
280
     0
  9
$LWDISPLAY
290
     0
  9
$INSUNITS
 70
     4
  9
$HYPERLINKBASE
  1

  9
$STYLESHEET
  1

  9
$XEDIT
290
     1
  9
$CEPSNTYPE
380
     0
  9
$PSTYLEMODE
290
     1
  9
$FINGERPRINTGUID
  2
{DF112531-B930-4089-8C16-FF9A51BA734E}
  9
$VERSIONGUID
  2
{FAEB1C32-E019-11D5-929B-00C0DF256EC4}
  9
$EXTNAMES
290
     1
  9
$PSVPSCALE
 40
0.0
  9
$OLESTARTUP
290
     0
  9
$SORTENTS
280
   127
  9
$INDEXCTL
280
     0
  9
$HIDETEXT
280
     1
  9
$XCLIPFRAME
290
     0
  9
$HALOGAP
280
     0
  9
$OBSCOLOR
 70
   257
  9
$OBSLTYPE
280
     0
  9
$INTERSECTIONDISPLAY
280
     0
  9
$INTERSECTIONCOLOR
 70
   257
  9
$DIMASSOC
280
     2
  9
$PROJECTNAME
  1

  0
ENDSEC
  0
SECTION
  2
CLASSES
  0
CLASS
  1
ACDBDICTIONARYWDFLT
  2
AcDbDictionaryWithDefault
  3
ObjectDBX Classes
 90
        0
 91
        4
280
     0
281
     0
  0
CLASS
  1
VISUALSTYLE
  2
AcDbVisualStyle
  3
ObjectDBX Classes
 90
     4095
 91
        4
280
     0
281
     0
  0
CLASS
  1
MATERIAL
  2
AcDbMaterial
  3
ObjectDBX Classes
 90
     1153
 91
        4
280
     0
281
     0
  0
CLASS
  1
SCALE
  2
AcDbScale
  3
ObjectDBX Classes
 90
     1153
 91
        4
280
     0
281
     0
  0
CLASS
  1
SUN
  2
AcDbSun
  3
SCENEOE
 90
     1153
 91
        4
280
     0
281
     0
  0
CLASS
  1
DICTIONARYVAR
  2
AcDbDictionaryVar
  3
ObjectDBX Classes
 90
        0
 91
        4
280
     0
281
     0
  0
ENDSEC
  0
SECTION
  2
TABLES
  0
TABLE
  2
VPORT
  5
8
330
0
100
AcDbSymbolTable
 70
     1
  0
VPORT
  5
29
330
8
100
AcDbSymbolTableRecord
100
AcDbViewportTableRecord
  2
*Active
 70
     0
 10
0.0
 20
0.0
 11
1.0
 21
1.0
 12
68.97662687534694
 22
-17.42687885225666
 13
0.0
 23
0.0
 14
0.5
 24
0.5
 15
0.5
 25
0.5
 16
0.0
 26
0.0
 36
1.0
 17
0.0
 27
0.0
 37
0.0
 40
551.4830326358984
 41
4.489058239460591
 42
50.0
 43
0.0
 44
0.0
 50
0.0
 51
0.0
 71
     0
 72
   100
 73
     1
 74
     3
 75
     0
 76
     0
 77
     0
 78
     0
281
     0
 65
     1
110
0.0
120
0.0
130
0.0
111
1.0
121
0.0
131
0.0
112
0.0
122
1.0
132
0.0
 79
     0
146
0.0
  0
ENDTAB
  0
TABLE
  2
LTYPE
  5
5
330
0
100
AcDbSymbolTable
 70
     1
  0
LTYPE
  5
14
330
5
100
AcDbSymbolTableRecord
100
AcDbLinetypeTableRecord
  2
ByBlock
 70
     0
  3

 72
    65
 73
     0
 40
0.0
  0
LTYPE
  5
15
330
5
100
AcDbSymbolTableRecord
100
AcDbLinetypeTableRecord
  2
ByLayer
 70
     0
  3

 72
    65
 73
     0
 40
0.0
  0
LTYPE
  5
16
330
5
100
AcDbSymbolTableRecord
100
AcDbLinetypeTableRecord
  2
Continuous
 70
     0
  3
Solid line
 72
    65
 73
     0
 40
0.0
  0
ENDTAB
  0
TABLE
  2
LAYER
  5
2
330
0
100
AcDbSymbolTable
 70
     3
  0
LAYER
  5
10
330
2
100
AcDbSymbolTableRecord
100
AcDbLayerTableRecord
  2
0
 70
     0
 62
     7
  6
Continuous
370
    -3
390
F
  0
LAYER
  5
6A
330
2
100
AcDbSymbolTableRecord
100
AcDbLayerTableRecord
  2
Dibujo2D$oculto$líneas
 70
     0
 62
     7
420
 16777215
  6
Continuous
370
    -3
390
F
  0
LAYER
  5
73
330
2
100
AcDbSymbolTableRecord
100
AcDbLayerTableRecord
  2
Dibujo2D$visible$líneas
 70
     0
 62
    18
420
        0
  6
Continuous
370
    -3
390
F
  0
ENDTAB
  0
TABLE
  2
STYLE
  5
3
330
0
100
AcDbSymbolTable
 70
     1
  0
STYLE
  5
11
330
3
100
AcDbSymbolTableRecord
100
AcDbTextStyleTableRecord
  2
Standard
 70
     0
 40
0.0
 41
1.0
 50
0.0
 71
     0
 42
0.2
  3
txt
  4

  0
ENDTAB
  0
TABLE
  2
VIEW
  5
6
330
0
100
AcDbSymbolTable
 70
     0
  0
ENDTAB
  0
TABLE
  2
UCS
  5
7
330
0
100
AcDbSymbolTable
 70
     0
  0
ENDTAB
  0
TABLE
  2
APPID
  5
9
330
0
100
AcDbSymbolTable
 70
     1
  0
APPID
  5
12
330
9
100
AcDbSymbolTableRecord
100
AcDbRegAppTableRecord
  2
ACAD
 70
     0
  0
ENDTAB
  0
TABLE
  2
DIMSTYLE
  5
A
330
0
100
AcDbSymbolTable
 70
     1
100
AcDbDimStyleTable
  0
DIMSTYLE
105
27
330
A
100
AcDbSymbolTableRecord
100
AcDbDimStyleTableRecord
  2
Standard
 70
     0
178
     0
340
11
  0
ENDTAB
  0
TABLE
  2
BLOCK_RECORD
  5
1
330
0
100
AcDbSymbolTable
 70
     1
  0
BLOCK_RECORD
  5
1F
330
1
100
AcDbSymbolTableRecord
100
AcDbBlockTableRecord
  2
*Model_Space
340
22
  0
BLOCK_RECORD
  5
1B
330
1
100
AcDbSymbolTableRecord
100
AcDbBlockTableRecord
  2
*Paper_Space
340
1E
  0
BLOCK_RECORD
  5
23
330
1
100
AcDbSymbolTableRecord
100
AcDbBlockTableRecord
  2
*Paper_Space0
340
26
  0
ENDTAB
  0
ENDSEC
  0
SECTION
  2
BLOCKS
  0
BLOCK
  5
20
330
1F
100
AcDbEntity
  8
0
100
AcDbBlockBegin
  2
*Model_Space
 70
     0
 10
0.0
 20
0.0
 30
0.0
  3
*Model_Space
  1
*Model_Space
  0
ENDBLK
  5
21
330
1F
100
AcDbEntity
  8
0
100
AcDbBlockEnd
  0
BLOCK
  5
1C
330
1B
100
AcDbEntity
 67
     1
  8
0
100
AcDbBlockBegin
  2
*Paper_Space
 70
     0
 10
0.0
 20
0.0
 30
0.0
  3
*Paper_Space
  1
*Paper_Space
  0
ENDBLK
  5
1D
330
1B
100
AcDbEntity
 67
     1
  8
0
100
AcDbBlockEnd
  0
BLOCK
  5
24
330
23
100
AcDbEntity
  8
0
100
AcDbBlockBegin
  2
*Paper_Space0
 70
     0
 10
0.0
 20
0.0
 30
0.0
  3
*Paper_Space0
  1
*Paper_Space0
  0
ENDBLK
  5
25
330
23
100
AcDbEntity
  8
0
100
AcDbBlockEnd
  0
ENDSEC
  0
SECTION
  2
ENTITIES
  0
LINE
  5
6B
330
1F
100
AcDbEntity
  8
Dibujo2D$oculto$líneas
100
AcDbLine
 10
979.5880902645184
 20
-136.9489775561003
 30
0.0
 11
979.5880902645184
 21
-140.995897399006
 31
0.0
  0
LINE
  5
6C
330
1F
100
AcDbEntity
  8
Dibujo2D$oculto$líneas
100
AcDbLine
 10
-1041.644290130534
 20
-222.3862811402396
 30
0.0
 11
-1049.799271420986
 21
-222.3862811402396
 31
0.0
  0
LINE
  5
6D
330
1F
100
AcDbEntity
  8
Dibujo2D$oculto$líneas
100
AcDbLine
 10
233.9307022747153
 20
-189.6639548716012
 30
0.0
 11
229.8532116294891
 21
-189.6639548716012
 31
0.0
  0
LINE
  5
6E
330
1F
100
AcDbEntity
  8
Dibujo2D$oculto$líneas
100
AcDbLine
 10
229.8532116294891
 20
-173.3916979992473
 30
0.0
 11
233.9307022747153
 21
-173.3916979992473
 31
0.0
  0
LINE
  5
6F
330
1F
100
AcDbEntity
  8
Dibujo2D$oculto$líneas
100
AcDbLine
 10
229.8532116294891
 20
-249.5827876743333
 30
0.0
 11
233.9307022747153
 21
-249.5827876743333
 31
0.0
  0
LINE
  5
70
330
1F
100
AcDbEntity
  8
Dibujo2D$oculto$líneas
100
AcDbLine
 10
233.9307017054698
 20
-113.6170598853435
 30
0.0
 11
229.8532110602441
 21
-113.6170598853435
 31
0.0
  0
LINE
  5
71
330
1F
100
AcDbEntity
  8
Dibujo2D$oculto$líneas
100
AcDbLine
 10
233.9307022747153
 20
-191.6979869806451
 30
0.0
 11
229.8532116294891
 21
-191.6979869806451
 31
0.0
  0
LINE
  5
72
330
1F
100
AcDbEntity
  8
Dibujo2D$oculto$líneas
100
AcDbLine
 10
233.9307022747153
 20
-171.357665890203
 30
0.0
 11
229.8532116294891
 21
-171.357665890203
 31
0.0
  0
LINE
  5
74
330
1F
100
AcDbEntity
  8
Dibujo2D$visible$líneas
100
AcDbLine
 10
-8.700532755961376
 20
-282.1894772702217
 30
0.0
 11
-9.924833079871405
 21
-282.1894772702217
 31
0.0
  0
LINE
  5
75
330
1F
100
AcDbEntity
  8
Dibujo2D$oculto$líneas
100
AcDbLine
 10
945.4746759165276
 20
-257.6062723895539
 30
0.0
 11
945.2095181641979
 21
-254.900908537561
 31
0.0
  0
LINE
  5
76
330
1F
100
AcDbEntity
  8
Dibujo2D$oculto$líneas
100
AcDbLine
 10
947.3738092457928
 20
-254.6887823356979
 30
0.0
 11
947.6389669981221
 21
-257.3941461876907
 31
0.0
  0
LINE
  5
77
330
1F
100
AcDbEntity
  8
Dibujo2D$oculto$líneas
100
AcDbLine
 10
945.457716640405
 20
-257.6079345998089
 30
0.0
 11
945.1925588880762
 21
-254.9025707478163
 31
0.0
  0
LINE
  5
78
330
1F
100
AcDbEntity
  8
Dibujo2D$oculto$líneas
100
AcDbLine
 10
947.3568499696706
 20
-254.6904445459527
 30
0.0
 11
947.6220077219999
 21
-257.3958083979458
 31
0.0
  0
LINE
  5
79
330
1F
100
AcDbEntity
  8
Dibujo2D$oculto$líneas
100
AcDbLine
 10
945.4397239698186
 20
-257.6096980949808
 30
0.0
 11
945.1745662174898
 21
-254.9043342429879
 31
0.0
  0
LINE
  5
7A
330
1F
100
AcDbEntity
  8
Dibujo2D$oculto$líneas
100
AcDbLine
 10
947.3388572990842
 20
-254.6922080411243
 30
0.0
 11
947.6040150514135
 21
-257.3975718931174
 31
0.0
  0
LINE
  5
7B
330
1F
100
AcDbEntity
  8
Dibujo2D$oculto$líneas
100
AcDbLine
 10
945.4231153508198
 20
-257.6113259366766
 30
0.0
 11
945.15795759849
 21
-254.905962084684
 31
0.0
  0
LINE
  5
7C
330
1F
100
AcDbEntity
  8
Dibujo2D$oculto$líneas
100
AcDbLine
 10
947.322248680085
 20
-254.6938358828204
 30
0.0
 11
947.5874064324138
 21
-257.3991997348132
 31
0.0
  0
LINE
  5
7D
330
1F
100
AcDbEntity
  8
Dibujo2D$oculto$líneas
100
AcDbLine
 10
945.4065067318191
 20
-257.6129537783745
 30
0.0
 11
945.1413489794899
 21
-254.9075899263817
 31
0.0
  0
LINE
  5
7E
330
1F
100
AcDbEntity
  8
Dibujo2D$oculto$líneas
100
AcDbLine
 10
947.3056400610848
 20
-254.695463724518
 30
0.0
 11
947.5707978134141
 21
-257.4008275765107
 31
0.0
  0
LINE
  5
7F
330
1F
100
AcDbEntity
  8
Dibujo2D$visible$líneas
100
AcDbLine
 10
950.5577907556707
 20
-249.5532376158294
 30
0.0
 11
951.3532640126599
 21
-257.6693291718088
 31
0.0
  0
LINE
  5
80
330
1F
100
AcDbEntity
  8
Dibujo2D$visible$líneas
100
AcDbLine
 10
941.8844905306831
 20
-258.5973813049627
 30
0.0
 11
941.0890172736939
 21
-250.4812897489835
 31
0.0
  0
LINE
  5
81
330
1F
100
AcDbEntity
  8
Dibujo2D$visible$líneas
100
AcDbLine
 10
955.2381337680252
 20
-248.5378116803436
 30
0.0
 11
954.9165906482739
 21
-245.2571565782546
 31
0.0
  0
LINE
  5
82
330
1F
100
AcDbEntity
  8
Dibujo2D$oculto$líneas
100
AcDbLine
 10
902.7240776757143
 20
-235.1449065170905
 30
0.0
 11
902.9892354280436
 21
-237.8502703690838
 31
0.0
  0
LINE
  5
83
330
1F
100
AcDbEntity
  8
Dibujo2D$oculto$líneas
100
AcDbLine
 10
964.9094598700966
 20
-229.0500013315118
 30
0.0
 11
965.174617622425
 21
-231.7553651835051
 31
0.0
  0
ARC
  5
84
330
1F
100
AcDbEntity
  8
Dibujo2D$oculto$líneas
100
AcDbCircle
 10
-87.37214112894526
 20
7665.053337774939
 30
0.0
 40
7934.779000920058
100
AcDbArc
 50
272.3202380447423
 51
272.3207107106083
  0
LINE
  5
85
330
1F
100
AcDbEntity
  8
Dibujo2D$oculto$líneas
100
AcDbLine
 10
979.5880902645189
 20
-141.09585214512
 30
0.0
 11
979.5880902645193
 21
-140.9958973990067
 31
0.0
  0
LINE
  5
86
330
1F
100
AcDbEntity
  8
Dibujo2D$oculto$líneas
100
AcDbLine
 10
486.7351200550423
 20
-171.3935096747939
 30
0.0
 11
490.8126107002685
 21
-171.3935096747939
 31
0.0
  0
LINE
  5
87
330
1F
100
AcDbEntity
  8
Dibujo2D$oculto$líneas
100
AcDbLine
 10
490.812610700268
 20
-191.7809629009244
 30
0.0
 11
486.7351200550423
 21
-191.7809629009244
 31
0.0
  0
LINE
  5
88
330
1F
100
AcDbEntity
  8
Dibujo2D$oculto$líneas
100
AcDbLine
 10
486.7351200550423
 20
-173.4322549974067
 30
0.0
 11
490.8126107002685
 21
-173.4322549974067
 31
0.0
  0
LINE
  5
89
330
1F
100
AcDbEntity
  8
Dibujo2D$oculto$líneas
100
AcDbLine
 10
490.8126107000866
 20
-127.6897010459413
 30
0.0
 11
486.7351200548604
 21
-127.6897010459413
 31
0.0
  0
LINE
  5
8A
330
1F
100
AcDbEntity
  8
Dibujo2D$oculto$líneas
100
AcDbLine
 10
486.7351200550423
 20
-235.7062059034733
 30
0.0
 11
490.8126107002685
 21
-235.7062059034733
 31
0.0
  0
LINE
  5
8B
330
1F
100
AcDbEntity
  8
Dibujo2D$oculto$líneas
100
AcDbLine
 10
490.8126107002685
 20
-189.7422175783113
 30
0.0
 11
486.7351200550423
 21
-189.7422175783113
 31
0.0
  0
LINE
  5
8C
330
1F
100
AcDbEntity
  8
Dibujo2D$oculto$líneas
100
AcDbLine
 10
-1041.6428641277
 20
-140.8364682357183
 30
0.0
 11
-1033.487882837248
 21
-140.8364682357183
 31
0.0
  0
LINE
  5
8D
330
1F
100
AcDbEntity
  8
Dibujo2D$oculto$líneas
100
AcDbLine
 10
-1041.6428641277
 20
-222.38628114024
 30
0.0
 11
-1033.487882837248
 21
-222.38628114024
 31
0.0
  0
LINE
  5
8E
330
1F
100
AcDbEntity
  8
Dibujo2D$oculto$líneas
100
AcDbLine
 10
-512.3497497959565
 20
-102.5552336578828
 30
0.0
 11
-512.3497497959565
 21
-94.40025236743077
 31
0.0
  0
LINE
  5
8F
330
1F
100
AcDbEntity
  8
Dibujo2D$oculto$líneas
100
AcDbLine
 10
-512.3497497959565
 20
-268.3731865637433
 30
0.0
 11
-512.3497497959565
 21
-260.2182052732915
 31
0.0
  0
LINE
  5
90
330
1F
100
AcDbEntity
  8
Dibujo2D$oculto$líneas
100
AcDbLine
 10
-570.0145388328424
 20
-185.4642101108134
 30
0.0
 11
-570.0145388328424
 21
-177.3092288203611
 31
0.0
  0
LINE
  5
91
330
1F
100
AcDbEntity
  8
Dibujo2D$oculto$líneas
100
AcDbLine
 10
-353.1733566525568
 20
-102.7797367843891
 30
0.0
 11
-345.0183753621045
 21
-102.7797367843891
 31
0.0
  0
LINE
  5
92
330
1F
100
AcDbEntity
  8
Dibujo2D$oculto$líneas
100
AcDbLine
 10
-345.018375362105
 20
-260.4430194877723
 30
0.0
 11
-353.1733566525572
 21
-260.4430194877723
 31
0.0
  0
LINE
  5
93
330
1F
100
AcDbEntity
  8
Dibujo2D$visible$líneas
100
AcDbLine
 10
-125.3141334089491
 20
-114.6533454132425
 30
0.0
 11
-125.3141334089491
 21
-162.2240696075469
 31
0.0
  0
LINE
  5
94
330
1F
100
AcDbEntity
  8
Dibujo2D$oculto$líneas
100
AcDbLine
 10
-665.1559872152668
 20
-108.3527278847273
 30
0.0
 11
-673.3109685057188
 21
-108.3527278847273
 31
0.0
  0
LINE
  5
95
330
1F
100
AcDbEntity
  8
Dibujo2D$oculto$líneas
100
AcDbLine
 10
-665.1559872152668
 20
-238.8657211166151
 30
0.0
 11
-673.3109685057188
 21
-238.8657211166151
 31
0.0
  0
LINE
  5
96
330
1F
100
AcDbEntity
  8
Dibujo2D$oculto$líneas
100
AcDbLine
 10
-0.5250125336547171
 20
-171.3538785367127
 30
0.0
 11
732.7437223170162
 21
-171.3538785367127
 31
0.0
  0
LINE
  5
97
330
1F
100
AcDbEntity
  8
Dibujo2D$oculto$líneas
100
AcDbLine
 10
736.8212129622424
 20
-171.3068979171644
 30
0.0
 11
732.7437223170162
 21
-171.3068979171644
 31
0.0
  0
LINE
  5
98
330
1F
100
AcDbEntity
  8
Dibujo2D$oculto$líneas
100
AcDbLine
 10
732.7437223170162
 20
-139.4282234691623
 30
0.0
 11
736.8212129622424
 21
-139.4282234691623
 31
0.0
  0
LINE
  5
99
330
1F
100
AcDbEntity
  8
Dibujo2D$oculto$líneas
100
AcDbLine
 10
-1009.23443689363
 20
-81.21418641290302
 30
0.0
 11
-1001.236357830284
 21
-81.11631554558971
 31
0.0
  0
LINE
  5
9A
330
1F
100
AcDbEntity
  8
Dibujo2D$oculto$líneas
100
AcDbLine
 10
-857.5961117468213
 20
-89.21346648209146
 30
0.0
 11
-857.7634530617316
 21
-89.21346648209146
 31
0.0
  0
LINE
  5
9B
330
1F
100
AcDbEntity
  8
Dibujo2D$oculto$líneas
100
AcDbLine
 10
-857.701909299442
 20
-93.97053890152188
 30
0.0
 11
-857.7634469181422
 21
-93.97053890152188
 31
0.0
  0
LINE
  5
9C
330
1F
100
AcDbEntity
  8
Dibujo2D$oculto$líneas
100
AcDbLine
 10
-857.5961143521521
 20
-269.350778810177
 30
0.0
 11
-857.7634556670624
 21
-269.350778810177
 31
0.0
  0
LINE
  5
9D
330
1F
100
AcDbEntity
  8
Dibujo2D$oculto$líneas
100
AcDbLine
 10
-857.7019119047728
 20
-274.1078512296076
 30
0.0
 11
-857.7634495234735
 21
-274.1078512296076
 31
0.0
  0
LINE
  5
9E
330
1F
100
AcDbEntity
  8
Dibujo2D$oculto$líneas
100
AcDbLine
 10
-676.8014129556373
 20
-271.5548295864255
 30
0.0
 11
-676.9687542705481
 21
-271.5548295864255
 31
0.0
  0
LINE
  5
9F
330
1F
100
AcDbEntity
  8
Dibujo2D$oculto$líneas
100
AcDbLine
 10
-676.907210508258
 20
-276.3119020058557
 30
0.0
 11
-676.9687481269589
 21
-276.3119020058557
 31
0.0
  0
LINE
  5
A0
330
1F
100
AcDbEntity
  8
Dibujo2D$oculto$líneas
100
AcDbLine
 10
-676.8014129556373
 20
-87.00941573772457
 30
0.0
 11
-676.9687542705481
 21
-87.00941573772457
 31
0.0
  0
LINE
  5
A1
330
1F
100
AcDbEntity
  8
Dibujo2D$oculto$líneas
100
AcDbLine
 10
-676.907210508258
 20
-91.76648815715498
 30
0.0
 11
-676.9687481269589
 21
-91.76648815715498
 31
0.0
  0
LINE
  5
A2
330
1F
100
AcDbEntity
  8
Dibujo2D$oculto$líneas
100
AcDbLine
 10
-1038.390816102531
 20
-91.41751729455041
 30
0.0
 11
-1038.558157417441
 21
-91.41751729455041
 31
0.0
  0
LINE
  5
A3
330
1F
100
AcDbEntity
  8
Dibujo2D$oculto$líneas
100
AcDbLine
 10
-1038.496613655151
 20
-96.17458971398082
 30
0.0
 11
-1038.558151273852
 21
-96.17458971398082
 31
0.0
  0
LINE
  5
A4
330
1F
100
AcDbEntity
  8
Dibujo2D$oculto$líneas
100
AcDbLine
 10
-1038.390816102531
 20
-267.1467280295988
 30
0.0
 11
-1038.558157417441
 21
-267.1467280295988
 31
0.0
  0
LINE
  5
A5
330
1F
100
AcDbEntity
  8
Dibujo2D$oculto$líneas
100
AcDbLine
 10
-1038.496613655151
 20
-271.9038004490294
 30
0.0
 11
-1038.558151273852
 21
-271.9038004490294
 31
0.0
  0
LINE
  5
A6
330
1F
100
AcDbEntity
  8
Dibujo2D$oculto$líneas
100
AcDbLine
 10
-1001.236357830284
 20
-282.2050021979899
 30
0.0
 11
-1009.234436893629
 21
-282.1071313306766
 31
0.0
  0
LINE
  5
A7
330
1F
100
AcDbEntity
  8
Dibujo2D$oculto$líneas
100
AcDbLine
 10
-710.0083843127536
 20
-285.768699696893
 30
0.0
 11
-722.2311200950878
 21
-285.6191325642747
 31
0.0
  0
LINE
  5
A8
330
1F
100
AcDbEntity
  8
Dibujo2D$oculto$líneas
100
AcDbLine
 10
-8.67999382413791
 20
-256.4050212857596
 30
0.0
 11
-0.5250125336856399
 21
-256.4050212857596
 31
0.0
  0
LINE
  5
A9
330
1F
100
AcDbEntity
  8
Dibujo2D$oculto$líneas
100
AcDbLine
 10
-0.5250125336638121
 20
-106.857379526225
 30
0.0
 11
-8.679993824115854
 21
-106.857379526225
 31
0.0
  0
LINE
  5
AA
330
1F
100
AcDbEntity
  8
Dibujo2D$oculto$líneas
100
AcDbLine
 10
-0.5250125336547171
 20
-171.3538785367127
 30
0.0
 11
-8.67999382410676
 21
-171.3538785367127
 31
0.0
  0
LINE
  5
AB
330
1F
100
AcDbEntity
  8
Dibujo2D$oculto$líneas
100
AcDbLine
 10
-865.7328024525169
 20
-283.8619893446944
 30
0.0
 11
-984.9263812732546
 21
-282.4034417546416
 31
0.0
  0
LINE
  5
AC
330
1F
100
AcDbEntity
  8
Dibujo2D$oculto$líneas
100
AcDbLine
 10
-726.3183738110206
 20
-285.567975362779
 30
0.0
 11
-847.4673758049506
 21
-284.0854996569249
 31
0.0
  0
LINE
  5
AD
330
1F
100
AcDbEntity
  8
Dibujo2D$oculto$líneas
100
AcDbLine
 10
-722.2311470124507
 20
-285.617989926114
 30
0.0
 11
-726.3183329175503
 21
-285.5679758631841
 31
0.0
  0
LINE
  5
AE
330
1F
100
AcDbEntity
  8
Dibujo2D$oculto$líneas
100
AcDbLine
 10
-665.5476381245727
 20
-286.3116144997036
 30
0.0
 11
-673.3109544770283
 21
-286.2166163759059
 31
0.0
  0
LINE
  5
AF
330
1F
100
AcDbEntity
  8
Dibujo2D$oculto$líneas
100
AcDbLine
 10
-665.2744992570525
 20
-286.3149568444917
 30
0.0
 11
-665.547597229592
 21
-286.3116150001272
 31
0.0
  0
LINE
  5
B0
330
1F
100
AcDbEntity
  8
Dibujo2D$oculto$líneas
100
AcDbLine
 10
-665.1559871674725
 20
-94.62792089359073
 30
0.0
 11
-665.1893020727925
 21
-94.62792089359073
 31
0.0
  0
LINE
  5
B1
330
1F
100
AcDbEntity
  8
Dibujo2D$visible$líneas
100
AcDbLine
 10
-664.4670444412475
 20
-94.62792089359073
 30
0.0
 11
-665.1559871674724
 21
-94.62792089359073
 31
0.0
  0
SPLINE
  5
B2
330
1F
100
AcDbEntity
  8
Dibujo2D$oculto$líneas
100
AcDbSpline
210
0.0
220
0.0
230
1.0
 70
    12
 71
     3
 72
     8
 73
     4
 74
     0
 42
0.000000001
 43
0.0000000001
 40
0.1591549157373146
 40
0.1591549157373146
 40
0.1591549157373146
 40
0.1591549157373146
 40
0.3765786471213178
 40
0.3765786471213178
 40
0.3765786471213178
 40
0.3765786471213178
 10
-1045.883247370871
 20
-99.28248307747981
 30
0.0
 41
1.0
 10
-1045.810938783184
 20
-99.28256563231685
 30
0.0
 41
1.0
 10
-1045.738629948689
 20
-99.28247630588135
 30
0.0
 41
1.0
 10
-1045.666317956393
 20
-99.28159141003789
 30
0.0
 41
1.0
  0
LINE
  5
B3
330
1F
100
AcDbEntity
  8
Dibujo2D$oculto$líneas
100
AcDbLine
 10
-1045.666317956393
 20
-99.28159141003789
 30
0.0
 11
-1044.756079590054
 21
-99.28159141003789
 31
0.0
  0
SPLINE
  5
B4
330
1F
100
AcDbEntity
  8
Dibujo2D$oculto$líneas
100
AcDbSpline
210
0.0
220
0.0
230
1.0
 70
    12
 71
     3
 72
     8
 73
     4
 74
     0
 42
0.000000001
 43
0.0000000001
 40
0.0
 40
0.0
 40
0.0
 40
0.0
 40
0.2174237313839939
 40
0.2174237313839939
 40
0.2174237313839939
 40
0.2174237313839939
 10
-1045.666317956393
 20
-85.68995592595093
 30
0.0
 41
1.0
 10
-1045.738629948689
 20
-85.69084082179438
 30
0.0
 41
1.0
 10
-1045.810938783184
 20
-85.69093014822988
 30
0.0
 41
1.0
 10
-1045.883247370871
 20
-85.69084759339285
 30
0.0
 41
1.0
  0
LINE
  5
B5
330
1F
100
AcDbEntity
  8
Dibujo2D$oculto$líneas
100
AcDbLine
 10
-665.1893020727925
 20
-81.03628540950376
 30
0.0
 11
-664.4670444412475
 21
-81.03628540950376
 31
0.0
  0
LINE
  5
B6
330
1F
100
AcDbEntity
  8
Dibujo2D$oculto$líneas
100
AcDbLine
 10
-1044.756079590054
 20
-85.68995592595093
 30
0.0
 11
-1045.666317956393
 21
-85.68995592595093
 31
0.0
  0
LINE
  5
B7
330
1F
100
AcDbEntity
  8
Dibujo2D$oculto$líneas
100
AcDbLine
 10
-664.4670444412475
 20
-81.03628540950376
 30
0.0
 11
-664.3204498134038
 21
-81.03449150267397
 31
0.0
  0
LINE
  5
B8
330
1F
100
AcDbEntity
  8
Dibujo2D$oculto$líneas
100
AcDbLine
 10
-664.6212750461077
 20
-282.1858092661896
 30
0.0
 11
-665.3437544226931
 21
-282.1858092661896
 31
0.0
  0
LINE
  5
B9
330
1F
100
AcDbEntity
  8
Dibujo2D$oculto$líneas
100
AcDbLine
 10
-664.4658876899732
 20
-282.1877107713367
 30
0.0
 11
-664.6212750461077
 21
-282.1858092661896
 31
0.0
  0
LINE
  5
BA
330
1F
100
AcDbEntity
  8
Dibujo2D$oculto$líneas
100
AcDbLine
 10
-1045.821365524919
 20
-277.5321287523998
 30
0.0
 11
-1044.911127158579
 21
-277.5321287523998
 31
0.0
  0
LINE
  5
BB
330
1F
100
AcDbEntity
  8
Dibujo2D$oculto$líneas
100
AcDbLine
 10
-665.1559872213259
 20
-282.1891256167569
 30
0.0
 11
-665.1358583563915
 21
-282.1891256167569
 31
0.0
  0
LINE
  5
BC
330
1F
100
AcDbEntity
  8
Dibujo2D$visible$líneas
100
AcDbLine
 10
-665.1559871304473
 20
-268.5941737821026
 30
0.0
 11
-664.6212750461075
 21
-268.5941737821026
 31
0.0
  0
LINE
  5
BD
330
1F
100
AcDbEntity
  8
Dibujo2D$oculto$líneas
100
AcDbLine
 10
-665.3437544226931
 20
-268.5941737821026
 30
0.0
 11
-665.1559871304473
 21
-268.5941737821026
 31
0.0
  0
LINE
  5
BE
330
1F
100
AcDbEntity
  8
Dibujo2D$oculto$líneas
100
AcDbLine
 10
-1044.911127158579
 20
-263.9404932683128
 30
0.0
 11
-1045.821365524919
 21
-263.9404932683128
 31
0.0
  0
LINE
  5
BF
330
1F
100
AcDbEntity
  8
Dibujo2D$visible$líneas
100
AcDbLine
 10
-665.1013910123515
 20
-268.5974901326699
 30
0.0
 11
-665.1559872213256
 21
-268.5974901326699
 31
0.0
  0
LINE
  5
C0
330
1F
100
AcDbEntity
  8
Dibujo2D$oculto$líneas
100
AcDbLine
 10
-1038.117677235
 20
-92.43688995585694
 30
0.0
 11
-1038.330360358176
 21
-92.43688995585694
 31
0.0
  0
LINE
  5
C1
330
1F
100
AcDbEntity
  8
Dibujo2D$oculto$líneas
100
AcDbLine
 10
-1038.117677235
 20
-268.1661006909053
 30
0.0
 11
-1038.330360358176
 21
-268.1661006909053
 31
0.0
  0
LINE
  5
C2
330
1F
100
AcDbEntity
  8
Dibujo2D$oculto$líneas
100
AcDbLine
 10
-857.3229754846217
 20
-270.3701514714835
 30
0.0
 11
-857.5356586077979
 21
-270.3701514714835
 31
0.0
  0
LINE
  5
C3
330
1F
100
AcDbEntity
  8
Dibujo2D$oculto$líneas
100
AcDbLine
 10
-857.3229728792904
 20
-90.23283914339777
 30
0.0
 11
-857.5356560024667
 21
-90.23283914339777
 31
0.0
  0
LINE
  5
C4
330
1F
100
AcDbEntity
  8
Dibujo2D$oculto$líneas
100
AcDbLine
 10
-676.5282740881066
 20
-88.0287883990311
 30
0.0
 11
-676.7409572112831
 21
-88.0287883990311
 31
0.0
  0
LINE
  5
C5
330
1F
100
AcDbEntity
  8
Dibujo2D$oculto$líneas
100
AcDbLine
 10
-676.5282740881066
 20
-272.574202247732
 30
0.0
 11
-676.7409572112831
 21
-272.574202247732
 31
0.0
  0
LINE
  5
C6
330
1F
100
AcDbEntity
  8
Dibujo2D$visible$líneas
100
AcDbLine
 10
-665.1559871489394
 20
-286.3160994823411
 30
0.0
 11
-665.0013334706341
 21
-286.3160994823411
 31
0.0
  0
LINE
  5
C7
330
1F
100
AcDbEntity
  8
Dibujo2D$oculto$líneas
100
AcDbLine
 10
-665.2744723396856
 20
-286.3127571375355
 30
0.0
 11
-665.5476098173057
 21
-286.3094148097568
 31
0.0
  0
LINE
  5
C8
330
1F
100
AcDbEntity
  8
Dibujo2D$visible$líneas
100
AcDbLine
 10
-665.1322045424544
 20
-77.00521826123895
 30
0.0
 11
-665.2744723381646
 21
-77.00521826123895
 31
0.0
  0
LINE
  5
C9
330
1F
100
AcDbEntity
  8
Dibujo2D$oculto$líneas
100
AcDbLine
 10
-708.1246932536718
 20
-100.6418751766309
 30
0.0
 11
-708.1217326737584
 21
-100.6418751766309
 31
0.0
  0
LINE
  5
CA
330
1F
100
AcDbEntity
  8
Dibujo2D$oculto$líneas
100
AcDbLine
 10
-708.1217326736969
 20
-262.6794425669491
 30
0.0
 11
-708.1246896718284
 21
-262.6794425669491
 31
0.0
  0
LINE
  5
CB
330
1F
100
AcDbEntity
  8
Dibujo2D$oculto$líneas
100
AcDbLine
 10
-1033.487882864867
 20
-81.51097089999598
 30
0.0
 11
-1041.64287980332
 21
-81.61076193944223
 31
0.0
  0
LINE
  5
CC
330
1F
100
AcDbEntity
  8
Dibujo2D$oculto$líneas
100
AcDbLine
 10
-1033.487853702556
 20
-81.51431288792946
 30
0.0
 11
-1009.23443689363
 21
-81.21752875769016
 31
0.0
  0
LINE
  5
CD
330
1F
100
AcDbEntity
  8
Dibujo2D$oculto$líneas
100
AcDbLine
 10
-1041.64283890985
 20
-81.6141037838238
 30
0.0
 11
-1033.487882864933
 21
-81.51431324478358
 31
0.0
  0
LINE
  5
CE
330
1F
100
AcDbEntity
  8
Dibujo2D$oculto$líneas
100
AcDbLine
 10
979.5880902645184
 20
-226.5486616807536
 30
0.0
 11
979.5880902645184
 21
-222.4029077087671
 31
0.0
  0
LINE
  5
CF
330
1F
100
AcDbEntity
  8
Dibujo2D$oculto$líneas
100
AcDbLine
 10
1021.030694388565
 20
-145.1685823719617
 30
0.0
 11
979.8764303473043
 21
-141.1252159632384
 31
0.0
  0
LINE
  5
D0
330
1F
100
AcDbEntity
  8
Dibujo2D$visible$líneas
100
AcDbLine
 10
-424.640552053942
 20
-201.0488326058821
 30
0.0
 11
-464.6393257826834
 21
-201.0488326058821
 31
0.0
  0
LINE
  5
D1
330
1F
100
AcDbEntity
  8
Dibujo2D$oculto$líneas
100
AcDbLine
 10
-673.3109684840392
 20
-286.3167155691922
 30
0.0
 11
-665.5476112056954
 21
-286.3167155691917
 31
0.0
  0
LINE
  5
D2
330
1F
100
AcDbEntity
  8
Dibujo2D$visible$líneas
100
AcDbLine
 10
-1144.57212389764
 20
-181.6820538997872
 30
0.0
 11
-1094.456261507826
 21
-181.6820538997872
 31
0.0
  0
LINE
  5
D3
330
1F
100
AcDbEntity
  8
Dibujo2D$visible$líneas
100
AcDbLine
 10
-1119.613493859594
 20
-204.263616308745
 30
0.0
 11
-1119.613493859594
 21
-160.4256714427399
 31
0.0
  0
SPLINE
  5
D4
330
1F
100
AcDbEntity
  8
Dibujo2D$oculto$líneas
100
AcDbSpline
210
0.0
220
0.0
230
1.0
 70
     8
 71
     3
 72
     8
 73
     4
 74
     0
 42
0.000000001
 43
0.0000000001
 40
0.0
 40
0.0
 40
0.0
 40
0.0
 40
8.155589620178077
 40
8.155589620178077
 40
8.155589620178077
 40
8.155589620178077
 10
-665.155988894541
 20
-94.62525969480521
 30
0.0
 10
-667.8743168854271
 20
-94.65837907000468
 30
0.0
 10
-670.5926414636345
 20
-94.69180026198228
 30
0.0
 10
-673.3109684673259
 20
-94.72500693978759
 30
0.0
  0
LINE
  5
D5
330
1F
100
AcDbEntity
  8
Dibujo2D$oculto$líneas
100
AcDbLine
 10
-673.3109684716542
 20
-93.40162358700809
 30
0.0
 11
-673.3109685117776
 21
-81.13346620054858
 31
0.0
  0
LINE
  5
D6
330
1F
100
AcDbEntity
  8
Dibujo2D$oculto$líneas
100
AcDbLine
 10
-665.1559871811584
 20
-93.31518084214281
 30
0.0
 11
-665.1559872213253
 21
-81.03380402027369
 31
0.0
  0
LINE
  5
D7
330
1F
100
AcDbEntity
  8
Dibujo2D$visible$líneas
100
AcDbLine
 10
-665.1559871808757
 20
-93.40162358700763
 30
0.0
 11
-665.1559871811586
 21
-93.31518084214281
 31
0.0
  0
LINE
  5
D8
330
1F
100
AcDbEntity
  8
Dibujo2D$oculto$líneas
100
AcDbLine
 10
-665.1559895100323
 20
-85.06182244643969
 30
0.0
 11
-673.2962484319274
 21
-85.16143637016535
 31
0.0
  0
LINE
  5
D9
330
1F
100
AcDbEntity
  8
Dibujo2D$oculto$líneas
100
AcDbLine
 10
-665.1559875053314
 20
-81.04469051924934
 30
0.0
 11
-673.310967357359
 21
-81.14448712762123
 31
0.0
  0
SPLINE
  5
DA
330
1F
100
AcDbEntity
  8
Dibujo2D$oculto$líneas
100
AcDbSpline
210
0.0
220
0.0
230
1.0
 70
     8
 71
     3
 72
     8
 73
     4
 74
     0
 42
0.000000001
 43
0.0000000001
 40
0.0
 40
0.0
 40
0.0
 40
0.0
 40
8.155589489075162
 40
8.155589489075162
 40
8.155589489075162
 40
8.155589489075162
 10
-665.1559888945548
 20
-81.03362420987696
 30
0.0
 10
-667.874316841736
 20
-81.06674358527926
 30
0.0
 10
-670.5926413762464
 20
-81.10016477646946
 30
0.0
 10
-673.3109683362501
 20
-81.13337145300943
 30
0.0
  0
LINE
  5
DB
330
1F
100
AcDbEntity
  8
Dibujo2D$oculto$líneas
100
AcDbLine
 10
970.7535271998621
 20
-154.5219597168475
 30
0.0
 11
978.9085028337512
 21
-154.5219597168475
 31
0.0
  0
LINE
  5
DC
330
1F
100
AcDbEntity
  8
Dibujo2D$oculto$líneas
100
AcDbLine
 10
978.9085084903144
 20
-154.5219597168475
 30
0.0
 11
978.9085084903144
 21
-140.9303831254999
 31
0.0
  0
LINE
  5
DD
330
1F
100
AcDbEntity
  8
Dibujo2D$oculto$líneas
100
AcDbLine
 10
970.7535271998621
 20
-140.9303242327605
 30
0.0
 11
978.9085028180378
 21
-140.9303242327605
 31
0.0
  0
LINE
  5
DE
330
1F
100
AcDbEntity
  8
Dibujo2D$visible$líneas
100
AcDbLine
 10
978.9085084903144
 20
-136.8833824966714
 30
0.0
 11
978.9085084903144
 21
-135.4936700391258
 31
0.0
  0
LINE
  5
DF
330
1F
100
AcDbEntity
  8
Dibujo2D$oculto$líneas
100
AcDbLine
 10
978.9085084903144
 20
-140.9303242327605
 30
0.0
 11
978.9085084903144
 21
-136.8833824966714
 31
0.0
  0
LINE
  5
E0
330
1F
100
AcDbEntity
  8
Dibujo2D$visible$líneas
100
AcDbLine
 10
970.7535271998621
 20
-135.4936700391258
 30
0.0
 11
978.9085084903144
 21
-135.4936700391258
 31
0.0
  0
LINE
  5
E1
330
1F
100
AcDbEntity
  8
Dibujo2D$oculto$líneas
100
AcDbLine
 10
978.9085084903144
 20
-222.4684119451845
 30
0.0
 11
978.9085084903144
 21
-222.292771075051
 31
0.0
  0
LINE
  5
E2
330
1F
100
AcDbEntity
  8
Dibujo2D$visible$líneas
100
AcDbLine
 10
978.9085084903144
 20
-227.7294252686861
 30
0.0
 11
978.9085084903144
 21
-226.614170320363
 31
0.0
  0
LINE
  5
E3
330
1F
100
AcDbEntity
  8
Dibujo2D$visible$líneas
100
AcDbLine
 10
970.7535271998621
 20
-227.7294252686861
 30
0.0
 11
978.9085084903144
 21
-227.7294252686861
 31
0.0
  0
LINE
  5
E4
330
1F
100
AcDbEntity
  8
Dibujo2D$oculto$líneas
100
AcDbLine
 10
978.9085084903144
 20
-222.2926876297888
 30
0.0
 11
978.9085084903144
 21
-208.7011355909644
 31
0.0
  0
LINE
  5
E5
330
1F
100
AcDbEntity
  8
Dibujo2D$oculto$líneas
100
AcDbLine
 10
970.7535271998621
 20
-222.292771075051
 30
0.0
 11
978.9085004654033
 21
-222.292771075051
 31
0.0
  0
LINE
  5
E6
330
1F
100
AcDbEntity
  8
Dibujo2D$oculto$líneas
100
AcDbLine
 10
978.9085084903144
 20
-208.7010542783364
 30
0.0
 11
978.9085084903144
 21
-190.4461107185625
 31
0.0
  0
LINE
  5
E7
330
1F
100
AcDbEntity
  8
Dibujo2D$oculto$líneas
100
AcDbLine
 10
970.7535271998621
 20
-208.7011355909644
 30
0.0
 11
978.9085006705553
 21
-208.7011355909644
 31
0.0
  0
LINE
  5
E8
330
1F
100
AcDbEntity
  8
Dibujo2D$oculto$líneas
100
AcDbLine
 10
970.7535271998621
 20
-190.4461107185625
 30
0.0
 11
978.9085084903144
 21
-190.4461107185625
 31
0.0
  0
LINE
  5
E9
330
1F
100
AcDbEntity
  8
Dibujo2D$oculto$líneas
100
AcDbLine
 10
978.9085084903144
 20
-174.8096256348142
 30
0.0
 11
978.9085084903144
 21
-172.7769845892494
 31
0.0
  0
LINE
  5
EA
330
1F
100
AcDbEntity
  8
Dibujo2D$visible$líneas
100
AcDbLine
 10
978.9085084903144
 20
-188.4013032446371
 30
0.0
 11
978.9085084903144
 21
-174.8096256348142
 31
0.0
  0
LINE
  5
EB
330
1F
100
AcDbEntity
  8
Dibujo2D$oculto$líneas
100
AcDbLine
 10
978.9085084903144
 20
-190.4461107185625
 30
0.0
 11
978.9085084903144
 21
-188.4013032446371
 31
0.0
  0
LINE
  5
EC
330
1F
100
AcDbEntity
  8
Dibujo2D$oculto$líneas
100
AcDbLine
 10
978.9085084903144
 20
-172.7769845892494
 30
0.0
 11
978.9085084903144
 21
-154.5220184464633
 31
0.0
  0
LINE
  5
ED
330
1F
100
AcDbEntity
  8
Dibujo2D$oculto$líneas
100
AcDbLine
 10
970.7535271998621
 20
-172.7769845892494
 30
0.0
 11
978.9085084903144
 21
-172.7769845892494
 31
0.0
  0
LINE
  5
EE
330
1F
100
AcDbEntity
  8
Dibujo2D$oculto$líneas
100
AcDbLine
 10
970.7535271998621
 20
-172.7769845892494
 30
0.0
 11
970.7535271998621
 21
-154.5219597168475
 31
0.0
  0
LINE
  5
EF
330
1F
100
AcDbEntity
  8
Dibujo2D$oculto$líneas
100
AcDbLine
 10
970.7535271998621
 20
-174.8118148864137
 30
0.0
 11
970.7535271998621
 21
-172.7769845892494
 31
0.0
  0
LINE
  5
F0
330
1F
100
AcDbEntity
  8
Dibujo2D$visible$líneas
100
AcDbLine
 10
970.7535271998621
 20
-188.403492496237
 30
0.0
 11
970.7535271998621
 21
-174.8118148864137
 31
0.0
  0
LINE
  5
F1
330
1F
100
AcDbEntity
  8
Dibujo2D$oculto$líneas
100
AcDbLine
 10
970.7535271998621
 20
-190.4461107185625
 30
0.0
 11
970.7535271998621
 21
-188.403492496237
 31
0.0
  0
LINE
  5
F2
330
1F
100
AcDbEntity
  8
Dibujo2D$oculto$líneas
100
AcDbLine
 10
970.7535271998621
 20
-208.7011355909644
 30
0.0
 11
970.7535271998621
 21
-190.4461107185625
 31
0.0
  0
LINE
  5
F3
330
1F
100
AcDbEntity
  8
Dibujo2D$oculto$líneas
100
AcDbLine
 10
970.7535271998621
 20
-222.292771075051
 30
0.0
 11
970.7535271998621
 21
-208.7011355909644
 31
0.0
  0
LINE
  5
F4
330
1F
100
AcDbEntity
  8
Dibujo2D$oculto$líneas
100
AcDbLine
 10
970.7535271998621
 20
-223.2536305372769
 30
0.0
 11
970.7535271998621
 21
-222.292771075051
 31
0.0
  0
LINE
  5
F5
330
1F
100
AcDbEntity
  8
Dibujo2D$visible$líneas
100
AcDbLine
 10
970.7535271998621
 20
-227.7294252686861
 30
0.0
 11
970.7535271998621
 21
-227.3991895055124
 31
0.0
  0
LINE
  5
F6
330
1F
100
AcDbEntity
  8
Dibujo2D$visible$líneas
100
AcDbLine
 10
970.7535271998621
 20
-136.0983862771366
 30
0.0
 11
970.7535271998621
 21
-135.4936700391258
 31
0.0
  0
LINE
  5
F7
330
1F
100
AcDbEntity
  8
Dibujo2D$oculto$líneas
100
AcDbLine
 10
970.7535271998621
 20
-140.9303242327605
 30
0.0
 11
970.7535271998621
 21
-136.0983862771366
 31
0.0
  0
LINE
  5
F8
330
1F
100
AcDbEntity
  8
Dibujo2D$oculto$líneas
100
AcDbLine
 10
970.7535271998621
 20
-154.5219597168475
 30
0.0
 11
970.7535271998621
 21
-140.9303242327605
 31
0.0
  0
LINE
  5
F9
330
1F
100
AcDbEntity
  8
Dibujo2D$visible$líneas
100
AcDbLine
 10
1235.925368364364
 20
-188.3323055913461
 30
0.0
 11
1250.65195214334
 21
-188.3283521552869
 31
0.0
  0
LINE
  5
FA
330
1F
100
AcDbEntity
  8
Dibujo2D$visible$líneas
100
AcDbLine
 10
1235.929129468698
 20
-174.7406269718331
 30
0.0
 11
1250.657528536633
 21
-174.7366730484484
 31
0.0
  0
LINE
  5
FB
330
1F
100
AcDbEntity
  8
Dibujo2D$visible$líneas
100
AcDbLine
 10
1235.925368364364
 20
-188.3323055913461
 30
0.0
 11
1235.929129468698
 21
-174.7406269718331
 31
0.0
  0
LINE
  5
FC
330
1F
100
AcDbEntity
  8
Dibujo2D$visible$líneas
100
AcDbLine
 10
1282.525377648333
 20
-188.3197955510109
 30
0.0
 11
1282.525377648333
 21
-174.7281179411875
 31
0.0
  0
SPLINE
  5
FD
330
1F
100
AcDbEntity
  8
Dibujo2D$oculto$líneas
100
AcDbSpline
210
0.0
220
0.0
230
1.0
 70
    12
 71
     3
 72
     8
 73
     4
 74
     0
 42
0.000000001
 43
0.0000000001
 40
-241.8241706507205
 40
-241.8241706507205
 40
-241.8241706507205
 40
-241.8241706507205
 40
-238.0991848583421
 40
-238.0991848583421
 40
-238.0991848583421
 40
-238.0991848583421
 10
319.8337144184898
 20
-90.43681247741983
 30
0.0
 41
1.0
 10
318.1482395823562
 20
-90.35157220642441
 30
0.0
 41
1.0
 10
316.4627415606071
 20
-90.2667902892697
 30
0.0
 41
1.0
 10
314.7772204161911
 20
-90.1824712681273
 30
0.0
 41
1.0
  0
LINE
  5
FE
330
1F
100
AcDbEntity
  8
Dibujo2D$oculto$líneas
100
AcDbLine
 10
-10.59916961748308
 20
-81.1324547110105
 30
0.0
 11
-8.679993740872533
 21
-81.13245561303165
 31
0.0
  0
LINE
  5
FF
330
1F
100
AcDbEntity
  8
Dibujo2D$visible$líneas
100
AcDbLine
 10
-578.0122531508404
 20
-81.13218802439565
 30
0.0
 11
-10.59916961748308
 21
-81.1324547110105
 31
0.0
  0
LINE
  5
100
330
1F
100
AcDbEntity
  8
Dibujo2D$oculto$líneas
100
AcDbLine
 10
-665.0013132596782
 20
-81.13214713915909
 30
0.0
 11
-578.0122531508405
 21
-81.13218802439565
 31
0.0
  0
SPLINE
  5
101
330
1F
100
AcDbEntity
  8
Dibujo2D$oculto$líneas
100
AcDbSpline
210
0.0
220
0.0
230
1.0
 70
     8
 71
     3
 72
    21
 73
    17
 74
     0
 42
0.000000001
 43
0.0000000001
 40
0.0
 40
0.0
 40
0.0
 40
0.0
 40
4.700096550143072
 40
30.35873040490613
 40
54.64570438894202
 40
105.2434423478349
 40
202.3979144232865
 40
396.6413262452378
 40
485.6048522911176
 40
574.6764195412383
 40
744.6249151668133
 40
898.4460293816245
 40
971.3509128967172
 40
1044.110456616741
 40
1177.568965810879
 40
1294.967720365504
 40
1294.967720365504
 40
1294.967720365504
 40
1294.967720365504
 10
1282.525377648333
 20
-172.238829610942
 30
0.0
 10
1280.96741386232
 20
-172.0735988832726
 30
0.0
 10
1270.906580809967
 20
-170.9848143609202
 30
0.0
 10
1252.796911380712
 20
-169.0265694111845
 30
0.0
 10
1219.472871652966
 20
-165.4590839309856
 30
0.0
 10
1162.444534139782
 20
-159.4274554735787
 30
0.0
 10
1049.044930950459
 20
-147.7554097566185
 30
0.0
 10
922.8483045181555
 20
-135.5207658708346
 30
0.0
 10
799.253063648708
 20
-124.4140771384987
 30
0.0
 10
683.6746214021222
 20
-114.5950381812393
 30
0.0
 10
546.465362627518
 20
-104.022372991308
 30
0.0
 10
414.5146413153132
 20
-95.46991090881329
 30
0.0
 10
314.8303378915805
 20
-90.088556716722
 30
0.0
 10
221.8873688288647
 20
-85.80926406636195
 30
0.0
 10
114.0701823888012
 20
-82.21259774980285
 30
0.0
 10
30.45315677804842
 20
-81.1333710723386
 30
0.0
 10
-8.67999358201746
 20
-81.13245561303165
 30
0.0
  0
SPLINE
  5
102
330
1F
100
AcDbEntity
  8
Dibujo2D$visible$líneas
100
AcDbSpline
210
0.0
220
0.0
230
1.0
 70
    12
 71
     3
 72
     8
 73
     4
 74
     0
 42
0.000000001
 43
0.0000000001
 40
975.8656884444781
 40
975.8656884444781
 40
975.8656884444781
 40
975.8656884444781
 40
978.9126075964349
 40
978.9126075964349
 40
978.9126075964349
 40
978.9126075964349
 10
1278.447904012721
 20
-167.650665434533
 30
0.0
 41
1.0
 10
1279.807028324369
 20
-167.797652000655
 30
0.0
 41
1.0
 10
1281.166214123023
 20
-167.9440565781786
 30
0.0
 41
1.0
 10
1282.525377648333
 20
-168.090672535367
 30
0.0
 41
1.0
  0
LINE
  5
103
330
1F
100
AcDbEntity
  8
Dibujo2D$visible$líneas
100
AcDbLine
 10
-665.0013130040297
 20
-77.00521734480708
 30
0.0
 11
-8.679993339926568
 21
-77.00537321415709
 31
0.0
  0
LINE
  5
104
330
1F
100
AcDbEntity
  8
Dibujo2D$visible$líneas
100
AcDbLine
 10
1282.525377648333
 20
-168.0956635232619
 30
0.0
 11
1282.525377648333
 21
-168.090672535367
 31
0.0
  0
LINE
  5
105
330
1F
100
AcDbEntity
  8
Dibujo2D$visible$líneas
100
AcDbLine
 10
-665.0013132596782
 20
-81.13214713915909
 30
0.0
 11
-665.0013130040298
 21
-77.00521826123986
 31
0.0
  0
LINE
  5
106
330
1F
100
AcDbEntity
  8
Dibujo2D$oculto$líneas
100
AcDbLine
 10
-1049.799271420986
 20
-81.71232749564433
 30
0.0
 11
-1049.799271420986
 21
-85.5409435072761
 31
0.0
  0
SPLINE
  5
107
330
1F
100
AcDbEntity
  8
Dibujo2D$oculto$líneas
100
AcDbSpline
210
0.0
220
0.0
230
1.0
 70
     8
 71
     3
 72
    17
 73
    13
 74
     0
 42
0.000000001
 43
0.0000000001
 40
0.0
 40
0.0
 40
0.0
 40
0.0
 40
0.1877612420837971
 40
72.14788438277152
 40
354.7712873781866
 40
380.6938593307408
 40
380.8441391974163
 40
380.9756282387243
 40
381.1822563982456
 40
381.4452389239128
 40
382.5723068743975
 40
384.8264427587046
 40
384.8264427587046
 40
384.8264427587046
 40
384.8264427587046
 10
-665.0013231599763
 20
-81.13214713915659
 30
0.0
 10
-665.0639154581473
 20
-81.1316530162735
 30
0.0
 10
-689.1114102213387
 20
-81.42588740739347
 30
0.0
 10
-807.3596518664615
 20
-82.8729772038339
 30
0.0
 10
-934.1855231711944
 20
-84.42488563983761
 30
0.0
 10
-1037.076570452626
 20
-85.68404667580353
 30
0.0
 10
-1045.8106975821
 20
-85.79085686341205
 30
0.0
 10
-1045.973506884797
 20
-85.7894722462695
 30
0.0
 10
-1046.173868489818
 20
-85.78993479831706
 30
0.0
 10
-1046.706096901303
 20
-85.7897365310946
 30
0.0
 10
-1047.920823832091
 20
-85.78990350828576
 30
0.0
 10
-1049.047893171139
 20
-85.78977814096538
 30
0.0
 10
-1049.799271354339
 20
-85.7898181408707
 30
0.0
  0
LINE
  5
108
330
1F
100
AcDbEntity
  8
Dibujo2D$oculto$líneas
100
AcDbLine
 10
-865.4596560587739
 20
-79.45660110167341
 30
0.0
 11
-665.1559997469226
 21
-77.00552598434842
 31
0.0
  0
LINE
  5
109
330
1F
100
AcDbEntity
  8
Dibujo2D$oculto$líneas
100
AcDbLine
 10
-992.6879894866807
 20
-81.01346835025879
 30
0.0
 11
-865.7327949263046
 21
-79.45994344646192
 31
0.0
  0
LINE
  5
10A
330
1F
100
AcDbEntity
  8
Dibujo2D$oculto$líneas
100
AcDbLine
 10
-1008.961317417229
 20
-81.21260175551492
 30
0.0
 11
-1001.236357477923
 21
-81.11807299134671
 31
0.0
  0
LINE
  5
10B
330
1F
100
AcDbEntity
  8
Dibujo2D$oculto$líneas
100
AcDbLine
 10
-1033.487861362526
 20
-81.51272808713156
 30
0.0
 11
-1009.23445628476
 21
-81.21594410030343
 31
0.0
  0
LINE
  5
10C
330
1F
100
AcDbEntity
  8
Dibujo2D$oculto$líneas
100
AcDbLine
 10
-1041.642842625358
 20
-81.61251893480562
 30
0.0
 11
-1033.487873093685
 21
-81.51272823068348
 31
0.0
  0
LINE
  5
10D
330
1F
100
AcDbEntity
  8
Dibujo2D$oculto$líneas
100
AcDbLine
 10
-1041.642883518828
 20
-81.61251943521074
 30
0.0
 11
-1041.642858300978
 21
-81.6125191266251
 31
0.0
  0
LINE
  5
10E
330
1F
100
AcDbEntity
  8
Dibujo2D$oculto$líneas
100
AcDbLine
 10
-1049.799271420986
 20
-277.6818058686813
 30
0.0
 11
-1049.799271420986
 21
-85.5409435072761
 31
0.0
  0
LINE
  5
10F
330
1F
100
AcDbEntity
  8
Dibujo2D$oculto$líneas
100
AcDbLine
 10
-1041.644290130534
 20
-277.6818058686813
 30
0.0
 11
-1049.799271420986
 21
-277.6818058686813
 31
0.0
  0
LINE
  5
110
330
1F
100
AcDbEntity
  8
Dibujo2D$oculto$líneas
100
AcDbLine
 10
-1041.644290130534
 20
-85.5409435072761
 30
0.0
 11
-1049.799271356846
 21
-85.5409435072761
 31
0.0
  0
LINE
  5
111
330
1F
100
AcDbEntity
  8
Dibujo2D$oculto$líneas
100
AcDbLine
 10
-1041.644290130534
 20
-140.8364682357178
 30
0.0
 11
-1049.799271381417
 21
-140.8364682357178
 31
0.0
  0
LINE
  5
112
330
1F
100
AcDbEntity
  8
Dibujo2D$oculto$líneas
100
AcDbLine
 10
-1041.644290130534
 20
-99.13257899136397
 30
0.0
 11
-1041.644290130534
 21
-85.5409435072761
 31
0.0
  0
LINE
  5
113
330
1F
100
AcDbEntity
  8
Dibujo2D$oculto$líneas
100
AcDbLine
 10
-1041.644290130534
 20
-277.6818058686813
 30
0.0
 11
-1041.644290130534
 21
-264.0901703845948
 31
0.0
  0
LINE
  5
114
330
1F
100
AcDbEntity
  8
Dibujo2D$oculto$líneas
100
AcDbLine
 10
233.9307022747153
 20
-100.056831637633
 30
0.0
 11
229.8532116294891
 21
-100.056831637633
 31
0.0
  0
LINE
  5
115
330
1F
100
AcDbEntity
  8
Dibujo2D$oculto$líneas
100
AcDbLine
 10
229.853211603978
 20
-82.21793139425563
 30
0.0
 11
229.8532115018234
 21
-86.49682948371833
 31
0.0
  0
LINE
  5
116
330
1F
100
AcDbEntity
  8
Dibujo2D$visible$líneas
100
AcDbLine
 10
229.8532116294891
 20
-81.1493708786461
 30
0.0
 11
229.853211603978
 21
-82.21793139425563
 31
0.0
  0
LINE
  5
117
330
1F
100
AcDbEntity
  8
Dibujo2D$visible$líneas
100
AcDbLine
 10
233.9307022747153
 20
-81.1493708786461
 30
0.0
 11
229.8532116294891
 21
-81.1493708786461
 31
0.0
  0
LINE
  5
118
330
1F
100
AcDbEntity
  8
Dibujo2D$oculto$líneas
100
AcDbLine
 10
229.8532116294891
 20
-86.49699030479587
 30
0.0
 11
229.8532116294891
 21
-100.1336705630588
 31
0.0
  0
LINE
  5
119
330
1F
100
AcDbEntity
  8
Dibujo2D$oculto$líneas
100
AcDbLine
 10
233.9307017054698
 20
-86.49699030479587
 30
0.0
 11
229.8532116294891
 21
-86.49699030479587
 31
0.0
  0
LINE
  5
11A
330
1F
100
AcDbEntity
  8
Dibujo2D$oculto$líneas
100
AcDbLine
 10
229.8532116294891
 20
-100.1336705630588
 30
0.0
 11
229.8532116294891
 21
-173.4833548583911
 31
0.0
  0
LINE
  5
11B
330
1F
100
AcDbEntity
  8
Dibujo2D$oculto$líneas
100
AcDbLine
 10
233.9307022747153
 20
-100.1336705630588
 30
0.0
 11
229.8532116294891
 21
-100.1336705630588
 31
0.0
  0
LINE
  5
11C
330
1F
100
AcDbEntity
  8
Dibujo2D$visible$líneas
100
AcDbLine
 10
229.8532116294891
 20
-173.4833548583911
 30
0.0
 11
229.8532116294891
 21
-189.7933174392956
 31
0.0
  0
LINE
  5
11D
330
1F
100
AcDbEntity
  8
Dibujo2D$visible$líneas
100
AcDbLine
 10
233.9307022747153
 20
-173.4833548583911
 30
0.0
 11
229.8532116294891
 21
-173.4833548583911
 31
0.0
  0
LINE
  5
11E
330
1F
100
AcDbEntity
  8
Dibujo2D$visible$líneas
100
AcDbLine
 10
233.9307022747153
 20
-189.7933174392956
 30
0.0
 11
229.8532116294891
 21
-189.7933174392956
 31
0.0
  0
LINE
  5
11F
330
1F
100
AcDbEntity
  8
Dibujo2D$oculto$líneas
100
AcDbLine
 10
229.8532116294891
 20
-189.7933174392956
 30
0.0
 11
229.8532116294891
 21
-263.1430017346279
 31
0.0
  0
LINE
  5
120
330
1F
100
AcDbEntity
  8
Dibujo2D$oculto$líneas
100
AcDbLine
 10
233.9307022747153
 20
-263.1430017346279
 30
0.0
 11
229.8532116294891
 21
-263.1430017346279
 31
0.0
  0
LINE
  5
121
330
1F
100
AcDbEntity
  8
Dibujo2D$oculto$líneas
100
AcDbLine
 10
229.8532116294891
 20
-263.1430017346279
 30
0.0
 11
229.8532116294891
 21
-276.779679733309
 31
0.0
  0
LINE
  5
122
330
1F
100
AcDbEntity
  8
Dibujo2D$oculto$líneas
100
AcDbLine
 10
233.9307022747153
 20
-276.779679733309
 30
0.0
 11
229.8532116294891
 21
-276.779679733309
 31
0.0
  0
LINE
  5
123
330
1F
100
AcDbEntity
  8
Dibujo2D$visible$líneas
100
AcDbLine
 10
229.8532115859728
 20
-281.2795583225065
 30
0.0
 11
229.8532116294891
 21
-282.2041247885827
 31
0.0
  0
LINE
  5
124
330
1F
100
AcDbEntity
  8
Dibujo2D$oculto$líneas
100
AcDbLine
 10
229.8532113741951
 20
-276.7800391644651
 30
0.0
 11
229.8532113915685
 21
-277.1491626253826
 31
0.0
  0
LINE
  5
125
330
1F
100
AcDbEntity
  8
Dibujo2D$visible$líneas
100
AcDbLine
 10
233.9307022747153
 20
-282.2041247885827
 30
0.0
 11
229.8532116294891
 21
-282.2041247885827
 31
0.0
  0
LINE
  5
126
330
1F
100
AcDbEntity
  8
Dibujo2D$oculto$líneas
100
AcDbLine
 10
233.8651901568101
 20
-263.2198392912869
 30
0.0
 11
229.8532116294891
 21
-263.2198392912869
 31
0.0
  0
LINE
  5
127
330
1F
100
AcDbEntity
  8
Dibujo2D$visible$líneas
100
AcDbLine
 10
233.9307022234723
 20
-281.1153945585233
 30
0.0
 11
233.9307022747153
 21
-282.2041247885827
 31
0.0
  0
LINE
  5
128
330
1F
100
AcDbEntity
  8
Dibujo2D$oculto$líneas
100
AcDbLine
 10
233.9307020194119
 20
-276.7798409540906
 30
0.0
 11
233.9307020290714
 21
-276.9850688754204
 31
0.0
  0
LINE
  5
129
330
1F
100
AcDbEntity
  8
Dibujo2D$oculto$líneas
100
AcDbLine
 10
233.9307022747153
 20
-263.1430017346279
 30
0.0
 11
233.9307022747153
 21
-276.779679733309
 31
0.0
  0
LINE
  5
12A
330
1F
100
AcDbEntity
  8
Dibujo2D$oculto$líneas
100
AcDbLine
 10
233.9307022747153
 20
-189.7933174392956
 30
0.0
 11
233.9307022747153
 21
-263.1430017346279
 31
0.0
  0
LINE
  5
12B
330
1F
100
AcDbEntity
  8
Dibujo2D$visible$líneas
100
AcDbLine
 10
233.9307022747153
 20
-173.4833548583911
 30
0.0
 11
233.9307022747153
 21
-189.7933174392956
 31
0.0
  0
LINE
  5
12C
330
1F
100
AcDbEntity
  8
Dibujo2D$oculto$líneas
100
AcDbLine
 10
233.9307022747153
 20
-100.1336705630588
 30
0.0
 11
233.9307022747153
 21
-173.4833548583911
 31
0.0
  0
LINE
  5
12D
330
1F
100
AcDbEntity
  8
Dibujo2D$oculto$líneas
100
AcDbLine
 10
233.9307022747153
 20
-86.49699030479587
 30
0.0
 11
233.9307022747153
 21
-100.1336705630588
 31
0.0
  0
LINE
  5
12E
330
1F
100
AcDbEntity
  8
Dibujo2D$oculto$líneas
100
AcDbLine
 10
233.9307022452854
 20
-82.38207635361414
 30
0.0
 11
233.930702147054
 21
-86.49663176475383
 31
0.0
  0
LINE
  5
12F
330
1F
100
AcDbEntity
  8
Dibujo2D$visible$líneas
100
AcDbLine
 10
233.9307022747153
 20
-81.1493708786461
 30
0.0
 11
233.9307022452856
 21
-82.38207635361414
 31
0.0
  0
LINE
  5
130
330
1F
100
AcDbEntity
  8
Dibujo2D$oculto$líneas
100
AcDbLine
 10
-8.679993824152461
 20
-135.4196397657151
 30
0.0
 11
-0.5250125336781366
 21
-135.4196397657151
 31
0.0
  0
LINE
  5
131
330
1F
100
AcDbEntity
  8
Dibujo2D$oculto$líneas
100
AcDbLine
 10
-8.679993561040646
 20
-81.725960658747
 30
0.0
 11
-344.7056919399902
 21
-81.72578977179842
 31
0.0
  0
LINE
  5
132
330
1F
100
AcDbEntity
  8
Dibujo2D$visible$líneas
100
AcDbLine
 10
-344.7056919399902
 20
-85.06117908027068
 30
0.0
 11
-344.7056919399899
 21
-119.1029583765833
 31
0.0
  0
LINE
  5
133
330
1F
100
AcDbEntity
  8
Dibujo2D$oculto$líneas
100
AcDbLine
 10
-344.7056919399902
 20
-81.72578977179842
 30
0.0
 11
-344.7056919399902
 21
-85.06117908027068
 31
0.0
  0
LINE
  5
134
330
1F
100
AcDbEntity
  8
Dibujo2D$oculto$líneas
100
AcDbLine
 10
-345.0183614304868
 20
-119.1029583765833
 30
0.0
 11
-348.7831825852159
 21
-119.1029583765833
 31
0.0
  0
LINE
  5
135
330
1F
100
AcDbEntity
  8
Dibujo2D$visible$líneas
100
AcDbLine
 10
-344.7056919399899
 20
-119.1029583765833
 30
0.0
 11
-345.0183614304868
 21
-119.1029583765833
 31
0.0
  0
LINE
  5
136
330
1F
100
AcDbEntity
  8
Dibujo2D$oculto$líneas
100
AcDbLine
 10
-348.7831825852159
 20
-119.1029583765833
 30
0.0
 11
-348.7831825852159
 21
-135.4129209574876
 31
0.0
  0
LINE
  5
137
330
1F
100
AcDbEntity
  8
Dibujo2D$visible$líneas
100
AcDbLine
 10
-345.0183628419534
 20
-135.4129209574876
 30
0.0
 11
-344.7056919399899
 21
-135.4129209574876
 31
0.0
  0
LINE
  5
138
330
1F
100
AcDbEntity
  8
Dibujo2D$oculto$líneas
100
AcDbLine
 10
-348.7831825852159
 20
-135.4129209574876
 30
0.0
 11
-345.0183628419534
 21
-135.4129209574876
 31
0.0
  0
LINE
  5
139
330
1F
100
AcDbEntity
  8
Dibujo2D$visible$líneas
100
AcDbLine
 10
-344.7056919399899
 20
-135.4129209574876
 30
0.0
 11
-344.7056919399899
 21
-173.4695003129309
 31
0.0
  0
LINE
  5
13A
330
1F
100
AcDbEntity
  8
Dibujo2D$oculto$líneas
100
AcDbLine
 10
-345.0183661353749
 20
-173.4695003129309
 30
0.0
 11
-348.7831825852159
 21
-173.4695003129309
 31
0.0
  0
LINE
  5
13B
330
1F
100
AcDbEntity
  8
Dibujo2D$visible$líneas
100
AcDbLine
 10
-344.7056919399899
 20
-173.4695003129309
 30
0.0
 11
-345.0183661353749
 21
-173.4695003129309
 31
0.0
  0
LINE
  5
13C
330
1F
100
AcDbEntity
  8
Dibujo2D$oculto$líneas
100
AcDbLine
 10
-348.7831825852159
 20
-173.4695003129309
 30
0.0
 11
-348.7831825852159
 21
-189.7794628938354
 31
0.0
  0
LINE
  5
13D
330
1F
100
AcDbEntity
  8
Dibujo2D$visible$líneas
100
AcDbLine
 10
-345.0183675468418
 20
-189.7794628938354
 30
0.0
 11
-344.7056919399899
 21
-189.7794628938354
 31
0.0
  0
LINE
  5
13E
330
1F
100
AcDbEntity
  8
Dibujo2D$oculto$líneas
100
AcDbLine
 10
-348.7831825852159
 20
-189.7794628938354
 30
0.0
 11
-345.0183675468418
 21
-189.7794628938354
 31
0.0
  0
LINE
  5
13F
330
1F
100
AcDbEntity
  8
Dibujo2D$visible$líneas
100
AcDbLine
 10
-344.7056919399899
 20
-189.7794628938354
 30
0.0
 11
-344.7056919399899
 21
-227.8360422492788
 31
0.0
  0
LINE
  5
140
330
1F
100
AcDbEntity
  8
Dibujo2D$oculto$líneas
100
AcDbLine
 10
-345.0183708402637
 20
-227.8360422492788
 30
0.0
 11
-348.7831825852159
 21
-227.8360422492788
 31
0.0
  0
LINE
  5
141
330
1F
100
AcDbEntity
  8
Dibujo2D$visible$líneas
100
AcDbLine
 10
-344.7056919399899
 20
-227.8360422492788
 30
0.0
 11
-345.0183708402637
 21
-227.8360422492788
 31
0.0
  0
LINE
  5
142
330
1F
100
AcDbEntity
  8
Dibujo2D$oculto$líneas
100
AcDbLine
 10
-348.7831825852159
 20
-227.8360422492788
 30
0.0
 11
-348.7831825852159
 21
-244.1460048301833
 31
0.0
  0
LINE
  5
143
330
1F
100
AcDbEntity
  8
Dibujo2D$visible$líneas
100
AcDbLine
 10
-345.018372251731
 20
-244.1460048301833
 30
0.0
 11
-344.7056919399899
 21
-244.1460048301833
 31
0.0
  0
LINE
  5
144
330
1F
100
AcDbEntity
  8
Dibujo2D$oculto$líneas
100
AcDbLine
 10
-348.7831825852159
 20
-244.1460048301833
 30
0.0
 11
-345.0183722517309
 21
-244.1460048301833
 31
0.0
  0
LINE
  5
145
330
1F
100
AcDbEntity
  8
Dibujo2D$oculto$líneas
100
AcDbLine
 10
-344.7056919399899
 20
-278.062705409403
 30
0.0
 11
-344.7056919399899
 21
-281.523173435276
 31
0.0
  0
LINE
  5
146
330
1F
100
AcDbEntity
  8
Dibujo2D$visible$líneas
100
AcDbLine
 10
-344.7056919399899
 20
-244.1460048301833
 30
0.0
 11
-344.7056919399899
 21
-278.062705409403
 31
0.0
  0
LINE
  5
147
330
1F
100
AcDbEntity
  8
Dibujo2D$oculto$líneas
100
AcDbLine
 10
-344.7056919399899
 20
-281.523173435276
 30
0.0
 11
-8.679993824152461
 21
-281.5230025486512
 31
0.0
  0
LINE
  5
148
330
1F
100
AcDbEntity
  8
Dibujo2D$oculto$líneas
100
AcDbLine
 10
-0.5250125337258851
 20
-227.8427610575068
 30
0.0
 11
-8.679993824152461
 21
-227.8427610575063
 31
0.0
  0
SPLINE
  5
149
330
1F
100
AcDbEntity
  8
Dibujo2D$visible$líneas
100
AcDbSpline
210
0.0
220
0.0
230
1.0
 70
    15
 71
     2
 72
    16
 73
    13
 74
     0
 42
0.000000001
 43
0.0000000001
 40
0.0
 40
0.0
 40
0.0
 40
5.337422773384505
 40
5.337422773384505
 40
10.67484554676933
 40
10.67484554676933
 40
15.67484554676933
 40
15.67484554676933
 40
21.01226832015401
 40
21.01226832015401
 40
26.34969109353847
 40
26.34969109353847
 40
31.34969109353847
 40
31.34969109353847
 40
31.34969109353847
 10
-263.3796614502173
 20
-178.2265727325253
 30
0.0
 41
1.0
 10
-263.3796614502171
 20
-174.8286638615039
 30
0.0
 41
0.7071067811866096
 10
-259.9817525791957
 20
-174.8286638615036
 30
0.0
 41
1.0
 10
-256.583843708174
 20
-174.8286638615033
 30
0.0
 41
0.7071067811865298
 10
-256.5838437081738
 20
-178.2265727325253
 30
0.0
 41
1.0
 10
-256.5838437081738
 20
-181.6244816035469
 30
0.0
 41
1.0
 10
-256.5838437081738
 20
-185.022390474569
 30
0.0
 41
1.0
 10
-256.5838437081741
 20
-188.4202993455904
 30
0.0
 41
0.7071067811865919
 10
-259.9817525791957
 20
-188.4202993455906
 30
0.0
 41
1.0
 10
-263.3796614502171
 20
-188.4202993455901
 30
0.0
 41
0.7071067811866274
 10
-263.3796614502174
 20
-185.022390474569
 30
0.0
 41
1.0
 10
-263.3796614502173
 20
-181.6244816035469
 30
0.0
 41
1.0
 10
-263.3796614502173
 20
-178.2265727325253
 30
0.0
 41
1.0
  0
SPLINE
  5
14A
330
1F
100
AcDbEntity
  8
Dibujo2D$visible$líneas
100
AcDbSpline
210
0.0
220
0.0
230
1.0
 70
    15
 71
     2
 72
    16
 73
    13
 74
     0
 42
0.000000001
 43
0.0000000001
 40
0.0
 40
0.0
 40
0.0
 40
19.21472198418519
 40
19.21472198418519
 40
38.42944396837041
 40
38.42944396837041
 40
62.2056051521046
 40
62.2056051521046
 40
81.4203271362899
 40
81.4203271362899
 40
100.6350491204751
 40
100.6350491204751
 40
124.4112103042093
 40
124.4112103042093
 40
124.4112103042093
 10
-300.0770772572521
 20
-201.636586615261
 30
0.0
 41
1.0
 10
-300.0770772572524
 20
-189.4041146795825
 30
0.0
 41
0.7071067811865352
 10
-287.8446053215739
 20
-189.4041146795826
 30
0.0
 41
1.0
 10
-275.6121333858954
 20
-189.4041146795822
 30
0.0
 41
0.7071067811865344
 10
-275.6121333858957
 20
-201.636586615261
 30
0.0
 41
1.0
 10
-275.6121333858955
 20
-217.7944324162713
 30
0.0
 41
1.0
 10
-275.6121333858955
 20
-233.9522782172817
 30
0.0
 41
1.0
 10
-275.6121333858954
 20
-246.1847501529601
 30
0.0
 41
0.7071067811865525
 10
-287.8446053215739
 20
-246.1847501529601
 30
0.0
 41
1.0
 10
-300.0770772572522
 20
-246.18475015296
 30
0.0
 41
0.7071067811865508
 10
-300.0770772572522
 20
-233.9522782172817
 30
0.0
 41
1.0
 10
-300.0770772572521
 20
-217.7944324162713
 30
0.0
 41
1.0
 10
-300.0770772572521
 20
-201.636586615261
 30
0.0
 41
1.0
  0
SPLINE
  5
14B
330
1F
100
AcDbEntity
  8
Dibujo2D$visible$líneas
100
AcDbSpline
210
0.0
220
0.0
230
1.0
 70
    15
 71
     2
 72
    16
 73
    13
 74
     0
 42
0.000000001
 43
0.0000000001
 40
0.0
 40
0.0
 40
0.0
 40
5.337422773384668
 40
5.337422773384668
 40
10.67484554676949
 40
10.67484554676949
 40
15.67484554676949
 40
15.67484554676949
 40
21.01226832015417
 40
21.01226832015417
 40
26.34969109353879
 40
26.34969109353879
 40
31.34969109353879
 40
31.34969109353879
 40
31.34969109353879
 10
-319.105366934974
 20
-178.2265727325253
 30
0.0
 41
1.0
 10
-319.1053669349735
 20
-174.8286638615038
 30
0.0
 41
0.7071067811865742
 10
-315.7074580639521
 20
-174.8286638615036
 30
0.0
 41
1.0
 10
-312.3095491929303
 20
-174.8286638615033
 30
0.0
 41
0.7071067811865298
 10
-312.3095491929303
 20
-178.2265727325253
 30
0.0
 41
1.0
 10
-312.3095491929303
 20
-181.6244816035469
 30
0.0
 41
1.0
 10
-312.3095491929303
 20
-185.022390474569
 30
0.0
 41
1.0
 10
-312.3095491929307
 20
-188.4202993455904
 30
0.0
 41
0.7071067811865919
 10
-315.7074580639521
 20
-188.4202993455906
 30
0.0
 41
1.0
 10
-319.1053669349734
 20
-188.4202993455902
 30
0.0
 41
0.7071067811866214
 10
-319.105366934974
 20
-185.022390474569
 30
0.0
 41
1.0
 10
-319.105366934974
 20
-181.6244816035469
 30
0.0
 41
1.0
 10
-319.105366934974
 20
-178.2265727325253
 30
0.0
 41
1.0
  0
SPLINE
  5
14C
330
1F
100
AcDbEntity
  8
Dibujo2D$visible$líneas
100
AcDbSpline
210
0.0
220
0.0
230
1.0
 70
    15
 71
     2
 72
    16
 73
    13
 74
     0
 42
0.000000001
 43
0.0000000001
 40
0.0
 40
0.0
 40
0.0
 40
5.337422773384525
 40
5.337422773384525
 40
10.67484554676934
 40
10.67484554676934
 40
15.67484554676934
 40
15.67484554676934
 40
21.01226832015407
 40
21.01226832015407
 40
26.34969109353851
 40
26.34969109353851
 40
31.34969109353851
 40
31.34969109353851
 40
31.34969109353851
 10
-263.3796614502173
 20
-226.3001874397405
 30
0.0
 41
1.0
 10
-263.3796614502171
 20
-222.9022785687191
 30
0.0
 41
0.7071067811865889
 10
-259.9817525791957
 20
-222.9022785687189
 30
0.0
 41
1.0
 10
-256.5838437081736
 20
-222.9022785687186
 30
0.0
 41
0.7071067811865268
 10
-256.5838437081738
 20
-226.3001874397405
 30
0.0
 41
1.0
 10
-256.5838437081738
 20
-229.6980963107626
 30
0.0
 41
1.0
 10
-256.5838437081738
 20
-233.0960051817842
 30
0.0
 41
1.0
 10
-256.5838437081741
 20
-236.4939140528056
 30
0.0
 41
0.7071067811865859
 10
-259.9817525791957
 20
-236.4939140528058
 30
0.0
 41
1.0
 10
-263.379661450217
 20
-236.4939140528054
 30
0.0
 41
0.7071067811866214
 10
-263.3796614502173
 20
-233.0960051817842
 30
0.0
 41
1.0
 10
-263.3796614502173
 20
-229.6980963107626
 30
0.0
 41
1.0
 10
-263.3796614502173
 20
-226.3001874397405
 30
0.0
 41
1.0
  0
SPLINE
  5
14D
330
1F
100
AcDbEntity
  8
Dibujo2D$visible$líneas
100
AcDbSpline
210
0.0
220
0.0
230
1.0
 70
    15
 71
     2
 72
    16
 73
    13
 74
     0
 42
0.000000001
 43
0.0000000001
 40
0.0
 40
0.0
 40
0.0
 40
19.21472198418502
 40
19.21472198418502
 40
38.42944396836994
 40
38.42944396836994
 40
61.92944396836988
 40
61.92944396836988
 40
81.14416595255514
 40
81.14416595255514
 40
100.3588879367402
 40
100.3588879367402
 40
123.8588879367401
 40
123.8588879367401
 40
123.8588879367401
 10
-300.0770772572521
 20
-129.2966849898123
 30
0.0
 41
1.0
 10
-300.0770772572522
 20
-117.0642130541337
 30
0.0
 41
0.7071067811865401
 10
-287.8446053215739
 20
-117.0642130541341
 30
0.0
 41
1.0
 10
-275.6121333858956
 20
-117.0642130541342
 30
0.0
 41
0.7071067811865377
 10
-275.6121333858958
 20
-129.2966849898123
 30
0.0
 41
1.0
 10
-275.6121333858955
 20
-145.2668566836146
 30
0.0
 41
1.0
 10
-275.6121333858955
 20
-161.2370283774167
 30
0.0
 41
1.0
 10
-275.6121333858956
 20
-173.469500313095
 30
0.0
 41
0.7071067811865639
 10
-287.8446053215739
 20
-173.4695003130953
 30
0.0
 41
1.0
 10
-300.077077257252
 20
-173.4695003130948
 30
0.0
 41
0.7071067811865525
 10
-300.0770772572521
 20
-161.2370283774167
 30
0.0
 41
1.0
 10
-300.0770772572521
 20
-145.2668566836146
 30
0.0
 41
1.0
 10
-300.0770772572521
 20
-129.2966849898123
 30
0.0
 41
1.0
  0
SPLINE
  5
14E
330
1F
100
AcDbEntity
  8
Dibujo2D$visible$líneas
100
AcDbSpline
210
0.0
220
0.0
230
1.0
 70
    15
 71
     2
 72
    16
 73
    13
 74
     0
 42
0.000000001
 43
0.0000000001
 40
0.0
 40
0.0
 40
0.0
 40
5.337422773384725
 40
5.337422773384725
 40
10.67484554676954
 40
10.67484554676954
 40
15.67484554676954
 40
15.67484554676954
 40
21.01226832015425
 40
21.01226832015425
 40
26.34969109353893
 40
26.34969109353893
 40
31.34969109353893
 40
31.34969109353893
 40
31.34969109353893
 10
-319.105366934974
 20
-226.3001874397405
 30
0.0
 41
1.0
 10
-319.1053669349737
 20
-222.9022785687189
 30
0.0
 41
0.7071067811865682
 10
-315.7074580639521
 20
-222.9022785687189
 30
0.0
 41
1.0
 10
-312.3095491929301
 20
-222.9022785687186
 30
0.0
 41
0.7071067811865268
 10
-312.3095491929303
 20
-226.3001874397405
 30
0.0
 41
1.0
 10
-312.3095491929303
 20
-229.6980963107626
 30
0.0
 41
1.0
 10
-312.3095491929303
 20
-233.0960051817842
 30
0.0
 41
1.0
 10
-312.3095491929306
 20
-236.4939140528056
 30
0.0
 41
0.7071067811866066
 10
-315.7074580639521
 20
-236.4939140528061
 30
0.0
 41
1.0
 10
-319.1053669349737
 20
-236.4939140528056
 30
0.0
 41
0.7071067811866008
 10
-319.105366934974
 20
-233.0960051817842
 30
0.0
 41
1.0
 10
-319.105366934974
 20
-229.6980963107626
 30
0.0
 41
1.0
 10
-319.105366934974
 20
-226.3001874397405
 30
0.0
 41
1.0
  0
SPLINE
  5
14F
330
1F
100
AcDbEntity
  8
Dibujo2D$visible$líneas
100
AcDbSpline
210
0.0
220
0.0
230
1.0
 70
    15
 71
     2
 72
    16
 73
    13
 74
     0
 42
0.000000001
 43
0.0000000001
 40
0.0
 40
0.0
 40
0.0
 40
5.337422773384676
 40
5.337422773384676
 40
10.67484554676976
 40
10.67484554676976
 40
15.67484554676976
 40
15.67484554676976
 40
21.01226832015475
 40
21.01226832015475
 40
26.34969109353935
 40
26.34969109353935
 40
31.34969109353935
 40
31.34969109353935
 40
31.34969109353935
 10
-263.3796614502173
 20
-130.158982942477
 30
0.0
 41
1.0
 10
-263.3796614502172
 20
-126.7610740714554
 30
0.0
 41
0.7071067811865919
 10
-259.9817525791957
 20
-126.7610740714551
 30
0.0
 41
1.0
 10
-256.5838437081735
 20
-126.7610740714548
 30
0.0
 41
0.7071067811864795
 10
-256.5838437081738
 20
-130.158982942477
 30
0.0
 41
1.0
 10
-256.5838437081738
 20
-133.5568918134986
 30
0.0
 41
1.0
 10
-256.5838437081738
 20
-136.9548006845203
 30
0.0
 41
1.0
 10
-256.5838437081737
 20
-140.3527095555423
 30
0.0
 41
0.7071067811865593
 10
-259.9817525791957
 20
-140.3527095555421
 30
0.0
 41
1.0
 10
-263.3796614502172
 20
-140.3527095555417
 30
0.0
 41
0.7071067811866185
 10
-263.3796614502173
 20
-136.9548006845203
 30
0.0
 41
1.0
 10
-263.3796614502173
 20
-133.5568918134986
 30
0.0
 41
1.0
 10
-263.3796614502173
 20
-130.158982942477
 30
0.0
 41
1.0
  0
SPLINE
  5
150
330
1F
100
AcDbEntity
  8
Dibujo2D$visible$líneas
100
AcDbSpline
210
0.0
220
0.0
230
1.0
 70
    15
 71
     2
 72
    16
 73
    13
 74
     0
 42
0.000000001
 43
0.0000000001
 40
0.0
 40
0.0
 40
0.0
 40
5.337422773384938
 40
5.337422773384938
 40
10.67484554676988
 40
10.67484554676988
 40
15.67484554676988
 40
15.67484554676988
 40
21.01226832015481
 40
21.01226832015481
 40
26.34969109353972
 40
26.34969109353972
 40
31.34969109353972
 40
31.34969109353972
 40
31.34969109353972
 10
-319.105366934974
 20
-130.158982942477
 30
0.0
 41
1.0
 10
-319.105366934974
 20
-126.761074071455
 30
0.0
 41
0.707106781186546
 10
-315.7074580639521
 20
-126.7610740714551
 30
0.0
 41
1.0
 10
-312.30954919293
 20
-126.7610740714549
 30
0.0
 41
0.7071067811865187
 10
-312.3095491929303
 20
-130.158982942477
 30
0.0
 41
1.0
 10
-312.3095491929303
 20
-133.5568918134986
 30
0.0
 41
1.0
 10
-312.3095491929303
 20
-136.9548006845203
 30
0.0
 41
1.0
 10
-312.3095491929302
 20
-140.3527095555419
 30
0.0
 41
0.7071067811865653
 10
-315.7074580639521
 20
-140.3527095555421
 30
0.0
 41
1.0
 10
-319.1053669349739
 20
-140.3527095555418
 30
0.0
 41
0.7071067811865779
 10
-319.1053669349741
 20
-136.9548006845203
 30
0.0
 41
1.0
 10
-319.105366934974
 20
-133.5568918134986
 30
0.0
 41
1.0
 10
-319.105366934974
 20
-130.158982942477
 30
0.0
 41
1.0
  0
CIRCLE
  5
151
330
1F
100
AcDbEntity
  8
Dibujo2D$oculto$líneas
100
AcDbCircle
 10
-83.09952495694371
 20
-181.6244949001373
 30
0.0
 40
9.67628303086505
  0
SPLINE
  5
152
330
1F
100
AcDbEntity
  8
Dibujo2D$oculto$líneas
100
AcDbSpline
210
0.0
220
0.0
230
1.0
 70
    15
 71
     2
 72
    20
 73
    17
 74
     0
 42
0.000000001
 43
0.0000000001
 40
82.49465195811138
 40
82.49465195811138
 40
82.49465195811138
 40
93.4272021972391
 40
93.4272021972391
 40
98.51139664019077
 40
98.51139664019077
 40
109.4439442041568
 40
109.4439442041568
 40
114.577802742104
 40
114.577802742104
 40
119.7116612800511
 40
119.7116612800511
 40
137.4633022052306
 40
137.4633022052306
 40
142.5971611019311
 40
142.5971611019311
 40
147.7310199986314
 40
147.7310199986314
 40
147.7310199986314
 10
-73.97093317026133
 20
-124.0267502387287
 30
0.0
 41
1.0
 10
-69.6332826107905
 20
-130.0585971758451
 30
0.0
 41
1.0
 10
-65.29563205131944
 20
-136.0904441129614
 30
0.0
 41
1.0
 10
-63.58369157005379
 20
-138.4710330531891
 30
0.0
 41
0.8118710963491895
 10
-65.29563247022634
 20
-140.8516216921705
 30
0.0
 41
1.0
 10
-69.63328302969717
 20
-146.8834663900261
 30
0.0
 41
1.0
 10
-73.970933589168
 20
-152.9153110878817
 30
0.0
 41
1.0
 10
-75.70496681281189
 20
-155.3266208424457
 30
0.0
 41
0.8083004786382082
 10
-78.53189381912307
 20
-154.4157039120146
 30
0.0
 41
1.0
 10
-81.35882082543404
 20
-153.504786981584
 30
0.0
 41
0.8083004786382287
 10
-81.35882082543412
 20
-150.5347220070157
 30
0.0
 41
1.0
 10
-81.35882082543412
 20
-138.4710303720437
 30
0.0
 41
1.0
 10
-81.35882082543412
 20
-126.4073387370718
 30
0.0
 41
1.0
 10
-81.35882082543397
 20
-123.4372734879545
 30
0.0
 41
0.808300452737143
 10
-78.5318934776592
 20
-122.5263567220434
 30
0.0
 41
1.0
 10
-75.70496612988457
 20
-121.6154399561324
 30
0.0
 41
0.8083004527371171
 10
-73.9709331702611
 20
-124.0267502387285
 30
0.0
 41
1.0
  0
SPLINE
  5
153
330
1F
100
AcDbEntity
  8
Dibujo2D$oculto$líneas
100
AcDbSpline
210
0.0
220
0.0
230
1.0
 70
    15
 71
     2
 72
    20
 73
    17
 74
     0
 42
0.000000001
 43
0.0000000001
 40
14.67322274790165
 40
14.67322274790165
 40
14.67322274790165
 40
25.60576817258823
 40
25.60576817258823
 40
30.73962671587555
 40
30.73962671587555
 40
35.87348525916296
 40
35.87348525916296
 40
53.62511620308848
 40
53.62511620308848
 40
58.75897439296332
 40
58.75897439296332
 40
63.89283258283861
 40
63.89283258283861
 40
74.82537537219278
 40
74.82537537219278
 40
79.90957121811299
 40
79.90957121811299
 40
79.90957121811299
 10
-65.29563419317356
 20
-227.1585330476246
 30
0.0
 41
1.0
 10
-69.63328388805303
 20
-233.1903765765323
 30
0.0
 41
1.0
 10
-73.97093358293228
 20
-239.2222201054401
 30
0.0
 41
1.0
 10
-75.70496680264601
 20
-241.6335298678642
 30
0.0
 41
0.8083004782526203
 10
-78.5318938140399
 20
-240.7226129398821
 30
0.0
 41
1.0
 10
-81.35882082543438
 20
-239.8116960119009
 30
0.0
 41
0.8083004782525628
 10
-81.35882082543412
 20
-236.8416310332459
 30
0.0
 41
1.0
 10
-81.35882082543412
 20
-224.777946181352
 30
0.0
 41
1.0
 10
-81.35882082543412
 20
-212.7142613294582
 30
0.0
 41
1.0
 10
-81.35882082543388
 20
-209.7441966212651
 30
0.0
 41
0.8083005037681833
 10
-78.53189415042016
 20
-208.8332795312131
 30
0.0
 41
1.0
 10
-75.70496747540618
 20
-207.9223624411609
 30
0.0
 41
0.8083005037681807
 10
-73.97093399560254
 20
-210.3336716834137
 30
0.0
 41
1.0
 10
-69.63328430072306
 20
-216.3655130063999
 30
0.0
 41
1.0
 10
-65.29563460584382
 20
-222.397354329386
 30
0.0
 41
1.0
 10
-63.58369267788895
 20
-224.7779435401247
 30
0.0
 41
0.8118709959069716
 10
-65.29563419317356
 20
-227.1585330476246
 30
0.0
 41
1.0
  0
SPLINE
  5
154
330
1F
100
AcDbEntity
  8
Dibujo2D$oculto$líneas
100
AcDbSpline
210
0.0
220
0.0
230
1.0
 70
    15
 71
     2
 72
    22
 73
    19
 74
     0
 42
0.000000001
 43
0.0000000001
 40
0.0
 40
0.0
 40
0.0
 40
3.86280940510163
 40
3.86280940510163
 40
7.725618810202955
 40
7.725618810202955
 40
20.10141098790477
 40
20.10141098790477
 40
24.57491379012186
 40
24.57491379012186
 40
29.04841659233886
 40
29.04841659233886
 40
43.4993031281916
 40
43.4993031281916
 40
47.97280557699654
 40
47.97280557699654
 40
52.44630802580129
 40
52.44630802580129
 40
64.82209866075115
 40
64.82209866075115
 40
64.82209866075115
 10
-51.90273417388289
 20
-208.5346507617796
 30
0.0
 41
1.0
 10
-53.12301844840428
 20
-210.2315521536536
 30
0.0
 41
0.8898979901982726
 10
-55.21313041774647
 20
-210.2315523348116
 30
0.0
 41
1.0
 10
-57.30324238708848
 20
-210.23155251597
 30
0.0
 41
0.8898979901983908
 10
-58.52352695576428
 20
-208.5346513356303
 30
0.0
 41
1.0
 10
-63.4338074090706
 20
-201.7065221345406
 30
0.0
 41
1.0
 10
-68.34408786237668
 20
-194.8783929334513
 30
0.0
 41
1.0
 10
-69.79892980855256
 20
-192.8553213655198
 30
0.0
 41
0.8532759068710402
 10
-68.66224248861658
 20
-190.6378170038502
 30
0.0
 41
1.0
 10
-67.52555516868036
 20
-188.420312642181
 30
0.0
 41
0.8532759068710538
 10
-65.033691677771
 20
-188.4203126421805
 30
0.0
 41
1.0
 10
-55.21313256691042
 20
-188.4203126421808
 30
0.0
 41
1.0
 10
-45.39257345604983
 20
-188.4203126421808
 30
0.0
 41
1.0
 10
-42.90071020784198
 20
-188.4203126421805
 30
0.0
 41
0.8532759294694396
 10
-41.76402280641696
 20
-190.6378166893496
 30
0.0
 41
1.0
 10
-40.6273354049911
 20
-192.8553207365181
 30
0.0
 41
0.8532759294694323
 10
-42.08217685877435
 20
-194.8783923596011
 30
0.0
 41
1.0
 10
-46.99245551632862
 20
-201.7065215606904
 30
0.0
 41
1.0
 10
-51.90273417388289
 20
-208.5346507617796
 30
0.0
 41
1.0
  0
SPLINE
  5
155
330
1F
100
AcDbEntity
  8
Dibujo2D$oculto$líneas
100
AcDbSpline
210
0.0
220
0.0
230
1.0
 70
    15
 71
     2
 72
    22
 73
    19
 74
     0
 42
0.000000001
 43
0.0000000001
 40
0.0
 40
0.0
 40
0.0
 40
5.084194442952
 40
5.084194442952
 40
16.01672975384098
 40
16.01672975384098
 40
21.15058831745478
 40
21.15058831745478
 40
26.28444688106876
 40
26.28444688106876
 40
34.41396668311322
 40
34.41396668311322
 40
44.03483244338972
 40
44.03483244338972
 40
49.16869134891967
 40
49.16869134891967
 40
54.30255025444976
 40
54.30255025444976
 40
65.23508813653875
 40
65.23508813653875
 40
65.23508813653875
 10
-45.13062611808004
 20
-140.8516234663653
 30
0.0
 41
1.0
 10
-46.84256659934607
 20
-138.4710345261374
 30
0.0
 41
0.8118710963491288
 10
-45.13062569917338
 20
-136.090445887156
 30
0.0
 41
1.0
 10
-40.79298000129256
 20
-130.0586079497245
 30
0.0
 41
1.0
 10
-36.45533430341197
 20
-124.0267700122929
 30
0.0
 41
1.0
 10
-34.72130106830012
 20
-121.6154602417823
 30
0.0
 41
0.808300476785234
 10
-31.89437404902719
 20
-122.5263771960319
 30
0.0
 41
1.0
 10
-29.06744702975448
 20
-123.437294150282
 30
0.0
 41
0.8083004767851705
 10
-29.06744706714608
 20
-126.4073591444926
 30
0.0
 41
1.0
 10
-29.06744713670946
 20
-131.9328721597408
 30
0.0
 41
1.0
 10
-29.06744720627285
 20
-137.4583851749892
 30
0.0
 41
1.0
 10
-29.06744717795664
 20
-143.9965501820084
 30
0.0
 41
1.0
 10
-29.06744714964043
 20
-150.5347151890278
 30
0.0
 41
1.0
 10
-29.06744713677756
 20
-153.5047804449022
 30
0.0
 41
0.8083004520996545
 10
-31.89437448901094
 20
-154.4156972190076
 30
0.0
 41
1.0
 10
-34.7213018412446
 20
-155.3266139931124
 30
0.0
 41
0.808300452099625
 10
-36.45533480481299
 20
-152.9153037050301
 30
0.0
 41
1.0
 10
-40.7929804614464
 20
-146.8834635856977
 30
0.0
 41
1.0
 10
-45.13062611808004
 20
-140.8516234663653
 30
0.0
 41
1.0
  0
SPLINE
  5
156
330
1F
100
AcDbEntity
  8
Dibujo2D$oculto$líneas
100
AcDbSpline
210
0.0
220
0.0
230
1.0
 70
    15
 71
     2
 72
    22
 73
    19
 74
     0
 42
0.000000001
 43
0.0000000001
 40
0.0
 40
0.0
 40
0.0
 40
3.862809405101268
 40
3.862809405101268
 40
7.72561881020246
 40
7.72561881020246
 40
20.10140646191917
 40
20.10140646191917
 40
24.57490822732798
 40
24.57490822732798
 40
29.04840999273682
 40
29.04840999273682
 40
43.55516857027737
 40
43.55516857027737
 40
48.02867205589097
 40
48.02867205589097
 40
52.50217554150458
 40
52.50217554150458
 40
64.87797070243846
 40
64.87797070243846
 40
64.87797070243846
 10
-58.52352414002371
 20
-241.0212348674495
 30
0.0
 41
1.0
 10
-57.30323986550221
 20
-239.3243334755763
 30
0.0
 41
0.8898979901983944
 10
-55.21312789616013
 20
-239.3243332944178
 30
0.0
 41
1.0
 10
-53.12301592681809
 20
-239.3243331132594
 30
0.0
 41
0.8898979901983606
 10
-51.90273135814255
 20
-241.0212342935993
 30
0.0
 41
1.0
 10
-46.99245270058827
 20
-247.8493609975549
 30
0.0
 41
1.0
 10
-42.08217404303446
 20
-254.67748770151
 30
0.0
 41
1.0
 10
-40.62733251255926
 20
-256.700558691377
 30
0.0
 41
0.853275973168362
 10
-41.76401894384458
 20
-258.9180627084575
 30
0.0
 41
1.0
 10
-42.90070537512955
 20
-261.135566725538
 30
0.0
 41
0.853275973168414
 10
-45.39256815402314
 20
-261.1355679927806
 30
0.0
 41
1.0
 10
-55.21312726488259
 20
-261.1355729870479
 30
0.0
 41
1.0
 10
-65.03368637574204
 20
-261.1355779813152
 30
0.0
 41
1.0
 10
-67.5255503359657
 20
-261.1355792485584
 30
0.0
 41
0.8532758631720976
 10
-68.66223862604215
 20
-258.918074856801
 30
0.0
 41
1.0
 10
-69.79892691611866
 20
-256.7005704650433
 30
0.0
 41
0.8532758631721538
 10
-68.34408504663497
 20
-254.6774982638954
 30
0.0
 41
1.0
 10
-63.43380459332934
 20
-247.8493665656724
 30
0.0
 41
1.0
 10
-58.52352414002371
 20
-241.0212348674495
 30
0.0
 41
1.0
  0
SPLINE
  5
157
330
1F
100
AcDbEntity
  8
Dibujo2D$oculto$líneas
100
AcDbSpline
210
0.0
220
0.0
230
1.0
 70
    15
 71
     2
 72
    22
 73
    19
 74
     0
 42
0.000000001
 43
0.0000000001
 40
0.0
 40
0.0
 40
0.0
 40
4.473502454145463
 40
4.473502454145463
 40
8.947004908291047
 40
8.947004908291047
 40
21.32280348755664
 40
21.32280348755664
 40
25.18561359414281
 40
25.18561359414281
 40
29.04842370072892
 40
29.04842370072892
 40
41.42422071392703
 40
41.42422071392703
 40
45.89772280931922
 40
45.89772280931922
 40
50.37122490471141
 40
50.37122490471141
 40
64.82211544476262
 40
64.82211544476262
 40
64.82211544476262
 10
-65.0336943782329
 20
-174.8286771580938
 30
0.0
 41
1.0
 10
-67.52555763010818
 20
-174.8286771580935
 30
0.0
 41
0.8532759291280323
 10
-68.66224503030185
 20
-172.6111731061724
 30
0.0
 41
1.0
 10
-69.79893243049634
 20
-170.3936690542512
 30
0.0
 41
0.8532759291279954
 10
-68.34409096927266
 20
-168.3705974320014
 30
0.0
 41
1.0
 10
-63.43380914180671
 20
-161.5424638606357
 30
0.0
 41
1.0
 10
-58.52352731434075
 20
-154.7143302892696
 30
0.0
 41
1.0
 10
-57.30324277679161
 20
-153.0174285410129
 30
0.0
 41
0.8898979509598351
 10
-55.2131303645474
 20
-153.0174287249095
 30
0.0
 41
1.0
 10
-53.12301795230314
 20
-153.0174289088055
 30
0.0
 41
0.8898979509598458
 10
-51.90273371335388
 20
-154.7143308717925
 30
0.0
 41
1.0
 10
-46.99245370877952
 20
-161.5424644431585
 30
0.0
 41
1.0
 10
-42.08217370420471
 20
-168.3705980145246
 30
0.0
 41
1.0
 10
-40.6273327428158
 20
-170.3936696927591
 30
0.0
 41
0.8532759520679823
 10
-41.76402022573075
 20
-172.6111734254264
 30
0.0
 41
1.0
 10
-42.90070770864564
 20
-174.8286771580935
 30
0.0
 41
0.8532759520680379
 10
-45.39257071415136
 20
-174.8286771580936
 30
0.0
 41
1.0
 10
-55.21313254619213
 20
-174.8286771580938
 30
0.0
 41
1.0
 10
-65.0336943782329
 20
-174.8286771580938
 30
0.0
 41
1.0
  0
SPLINE
  5
158
330
1F
100
AcDbEntity
  8
Dibujo2D$oculto$líneas
100
AcDbSpline
210
0.0
220
0.0
230
1.0
 70
    15
 71
     2
 72
    22
 73
    19
 74
     0
 42
0.000000001
 43
0.0000000001
 40
44.07322699410031
 40
44.07322699410031
 40
44.07322699410031
 40
56.44902871537997
 40
56.44902871537997
 40
60.92253184758229
 40
60.92253184758229
 40
65.39603497978476
 40
65.39603497978476
 40
79.90235759227755
 40
79.90235759227755
 40
84.37585900961238
 40
84.37585900961238
 40
88.8493604269474
 40
88.8493604269474
 40
101.2251546623073
 40
101.2251546623073
 40
105.087964768893
 40
105.087964768893
 40
108.9507748754789
 40
108.9507748754789
 40
108.9507748754789
 10
-58.52352445604515
 20
-122.2277367075342
 30
0.0
 41
1.0
 10
-63.4338063286209
 20
-115.399600538565
 30
0.0
 41
1.0
 10
-68.34408820119643
 20
-108.5714643695958
 30
0.0
 41
1.0
 10
-69.79892957828653
 20
-106.5483921132954
 30
0.0
 41
0.8532758857706086
 10
-68.66224120671905
 20
-104.3308880360387
 30
0.0
 41
1.0
 10
-67.52555283515137
 20
-102.1133839587824
 30
0.0
 41
0.8532758857705932
 10
-65.03368911762891
 20
-102.1133852260273
 30
0.0
 41
1.0
 10
-55.21312714109627
 20
-102.1133902203055
 30
0.0
 41
1.0
 10
-45.39256516456385
 20
-102.1133952145838
 30
0.0
 41
1.0
 10
-42.90070262470609
 20
-102.1133964818285
 30
0.0
 41
0.8532759954255235
 10
-41.76401611316464
 20
-104.33090018916
 30
0.0
 41
1.0
 10
-40.6273296016228
 20
-106.5484038964916
 30
0.0
 41
0.8532759954254321
 10
-42.08217064714495
 20
-108.5714749406752
 30
0.0
 41
1.0
 10
-46.99245075110184
 20
-115.3996061153662
 30
0.0
 41
1.0
 10
-51.90273085505896
 20
-122.2277372900571
 30
0.0
 41
1.0
 10
-53.12301539260811
 20
-123.9246390383135
 30
0.0
 41
0.8898979509598973
 10
-55.21312780485209
 20
-123.924638854417
 30
0.0
 41
1.0
 10
-57.30324021709634
 20
-123.9246386705213
 30
0.0
 41
0.8898979509598007
 10
-58.52352445604515
 20
-122.2277367075342
 30
0.0
 41
1.0
  0
SPLINE
  5
159
330
1F
100
AcDbEntity
  8
Dibujo2D$oculto$líneas
100
AcDbSpline
210
0.0
220
0.0
230
1.0
 70
    15
 71
     2
 72
    20
 73
    17
 74
     0
 42
0.000000001
 43
0.0000000001
 40
0.0
 40
0.0
 40
0.0
 40
5.133858543287913
 40
5.133858543287913
 40
10.26771708657587
 40
10.26771708657587
 40
28.0193284648685
 40
28.0193284648685
 40
33.15318665474365
 40
33.15318665474365
 40
38.28704484461853
 40
38.28704484461853
 40
49.21957558425602
 40
49.21957558425602
 40
54.30377143017677
 40
54.30377143017677
 40
65.23630480514362
 40
65.23630480514362
 40
65.23630480514362
 10
-36.45533429278476
 20
-210.3336788202396
 30
0.0
 41
1.0
 10
-34.72130107307107
 20
-207.9223690578151
 30
0.0
 41
0.8083004782526931
 10
-31.89437406167667
 20
-208.8332859857965
 30
0.0
 41
1.0
 10
-29.06744705028269
 20
-209.744202913779
 30
0.0
 41
0.8083004782526876
 10
-29.06744705028268
 20
-212.7142678924342
 30
0.0
 41
1.0
 10
-29.06744705028268
 20
-224.7779394478803
 30
0.0
 41
1.0
 10
-29.06744705028268
 20
-236.8416110033263
 30
0.0
 41
1.0
 10
-29.06744705028349
 20
-239.8116757115193
 30
0.0
 41
0.8083005037682232
 10
-31.89437372529733
 20
-240.7225928015714
 30
0.0
 41
1.0
 10
-34.72130040031118
 20
-241.6335098916232
 30
0.0
 41
0.8083005037681867
 10
-36.45533388011449
 20
-239.2222006493703
 30
0.0
 41
1.0
 10
-40.79297879408864
 20
-233.1903659746067
 30
0.0
 41
1.0
 10
-45.13062370806301
 20
-227.1585312998436
 30
0.0
 41
1.0
 10
-46.84256563601827
 20
-224.7779420891048
 30
0.0
 41
0.8118709959068786
 10
-45.13062412073305
 20
-222.3973525816045
 30
0.0
 41
1.0
 10
-40.7929792067589
 20
-216.3655157009221
 30
0.0
 41
1.0
 10
-36.45533429278476
 20
-210.3336788202396
 30
0.0
 41
1.0
  0
SPLINE
  5
15A
330
1F
100
AcDbEntity
  8
Dibujo2D$visible$líneas
100
AcDbSpline
210
0.0
220
0.0
230
1.0
 70
    15
 71
     2
 72
    16
 73
    13
 74
     0
 42
0.000000001
 43
0.0000000001
 40
0.0
 40
0.0
 40
0.0
 40
5.337422773384646
 40
5.337422773384646
 40
10.33742277338465
 40
10.33742277338465
 40
15.67484554676921
 40
15.67484554676921
 40
21.01226832015385
 40
21.01226832015385
 40
26.01226832015385
 40
26.01226832015385
 40
31.34969109353868
 40
31.34969109353868
 40
31.34969109353868
 10
-180.3411312096837
 20
-108.5714643695958
 30
0.0
 41
1.0
 10
-180.3411312096834
 20
-105.1735554985743
 30
0.0
 41
0.7071067811865763
 10
-176.9432223386618
 20
-105.1735554985742
 30
0.0
 41
1.0
 10
-173.54531346764
 20
-105.1735554985742
 30
0.0
 41
1.0
 10
-170.1474045966183
 20
-105.1735554985742
 30
0.0
 41
1.0
 10
-166.7494957255969
 20
-105.1735554985741
 30
0.0
 41
0.7071067811865476
 10
-166.7494957255967
 20
-108.5714643695958
 30
0.0
 41
1.0
 10
-166.7494957255965
 20
-111.9693732406173
 30
0.0
 41
0.7071067811865771
 10
-170.1474045966183
 20
-111.9693732406176
 30
0.0
 41
1.0
 10
-173.54531346764
 20
-111.9693732406176
 30
0.0
 41
1.0
 10
-176.9432223386618
 20
-111.9693732406176
 30
0.0
 41
1.0
 10
-180.3411312096833
 20
-111.9693732406173
 30
0.0
 41
0.7071067811865963
 10
-180.3411312096837
 20
-108.5714643695958
 30
0.0
 41
1.0
  0
SPLINE
  5
15B
330
1F
100
AcDbEntity
  8
Dibujo2D$visible$líneas
100
AcDbSpline
210
0.0
220
0.0
230
1.0
 70
    12
 71
     2
 72
    12
 73
     9
 74
     0
 42
0.000000001
 43
0.0000000001
 40
0.0
 40
0.0
 40
0.0
 40
0.7192968445501208
 40
0.7192968445501208
 40
6.056719617934687
 40
6.056719617934687
 40
11.05671961793469
 40
11.05671961793469
 40
16.39414239131952
 40
16.39414239131952
 40
16.39414239131952
 10
-166.8253451320018
 20
-162.2240696075469
 30
0.0
 41
1.0
 10
-166.7494957255965
 20
-162.577008795291
 30
0.0
 41
0.9944037464600647
 10
-166.7494957255967
 20
-162.9380063059436
 30
0.0
 41
1.0
 10
-166.7494957255969
 20
-166.3359151769652
 30
0.0
 41
0.7071067811865476
 10
-170.1474045966183
 20
-166.3359151769653
 30
0.0
 41
1.0
 10
-173.54531346764
 20
-166.3359151769655
 30
0.0
 41
1.0
 10
-176.9432223386618
 20
-166.3359151769655
 30
0.0
 41
1.0
 10
-180.3411312096833
 20
-166.3359151769651
 30
0.0
 41
0.7071067811865963
 10
-180.3411312096837
 20
-162.9380063059436
 30
0.0
 41
1.0
  0
SPLINE
  5
15C
330
1F
100
AcDbEntity
  8
Dibujo2D$oculto$líneas
100
AcDbSpline
210
0.0
220
0.0
230
1.0
 70
    12
 71
     2
 72
    10
 73
     7
 74
     0
 42
0.000000001
 43
0.0000000001
 40
0.0
 40
0.0
 40
0.0
 40
4.618125928834475
 40
4.618125928834475
 40
9.618125928834473
 40
9.618125928834473
 40
14.23625185766908
 40
14.23625185766908
 40
14.23625185766908
 10
-180.2652818032786
 20
-162.2240696075467
 30
0.0
 41
1.0
 10
-179.6884750808461
 20
-159.5400974349214
 30
0.0
 41
0.7778530092104362
 10
-176.9432223386618
 20
-159.540097434922
 30
0.0
 41
1.0
 10
-173.54531346764
 20
-159.5400974349218
 30
0.0
 41
1.0
 10
-170.1474045966183
 20
-159.5400974349218
 30
0.0
 41
1.0
 10
-167.4021518544345
 20
-159.540097434922
 30
0.0
 41
0.7778530092105886
 10
-166.8253451320015
 20
-162.2240696075469
 30
0.0
 41
1.0
  0
ARC
  5
15D
330
1F
100
AcDbEntity
  8
Dibujo2D$visible$líneas
100
AcDbCircle
 10
-176.9432223386806
 20
-162.9380063059423
 30
0.0
 40
3.397908871003096
100
AcDbArc
 50
167.8711657745051
 51
180.0000000000235
  0
SPLINE
  5
15E
330
1F
100
AcDbEntity
  8
Dibujo2D$oculto$líneas
100
AcDbSpline
210
0.0
220
0.0
230
1.0
 70
    15
 71
     2
 72
    16
 73
    13
 74
     0
 42
0.000000001
 43
0.0000000001
 40
0.0
 40
0.0
 40
0.0
 40
12.58649375997664
 40
12.58649375997664
 40
21.40029814666668
 40
21.40029814666668
 40
33.98679190664325
 40
33.98679190664325
 40
46.57328566661958
 40
46.57328566661958
 40
55.38709005330962
 40
55.38709005330962
 40
67.97358381328574
 40
67.97358381328574
 40
67.97358381328574
 10
-202.7711117382762
 20
-135.5085759533017
 30
0.0
 41
1.0
 10
-202.7711117382765
 20
-127.4957651609194
 30
0.0
 41
0.7071067811865476
 10
-194.758300945894
 20
-127.4957651609193
 30
0.0
 41
1.0
 10
-188.7686001232971
 20
-127.4957651609193
 30
0.0
 41
1.0
 10
-182.7788993007002
 20
-127.4957651609193
 30
0.0
 41
1.0
 10
-174.7660885083178
 20
-127.4957651609194
 30
0.0
 41
0.7071067811865426
 10
-174.7660885083181
 20
-135.5085759533017
 30
0.0
 41
1.0
 10
-174.766088508318
 20
-143.521386745684
 30
0.0
 41
0.7071067811865375
 10
-182.7788993007002
 20
-143.5213867456837
 30
0.0
 41
1.0
 10
-188.7686001232971
 20
-143.5213867456837
 30
0.0
 41
1.0
 10
-194.758300945894
 20
-143.5213867456837
 30
0.0
 41
1.0
 10
-202.7711117382756
 20
-143.5213867456834
 30
0.0
 41
0.7071067811865909
 10
-202.7711117382763
 20
-135.5085759533017
 30
0.0
 41
1.0
  0
SPLINE
  5
15F
330
1F
100
AcDbEntity
  8
Dibujo2D$visible$líneas
100
AcDbSpline
210
0.0
220
0.0
230
1.0
 70
    12
 71
     2
 72
    12
 73
     9
 74
     0
 42
0.000000001
 43
0.0000000001
 40
0.0
 40
0.0
 40
0.0
 40
0.7192968445498179
 40
0.7192968445498179
 40
6.056719617934587
 40
6.056719617934587
 40
11.05671961793459
 40
11.05671961793459
 40
16.39414239131946
 40
16.39414239131946
 40
16.39414239131946
 10
-196.0473614122983
 20
-162.2240696075471
 30
0.0
 41
1.0
 10
-195.971512005894
 20
-162.5770087952911
 30
0.0
 41
0.9944037464602897
 10
-195.9715120058936
 20
-162.9380063059436
 30
0.0
 41
1.0
 10
-195.9715120058933
 20
-166.3359151769656
 30
0.0
 41
0.7071067811864706
 10
-199.3694208769152
 20
-166.3359151769653
 30
0.0
 41
1.0
 10
-202.7673297479369
 20
-166.3359151769655
 30
0.0
 41
1.0
 10
-206.1652386189587
 20
-166.3359151769655
 30
0.0
 41
1.0
 10
-209.5631474899803
 20
-166.3359151769653
 30
0.0
 41
0.7071067811866036
 10
-209.5631474899807
 20
-162.9380063059436
 30
0.0
 41
1.0
  0
SPLINE
  5
160
330
1F
100
AcDbEntity
  8
Dibujo2D$oculto$líneas
100
AcDbSpline
210
0.0
220
0.0
230
1.0
 70
    12
 71
     2
 72
    10
 73
     7
 74
     0
 42
0.000000001
 43
0.0000000001
 40
0.0
 40
0.0
 40
0.0
 40
4.618125928834181
 40
4.618125928834181
 40
9.618125928834182
 40
9.618125928834182
 40
14.23625185766931
 40
14.23625185766931
 40
14.23625185766931
 10
-209.4872980835754
 20
-162.2240696075467
 30
0.0
 41
1.0
 10
-208.9104913611426
 20
-159.5400974349218
 30
0.0
 41
0.7778530092105191
 10
-206.1652386189587
 20
-159.540097434922
 30
0.0
 41
1.0
 10
-202.7673297479369
 20
-159.5400974349218
 30
0.0
 41
1.0
 10
-199.3694208769152
 20
-159.5400974349218
 30
0.0
 41
1.0
 10
-196.6241681347307
 20
-159.5400974349215
 30
0.0
 41
0.7778530092104105
 10
-196.0473614122983
 20
-162.2240696075471
 30
0.0
 41
1.0
  0
ARC
  5
161
330
1F
100
AcDbEntity
  8
Dibujo2D$visible$líneas
100
AcDbCircle
 10
-206.1652386189564
 20
-162.938006305945
 30
0.0
 40
3.397908871024129
100
AcDbArc
 50
167.8711657745337
 51
179.999999999977
  0
SPLINE
  5
162
330
1F
100
AcDbEntity
  8
Dibujo2D$visible$líneas
100
AcDbSpline
210
0.0
220
0.0
230
1.0
 70
    15
 71
     2
 72
    16
 73
    13
 74
     0
 42
0.000000001
 43
0.0000000001
 40
0.0
 40
0.0
 40
0.0
 40
5.337422773384612
 40
5.337422773384612
 40
10.33742277338461
 40
10.33742277338461
 40
15.67484554676924
 40
15.67484554676924
 40
21.01226832015409
 40
21.01226832015409
 40
26.01226832015409
 40
26.01226832015409
 40
31.34969109353881
 40
31.34969109353881
 40
31.34969109353881
 10
-209.5631474899806
 20
-108.5714643695958
 30
0.0
 41
1.0
 10
-209.56314748998
 20
-105.1735554985743
 30
0.0
 41
0.707106781186617
 10
-206.1652386189587
 20
-105.1735554985742
 30
0.0
 41
1.0
 10
-202.7673297479369
 20
-105.1735554985742
 30
0.0
 41
1.0
 10
-199.3694208769152
 20
-105.1735554985742
 30
0.0
 41
1.0
 10
-195.9715120058933
 20
-105.1735554985738
 30
0.0
 41
0.7071067811864943
 10
-195.9715120058936
 20
-108.5714643695958
 30
0.0
 41
1.0
 10
-195.9715120058933
 20
-111.9693732406176
 30
0.0
 41
0.7071067811865002
 10
-199.3694208769152
 20
-111.9693732406176
 30
0.0
 41
1.0
 10
-202.7673297479369
 20
-111.9693732406176
 30
0.0
 41
1.0
 10
-206.1652386189587
 20
-111.9693732406176
 30
0.0
 41
1.0
 10
-209.5631474899801
 20
-111.9693732406174
 30
0.0
 41
0.7071067811866406
 10
-209.5631474899806
 20
-108.5714643695958
 30
0.0
 41
1.0
  0
SPLINE
  5
163
330
1F
100
AcDbEntity
  8
Dibujo2D$visible$líneas
100
AcDbSpline
210
0.0
220
0.0
230
1.0
 70
    15
 71
     2
 72
    16
 73
    13
 74
     0
 42
0.000000001
 43
0.0000000001
 40
0.0
 40
0.0
 40
0.0
 40
5.33742277338489
 40
5.33742277338489
 40
10.33742277338489
 40
10.33742277338489
 40
15.67484554676985
 40
15.67484554676985
 40
21.01226832015455
 40
21.01226832015455
 40
26.01226832015455
 40
26.01226832015455
 40
31.34969109353925
 40
31.34969109353925
 40
31.34969109353925
 10
-148.9747156781013
 20
-108.5714643695958
 30
0.0
 41
1.0
 10
-148.9747156781011
 20
-105.1735554985741
 30
0.0
 41
0.7071067811865697
 10
-145.5768068070795
 20
-105.1735554985739
 30
0.0
 41
1.0
 10
-142.1788979360579
 20
-105.1735554985739
 30
0.0
 41
1.0
 10
-138.780989065036
 20
-105.1735554985739
 30
0.0
 41
1.0
 10
-135.3830801940141
 20
-105.1735554985739
 30
0.0
 41
0.7071067811864884
 10
-135.3830801940143
 20
-108.5714643695958
 30
0.0
 41
1.0
 10
-135.3830801940142
 20
-111.9693732406174
 30
0.0
 41
0.7071067811865889
 10
-138.780989065036
 20
-111.9693732406176
 30
0.0
 41
1.0
 10
-142.1788979360579
 20
-111.9693732406176
 30
0.0
 41
1.0
 10
-145.5768068070795
 20
-111.9693732406176
 30
0.0
 41
1.0
 10
-148.974715678101
 20
-111.9693732406169
 30
0.0
 41
0.7071067811866363
 10
-148.9747156781013
 20
-108.5714643695958
 30
0.0
 41
1.0
  0
SPLINE
  5
164
330
1F
100
AcDbEntity
  8
Dibujo2D$visible$líneas
100
AcDbSpline
210
0.0
220
0.0
230
1.0
 70
    12
 71
     2
 72
    12
 73
     9
 74
     0
 42
0.000000001
 43
0.0000000001
 40
0.0
 40
0.0
 40
0.0
 40
0.7192968445499427
 40
0.7192968445499427
 40
6.056719617934688
 40
6.056719617934688
 40
11.05671961793469
 40
11.05671961793469
 40
16.39414239131935
 40
16.39414239131935
 40
16.39414239131935
 10
-135.4589296004193
 20
-162.2240696075469
 30
0.0
 41
1.0
 10
-135.3830801940146
 20
-162.5770087952908
 30
0.0
 41
0.994403746460225
 10
-135.3830801940144
 20
-162.9380063059434
 30
0.0
 41
1.0
 10
-135.3830801940143
 20
-166.3359151769651
 30
0.0
 41
0.7071067811865476
 10
-138.780989065036
 20
-166.3359151769653
 30
0.0
 41
1.0
 10
-142.1788979360579
 20
-166.3359151769653
 30
0.0
 41
1.0
 10
-145.5768068070795
 20
-166.3359151769653
 30
0.0
 41
1.0
 10
-148.9747156781007
 20
-166.3359151769648
 30
0.0
 41
0.7071067811866288
 10
-148.9747156781012
 20
-162.9380063059434
 30
0.0
 41
1.0
  0
SPLINE
  5
165
330
1F
100
AcDbEntity
  8
Dibujo2D$oculto$líneas
100
AcDbSpline
210
0.0
220
0.0
230
1.0
 70
    12
 71
     2
 72
    10
 73
     7
 74
     0
 42
0.000000001
 43
0.0000000001
 40
0.0
 40
0.0
 40
0.0
 40
4.618125928835318
 40
4.618125928835318
 40
9.618125928835319
 40
9.618125928835319
 40
14.23625185766987
 40
14.23625185766987
 40
14.23625185766987
 10
-148.8988662716964
 20
-162.2240696075476
 30
0.0
 41
1.0
 10
-148.3220595492643
 20
-159.5400974349217
 30
0.0
 41
0.7778530092104119
 10
-145.5768068070795
 20
-159.5400974349218
 30
0.0
 41
1.0
 10
-142.1788979360579
 20
-159.5400974349218
 30
0.0
 41
1.0
 10
-138.780989065036
 20
-159.5400974349218
 30
0.0
 41
1.0
 10
-136.0357363228519
 20
-159.5400974349214
 30
0.0
 41
0.7778530092104559
 10
-135.4589296004193
 20
-162.2240696075469
 30
0.0
 41
1.0
  0
ARC
  5
166
330
1F
100
AcDbEntity
  8
Dibujo2D$visible$líneas
100
AcDbCircle
 10
-145.5768068070695
 20
-162.9380063059457
 30
0.0
 40
3.397908871031888
100
AcDbArc
 50
167.8711657745658
 51
179.9999999999617
  0
SPLINE
  5
167
330
1F
100
AcDbEntity
  8
Dibujo2D$oculto$líneas
100
AcDbSpline
210
0.0
220
0.0
230
1.0
 70
    15
 71
     2
 72
    16
 73
    13
 74
     0
 42
0.000000001
 43
0.0000000001
 40
0.0
 40
0.0
 40
0.0
 40
12.58649375997646
 40
12.58649375997646
 40
21.4002981466665
 40
21.4002981466665
 40
33.98679190664312
 40
33.98679190664312
 40
46.57328566661945
 40
46.57328566661945
 40
55.38709005330948
 40
55.38709005330948
 40
67.97358381328579
 40
67.97358381328579
 40
67.97358381328579
 10
-170.1801391756767
 20
-135.5085759533017
 30
0.0
 41
1.0
 10
-170.1801391756769
 20
-127.4957651609196
 30
0.0
 41
0.7071067811865476
 10
-162.1673283832947
 20
-127.4957651609193
 30
0.0
 41
1.0
 10
-156.1776275606978
 20
-127.4957651609193
 30
0.0
 41
1.0
 10
-150.1879267381009
 20
-127.4957651609193
 30
0.0
 41
1.0
 10
-142.1751159457185
 20
-127.4957651609194
 30
0.0
 41
0.7071067811865325
 10
-142.1751159457189
 20
-135.5085759533017
 30
0.0
 41
1.0
 10
-142.1751159457187
 20
-143.521386745684
 30
0.0
 41
0.7071067811865375
 10
-150.1879267381009
 20
-143.5213867456837
 30
0.0
 41
1.0
 10
-156.1776275606978
 20
-143.5213867456837
 30
0.0
 41
1.0
 10
-162.1673283832947
 20
-143.5213867456837
 30
0.0
 41
1.0
 10
-170.1801391756769
 20
-143.5213867456838
 30
0.0
 41
0.7071067811865356
 10
-170.1801391756769
 20
-135.5085759533017
 30
0.0
 41
1.0
  0
LINE
  5
168
330
1F
100
AcDbEntity
  8
Dibujo2D$visible$líneas
100
AcDbLine
 10
-115.6648072365056
 20
-243.3748704605709
 30
0.0
 11
-145.4217095857489
 21
-243.3748704605709
 31
0.0
  0
SPLINE
  5
169
330
1F
100
AcDbEntity
  8
Dibujo2D$oculto$líneas
100
AcDbSpline
210
0.0
220
0.0
230
1.0
 70
    12
 71
     2
 72
    10
 73
     7
 74
     0
 42
0.000000001
 43
0.0000000001
 40
0.0
 40
0.0
 40
0.0
 40
11.12687683999015
 40
11.12687683999015
 40
30.34159882417481
 40
30.34159882417481
 40
32.22421939310742
 40
32.22421939310742
 40
32.22421939310742
 10
-105.5947018231523
 20
-221.4876846921047
 30
0.0
 41
1.0
 10
-100.8735460480499
 20
-225.1607188476791
 30
0.0
 41
0.898344945812889
 10
-100.8735460480498
 20
-231.142398524893
 30
0.0
 41
1.0
 10
-100.8735460480503
 20
-243.374870460571
 30
0.0
 41
0.7071067811865557
 10
-113.106017983728
 20
-243.3748704605709
 30
0.0
 41
1.0
 10
-114.3854126101169
 20
-243.3748704605709
 30
0.0
 41
1.0
 10
-115.6648072365056
 20
-243.3748704605709
 30
0.0
 41
1.0
  0
SPLINE
  5
16A
330
1F
100
AcDbEntity
  8
Dibujo2D$visible$líneas
100
AcDbSpline
210
0.0
220
0.0
230
1.0
 70
    12
 71
     2
 72
    12
 73
     9
 74
     0
 42
0.000000001
 43
0.0000000001
 40
0.0
 40
0.0
 40
0.0
 40
19.21472198418491
 40
19.21472198418491
 40
38.42944396837021
 40
38.42944396837021
 40
62.2056051521044
 40
62.2056051521044
 40
70.29345029629944
 40
70.29345029629944
 40
70.29345029629944
 10
-145.4217095857489
 20
-243.3748704605709
 30
0.0
 41
1.0
 10
-157.6541815214269
 20
-243.3748704605708
 30
0.0
 41
0.7071067811865549
 10
-157.6541815214273
 20
-231.142398524893
 30
0.0
 41
1.0
 10
-157.6541815214275
 20
-218.9099265892147
 30
0.0
 41
0.7071067811865525
 10
-145.4217095857489
 20
-218.9099265892146
 30
0.0
 41
1.0
 10
-129.2638637847385
 20
-218.9099265892146
 30
0.0
 41
1.0
 10
-113.106017983728
 20
-218.9099265892146
 30
0.0
 41
1.0
 10
-108.9080381654807
 20
-218.9099265892142
 30
0.0
 41
0.945851267481275
 10
-105.594701823152
 20
-221.4876846921045
 30
0.0
 41
1.0
  0
SPLINE
  5
16B
330
1F
100
AcDbEntity
  8
Dibujo2D$visible$líneas
100
AcDbSpline
210
0.0
220
0.0
230
1.0
 70
    15
 71
     2
 72
    16
 73
    13
 74
     0
 42
0.000000001
 43
0.0000000001
 40
0.0
 40
0.0
 40
0.0
 40
5.337422773384988
 40
5.337422773384988
 40
10.67484554676962
 40
10.67484554676962
 40
15.67484554676962
 40
15.67484554676962
 40
21.01226832015428
 40
21.01226832015428
 40
26.34969109353932
 40
26.34969109353932
 40
31.34969109353932
 40
31.34969109353932
 40
31.34969109353932
 10
-168.8317234684844
 20
-262.4031601382931
 30
0.0
 41
1.0
 10
-172.2296323395061
 20
-262.4031601382927
 30
0.0
 41
0.7071067811866244
 10
-172.2296323395062
 20
-259.005251267271
 30
0.0
 41
1.0
 10
-172.2296323395057
 20
-255.6073423962497
 30
0.0
 41
0.7071067811866155
 10
-168.8317234684844
 20
-255.6073423962494
 30
0.0
 41
1.0
 10
-165.4338145974625
 20
-255.6073423962494
 30
0.0
 41
1.0
 10
-162.0359057264409
 20
-255.6073423962494
 30
0.0
 41
1.0
 10
-158.637996855419
 20
-255.6073423962489
 30
0.0
 41
0.7071067811865002
 10
-158.6379968554193
 20
-259.005251267271
 30
0.0
 41
1.0
 10
-158.6379968554189
 20
-262.4031601382929
 30
0.0
 41
0.7071067811865357
 10
-162.0359057264409
 20
-262.4031601382933
 30
0.0
 41
1.0
 10
-165.4338145974625
 20
-262.4031601382931
 30
0.0
 41
1.0
 10
-168.8317234684844
 20
-262.4031601382931
 30
0.0
 41
1.0
  0
SPLINE
  5
16C
330
1F
100
AcDbEntity
  8
Dibujo2D$visible$líneas
100
AcDbSpline
210
0.0
220
0.0
230
1.0
 70
    15
 71
     2
 72
    16
 73
    13
 74
     0
 42
0.000000001
 43
0.0000000001
 40
0.0
 40
0.0
 40
0.0
 40
5.337422773384599
 40
5.337422773384599
 40
10.6748455467691
 40
10.6748455467691
 40
15.6748455467691
 40
15.6748455467691
 40
21.01226832015387
 40
21.01226832015387
 40
26.34969109353864
 40
26.34969109353864
 40
31.34969109353864
 40
31.34969109353864
 40
31.34969109353864
 10
-216.8993132585329
 20
-206.6774546535362
 30
0.0
 41
1.0
 10
-220.2972221295545
 20
-206.6774546535363
 30
0.0
 41
0.7071067811865535
 10
-220.2972221295545
 20
-203.2795457825146
 30
0.0
 41
1.0
 10
-220.2972221295546
 20
-199.8816369114928
 30
0.0
 41
0.7071067811865549
 10
-216.8993132585329
 20
-199.8816369114929
 30
0.0
 41
1.0
 10
-213.501404387511
 20
-199.8816369114929
 30
0.0
 41
1.0
 10
-210.1034955164894
 20
-199.8816369114929
 30
0.0
 41
1.0
 10
-206.7055866454678
 20
-199.8816369114929
 30
0.0
 41
0.7071067811865535
 10
-206.7055866454675
 20
-203.2795457825146
 30
0.0
 41
1.0
 10
-206.7055866454674
 20
-206.6774546535364
 30
0.0
 41
0.7071067811865268
 10
-210.1034955164894
 20
-206.6774546535362
 30
0.0
 41
1.0
 10
-213.501404387511
 20
-206.6774546535362
 30
0.0
 41
1.0
 10
-216.8993132585329
 20
-206.6774546535362
 30
0.0
 41
1.0
  0
SPLINE
  5
16D
330
1F
100
AcDbEntity
  8
Dibujo2D$visible$líneas
100
AcDbSpline
210
0.0
220
0.0
230
1.0
 70
    15
 71
     2
 72
    16
 73
    13
 74
     0
 42
0.000000001
 43
0.0000000001
 40
0.0
 40
0.0
 40
0.0
 40
5.337422773384712
 40
5.337422773384712
 40
10.67484554676942
 40
10.67484554676942
 40
15.67484554676942
 40
15.67484554676942
 40
21.01226832015418
 40
21.01226832015418
 40
26.34969109353903
 40
26.34969109353903
 40
31.34969109353903
 40
31.34969109353903
 40
31.34969109353903
 10
-120.7581087612689
 20
-206.6774546535362
 30
0.0
 41
1.0
 10
-124.1560176322905
 20
-206.6774546535363
 30
0.0
 41
0.7071067811865742
 10
-124.1560176322907
 20
-203.2795457825146
 30
0.0
 41
1.0
 10
-124.1560176322904
 20
-199.881636911493
 30
0.0
 41
0.7071067811865889
 10
-120.7581087612689
 20
-199.8816369114929
 30
0.0
 41
1.0
 10
-117.3601998902473
 20
-199.8816369114929
 30
0.0
 41
1.0
 10
-113.9622910192256
 20
-199.8816369114929
 30
0.0
 41
1.0
 10
-110.5643821482038
 20
-199.8816369114928
 30
0.0
 41
0.7071067811865179
 10
-110.5643821482038
 20
-203.2795457825146
 30
0.0
 41
1.0
 10
-110.5643821482038
 20
-206.6774546535365
 30
0.0
 41
0.7071067811865179
 10
-113.9622910192256
 20
-206.6774546535362
 30
0.0
 41
1.0
 10
-117.3601998902473
 20
-206.6774546535362
 30
0.0
 41
1.0
 10
-120.7581087612689
 20
-206.6774546535362
 30
0.0
 41
1.0
  0
SPLINE
  5
16E
330
1F
100
AcDbEntity
  8
Dibujo2D$visible$líneas
100
AcDbSpline
210
0.0
220
0.0
230
1.0
 70
    15
 71
     2
 72
    16
 73
    13
 74
     0
 42
0.000000001
 43
0.0000000001
 40
0.0
 40
0.0
 40
0.0
 40
19.214721984185
 40
19.214721984185
 40
38.42944396837043
 40
38.42944396837043
 40
61.92944396837036
 40
61.92944396837036
 40
81.14416595255554
 40
81.14416595255554
 40
100.3588879367403
 40
100.3588879367403
 40
123.8588879367402
 40
123.8588879367402
 40
123.8588879367402
 10
-217.7616112111973
 20
-243.3748704605709
 30
0.0
 41
1.0
 10
-229.9940831468756
 20
-243.3748704605712
 30
0.0
 41
0.7071067811865417
 10
-229.9940831468757
 20
-231.142398524893
 30
0.0
 41
1.0
 10
-229.9940831468761
 20
-218.9099265892143
 30
0.0
 41
0.7071067811865336
 10
-217.7616112111973
 20
-218.9099265892146
 30
0.0
 41
1.0
 10
-201.7914395173952
 20
-218.9099265892146
 30
0.0
 41
1.0
 10
-185.821267823593
 20
-218.9099265892146
 30
0.0
 41
1.0
 10
-173.5887958879145
 20
-218.9099265892146
 30
0.0
 41
0.7071067811865409
 10
-173.5887958879148
 20
-231.142398524893
 30
0.0
 41
1.0
 10
-173.5887958879152
 20
-243.3748704605712
 30
0.0
 41
0.7071067811865483
 10
-185.821267823593
 20
-243.3748704605709
 30
0.0
 41
1.0
 10
-201.7914395173952
 20
-243.3748704605709
 30
0.0
 41
1.0
 10
-217.7616112111973
 20
-243.3748704605709
 30
0.0
 41
1.0
  0
SPLINE
  5
16F
330
1F
100
AcDbEntity
  8
Dibujo2D$visible$líneas
100
AcDbSpline
210
0.0
220
0.0
230
1.0
 70
    15
 71
     2
 72
    16
 73
    13
 74
     0
 42
0.000000001
 43
0.0000000001
 40
0.0
 40
0.0
 40
0.0
 40
5.337422773384858
 40
5.337422773384858
 40
10.67484554676932
 40
10.67484554676932
 40
15.67484554676932
 40
15.67484554676932
 40
21.01226832015401
 40
21.01226832015401
 40
26.34969109353907
 40
26.34969109353907
 40
31.34969109353907
 40
31.34969109353907
 40
31.34969109353907
 10
-216.8993132585329
 20
-262.4031601382931
 30
0.0
 41
1.0
 10
-220.2972221295545
 20
-262.4031601382924
 30
0.0
 41
0.7071067811866008
 10
-220.2972221295545
 20
-259.005251267271
 30
0.0
 41
1.0
 10
-220.2972221295543
 20
-255.6073423962495
 30
0.0
 41
0.7071067811865771
 10
-216.8993132585329
 20
-255.6073423962494
 30
0.0
 41
1.0
 10
-213.501404387511
 20
-255.6073423962494
 30
0.0
 41
1.0
 10
-210.1034955164894
 20
-255.6073423962494
 30
0.0
 41
1.0
 10
-206.7055866454677
 20
-255.6073423962493
 30
0.0
 41
0.7071067811865712
 10
-206.7055866454675
 20
-259.005251267271
 30
0.0
 41
1.0
 10
-206.7055866454675
 20
-262.4031601382928
 30
0.0
 41
0.7071067811865712
 10
-210.1034955164894
 20
-262.4031601382931
 30
0.0
 41
1.0
 10
-213.501404387511
 20
-262.4031601382931
 30
0.0
 41
1.0
 10
-216.8993132585329
 20
-262.4031601382931
 30
0.0
 41
1.0
  0
LINE
  5
170
330
1F
100
AcDbEntity
  8
Dibujo2D$visible$líneas
100
AcDbLine
 10
-120.0714673134403
 20
-262.4031601382931
 30
0.0
 11
-120.7581087612689
 21
-262.4031601382931
 31
0.0
  0
SPLINE
  5
171
330
1F
100
AcDbEntity
  8
Dibujo2D$oculto$líneas
100
AcDbSpline
210
0.0
220
0.0
230
1.0
 70
    12
 71
     2
 72
    12
 73
     9
 74
     0
 42
0.000000001
 43
0.0000000001
 40
-16.79715641419953
 40
-16.79715641419953
 40
-16.79715641419953
 40
-12.85398163397448
 40
-12.85398163397448
 40
-7.516558860589674
 40
-7.516558860589674
 40
-2.179136087204479
 40
-2.179136087204479
 40
2.315669781719266
 40
2.315669781719266
 40
2.315669781719266
 10
-119.3217104455118
 20
-255.6073423962494
 30
0.0
 41
1.0
 10
-116.6420007323688
 20
-255.6073423962494
 30
0.0
 41
1.0
 10
-113.9622910192256
 20
-255.6073423962494
 30
0.0
 41
1.0
 10
-110.5643821482039
 20
-255.607342396249
 30
0.0
 41
0.7071067811865268
 10
-110.5643821482038
 20
-259.005251267271
 30
0.0
 41
1.0
 10
-110.564382148204
 20
-262.4031601382928
 30
0.0
 41
0.7071067811865565
 10
-113.9622910192256
 20
-262.4031601382933
 30
0.0
 41
1.0
 10
-117.0168791663327
 20
-262.4031601382931
 30
0.0
 41
1.0
 10
-120.0714673134398
 20
-262.4031601382931
 30
0.0
 41
1.0
  0
SPLINE
  5
172
330
1F
100
AcDbEntity
  8
Dibujo2D$visible$líneas
100
AcDbSpline
210
0.0
220
0.0
230
1.0
 70
    12
 71
     2
 72
    10
 73
     7
 74
     0
 42
0.000000001
 43
0.0000000001
 40
0.0
 40
0.0
 40
0.0
 40
5.337422773385005
 40
5.337422773385005
 40
10.67484554676965
 40
10.67484554676965
 40
11.7316707665446
 40
11.7316707665446
 40
11.7316707665446
 10
-120.7581087612689
 20
-262.4031601382931
 30
0.0
 41
1.0
 10
-124.1560176322908
 20
-262.403160138293
 30
0.0
 41
0.7071067811865949
 10
-124.1560176322907
 20
-259.005251267271
 30
0.0
 41
1.0
 10
-124.1560176322905
 20
-255.6073423962497
 30
0.0
 41
0.7071067811865949
 10
-120.7581087612689
 20
-255.6073423962494
 30
0.0
 41
1.0
 10
-120.0399096033905
 20
-255.6073423962494
 30
0.0
 41
1.0
 10
-119.3217104455118
 20
-255.6073423962494
 30
0.0
 41
1.0
  0
SPLINE
  5
173
330
1F
100
AcDbEntity
  8
Dibujo2D$visible$líneas
100
AcDbSpline
210
0.0
220
0.0
230
1.0
 70
    15
 71
     2
 72
    16
 73
    13
 74
     0
 42
0.000000001
 43
0.0000000001
 40
0.0
 40
0.0
 40
0.0
 40
5.337422773384672
 40
5.337422773384672
 40
10.67484554676931
 40
10.67484554676931
 40
15.67484554676931
 40
15.67484554676931
 40
21.01226832015402
 40
21.01226832015402
 40
26.34969109353873
 40
26.34969109353873
 40
31.34969109353873
 40
31.34969109353873
 40
31.34969109353873
 10
-168.8317234684844
 20
-206.6774546535362
 30
0.0
 41
1.0
 10
-172.2296323395061
 20
-206.6774546535362
 30
0.0
 41
0.7071067811865668
 10
-172.2296323395062
 20
-203.2795457825146
 30
0.0
 41
1.0
 10
-172.2296323395061
 20
-199.881636911493
 30
0.0
 41
0.7071067811865771
 10
-168.8317234684844
 20
-199.8816369114929
 30
0.0
 41
1.0
 10
-165.4338145974625
 20
-199.8816369114929
 30
0.0
 41
1.0
 10
-162.0359057264409
 20
-199.8816369114929
 30
0.0
 41
1.0
 10
-158.6379968554188
 20
-199.8816369114926
 30
0.0
 41
0.7071067811864766
 10
-158.6379968554193
 20
-203.2795457825146
 30
0.0
 41
1.0
 10
-158.6379968554188
 20
-206.6774546535364
 30
0.0
 41
0.7071067811864589
 10
-162.0359057264409
 20
-206.6774546535362
 30
0.0
 41
1.0
 10
-165.4338145974625
 20
-206.6774546535362
 30
0.0
 41
1.0
 10
-168.8317234684844
 20
-206.6774546535362
 30
0.0
 41
1.0
  0
SPLINE
  5
174
330
1F
100
AcDbEntity
  8
Dibujo2D$visible$líneas
100
AcDbSpline
210
0.0
220
0.0
230
1.0
 70
    12
 71
     2
 72
    10
 73
     7
 74
     0
 42
0.000000001
 43
0.0000000001
 40
0.0
 40
0.0
 40
0.0
 40
11.15332318572342
 40
11.15332318572342
 40
26.19034428850314
 40
26.19034428850314
 40
50.56206303850304
 40
50.56206303850304
 40
50.56206303850304
 10
-101.3985735200993
 20
-156.2243716534206
 30
0.0
 41
1.0
 10
-103.8876084813824
 20
-162.0192025445491
 30
0.0
 41
0.8350630963868008
 10
-110.1943794535414
 20
-162.0192025445494
 30
0.0
 41
1.0
 10
-119.7672444050792
 20
-162.0192025445492
 30
0.0
 41
0.7071067811865728
 10
-119.7672444050797
 20
-152.4463375930113
 30
0.0
 41
1.0
 10
-119.7672444050795
 20
-135.8837617244769
 30
0.0
 41
1.0
 10
-119.7672444050795
 20
-119.3211858559425
 30
0.0
 41
1.0
  0
SPLINE
  5
175
330
1F
100
AcDbEntity
  8
Dibujo2D$oculto$líneas
100
AcDbSpline
210
0.0
220
0.0
230
1.0
 70
    12
 71
     2
 72
    12
 73
     9
 74
     0
 42
0.000000001
 43
0.0000000001
 40
0.0
 40
0.0
 40
0.0
 40
8.938306628178745
 40
8.938306628178745
 40
23.97532773095836
 40
23.97532773095836
 40
48.34704648095826
 40
48.34704648095826
 40
52.23074439801456
 40
52.23074439801456
 40
52.23074439801456
 10
-117.8893742987032
 20
-113.6267326149959
 30
0.0
 41
1.0
 10
-115.0192704741381
 20
-109.7483209044042
 30
0.0
 41
0.8929875717216381
 10
-110.1943794535414
 20
-109.7483209044044
 30
0.0
 41
1.0
 10
-100.6215145020031
 20
-109.7483209044043
 30
0.0
 41
0.7071067811865426
 10
-100.6215145020035
 20
-119.3211858559425
 30
0.0
 41
1.0
 10
-100.6215145020033
 20
-135.8837617244769
 30
0.0
 41
1.0
 10
-100.6215145020033
 20
-152.4463375930113
 30
0.0
 41
1.0
 10
-100.6215145020033
 20
-154.4152666499407
 30
0.0
 41
0.9794965316586575
 10
-101.3985735200993
 20
-156.2243716534206
 30
0.0
 41
1.0
  0
ARC
  5
176
330
1F
100
AcDbEntity
  8
Dibujo2D$visible$líneas
100
AcDbCircle
 10
-110.1943794535392
 20
-119.3211858559431
 30
0.0
 40
9.572864951540566
100
AcDbArc
 50
143.4978032575513
 51
179.9999999999966
  0
SPLINE
  5
177
330
1F
100
AcDbEntity
  8
Dibujo2D$visible$líneas
100
AcDbSpline
210
0.0
220
0.0
230
1.0
 70
    15
 71
     2
 72
    16
 73
    13
 74
     0
 42
0.000000001
 43
0.0000000001
 40
0.0
 40
0.0
 40
0.0
 40
15.03702110277978
 40
15.03702110277978
 40
30.07404220555972
 40
30.07404220555972
 40
54.44576095555963
 40
54.44576095555963
 40
69.48278205833952
 40
69.48278205833952
 40
84.51980316111921
 40
84.51980316111921
 40
108.8915219111191
 40
108.8915219111191
 40
108.8915219111191
 10
-241.4462328002587
 20
-119.3211858559425
 30
0.0
 41
1.0
 10
-241.4462328002584
 20
-109.7483209044044
 30
0.0
 41
0.7071067811865576
 10
-231.8733678487204
 20
-109.7483209044044
 30
0.0
 41
1.0
 10
-222.300502897182
 20
-109.7483209044042
 30
0.0
 41
0.7071067811865297
 10
-222.300502897182
 20
-119.3211858559425
 30
0.0
 41
1.0
 10
-222.300502897182
 20
-135.8837617244769
 30
0.0
 41
1.0
 10
-222.300502897182
 20
-152.4463375930113
 30
0.0
 41
1.0
 10
-222.3005028971822
 20
-162.0192025445497
 30
0.0
 41
0.7071067811865465
 10
-231.8733678487204
 20
-162.0192025445494
 30
0.0
 41
1.0
 10
-241.4462328002585
 20
-162.0192025445494
 30
0.0
 41
0.7071067811865476
 10
-241.4462328002585
 20
-152.4463375930113
 30
0.0
 41
1.0
 10
-241.4462328002587
 20
-135.8837617244769
 30
0.0
 41
1.0
 10
-241.4462328002587
 20
-119.3211858559425
 30
0.0
 41
1.0
  0
SPLINE
  5
178
330
1F
100
AcDbEntity
  8
Dibujo2D$visible$líneas
100
AcDbSpline
210
0.0
220
0.0
230
1.0
 70
    15
 71
     2
 72
    16
 73
    13
 74
     0
 42
0.000000001
 43
0.0000000001
 40
0.0
 40
0.0
 40
0.0
 40
5.337422773384787
 40
5.337422773384787
 40
10.33742277338479
 40
10.33742277338479
 40
15.67484554676952
 40
15.67484554676952
 40
21.01226832015423
 40
21.01226832015423
 40
26.01226832015423
 40
26.01226832015423
 40
31.34969109353897
 40
31.34969109353897
 40
31.34969109353897
 10
-148.9747156781013
 20
-94.97982888550882
 30
0.0
 41
1.0
 10
-148.9747156781014
 20
-91.58192001448704
 30
0.0
 41
0.707106781186543
 10
-145.5768068070795
 20
-91.5819200144872
 30
0.0
 41
1.0
 10
-142.1788979360579
 20
-91.5819200144872
 30
0.0
 41
1.0
 10
-138.780989065036
 20
-91.5819200144872
 30
0.0
 41
1.0
 10
-135.383080194014
 20
-91.58192001448697
 30
0.0
 41
0.7071067811864803
 10
-135.3830801940144
 20
-94.97982888550882
 30
0.0
 41
1.0
 10
-135.3830801940142
 20
-98.3777377565305
 30
0.0
 41
0.7071067811865889
 10
-138.780989065036
 20
-98.37773775653068
 30
0.0
 41
1.0
 10
-142.1788979360579
 20
-98.37773775653068
 30
0.0
 41
1.0
 10
-145.5768068070795
 20
-98.37773775653068
 30
0.0
 41
1.0
 10
-148.974715678101
 20
-98.37773775653034
 30
0.0
 41
0.7071067811866125
 10
-148.9747156781013
 20
-94.97982888550882
 30
0.0
 41
1.0
  0
SPLINE
  5
179
330
1F
100
AcDbEntity
  8
Dibujo2D$visible$líneas
100
AcDbSpline
210
0.0
220
0.0
230
1.0
 70
    15
 71
     2
 72
    16
 73
    13
 74
     0
 42
0.000000001
 43
0.0000000001
 40
0.0
 40
0.0
 40
0.0
 40
5.337422773385027
 40
5.337422773385027
 40
10.33742277338503
 40
10.33742277338503
 40
15.67484554676999
 40
15.67484554676999
 40
21.01226832015446
 40
21.01226832015446
 40
26.01226832015446
 40
26.01226832015446
 40
31.34969109353904
 40
31.34969109353904
 40
31.34969109353904
 10
-180.3411312096837
 20
-94.97982888550905
 30
0.0
 41
1.0
 10
-180.3411312096837
 20
-91.58192001448721
 30
0.0
 41
0.7071067811865553
 10
-176.9432223386618
 20
-91.58192001448697
 30
0.0
 41
1.0
 10
-173.54531346764
 20
-91.5819200144872
 30
0.0
 41
1.0
 10
-170.1474045966183
 20
-91.5819200144872
 30
0.0
 41
1.0
 10
-166.7494957255963
 20
-91.5819200144872
 30
0.0
 41
0.7071067811864884
 10
-166.7494957255966
 20
-94.97982888550905
 30
0.0
 41
1.0
 10
-166.7494957255969
 20
-98.37773775653052
 30
0.0
 41
0.707106781186576
 10
-170.1474045966183
 20
-98.37773775653068
 30
0.0
 41
1.0
 10
-173.54531346764
 20
-98.37773775653068
 30
0.0
 41
1.0
 10
-176.9432223386618
 20
-98.37773775653068
 30
0.0
 41
1.0
 10
-180.3411312096835
 20
-98.3777377565304
 30
0.0
 41
0.7071067811865838
 10
-180.3411312096836
 20
-94.97982888550905
 30
0.0
 41
1.0
  0
SPLINE
  5
17A
330
1F
100
AcDbEntity
  8
Dibujo2D$visible$líneas
100
AcDbSpline
210
0.0
220
0.0
230
1.0
 70
    15
 71
     2
 72
    16
 73
    13
 74
     0
 42
0.000000001
 43
0.0000000001
 40
0.0
 40
0.0
 40
0.0
 40
5.337422773384867
 40
5.337422773384867
 40
10.33742277338487
 40
10.33742277338487
 40
15.67484554676977
 40
15.67484554676977
 40
21.01226832015449
 40
21.01226832015449
 40
26.01226832015449
 40
26.01226832015449
 40
31.3496910935392
 40
31.3496910935392
 40
31.3496910935392
 10
-209.5631474899806
 20
-94.97982888550905
 30
0.0
 41
1.0
 10
-209.5631474899802
 20
-91.58192001448738
 30
0.0
 41
0.707106781186572
 10
-206.1652386189587
 20
-91.5819200144872
 30
0.0
 41
1.0
 10
-202.7673297479369
 20
-91.5819200144872
 30
0.0
 41
1.0
 10
-199.3694208769152
 20
-91.5819200144872
 30
0.0
 41
1.0
 10
-195.971512005893
 20
-91.58192001448685
 30
0.0
 41
0.707106781186447
 10
-195.9715120058936
 20
-94.97982888550905
 30
0.0
 41
1.0
 10
-195.9715120058933
 20
-98.37773775653079
 30
0.0
 41
0.7071067811864943
 10
-199.3694208769152
 20
-98.37773775653068
 30
0.0
 41
1.0
 10
-202.7673297479369
 20
-98.37773775653068
 30
0.0
 41
1.0
 10
-206.1652386189587
 20
-98.37773775653068
 30
0.0
 41
1.0
 10
-209.5631474899801
 20
-98.37773775653051
 30
0.0
 41
0.7071067811866055
 10
-209.5631474899807
 20
-94.97982888550905
 30
0.0
 41
1.0
  0
SPLINE
  5
17B
330
1F
100
AcDbEntity
  8
Dibujo2D$visible$líneas
100
AcDbSpline
210
0.0
220
0.0
230
1.0
 70
    15
 71
     2
 72
    16
 73
    13
 74
     0
 42
0.000000001
 43
0.0000000001
 40
0.0
 40
0.0
 40
0.0
 40
5.337422773384686
 40
5.337422773384686
 40
10.33742277338469
 40
10.33742277338469
 40
15.67484554676943
 40
15.67484554676943
 40
21.01226832015404
 40
21.01226832015404
 40
26.01226832015404
 40
26.01226832015404
 40
31.34969109353857
 40
31.34969109353857
 40
31.34969109353857
 10
-148.9747156781013
 20
-176.5296417900304
 30
0.0
 41
1.0
 10
-148.9747156781014
 20
-173.1317329190086
 30
0.0
 41
0.7071067811865165
 10
-145.5768068070795
 20
-173.131732919009
 30
0.0
 41
1.0
 10
-142.1788979360579
 20
-173.1317329190088
 30
0.0
 41
1.0
 10
-138.780989065036
 20
-173.1317329190088
 30
0.0
 41
1.0
 10
-135.383080194014
 20
-173.1317329190083
 30
0.0
 41
0.707106781186481
 10
-135.3830801940144
 20
-176.5296417900304
 30
0.0
 41
1.0
 10
-135.3830801940142
 20
-179.9275506610522
 30
0.0
 41
0.7071067811865238
 10
-138.780989065036
 20
-179.927550661052
 30
0.0
 41
1.0
 10
-142.1788979360579
 20
-179.927550661052
 30
0.0
 41
1.0
 10
-145.5768068070795
 20
-179.927550661052
 30
0.0
 41
1.0
 10
-148.9747156781009
 20
-179.9275506610519
 30
0.0
 41
0.7071067811866052
 10
-148.9747156781012
 20
-176.5296417900304
 30
0.0
 41
1.0
  0
SPLINE
  5
17C
330
1F
100
AcDbEntity
  8
Dibujo2D$visible$líneas
100
AcDbSpline
210
0.0
220
0.0
230
1.0
 70
    15
 71
     2
 72
    16
 73
    13
 74
     0
 42
0.000000001
 43
0.0000000001
 40
0.0
 40
0.0
 40
0.0
 40
5.337422773384656
 40
5.337422773384656
 40
10.33742277338466
 40
10.33742277338466
 40
15.67484554676912
 40
15.67484554676912
 40
21.01226832015394
 40
21.01226832015394
 40
26.01226832015394
 40
26.01226832015394
 40
31.34969109353895
 40
31.34969109353895
 40
31.34969109353895
 10
-180.3411312096837
 20
-176.5296417900304
 30
0.0
 41
1.0
 10
-180.3411312096832
 20
-173.1317329190088
 30
0.0
 41
0.7071067811866125
 10
-176.9432223386618
 20
-173.1317329190088
 30
0.0
 41
1.0
 10
-173.54531346764
 20
-173.1317329190088
 30
0.0
 41
1.0
 10
-170.1474045966183
 20
-173.1317329190088
 30
0.0
 41
1.0
 10
-166.7494957255971
 20
-173.1317329190089
 30
0.0
 41
0.7071067811865934
 10
-166.7494957255967
 20
-176.5296417900304
 30
0.0
 41
1.0
 10
-166.7494957255967
 20
-179.9275506610522
 30
0.0
 41
0.7071067811865949
 10
-170.1474045966183
 20
-179.9275506610525
 30
0.0
 41
1.0
 10
-173.54531346764
 20
-179.9275506610525
 30
0.0
 41
1.0
 10
-176.9432223386618
 20
-179.9275506610525
 30
0.0
 41
1.0
 10
-180.3411312096837
 20
-179.9275506610522
 30
0.0
 41
0.7071067811865949
 10
-180.3411312096837
 20
-176.5296417900304
 30
0.0
 41
1.0
  0
SPLINE
  5
17D
330
1F
100
AcDbEntity
  8
Dibujo2D$visible$líneas
100
AcDbSpline
210
0.0
220
0.0
230
1.0
 70
    15
 71
     2
 72
    16
 73
    13
 74
     0
 42
0.000000001
 43
0.0000000001
 40
0.0
 40
0.0
 40
0.0
 40
5.337422773384542
 40
5.337422773384542
 40
10.33742277338454
 40
10.33742277338454
 40
15.67484554676917
 40
15.67484554676917
 40
21.0122683201542
 40
21.0122683201542
 40
26.0122683201542
 40
26.0122683201542
 40
31.34969109353911
 40
31.34969109353911
 40
31.34969109353911
 10
-209.5631474899806
 20
-176.5296417900304
 30
0.0
 41
1.0
 10
-209.5631474899801
 20
-173.1317329190091
 30
0.0
 41
0.7071067811866244
 10
-206.1652386189587
 20
-173.1317329190088
 30
0.0
 41
1.0
 10
-202.7673297479369
 20
-173.1317329190088
 30
0.0
 41
1.0
 10
-199.3694208769152
 20
-173.1317329190088
 30
0.0
 41
1.0
 10
-195.9715120058933
 20
-173.1317329190083
 30
0.0
 41
0.7071067811864943
 10
-195.9715120058936
 20
-176.5296417900304
 30
0.0
 41
1.0
 10
-195.9715120058933
 20
-179.9275506610525
 30
0.0
 41
0.7071067811865179
 10
-199.3694208769152
 20
-179.9275506610525
 30
0.0
 41
1.0
 10
-202.7673297479369
 20
-179.9275506610525
 30
0.0
 41
1.0
 10
-206.1652386189587
 20
-179.9275506610525
 30
0.0
 41
1.0
 10
-209.5631474899805
 20
-179.9275506610518
 30
0.0
 41
0.7071067811866422
 10
-209.5631474899806
 20
-176.5296417900304
 30
0.0
 41
1.0
  0
SPLINE
  5
17E
330
1F
100
AcDbEntity
  8
Dibujo2D$oculto$líneas
100
AcDbSpline
210
0.0
220
0.0
230
1.0
 70
    15
 71
     3
 72
    59
 73
    55
 74
     0
 42
0.000000001
 43
0.0000000001
 40
0.0
 40
0.0
 40
0.0
 40
0.0
 40
8.357675401523457
 40
8.357675401523457
 40
8.357675401523457
 40
14.57054854909492
 40
14.57054854909492
 40
14.57054854909492
 40
42.13947069746825
 40
42.13947069746825
 40
42.13947069746825
 40
48.35233520833486
 40
48.35233520833486
 40
48.35233520833486
 40
56.71000994074519
 40
56.71000994074519
 40
56.71000994074519
 40
62.26767247569732
 40
62.26767247569732
 40
62.26767247569732
 40
68.86167235156893
 40
68.86167235156893
 40
68.86167235156893
 40
98.80153724601078
 40
98.80153724601078
 40
98.80153724601078
 40
104.4491668513996
 40
104.4491668513996
 40
104.4491668513996
 40
113.2895591869808
 40
113.2895591869808
 40
113.2895591869808
 40
118.9913734587181
 40
118.9913734587181
 40
118.9913734587181
 40
138.6731295973954
 40
138.6731295973954
 40
138.6731295973954
 40
144.3472379994875
 40
144.3472379994875
 40
144.3472379994875
 40
153.1870398781053
 40
153.1870398781053
 40
153.1870398781053
 40
158.862006607629
 40
158.862006607629
 40
158.862006607629
 40
197.6178618458497
 40
197.6178618458497
 40
197.6178618458497
 40
197.772173007215
 40
197.772173007215
 40
197.772173007215
 40
203.3298308797617
 40
203.3298308797617
 40
203.3298308797617
 40
203.3298308797617
 10
768.7782197175683
 20
-154.3998217197809
 30
0.0
 41
1.0
 10
767.9158431701812
 20
-157.2493685437018
 30
0.0
 41
0.8778823680958181
 10
765.5675655124927
 20
-159.0794511794292
 30
0.0
 41
0.8778823680958173
 10
762.5936850643287
 20
-159.2196135539714
 30
0.0
 41
1.0
 10
760.2959533975019
 20
-159.3279082796618
 30
0.0
 41
0.8157068075195277
 10
758.7081578420593
 20
-160.9923012123795
 30
0.0
 41
0.8157068075195276
 10
758.7081581337633
 20
-163.2925834907871
 30
0.0
 41
1.0
 10
758.7081581337678
 20
-175.7828038544772
 30
0.0
 41
1.0
 10
758.7081581337724
 20
-188.2730242181669
 30
0.0
 41
1.0
 10
758.7081581337769
 20
-200.7632445818567
 30
0.0
 41
1.0
 10
758.7081581335229
 20
-203.0635229322399
 30
0.0
 41
0.8157072948764224
 10
760.2959494257759
 20
-204.7279145032037
 30
0.0
 41
0.8157072948764225
 10
762.5936769532672
 20
-204.8362136197545
 30
0.0
 41
1.0
 10
765.5675568500304
 20
-204.9763819215481
 30
0.0
 41
0.8778823870292265
 10
767.9158307280608
 20
-206.8064689650932
 30
0.0
 41
0.877882387029226
 10
768.778201785601
 20
-209.6560171665305
 30
0.0
 41
1.0
 10
769.3610202591925
 20
-211.5818345079798
 30
0.0
 41
0.8510835664531098
 10
771.0268450482304
 20
-212.7103191458978
 30
0.0
 41
0.8510835664531099
 10
773.0314700932198
 20
-212.5373213575108
 30
0.0
 41
1.0
 10
776.0068500912765
 20
-212.2805485173885
 30
0.0
 41
1.0
 10
778.9820687920741
 20
-212.023037705243
 30
0.0
 41
1.0
 10
781.9576475790244
 20
-211.7647525953989
 30
0.0
 41
1.0
 10
791.9002142144379
 20
-210.9016813825082
 30
0.0
 41
0.9999997779261192
 10
801.8420730784846
 20
-210.0304950961294
 30
0.0
 41
0.9999997779261183
 10
811.7832175476786
 20
-209.1511943166627
 30
0.0
 41
1.0
 10
813.8258010032262
 20
-208.9705359250566
 30
0.0
 41
0.8464189195775553
 10
815.2824822425767
 20
-207.5273227064867
 30
0.0
 41
0.8464189195775551
 10
815.4821052300216
 20
-205.4865053971184
 30
0.0
 41
1.0
 10
815.7912543004034
 20
-202.3259604233089
 30
0.0
 41
0.8638827793155994
 10
817.9510803832947
 20
-199.9979206962311
 30
0.0
 41
0.8638827793155993
 10
821.079614908001
 20
-199.4530451077635
 30
0.0
 41
1.0
 10
823.1227514504565
 20
-199.0972055422095
 30
0.0
 41
0.8435793653015078
 10
824.4574895453179
 20
-197.5099113206919
 30
0.0
 41
0.8435793653015068
 10
824.4574874527178
 20
-195.4360191519595
 30
0.0
 41
1.0
 10
824.4574874527042
 20
-186.519114780795
 30
0.0
 41
1.0
 10
824.4574874526915
 20
-177.6022104096305
 30
0.0
 41
1.0
 10
824.4574874526787
 20
-168.6853060384656
 30
0.0
 41
1.0
 10
824.4574878807655
 20
-166.6233607087108
 30
0.0
 41
0.8450341171204201
 10
823.1358066773665
 20
-165.0407118722707
 30
0.0
 41
0.8450341171204206
 10
821.1068903261975
 20
-164.6731292518275
 30
0.0
 41
1.0
 10
817.9823717956983
 20
-164.1070544276625
 30
0.0
 41
0.8639003159781242
 10
815.8384767026741
 20
-161.7646687668308
 30
0.0
 41
0.8639003159781247
 10
815.5505553813258
 20
-158.6023661142231
 30
0.0
 41
1.0
 10
815.3635591984506
 20
-156.5485463923778
 30
0.0
 41
0.8449891374978764
 10
813.9034036444007
 20
-155.0921505738507
 30
0.0
 41
0.8449891374978761
 10
811.8491086346329
 20
-154.9104501745651
 30
0.0
 41
1.0
 10
798.9807337009112
 20
-153.7721659976759
 30
0.0
 41
0.9999996248550908
 10
786.1111584426761
 20
-152.6475340690557
 30
0.0
 41
0.999999624855091
 10
773.2403973437989
 20
-151.5365556544029
 30
0.0
 41
1.0
 10
773.1707607685706
 20
-151.5305452344935
 30
0.0
 41
1.0
 10
773.1011247452774
 20
-151.5245352724755
 30
0.0
 41
1.0
 10
773.0314892309192
 20
-151.5185257647647
 30
0.0
 41
1.0
 10
771.0268663178792
 20
-151.3455263686444
 30
0.0
 41
0.8510838065632922
 10
769.3610415265765
 20
-152.4740074625138
 30
0.0
 41
0.8510838065632924
 10
768.7782197175692
 20
-154.3998217197791
 30
0.0
 41
1.0
  0
CIRCLE
  5
17F
330
1F
100
AcDbEntity
  8
Dibujo2D$oculto$líneas
100
AcDbCircle
 10
762.2737455804232
 20
-152.4313311858232
 30
0.0
 40
1.359163548408787
  0
CIRCLE
  5
180
330
1F
100
AcDbEntity
  8
Dibujo2D$oculto$líneas
100
AcDbCircle
 10
822.24564391642
 20
-206.1480817121888
 30
0.0
 40
1.359163548408674
  0
CIRCLE
  5
181
330
1F
100
AcDbEntity
  8
Dibujo2D$oculto$líneas
100
AcDbCircle
 10
762.2737239104111
 20
-211.6244953488408
 30
0.0
 40
1.35916354840856
  0
CIRCLE
  5
182
330
1F
100
AcDbEntity
  8
Dibujo2D$oculto$líneas
100
AcDbCircle
 10
822.3183792766127
 20
-157.9861693068235
 30
0.0
 40
1.359163548408787
  0
SPLINE
  5
183
330
1F
100
AcDbEntity
  8
Dibujo2D$oculto$líneas
100
AcDbSpline
210
0.0
220
0.0
230
1.0
 70
    15
 71
     3
 72
    41
 73
    37
 74
     0
 42
0.000000001
 43
0.0000000001
 40
0.0
 40
0.0
 40
0.0
 40
0.0
 40
28.20549225690191
 40
28.20549225690191
 40
28.20549225690191
 40
63.42673369803847
 40
63.42673369803847
 40
63.42673369803847
 40
77.88499327199473
 40
77.88499327199473
 40
77.88499327199473
 40
93.64585725254548
 40
93.64585725254548
 40
93.64585725254548
 40
109.4067255856098
 40
109.4067255856098
 40
109.4067255856098
 40
143.0386183185989
 40
143.0386183185989
 40
143.0386183185989
 40
158.7994816507072
 40
158.7994816507072
 40
158.7994816507072
 40
174.5603357136909
 40
174.5603357136909
 40
174.5603357136909
 40
178.7550962128566
 40
178.7550962128566
 40
178.7550962128566
 40
222.7314599811758
 40
222.7314599811758
 40
222.7314599811758
 40
250.9370699839085
 40
250.9370699839085
 40
250.9370699839085
 40
278.2127509966807
 40
278.2127509966807
 40
278.2127509966807
 40
278.2127509966807
 10
835.3307958398854
 20
-200.5640213130555
 30
0.0
 41
1.0
 10
835.3307353308497
 20
-210.9435104298097
 30
0.0
 41
0.8251302502358626
 10
828.3231476460203
 20
-218.6003706980853
 30
0.0
 41
0.8251302502358623
 10
817.9842781000824
 20
-219.5177424006044
 30
0.0
 41
1.0
 10
806.2898138264186
 20
-220.5554629529839
 30
0.0
 41
0.9999996947446848
 10
794.5943618540308
 20
-221.5819919366519
 30
0.0
 41
0.9999996947446849
 10
782.897932893209
 20
-222.5973284115489
 30
0.0
 41
1.0
 10
778.0965674776781
 20
-223.014100741449
 30
0.0
 41
0.9999999457143024
 10
773.2950342623267
 20
-223.4289354197318
 30
0.0
 41
0.999999945714303
 10
768.493334029119
 20
-223.8418323788378
 30
0.0
 41
1.0
 10
763.1036179192233
 20
-224.3052848552697
 30
0.0
 41
0.9436410288287548
 10
757.983044279698
 20
-222.5607065264647
 30
0.0
 41
0.9436410288287542
 10
753.9973838969264
 20
-218.9030653116412
 30
0.0
 41
1.0
 10
750.0117229406824
 20
-215.2454225122369
 30
0.0
 41
0.9436410288286777
 10
747.8348590831595
 20
-210.2931394173466
 30
0.0
 41
0.9436410288286777
 10
747.8348497465187
 20
-204.8835327675012
 30
0.0
 41
1.0
 10
747.8348497465241
 20
-189.6464466077752
 30
0.0
 41
1.0
 10
747.8348497465296
 20
-174.4093604480496
 30
0.0
 41
1.0
 10
747.834849746535
 20
-159.1722742883236
 30
0.0
 41
1.0
 10
747.8348696298602
 20
-153.7626695683629
 30
0.0
 41
0.9436411019872513
 10
750.0117410153672
 20
-148.8103918906083
 30
0.0
 41
0.9436411019872518
 10
753.9974056858442
 20
-145.1527559927746
 30
0.0
 41
1.0
 10
757.9830691350493
 20
-141.4951234694643
 30
0.0
 41
0.9436411019875995
 10
763.1036416085149
 20
-139.7505529349471
 30
0.0
 41
0.9436411019875992
 10
768.4933536408466
 20
-140.214010607713
 30
0.0
 41
1.0
 10
770.3872567723542
 20
-140.3768666509585
 30
0.0
 41
1.0
 10
772.2815633983073
 20
-140.5400631866538
 30
0.0
 41
1.0
 10
774.1754099039204
 20
-140.7035234474435
 30
0.0
 41
1.0
 10
788.7798921049709
 20
-141.9641844270837
 30
0.0
 41
0.9999995201903726
 10
803.3828513020869
 20
-143.2423663992026
 30
0.0
 41
0.999999520190371
 10
817.9842664753403
 20
-144.5380675239461
 30
0.0
 41
1.0
 10
828.3231903581826
 20
-145.4554333679764
 30
0.0
 41
0.8251287076475495
 10
835.3307958399375
 20
-153.1123500162763
 30
0.0
 41
0.8251287076475501
 10
835.3307958399403
 20
-163.4918927396815
 30
0.0
 41
1.0
 10
835.3307958399218
 20
-175.8492689308061
 30
0.0
 41
1.0
 10
835.3307958399037
 20
-188.2066451219308
 30
0.0
 41
1.0
 10
835.3307958398855
 20
-200.5640213130556
 30
0.0
 41
1.0
  0
CIRCLE
  5
184
330
1F
100
AcDbEntity
  8
Dibujo2D$oculto$líneas
100
AcDbCircle
 10
762.2737455804225
 20
-152.4313311858234
 30
0.0
 40
2.038745322613067
  0
CIRCLE
  5
185
330
1F
100
AcDbEntity
  8
Dibujo2D$oculto$líneas
100
AcDbCircle
 10
822.2456439164198
 20
-206.1480817121893
 30
0.0
 40
2.038745322612954
  0
CIRCLE
  5
186
330
1F
100
AcDbEntity
  8
Dibujo2D$oculto$líneas
100
AcDbCircle
 10
762.2737239104106
 20
-211.6244953488406
 30
0.0
 40
2.038745322613181
  0
CIRCLE
  5
187
330
1F
100
AcDbEntity
  8
Dibujo2D$oculto$líneas
100
AcDbCircle
 10
822.3183792766129
 20
-157.9861693068238
 30
0.0
 40
2.038745322613181
  0
SPLINE
  5
188
330
1F
100
AcDbEntity
  8
Dibujo2D$oculto$líneas
100
AcDbSpline
210
0.0
220
0.0
230
1.0
 70
    15
 71
     3
 72
    35
 73
    31
 74
     0
 42
0.000000001
 43
0.0000000001
 40
0.0
 40
0.0
 40
0.0
 40
0.0
 40
20.14677112269854
 40
20.14677112269854
 40
20.14677112269854
 40
69.8114788506982
 40
69.8114788506982
 40
69.8114788506982
 40
81.06923854550229
 40
81.06923854550229
 40
81.06923854550229
 40
92.3269982403066
 40
92.3269982403066
 40
92.3269982403066
 40
125.9588909732956
 40
125.9588909732956
 40
125.9588909732956
 40
137.2166432550653
 40
137.2166432550653
 40
137.2166432550653
 40
148.4743955368349
 40
148.4743955368349
 40
148.4743955368349
 40
198.1390796454024
 40
198.1390796454024
 40
198.1390796454024
 40
218.2859439330712
 40
218.2859439330712
 40
218.2859439330712
 40
245.5616249458434
 40
245.5616249458434
 40
245.5616249458434
 40
245.5616249458434
 10
829.8941416463057
 20
-200.5640041302713
 30
0.0
 41
1.0
 10
829.8940947822607
 20
-207.9779215935939
 30
0.0
 41
0.8251302502366896
 10
824.8886745708774
 20
-213.447102580054
 30
0.0
 41
0.8251302502366886
 10
817.5037707516353
 20
-214.1023641581133
 30
0.0
 41
1.0
 10
801.0136665963985
 20
-215.5657278282872
 30
0.0
 41
0.9999993834277803
 10
784.5215874552813
 20
-217.0066629013516
 30
0.0
 41
0.99999938342778
 10
768.027563833953
 20
-218.4251667119845
 30
0.0
 41
1.0
 10
764.1777667084517
 20
-218.7562041427968
 30
0.0
 41
0.9436410288287675
 10
760.5202142176043
 20
-217.5100767557225
 30
0.0
 41
0.9436410288287687
 10
757.6733140475784
 20
-214.8974759232137
 30
0.0
 41
1.0
 10
754.8264138775536
 20
-212.2848750907043
 30
0.0
 41
0.9436410288287533
 10
753.2715111221778
 20
-208.7475312977651
 30
0.0
 41
0.9436410288287548
 10
753.2715039401477
 20
-204.8835277149419
 30
0.0
 41
1.0
 10
753.2715039401481
 20
-189.6464468260519
 30
0.0
 41
1.0
 10
753.2715039401481
 20
-174.409365937162
 30
0.0
 41
1.0
 10
753.2715039401481
 20
-159.172285048272
 30
0.0
 41
1.0
 10
753.271519235014
 20
-155.308284162263
 30
0.0
 41
0.9436411019875934
 10
754.8264273675129
 20
-151.7709456787695
 30
0.0
 41
0.9436411019875931
 10
757.6733296110677
 20
-149.1583510942712
 30
0.0
 41
1.0
 10
760.5202318546233
 20
-146.5457565097732
 30
0.0
 41
0.9436411019876065
 10
764.1777833896502
 20
-145.2996346794768
 30
0.0
 41
0.9436411019876063
 10
768.0275774943328
 20
-145.6306757628163
 30
0.0
 41
1.0
 10
784.5215931059159
 20
-147.0491807606901
 30
0.0
 41
0.9999993840816859
 10
801.0136652751514
 20
-148.4901051129148
 30
0.0
 41
0.9999993840816859
 10
817.5037635287339
 20
-149.953446157014
 30
0.0
 41
1.0
 10
824.8887091593355
 20
-150.6087074741788
 30
0.0
 41
0.8251287076475449
 10
829.8941416463059
 20
-156.0779336515375
 30
0.0
 41
0.8251287076475444
 10
829.8941416463052
 20
-163.4918927396848
 30
0.0
 41
1.0
 10
829.8941416463052
 20
-175.8492632032094
 30
0.0
 41
1.0
 10
829.8941416463052
 20
-188.2066336667372
 30
0.0
 41
1.0
 10
829.8941416463052
 20
-200.5640041302649
 30
0.0
 41
1.0
  0
LINE
  5
189
330
1F
100
AcDbEntity
  8
Dibujo2D$visible$líneas
100
AcDbLine
 10
-665.0013132596782
 20
-282.189785744094
 30
0.0
 11
-9.924833079842301
 21
-282.1896301703803
 31
0.0
  0
LINE
  5
18A
330
1F
100
AcDbEntity
  8
Dibujo2D$oculto$líneas
100
AcDbLine
 10
-665.1313688487188
 20
-282.1895367139648
 30
0.0
 11
-665.1319623854993
 21
-278.0625362103392
 31
0.0
  0
LINE
  5
18B
330
1F
100
AcDbEntity
  8
Dibujo2D$oculto$líneas
100
AcDbLine
 10
-747.3648832784265
 20
-281.1835037142978
 30
0.0
 11
-747.3648832784263
 21
-277.0562360437016
 31
0.0
  0
LINE
  5
18C
330
1F
100
AcDbEntity
  8
Dibujo2D$oculto$líneas
100
AcDbLine
 10
66.52271066412209
 20
-281.600891819814
 30
0.0
 11
66.52271066412231
 21
-277.4738275369355
 31
0.0
  0
LINE
  5
18D
330
1F
100
AcDbEntity
  8
Dibujo2D$oculto$líneas
100
AcDbLine
 10
-0.5250123051093851
 20
-282.1816685880067
 30
0.0
 11
-0.5250123051091578
 21
-278.0552183035888
 31
0.0
  0
ARC
  5
18E
330
1F
100
AcDbEntity
  8
Dibujo2D$oculto$líneas
100
AcDbCircle
 10
-10.49984884638999
 20
4738.635499302737
 30
0.0
 40
5016.700634229784
100
AcDbArc
 50
270.1139227658563
 51
270.8797098538185
  0
ARC
  5
18F
330
1F
100
AcDbEntity
  8
Dibujo2D$oculto$líneas
100
AcDbCircle
 10
-8.694262782268709
 20
4274.736930433825
 30
0.0
 40
4552.799477932055
100
AcDbArc
 50
270.0001795708311
 51
270.1028079135423
  0
LINE
  5
190
330
1F
100
AcDbEntity
  8
Dibujo2D$oculto$líneas
100
AcDbLine
 10
-747.3648832784263
 20
-277.0562360437016
 30
0.0
 11
-665.1358619825202
 21
-278.0624884902159
 31
0.0
  0
LINE
  5
191
330
1F
100
AcDbEntity
  8
Dibujo2D$oculto$líneas
100
AcDbLine
 10
-665.1358605420223
 20
-282.1895926525226
 30
0.0
 11
-665.1358605420223
 21
-278.0623707754926
 31
0.0
  0
SPLINE
  5
192
330
1F
100
AcDbEntity
  8
Dibujo2D$oculto$líneas
100
AcDbSpline
210
0.0
220
0.0
230
1.0
 70
    12
 71
     3
 72
     8
 73
     4
 74
     0
 42
0.000000001
 43
0.0000000001
 40
0.0000025942139544
 40
0.0000025942139544
 40
0.0000025942139544
 40
0.0000025942139544
 40
0.0992207644767846
 40
0.0992207644767846
 40
0.0992207644767846
 40
0.0992207644767846
 10
-665.0013169054884
 20
-278.0628559497436
 30
0.0
 41
1.0
 10
-665.04616647252
 20
-278.0628559637871
 30
0.0
 41
1.0
 10
-665.0910136545959
 20
-278.0627261490069
 30
0.0
 41
1.0
 10
-665.1358605420223
 20
-278.0623707754926
 30
0.0
 41
1.0
  0
LINE
  5
193
330
1F
100
AcDbEntity
  8
Dibujo2D$visible$líneas
100
AcDbLine
 10
-665.0013135153267
 20
-278.0628559497422
 30
0.0
 11
-665.0013132597198
 21
-282.1891256167569
 31
0.0
  0
LINE
  5
194
330
1F
100
AcDbEntity
  8
Dibujo2D$oculto$líneas
100
AcDbLine
 10
-665.1307752403
 20
-282.1897857748399
 30
0.0
 11
-665.0013135479293
 21
-282.189785744094
 31
0.0
  0
LINE
  5
195
330
1F
100
AcDbEntity
  8
Dibujo2D$oculto$líneas
100
AcDbLine
 10
-665.1358599582085
 20
-282.189723554181
 30
0.0
 11
-665.1313701324543
 21
-282.1897784952655
 31
0.0
  0
LINE
  5
196
330
1F
100
AcDbEntity
  8
Dibujo2D$oculto$líneas
100
AcDbLine
 10
-10.59916985957193
 20
-278.0625483778906
 30
0.0
 11
-8.679993837665279
 21
-278.0625474758695
 31
0.0
  0
LINE
  5
197
330
1F
100
AcDbEntity
  8
Dibujo2D$visible$líneas
100
AcDbLine
 10
-345.018375361724
 20
-278.0627055563662
 30
0.0
 11
-10.59916985957238
 21
-278.0625483778906
 31
0.0
  0
SPLINE
  5
198
330
1F
100
AcDbEntity
  8
Dibujo2D$visible$líneas
100
AcDbSpline
210
0.0
220
0.0
230
1.0
 70
     8
 71
     3
 72
     8
 73
     4
 74
     0
 42
0.000000001
 43
0.0000000001
 40
0.0
 40
0.0
 40
0.0
 40
0.0
 40
311.8279569504193
 40
311.8279569504193
 40
311.8279569504193
 40
311.8279569504193
 10
-665.0013135153267
 20
-278.0628559497422
 30
0.0
 10
-561.058661198528
 20
-278.0628064026623
 30
0.0
 10
-457.1160088817528
 20
-278.0627569576627
 30
0.0
 10
-353.1733565649469
 20
-278.0627074728095
 30
0.0
  0
LINE
  5
199
330
1F
100
AcDbEntity
  8
Dibujo2D$oculto$líneas
100
AcDbLine
 10
1280.606201370777
 20
-172.2124294209643
 30
0.0
 11
1280.606201370777
 21
-177.4914677882239
 31
0.0
  0
SPLINE
  5
19A
330
1F
100
AcDbEntity
  8
Dibujo2D$oculto$líneas
100
AcDbSpline
210
0.0
220
0.0
230
1.0
 70
     8
 71
     3
 72
    19
 73
    15
 74
     0
 42
0.000000001
 43
0.0000000001
 40
0.0
 40
0.0
 40
0.0
 40
0.0
 40
99.16551790212657
 40
204.3680402976289
 40
317.6528289607296
 40
430.9589876051126
 40
677.7750779510415
 40
815.3891134598724
 40
892.3184757555423
 40
936.7300680378485
 40
936.9040517415061
 40
936.9989518420339
 40
937.1096687901402
 40
940.9056684365362
 40
940.9056684365362
 40
940.9056684365362
 40
940.9056684365362
 10
343.2711437652442
 20
-91.65371889946186
 30
0.0
 10
376.2795830672001
 20
-93.41128811584099
 30
0.0
 10
444.2873427586771
 20
-97.37856622047684
 30
0.0
 10
549.9337744281105
 20
-104.4869241329284
 30
0.0
 10
660.2184782916182
 20
-112.8131308500895
 30
0.0
 10
817.4831020366186
 20
-125.8432544870795
 30
0.0
 10
982.685346402728
 20
-141.2074453077307
 30
0.0
 10
1135.688643447932
 20
-156.711875881517
 30
0.0
 10
1221.530690336856
 20
-165.7688587323994
 30
0.0
 10
1261.802844508017
 20
-170.1052466598635
 30
0.0
 10
1276.609475780095
 20
-171.7115370503477
 30
0.0
 10
1276.734847099523
 20
-171.7288340108144
 30
0.0
 10
1278.058469455445
 20
-171.89382648847
 30
0.0
 10
1279.3506176262
 20
-172.0556740143568
 30
0.0
 10
1280.606201370777
 20
-172.2124294209643
 30
0.0
  0
SPLINE
  5
19B
330
1F
100
AcDbEntity
  8
Dibujo2D$oculto$líneas
100
AcDbSpline
210
0.0
220
0.0
230
1.0
 70
     8
 71
     3
 72
    12
 73
     8
 74
     0
 42
0.000000001
 43
0.0000000001
 40
0.0
 40
0.0
 40
0.0
 40
0.0
 40
34.14763049314869
 40
72.08940341440781
 40
152.7792730955164
 40
237.7402474026459
 40
323.7140272561319
 40
323.7140272561319
 40
323.7140272561319
 40
323.7140272561319
 10
-5.539999732822025
 20
-81.03609260178382
 30
0.0
 10
5.842549775468797
 20
-81.04884154418528
 30
0.0
 10
29.87219042647735
 20
-81.16503039937857
 30
0.0
 10
80.79529266374948
 20
-81.781272758574
 30
0.0
 10
148.643385992754
 20
-83.32722082690566
 30
0.0
 10
232.4676990119008
 20
-86.27917083794819
 30
0.0
 10
289.3865958453787
 20
-88.89463739975895
 30
0.0
 10
318.0079313086562
 20
-90.34225387623383
 30
0.0
  0
LINE
  5
19C
330
1F
100
AcDbEntity
  8
Dibujo2D$oculto$líneas
100
AcDbLine
 10
1280.606201370777
 20
-185.8040649050517
 30
0.0
 11
1282.504838474388
 21
-185.8040649050517
 31
0.0
  0
SPLINE
  5
19D
330
1F
100
AcDbEntity
  8
Dibujo2D$oculto$líneas
100
AcDbSpline
210
0.0
220
0.0
230
1.0
 70
     8
 71
     3
 72
    13
 73
     9
 74
     0
 42
0.000000001
 43
0.0000000001
 40
0.0
 40
0.0
 40
0.0
 40
0.0
 40
10.52954493573776
 40
20.65184478639492
 40
40.76991113978619
 40
40.9438948434438
 40
41.14951189207783
 40
44.94551153847287
 40
44.94551153847287
 40
44.94551153847287
 40
44.94551153847287
 10
1235.927419583082
 20
-180.9197205856105
 30
0.0
 10
1239.417321807247
 20
-181.2933665721432
 30
0.0
 10
1246.262117869953
 20
-182.026551477657
 30
0.0
 10
1259.773978206572
 20
-183.4814559004831
 30
0.0
 10
1269.85357534303
 20
-184.5692612159978
 30
0.0
 10
1276.646124373365
 20
-185.3075075616393
 30
0.0
 10
1278.026739225687
 20
-185.4844937770692
 30
0.0
 10
1279.350820137418
 20
-185.6455545719027
 30
0.0
 10
1280.606201370777
 20
-185.8040649050517
 30
0.0
  0
ARC
  5
19E
330
1F
100
AcDbEntity
  8
Dibujo2D$visible$líneas
100
AcDbCircle
 10
-1673.555459382262
 20
-27365.03259528505
 30
0.0
 40
27339.3687455909
100
AcDbArc
 50
83.89095754764725
 51
84.01355912685383
  0
SPLINE
  5
19F
330
1F
100
AcDbEntity
  8
Dibujo2D$oculto$líneas
100
AcDbSpline
210
0.0
220
0.0
230
1.0
 70
     8
 71
     3
 72
    16
 73
    12
 74
     0
 42
0.000000001
 43
0.0000000001
 40
0.0
 40
0.0
 40
0.0
 40
0.0
 40
111.4009863317975
 40
172.1037469500209
 40
232.7887082018066
 40
366.31764171524
 40
507.9718505027004
 40
661.7107382416172
 40
823.5739181183297
 40
1001.597849054261
 40
1189.61060146703
 40
1189.61060146703
 40
1189.61060146703
 40
1189.61060146703
 10
-8.679993996428266
 20
-94.62531446622074
 30
0.0
 10
28.45387158705148
 20
-94.64224389238029
 30
0.0
 10
85.82021909261107
 20
-95.36604791495483
 30
0.0
 10
163.3892107883935
 20
-97.44521642355517
 30
0.0
 10
248.30842126636
 20
-100.4735827180534
 30
0.0
 10
360.1387309228755
 20
-105.843418278823
 30
0.0
 10
502.8436161502422
 20
-114.6575464113234
 30
0.0
 10
654.8532161284969
 20
-125.8496538457655
 30
0.0
 10
818.8206475167834
 20
-139.6106777366092
 30
0.0
 10
994.0311346368788
 20
-155.9236518120035
 30
0.0
 10
1115.422953222145
 20
-168.221230661075
 30
0.0
 10
1177.752205041232
 20
-174.7562449021389
 30
0.0
  0
LINE
  5
1A0
330
1F
100
AcDbEntity
  8
Dibujo2D$oculto$líneas
100
AcDbLine
 10
1282.504838474388
 20
-177.4914677882239
 30
0.0
 11
1282.504838474388
 21
-172.2124294209643
 31
0.0
  0
SPLINE
  5
1A1
330
1F
100
AcDbEntity
  8
Dibujo2D$oculto$líneas
100
AcDbSpline
210
0.0
220
0.0
230
1.0
 70
     8
 71
     3
 72
    13
 73
     9
 74
     0
 42
0.000000001
 43
0.0000000001
 40
0.0
 40
0.0
 40
0.0
 40
0.0
 40
10.41450107987248
 40
21.54902970308305
 40
42.67932640917276
 40
42.85331011283083
 40
43.05892716146441
 40
46.85492680785948
 40
46.85492680785948
 40
46.85492680785948
 40
46.85492680785948
 10
1235.927475790344
 20
-180.7166017788343
 30
0.0
 10
1239.379270469409
 20
-181.085954017509
 30
0.0
 10
1246.521480104607
 20
-181.8504976187139
 30
0.0
 10
1260.666241962118
 20
-183.372726569786
 30
0.0
 10
1271.416765891297
 20
-184.532911712877
 30
0.0
 10
1278.544762404063
 20
-185.3074993391072
 30
0.0
 10
1279.925374798805
 20
-185.4845073513709
 30
0.0
 10
1281.249458165256
 20
-185.6455463747056
 30
0.0
 10
1282.504838474388
 20
-185.8040649050517
 30
0.0
  0
ARC
  5
1A2
330
1F
100
AcDbEntity
  8
Dibujo2D$visible$líneas
100
AcDbCircle
 10
-1669.08635340594
 20
-27340.68552527622
 30
0.0
 40
27314.88636756825
100
AcDbArc
 50
83.89488897405923
 51
84.01360547279421
  0
SPLINE
  5
1A3
330
1F
100
AcDbEntity
  8
Dibujo2D$oculto$líneas
100
AcDbSpline
210
0.0
220
0.0
230
1.0
 70
     8
 71
     3
 72
    16
 73
    12
 74
     0
 42
0.000000001
 43
0.0000000001
 40
0.0
 40
0.0
 40
0.0
 40
0.0
 40
113.2996229493087
 40
174.0023835675321
 40
234.687344819318
 40
368.2162783327512
 40
509.870487120212
 40
663.6093748591285
 40
825.4725547358411
 40
1003.496485671772
 40
1191.504362918292
 40
1191.504362918292
 40
1191.504362918292
 40
1191.504362918292
 10
-8.679993616040974
 20
-94.62490763649294
 30
0.0
 10
29.08677183878763
 20
-94.62630304265053
 30
0.0
 10
87.08620545925919
 20
-95.34912644885549
 30
0.0
 10
165.2878460106356
 20
-97.44520478769778
 30
0.0
 10
250.2070593897981
 20
-100.4735890352938
 30
0.0
 10
362.0373674392997
 20
-105.8434146381126
 30
0.0
 10
504.7422536155285
 20
-114.6575486574693
 30
0.0
 10
656.7518530371625
 20
-125.8496526270173
 30
0.0
 10
820.7192847276896
 20
-139.6106784220663
 30
0.0
 10
995.928153603113
 20
-155.9235007188925
 30
0.0
 10
1117.318356766958
 20
-168.2209032988637
 30
0.0
 10
1179.645993559783
 20
-174.755736503728
 30
0.0
  0
ARC
  5
1A4
330
1F
100
AcDbEntity
  8
Dibujo2D$visible$líneas
100
AcDbCircle
 10
-8.700533038770937
 20
-4614.179292355013
 30
0.0
 40
4519.554384765192
100
AcDbArc
 50
89.99973961542757
 51
89.9999999933457
  0
LINE
  5
1A5
330
1F
100
AcDbEntity
  8
Dibujo2D$oculto$líneas
100
AcDbLine
 10
1282.504838474388
 20
-172.2124294209643
 30
0.0
 11
1280.606201370777
 21
-172.2124294209643
 31
0.0
  0
SPLINE
  5
1A6
330
1F
100
AcDbEntity
  8
Dibujo2D$oculto$líneas
100
AcDbSpline
210
0.0
220
0.0
230
1.0
 70
    12
 71
     3
 72
    12
 73
     8
 74
     0
 42
0.000000001
 43
0.0000000001
 40
-3.037610013106241
 40
-3.037610013106241
 40
-3.037610013106241
 40
-3.037610013106241
 40
-2.820079031147194
 40
-2.820079031147194
 40
-1.880052687431462
 40
-1.880052687431462
 40
0.0
 40
0.0
 40
0.0
 40
0.0
 10
1278.447580391664
 20
-171.7054611506819
 30
0.0
 41
1.0
 10
1278.544500552949
 20
-171.717003817696
 30
0.0
 41
1.0
 10
1278.641282133234
 20
-171.729649205032
 30
0.0
 41
1.0
 10
1279.156655200019
 20
-171.7940489182752
 30
0.0
 41
1.0
 10
1279.575178109315
 20
-171.8463464811111
 30
0.0
 41
1.0
 10
1280.830746837203
 20
-172.00323916962
 30
0.0
 41
1.0
 10
1281.667792655796
 20
-172.1078342952924
 30
0.0
 41
1.0
 10
1282.504838474388
 20
-172.2124294209643
 30
0.0
 41
1.0
  0
SPLINE
  5
1A7
330
1F
100
AcDbEntity
  8
Dibujo2D$oculto$líneas
100
AcDbSpline
210
0.0
220
0.0
230
1.0
 70
     8
 71
     3
 72
    17
 73
    13
 74
     0
 42
0.000000001
 43
0.0000000001
 40
0.0
 40
0.0
 40
0.0
 40
0.0
 40
121.3937577549431
 40
250.8703907067759
 40
319.6473722670028
 40
392.501638428761
 40
550.3267401967627
 40
631.2395015711992
 40
720.2624051088604
 40
898.2964795668594
 40
1088.482280756952
 40
1286.765380568285
 40
1286.765380568285
 40
1286.765380568285
 40
1286.765380568285
 10
-8.679993339916791
 20
-81.03327215240711
 30
0.0
 10
31.78484701646153
 20
-81.03512520243657
 30
0.0
 10
115.4060655159833
 20
-82.14968344491126
 30
0.0
 10
221.8994859231341
 20
-85.72760464937346
 30
0.0
 10
312.1745969918318
 20
-89.86229645954154
 30
0.0
 10
411.8512694559224
 20
-95.20401972265313
 30
0.0
 10
515.5012665159646
 20
-101.9050294352007
 30
0.0
 10
624.4596544024479
 20
-109.9348391491849
 30
0.0
 10
740.0851539041677
 20
-119.1297340150684
 30
0.0
 10
891.9190170076121
 20
-132.4388161077636
 30
0.0
 10
1079.875814251366
 20
-150.6401239273891
 30
0.0
 10
1208.660195467367
 20
-164.1449559998734
 30
0.0
 10
1274.370167657428
 20
-171.262791383564
 30
0.0
  0
LINE
  5
1A8
330
1F
100
AcDbEntity
  8
Dibujo2D$visible$líneas
100
AcDbLine
 10
-8.699104084623059
 20
-81.03327210596035
 30
0.0
 11
-8.679993339916791
 21
-81.03327215240711
 31
0.0
  0
LINE
  5
1A9
330
1F
100
AcDbEntity
  8
Dibujo2D$visible$líneas
100
AcDbLine
 10
-8.700532513871394
 20
-81.03327210573457
 30
0.0
 11
-10.10669721062504
 21
-81.03327210573457
 31
0.0
  0
LINE
  5
1AA
330
1F
100
AcDbEntity
  8
Dibujo2D$visible$líneas
100
AcDbLine
 10
-8.700532513871394
 20
-94.62490758982153
 30
0.0
 11
-8.700532513871394
 21
-81.03339229025823
 31
0.0
  0
LINE
  5
1AB
330
1F
100
AcDbEntity
  8
Dibujo2D$visible$líneas
100
AcDbLine
 10
-10.59916961748286
 20
-94.62490758982153
 30
0.0
 11
-8.700532513871394
 21
-94.62490758982153
 31
0.0
  0
LINE
  5
1AC
330
1F
100
AcDbEntity
  8
Dibujo2D$visible$líneas
100
AcDbLine
 10
-10.59916961748286
 20
-85.06133614666373
 30
0.0
 11
-10.59916961748286
 21
-94.62490755387444
 31
0.0
  0
LINE
  5
1AD
330
1F
100
AcDbEntity
  8
Dibujo2D$oculto$líneas
100
AcDbLine
 10
-10.59916961748286
 20
-81.0333485640374
 30
0.0
 11
-10.59916961748286
 21
-85.06133614666373
 31
0.0
  0
LINE
  5
1AE
330
1F
100
AcDbEntity
  8
Dibujo2D$oculto$líneas
100
AcDbLine
 10
1280.606201370777
 20
-177.4914677882239
 30
0.0
 11
1280.606201370777
 21
-191.0831032723108
 31
0.0
  0
SPLINE
  5
1AF
330
1F
100
AcDbEntity
  8
Dibujo2D$oculto$líneas
100
AcDbSpline
210
0.0
220
0.0
230
1.0
 70
     8
 71
     3
 72
    11
 73
     7
 74
     0
 42
0.000000001
 43
0.0000000001
 40
0.0
 40
0.0
 40
0.0
 40
0.0
 40
9.518983708409758
 40
18.62660151526833
 40
40.23740449795001
 40
44.93750104809219
 40
44.93750104809219
 40
44.93750104809219
 40
44.93750104809219
 10
1235.927036797952
 20
-182.3030091185287
 30
0.0
 10
1239.082039077091
 20
-181.9655828391521
 30
0.0
 10
1245.255456192453
 20
-181.3030525946099
 30
0.0
 10
1258.591251562661
 20
-179.8709581549804
 30
0.0
 10
1270.328779221128
 20
-178.5996657975293
 30
0.0
 10
1279.048264569314
 20
-177.6569483582487
 30
0.0
 10
1280.606201370777
 20
-177.4914677882239
 30
0.0
  0
ARC
  5
1B0
330
1F
100
AcDbEntity
  8
Dibujo2D$visible$líneas
100
AcDbCircle
 10
-1674.582648897872
 20
27012.2488243644
 30
0.0
 40
27349.85769715299
100
AcDbArc
 50
275.9886833203601
 51
276.1088540168853
  0
SPLINE
  5
1B1
330
1F
100
AcDbEntity
  8
Dibujo2D$oculto$líneas
100
AcDbSpline
210
0.0
220
0.0
230
1.0
 70
     8
 71
     3
 72
    15
 73
    11
 74
     0
 42
0.000000001
 43
0.0000000001
 40
0.0
 40
0.0
 40
0.0
 40
0.0
 40
112.1245389032643
 40
233.4562927806287
 40
366.9457907309137
 40
508.6669745305693
 40
666.4330453864156
 40
828.3515791573691
 40
1006.325999690326
 40
1187.393114566052
 40
1187.393114566052
 40
1187.393114566052
 40
1187.393114566052
 10
-5.324954959762181
 20
-268.594780060401
 30
0.0
 10
32.05004680619163
 20
-268.5505241710139
 30
0.0
 10
109.8660413516313
 20
-267.513401667308
 30
0.0
 10
232.1218171917624
 20
-263.5542586768725
 30
0.0
 10
364.1513175303203
 20
-257.1565071062689
 30
0.0
 10
508.201975232544
 20
-248.2068284737456
 30
0.0
 10
661.5861303655846
 20
-236.8453894328054
 30
0.0
 10
826.8865102632197
 20
-222.8932019715257
 30
0.0
 10
999.787462734624
 20
-206.7280657896704
 30
0.0
 10
1118.857112005278
 20
-194.6436973434656
 30
0.0
 10
1178.883522356028
 20
-188.3476188025868
 30
0.0
  0
LINE
  5
1B2
330
1F
100
AcDbEntity
  8
Dibujo2D$oculto$líneas
100
AcDbLine
 10
1280.606201370777
 20
-191.0831032723108
 30
0.0
 11
1282.504838474389
 21
-191.0831032723108
 31
0.0
  0
SPLINE
  5
1B3
330
1F
100
AcDbEntity
  8
Dibujo2D$oculto$líneas
100
AcDbSpline
210
0.0
220
0.0
230
1.0
 70
     8
 71
     3
 72
    22
 73
    18
 74
     0
 42
0.000000001
 43
0.0000000001
 40
0.0
 40
0.0
 40
0.0
 40
0.0
 40
56.76732547749977
 40
120.2208667690287
 40
249.6252647827867
 40
322.3929025517605
 40
395.2977978105747
 40
549.1132381762287
 40
715.0170851729059
 40
804.0886524230268
 40
893.0521784689074
 40
1087.295590290858
 40
1184.450062366309
 40
1235.047800325202
 40
1259.334774309237
 40
1284.993408164
 40
1289.693504714143
 40
1289.693504714143
 40
1289.693504714143
 40
1289.693504714143
 10
-5.324954959762181
 20
-282.186415544488
 30
0.0
 10
13.59749918260923
 20
-282.164635553127
 30
0.0
 10
53.67065385596425
 20
-281.8692397299665
 30
0.0
 10
136.8659513139035
 20
-280.3134728665434
 30
0.0
 10
225.3599808897395
 20
-277.2890969775663
 30
0.0
 10
316.9536781446211
 20
-273.0298483022846
 30
0.0
 10
416.6365807690077
 20
-267.6069053524488
 30
0.0
 10
547.2371058366701
 20
-259.0985692415854
 30
0.0
 10
683.0987954599481
 20
-248.6124198624948
 30
0.0
 10
797.3339176387434
 20
-238.9082534283432
 30
0.0
 10
920.9290697843816
 20
-227.8007057318625
 30
0.0
 10
1047.125823806721
 20
-215.5669694280336
 30
0.0
 10
1160.525300287609
 20
-203.894078741441
 30
0.0
 10
1217.55374310667
 20
-197.8632379557139
 30
0.0
 10
1250.877699897009
 20
-194.2950545905412
 30
0.0
 10
1268.987410706803
 20
-192.3371756914162
 30
0.0
 10
1279.0482354419
 20
-191.2483141590478
 30
0.0
 10
1280.606201370777
 20
-191.0831032723108
 30
0.0
  0
LINE
  5
1B4
330
1F
100
AcDbEntity
  8
Dibujo2D$oculto$líneas
100
AcDbLine
 10
1282.504838474389
 20
-191.0831032723108
 30
0.0
 11
1282.504838474389
 21
-177.4914677882239
 31
0.0
  0
SPLINE
  5
1B5
330
1F
100
AcDbEntity
  8
Dibujo2D$oculto$líneas
100
AcDbSpline
210
0.0
220
0.0
230
1.0
 70
     8
 71
     3
 72
    16
 73
    12
 74
     0
 42
0.000000001
 43
0.0000000001
 40
0.0
 40
0.0
 40
0.0
 40
0.0
 40
117.3782151404009
 40
250.8367243345407
 40
319.5539910212852
 40
392.4508436342705
 40
546.2776246961382
 40
712.17344662345
 40
890.2182831778401
 40
1084.45227026641
 40
1286.765386429875
 40
1286.765386429875
 40
1286.765386429875
 40
1286.765386429875
 10
-8.679993339926796
 20
-282.1894772235971
 30
0.0
 10
30.44629756640211
 20
-282.1886820813806
 30
0.0
 10
114.0565153021621
 20
-281.1084304017106
 30
0.0
 10
220.5200777321518
 20
-277.5578394061486
 30
0.0
 10
312.1153594355224
 20
-273.3632487824989
 30
0.0
 10
410.4555656574273
 20
-268.094595504949
 30
0.0
 10
541.0603741254998
 20
-259.6749340335355
 30
0.0
 10
706.5003570921457
 20
-246.9963296582659
 30
0.0
 10
885.2157115022745
 20
-231.4103147343392
 30
0.0
 10
1075.861267182834
 20
-212.9994485290315
 30
0.0
 10
1207.324626100247
 20
-199.2220209307013
 30
0.0
 10
1274.370158171892
 20
-191.9598707337996
 30
0.0
  0
ARC
  5
1B6
330
1F
100
AcDbEntity
  8
Dibujo2D$visible$líneas
100
AcDbCircle
 10
-8.700533306445752
 20
4242.144803068935
 30
0.0
 40
4524.334280339157
100
AcDbArc
 50
270.0000000069713
 51
270.0002601163663
  0
LINE
  5
1B7
330
1F
100
AcDbEntity
  8
Dibujo2D$oculto$líneas
100
AcDbLine
 10
1282.504838474389
 20
-177.4914677882239
 30
0.0
 11
1280.606201370777
 21
-177.4914677882239
 31
0.0
  0
SPLINE
  5
1B8
330
1F
100
AcDbEntity
  8
Dibujo2D$oculto$líneas
100
AcDbSpline
210
0.0
220
0.0
230
1.0
 70
     8
 71
     3
 72
    11
 73
     7
 74
     0
 42
0.000000001
 43
0.0000000001
 40
0.0
 40
0.0
 40
0.0
 40
0.0
 40
9.404597159231782
 40
19.52417146377778
 40
42.14693228718606
 40
46.84702883732915
 40
46.84702883732915
 40
46.84702883732915
 40
46.84702883732915
 10
1235.926980588762
 20
-182.5061348935342
 30
0.0
 10
1239.044097355411
 20
-182.1730165534377
 30
0.0
 10
1245.515043759957
 20
-181.479004530079
 30
0.0
 10
1259.483783212303
 20
-179.9796309605565
 30
0.0
 10
1271.892069943785
 20
-178.6360954123661
 30
0.0
 10
1280.94689532562
 20
-177.6568895891539
 30
0.0
 10
1282.504838474389
 20
-177.4914677882239
 30
0.0
  0
ARC
  5
1B9
330
1F
100
AcDbEntity
  8
Dibujo2D$visible$líneas
100
AcDbCircle
 10
-1670.210217451435
 20
26988.82227797742
 30
0.0
 40
27326.30090469476
100
AcDbArc
 50
275.9886597191743
 51
276.1049199815565
  0
SPLINE
  5
1BA
330
1F
100
AcDbEntity
  8
Dibujo2D$oculto$líneas
100
AcDbSpline
210
0.0
220
0.0
230
1.0
 70
     8
 71
     3
 72
    15
 73
    11
 74
     0
 42
0.000000001
 43
0.0000000001
 40
0.0
 40
0.0
 40
0.0
 40
0.0
 40
113.3300482168934
 40
234.6677276585669
 40
368.149213024144
 40
509.8760335110379
 40
663.5893115274794
 40
833.6052553945059
 40
1011.579675927462
 40
1192.651689122736
 40
1192.651689122736
 40
1192.651689122736
 40
1192.651689122736
 10
-8.679993339926796
 20
-268.5978417395102
 30
0.0
 10
29.09688992030487
 20
-268.5969087554338
 30
0.0
 10
107.3177177132973
 20
-267.6212669508936
 30
0.0
 10
229.9767851769805
 20
-263.7199031339683
 30
0.0
 10
362.0103840533809
 20
-257.3813510353568
 30
0.0
 10
504.7150878368383
 20
-248.5667057077032
 30
0.0
 10
659.4506847365645
 20
-237.1746562842759
 30
0.0
 10
826.097709951819
 20
-223.1442723015464
 30
0.0
 10
1001.687722387703
 20
-206.7280379259753
 30
0.0
 10
1120.75899921347
 20
-194.6433206726165
 30
0.0
 10
1180.787031051313
 20
-188.3471077947372
 30
0.0
  0
ARC
  5
1BB
330
1F
100
AcDbEntity
  8
Dibujo2D$visible$líneas
100
AcDbCircle
 10
-8.70053340662189
 20
4255.780568925541
 30
0.0
 40
4524.378410711675
100
AcDbArc
 50
270.0000000082398
 51
270.0002601150977
  0
LINE
  5
1BC
330
1F
100
AcDbEntity
  8
Dibujo2D$visible$líneas
100
AcDbLine
 10
-8.700532755961376
 20
-268.5978417861347
 30
0.0
 11
-10.59916985957261
 21
-268.5978417861347
 31
0.0
  0
LINE
  5
1BD
330
1F
100
AcDbEntity
  8
Dibujo2D$visible$líneas
100
AcDbLine
 10
-8.700532755961376
 20
-282.1894772702217
 30
0.0
 11
-8.700532755961376
 21
-268.5978417861347
 31
0.0
  0
LINE
  5
1BE
330
1F
100
AcDbEntity
  8
Dibujo2D$oculto$líneas
100
AcDbLine
 10
-10.59916985957261
 20
-278.0625483778906
 30
0.0
 11
-10.59916985957261
 21
-282.1894772386963
 31
0.0
  0
LINE
  5
1BF
330
1F
100
AcDbEntity
  8
Dibujo2D$visible$líneas
100
AcDbLine
 10
-10.59916985957261
 20
-268.5978417861347
 30
0.0
 11
-10.59916985957261
 21
-278.0625483778906
 31
0.0
  0
LINE
  5
1C0
330
1F
100
AcDbEntity
  8
Dibujo2D$oculto$líneas
100
AcDbLine
 10
1274.370396357881
 20
-174.7303071927872
 30
0.0
 11
1274.370396357881
 21
-188.3219848026106
 31
0.0
  0
LINE
  5
1C1
330
1F
100
AcDbEntity
  8
Dibujo2D$oculto$líneas
100
AcDbLine
 10
1274.370396357881
 20
-174.7303071927872
 30
0.0
 11
1274.370396357881
 21
-171.2606787172617
 31
0.0
  0
SPLINE
  5
1C2
330
1F
100
AcDbEntity
  8
Dibujo2D$oculto$líneas
100
AcDbSpline
210
0.0
220
0.0
230
1.0
 70
     8
 71
     3
 72
    11
 73
     7
 74
     0
 42
0.000000001
 43
0.0000000001
 40
0.0
 40
0.0
 40
0.0
 40
0.0
 40
3.781946143212573
 40
4.098268643550015
 40
5.047270299872611
 40
8.210603338534346
 40
8.210603338534346
 40
8.210603338534346
 40
8.210603338534346
 10
1274.3704055571
 20
-171.2605937370254
 30
0.0
 10
1275.623623939706
 20
-171.3972111008673
 30
0.0
 10
1276.982030049307
 20
-171.5420482919465
 30
0.0
 10
1278.654365893611
 20
-171.725919859063
 30
0.0
 10
1280.118467555576
 20
-171.9151628054872
 30
0.0
 10
1281.479283512623
 20
-172.0798620432979
 30
0.0
 10
1282.525377648332
 20
-172.2124294209643
 30
0.0
  0
ARC
  5
1C3
330
1F
100
AcDbEntity
  8
Dibujo2D$oculto$líneas
100
AcDbCircle
 10
1750.163537907762
 20
-4568.063312808178
 30
0.0
 40
4401.890639668308
100
AcDbArc
 50
96.0983681575303
 51
96.20512961686029
  0
LINE
  5
1C4
330
1F
100
AcDbEntity
  8
Dibujo2D$oculto$líneas
100
AcDbLine
 10
1274.370396357881
 20
-191.9620696862185
 30
0.0
 11
1274.370396357881
 21
-188.3219848026106
 31
0.0
  0
LINE
  5
1C5
330
1F
100
AcDbEntity
  8
Dibujo2D$visible$líneas
100
AcDbLine
 10
943.7613144748701
 20
-257.7742021371419
 30
0.0
 11
941.8580636715823
 21
-257.9607432949042
 31
0.0
  0
LINE
  5
1C6
330
1F
100
AcDbEntity
  8
Dibujo2D$visible$líneas
100
AcDbLine
 10
951.2502596480616
 20
-257.0401966657605
 30
0.0
 11
943.7613144748701
 21
-257.7742021371423
 31
0.0
  0
LINE
  5
1C7
330
1F
100
AcDbEntity
  8
Dibujo2D$visible$líneas
100
AcDbLine
 10
950.9745226366111
 20
-254.3358697066676
 30
0.0
 11
943.4961567225408
 21
-255.068838285149
 31
0.0
  0
LINE
  5
1C8
330
1F
100
AcDbEntity
  8
Dibujo2D$visible$líneas
100
AcDbLine
 10
943.4961567225408
 20
-255.0688382851486
 30
0.0
 11
941.592905919253
 21
-255.2553794429109
 31
0.0
  0
LINE
  5
1C9
330
1F
100
AcDbEntity
  8
Dibujo2D$visible$líneas
100
AcDbLine
 10
941.8580636715823
 20
-257.9607432949042
 30
0.0
 11
941.592905919253
 21
-255.2553794429109
 31
0.0
  0
LINE
  5
1CA
330
1F
100
AcDbEntity
  8
Dibujo2D$visible$líneas
100
AcDbLine
 10
941.8845388534954
 20
-258.5973765687527
 30
0.0
 11
946.6402678169042
 21
-258.1312587111884
 31
0.0
  0
SPLINE
  5
1CB
330
1F
100
AcDbEntity
  8
Dibujo2D$visible$líneas
100
AcDbSpline
210
0.0
220
0.0
230
1.0
 70
    28
 71
     2
 72
     6
 73
     3
 74
     0
 42
0.000000001
 43
0.0000000001
 40
0.0
 40
0.0
 40
0.0
 40
5.497787143782138
 40
5.497787143782138
 40
5.497787143782138
 10
946.6402678169042
 20
-258.1312587111884
 30
0.0
 41
1.0
 10
951.3746062350804
 20
-257.6672373808212
 30
0.0
 41
0.7071067811865476
 10
951.3532156898481
 20
-257.6693339080193
 30
0.0
 41
1.0
  0
LINE
  5
1CC
330
1F
100
AcDbEntity
  8
Dibujo2D$visible$líneas
100
AcDbLine
 10
950.9851018957323
 20
-254.3348328137677
 30
0.0
 11
951.2502596480616
 21
-257.0401966657605
 31
0.0
  0
LINE
  5
1CD
330
1F
100
AcDbEntity
  8
Dibujo2D$oculto$líneas
100
AcDbLine
 10
950.9745226366198
 20
-254.3358697066667
 30
0.0
 11
950.9851018957323
 21
-254.3348328137677
 31
0.0
  0
SPLINE
  5
1CE
330
1F
100
AcDbEntity
  8
Dibujo2D$visible$líneas
100
AcDbSpline
210
0.0
220
0.0
230
1.0
 70
    28
 71
     2
 72
     6
 73
     3
 74
     0
 42
0.000000001
 43
0.0000000001
 40
-5.497787143782138
 40
-5.497787143782138
 40
-5.497787143782138
 40
0.0
 40
0.0
 40
0.0
 10
950.5577424328602
 20
-249.5532423520399
 30
0.0
 41
1.0
 10
950.5791329780932
 20
-249.551145824842
 30
0.0
 41
0.7071067811865476
 10
945.8447945599172
 20
-250.0151671552089
 30
0.0
 41
1.0
  0
LINE
  5
1CF
330
1F
100
AcDbEntity
  8
Dibujo2D$visible$líneas
100
AcDbLine
 10
945.8447945599172
 20
-250.0151671552089
 30
0.0
 11
941.0890655965076
 21
-250.4812850127732
 31
0.0
  0
LINE
  5
1D0
330
1F
100
AcDbEntity
  8
Dibujo2D$visible$líneas
100
AcDbLine
 10
958.9552833186389
 20
-244.8613167838957
 30
0.0
 11
907.5533701307685
 21
-249.8993140781499
 31
0.0
  0
LINE
  5
1D1
330
1F
100
AcDbEntity
  8
Dibujo2D$visible$líneas
100
AcDbLine
 10
906.340230158872
 20
-237.5218331312471
 30
0.0
 11
907.5533701307685
 21
-249.8993140781499
 31
0.0
  0
LINE
  5
1D2
330
1F
100
AcDbEntity
  8
Dibujo2D$visible$líneas
100
AcDbLine
 10
905.9485948867353
 20
-233.5260385557654
 30
0.0
 11
906.0750724065427
 21
-234.8164692792539
 31
0.0
  0
LINE
  5
1D3
330
1F
100
AcDbEntity
  8
Dibujo2D$oculto$líneas
100
AcDbLine
 10
902.7805305888436
 20
-201.2027647422728
 30
0.0
 11
905.9485948867353
 21
-233.5260385557654
 31
0.0
  0
LINE
  5
1D4
330
1F
100
AcDbEntity
  8
Dibujo2D$oculto$líneas
100
AcDbLine
 10
954.1824437767144
 20
-196.1647674480182
 30
0.0
 11
902.7805305888436
 21
-201.2027647422728
 31
0.0
  0
LINE
  5
1D5
330
1F
100
AcDbEntity
  8
Dibujo2D$visible$líneas
100
AcDbLine
 10
957.7421433467424
 20
-232.4838358369925
 30
0.0
 11
958.9552833186389
 21
-244.8613167838957
 31
0.0
  0
LINE
  5
1D6
330
1F
100
AcDbEntity
  8
Dibujo2D$visible$líneas
100
AcDbLine
 10
957.3694112235243
 20
-228.6809071887699
 30
0.0
 11
957.4769855944131
 21
-229.7784719849997
 31
0.0
  0
LINE
  5
1D7
330
1F
100
AcDbEntity
  8
Dibujo2D$oculto$líneas
100
AcDbLine
 10
954.1824437767144
 20
-196.1647674480182
 30
0.0
 11
957.3694112235243
 21
-228.6809071887699
 31
0.0
  0
LINE
  5
1D8
330
1F
100
AcDbEntity
  8
Dibujo2D$visible$líneas
100
AcDbLine
 10
936.3005868040726
 20
-250.3939159466422
 30
0.0
 11
935.9790436843194
 21
-247.1132608445528
 31
0.0
  0
LINE
  5
1D9
330
1F
100
AcDbEntity
  8
Dibujo2D$visible$líneas
100
AcDbLine
 10
936.3005868040726
 20
-250.3939159466413
 30
0.0
 11
955.235801038088
 21
-248.5380403155466
 31
0.0
  0
LINE
  5
1DA
330
1F
100
AcDbEntity
  8
Dibujo2D$oculto$líneas
100
AcDbLine
 10
898.6660318977237
 20
-235.5426431455849
 30
0.0
 11
898.9311896500529
 21
-238.2480069975777
 31
0.0
  0
LINE
  5
1DB
330
1F
100
AcDbEntity
  8
Dibujo2D$visible$líneas
100
AcDbLine
 10
895.2852849070745
 20
-235.8739964578476
 30
0.0
 11
906.0750724065427
 21
-234.8164692792539
 31
0.0
  0
LINE
  5
1DC
330
1F
100
AcDbEntity
  8
Dibujo2D$visible$líneas
100
AcDbLine
 10
895.5504426594033
 20
-238.5793603098409
 30
0.0
 11
906.340230158872
 21
-237.5218331312471
 31
0.0
  0
LINE
  5
1DD
330
1F
100
AcDbEntity
  8
Dibujo2D$visible$líneas
100
AcDbLine
 10
895.2852849070745
 20
-235.8739964578476
 30
0.0
 11
895.5504426594033
 21
-238.5793603098409
 31
0.0
  0
LINE
  5
1DE
330
1F
100
AcDbEntity
  8
Dibujo2D$oculto$líneas
100
AcDbLine
 10
960.8514140921069
 20
-229.4477379600053
 30
0.0
 11
961.1165718444362
 21
-232.1531018119986
 31
0.0
  0
LINE
  5
1DF
330
1F
100
AcDbEntity
  8
Dibujo2D$visible$líneas
100
AcDbLine
 10
957.4769855944131
 20
-229.7784719849997
 30
0.0
 11
968.290897718577
 21
-228.7185803069851
 31
0.0
  0
LINE
  5
1E0
330
1F
100
AcDbEntity
  8
Dibujo2D$visible$líneas
100
AcDbLine
 10
957.7421433467424
 20
-232.4838358369925
 30
0.0
 11
968.5560554709062
 21
-231.4239441589784
 31
0.0
  0
LINE
  5
1E1
330
1F
100
AcDbEntity
  8
Dibujo2D$visible$líneas
100
AcDbLine
 10
968.290897718577
 20
-228.7185803069851
 30
0.0
 11
968.5560554709062
 21
-231.4239441589784
 31
0.0
  0
LINE
  5
1E2
330
1F
100
AcDbEntity
  8
Dibujo2D$oculto$líneas
100
AcDbLine
 10
979.5880902645184
 20
-222.22719757505
 30
0.0
 11
979.5880902645184
 21
-208.6355658710795
 31
0.0
  0
LINE
  5
1E3
330
1F
100
AcDbEntity
  8
Dibujo2D$oculto$líneas
100
AcDbLine
 10
979.5880902645193
 20
-154.5875328830937
 30
0.0
 11
979.5880902645193
 21
-140.9958973990067
 31
0.0
  0
LINE
  5
1E4
330
1F
100
AcDbEntity
  8
Dibujo2D$oculto$líneas
100
AcDbLine
 10
0.7559995418196195
 20
-282.1796751195188
 30
0.0
 11
0.7559995418196195
 21
-268.5880396354319
 31
0.0
  0
LINE
  5
1E5
330
1F
100
AcDbEntity
  8
Dibujo2D$oculto$líneas
100
AcDbLine
 10
-1045.721780846857
 20
-277.532114741512
 30
0.0
 11
-1045.445689120822
 21
-277.5354933293925
 31
0.0
  0
LINE
  5
1E6
330
1F
100
AcDbEntity
  8
Dibujo2D$oculto$líneas
100
AcDbLine
 10
-344.7056919399901
 20
-268.5979997196721
 30
0.0
 11
-10.59916985957193
 21
-268.597842688155
 31
0.0
  0
LINE
  5
1E7
330
1F
100
AcDbEntity
  8
Dibujo2D$visible$líneas
100
AcDbLine
 10
-345.0183749622947
 20
-268.5979998666346
 30
0.0
 11
-344.7056919399901
 21
-268.5979997196723
 31
0.0
  0
LINE
  5
1E8
330
1F
100
AcDbEntity
  8
Dibujo2D$oculto$líneas
100
AcDbLine
 10
-664.245748854676
 20
-268.5981499048876
 30
0.0
 11
-353.1733566525545
 21
-268.5980036995113
 31
0.0
  0
LINE
  5
1E9
330
1F
100
AcDbEntity
  8
Dibujo2D$oculto$líneas
100
AcDbLine
 10
-731.5337811300019
 20
-267.7852586114541
 30
0.0
 11
-713.2222817282385
 21
-268.009339973265
 31
0.0
  0
LINE
  5
1EA
330
1F
100
AcDbEntity
  8
Dibujo2D$oculto$líneas
100
AcDbLine
 10
-812.0989134403873
 20
-266.7993674964505
 30
0.0
 11
-761.3746684951925
 21
-267.4200898979736
 31
0.0
  0
LINE
  5
1EB
330
1F
100
AcDbEntity
  8
Dibujo2D$oculto$líneas
100
AcDbLine
 10
-1045.721780846857
 20
-263.9404792574251
 30
0.0
 11
-1045.445689120822
 21
-263.9438578453055
 31
0.0
  0
SPLINE
  5
1EC
330
1F
100
AcDbEntity
  8
Dibujo2D$oculto$líneas
100
AcDbSpline
210
0.0
220
0.0
230
1.0
 70
    12
 71
     3
 72
     8
 73
     4
 74
     0
 42
0.000000001
 43
0.0000000001
 40
-726.6414791042471
 40
-726.6414791042471
 40
-726.6414791042471
 40
-726.6414791042471
 40
-724.1078256003469
 40
-724.1078256003469
 40
-724.1078256003469
 40
-724.1078256003469
 10
-3.961992883453377
 20
-94.62736173324379
 30
0.0
 41
1.0
 10
-2.816331660919332
 20
-94.62855138564282
 30
0.0
 41
1.0
 10
-1.67067106541981
 20
-94.63017193736346
 30
0.0
 41
1.0
 10
-0.5250113447020794
 20
-94.63221986000553
 30
0.0
 41
1.0
  0
LINE
  5
1ED
330
1F
100
AcDbEntity
  8
Dibujo2D$oculto$líneas
100
AcDbLine
 10
-135.4016735591908
 20
-94.62484803008056
 30
0.0
 11
-10.5991696219935
 21
-94.62490668779992
 31
0.0
  0
LINE
  5
1EE
330
1F
100
AcDbEntity
  8
Dibujo2D$visible$líneas
100
AcDbLine
 10
-148.9561216437137
 20
-94.62484165943101
 30
0.0
 11
-135.4016735591914
 21
-94.62484803008056
 31
0.0
  0
LINE
  5
1EF
330
1F
100
AcDbEntity
  8
Dibujo2D$oculto$líneas
100
AcDbLine
 10
-166.7680906394188
 20
-94.62483328772828
 30
0.0
 11
-148.9561216437135
 21
-94.62484165943101
 31
0.0
  0
LINE
  5
1F0
330
1F
100
AcDbEntity
  8
Dibujo2D$visible$líneas
100
AcDbLine
 10
-180.3225356266214
 20
-94.62482691708033
 30
0.0
 11
-166.7680906394188
 21
-94.62483328772828
 31
0.0
  0
LINE
  5
1F1
330
1F
100
AcDbEntity
  8
Dibujo2D$oculto$líneas
100
AcDbLine
 10
-195.990108362545
 20
-94.62481955325302
 30
0.0
 11
-180.3225356266213
 21
-94.62482691708033
 31
0.0
  0
LINE
  5
1F2
330
1F
100
AcDbEntity
  8
Dibujo2D$visible$líneas
100
AcDbLine
 10
-209.5445504640628
 20
-94.6248131826062
 30
0.0
 11
-195.9901083625452
 21
-94.62481955325302
 31
0.0
  0
LINE
  5
1F3
330
1F
100
AcDbEntity
  8
Dibujo2D$oculto$líneas
100
AcDbLine
 10
-344.7056919399902
 20
-94.62474965628235
 30
0.0
 11
-209.5445504640627
 21
-94.6248131826062
 31
0.0
  0
LINE
  5
1F4
330
1F
100
AcDbEntity
  8
Dibujo2D$visible$líneas
100
AcDbLine
 10
-345.0183683967006
 20
-94.62474950932301
 30
0.0
 11
-344.7056919399904
 21
-94.62474965628235
 31
0.0
  0
LINE
  5
1F5
330
1F
100
AcDbEntity
  8
Dibujo2D$oculto$líneas
100
AcDbLine
 10
-664.0910958177968
 20
-94.62459954375436
 30
0.0
 11
-353.1733537511041
 21
-94.62474567644449
 31
0.0
  0
LINE
  5
1F6
330
1F
100
AcDbEntity
  8
Dibujo2D$oculto$líneas
100
AcDbLine
 10
0.7559995418196195
 20
-94.6346876533546
 30
0.0
 11
0.7559995418196195
 21
-81.04332510166842
 31
0.0
  0
LINE
  5
1F7
330
1F
100
AcDbEntity
  8
Dibujo2D$oculto$líneas
100
AcDbLine
 10
486.735120054774
 20
-96.11176560716603
 30
0.0
 11
486.7351200544093
 21
-100.5064721587278
 31
0.0
  0
LINE
  5
1F8
330
1F
100
AcDbEntity
  8
Dibujo2D$visible$líneas
100
AcDbLine
 10
486.7351200548604
 20
-95.0697758841327
 30
0.0
 11
486.735120054774
 21
-96.11176560716603
 31
0.0
  0
LINE
  5
1F9
330
1F
100
AcDbEntity
  8
Dibujo2D$visible$líneas
100
AcDbLine
 10
490.8126107000866
 20
-95.0697758841327
 30
0.0
 11
486.7351200548604
 21
-95.0697758841327
 31
0.0
  0
LINE
  5
1FA
330
1F
100
AcDbEntity
  8
Dibujo2D$oculto$líneas
100
AcDbLine
 10
486.7351200548609
 20
-100.506572881013
 30
0.0
 11
486.7351200550423
 21
-114.2260590225426
 31
0.0
  0
LINE
  5
1FB
330
1F
100
AcDbEntity
  8
Dibujo2D$oculto$líneas
100
AcDbLine
 10
490.8126107000866
 20
-100.5064300777674
 30
0.0
 11
486.7351200548604
 21
-100.5064300777674
 31
0.0
  0
LINE
  5
1FC
330
1F
100
AcDbEntity
  8
Dibujo2D$oculto$líneas
100
AcDbLine
 10
486.7351200550423
 20
-114.2260590225426
 30
0.0
 11
486.7351200550423
 21
-173.5430359208831
 31
0.0
  0
LINE
  5
1FD
330
1F
100
AcDbEntity
  8
Dibujo2D$oculto$líneas
100
AcDbLine
 10
490.8126107002685
 20
-114.2260590225426
 30
0.0
 11
486.7351200550423
 21
-114.2260590225426
 31
0.0
  0
LINE
  5
1FE
330
1F
100
AcDbEntity
  8
Dibujo2D$visible$líneas
100
AcDbLine
 10
486.7351200550423
 20
-173.5430359208831
 30
0.0
 11
486.7351200550423
 21
-189.8529985017876
 31
0.0
  0
LINE
  5
1FF
330
1F
100
AcDbEntity
  8
Dibujo2D$visible$líneas
100
AcDbLine
 10
490.8126107002685
 20
-173.5430359208831
 30
0.0
 11
486.7351200550423
 21
-173.5430359208831
 31
0.0
  0
LINE
  5
200
330
1F
100
AcDbEntity
  8
Dibujo2D$visible$líneas
100
AcDbLine
 10
490.8126107002685
 20
-189.8529985017876
 30
0.0
 11
486.7351200550423
 21
-189.8529985017876
 31
0.0
  0
LINE
  5
201
330
1F
100
AcDbEntity
  8
Dibujo2D$oculto$líneas
100
AcDbLine
 10
486.7351200550423
 20
-189.8529985017876
 30
0.0
 11
486.7351200550423
 21
-249.1697894396352
 31
0.0
  0
LINE
  5
202
330
1F
100
AcDbEntity
  8
Dibujo2D$oculto$líneas
100
AcDbLine
 10
490.8126107002685
 20
-249.1697894396352
 30
0.0
 11
486.7351200550423
 21
-249.1697894396352
 31
0.0
  0
LINE
  5
203
330
1F
100
AcDbEntity
  8
Dibujo2D$oculto$líneas
100
AcDbLine
 10
486.7351200550423
 20
-249.1697894396352
 30
0.0
 11
486.7351200550423
 21
-262.889461489488
 31
0.0
  0
LINE
  5
204
330
1F
100
AcDbEntity
  8
Dibujo2D$oculto$líneas
100
AcDbLine
 10
490.8126107002685
 20
-262.8894768716473
 30
0.0
 11
486.7351200550423
 21
-262.8894768716473
 31
0.0
  0
LINE
  5
205
330
1F
100
AcDbEntity
  8
Dibujo2D$visible$líneas
100
AcDbLine
 10
486.7351200550214
 20
-267.3856699294006
 30
0.0
 11
486.7351200550423
 21
-268.3261156831227
 31
0.0
  0
LINE
  5
206
330
1F
100
AcDbEntity
  8
Dibujo2D$oculto$líneas
100
AcDbLine
 10
486.73512005492
 20
-262.8894723388648
 30
0.0
 11
486.7351200549282
 21
-263.249622903114
 31
0.0
  0
LINE
  5
207
330
1F
100
AcDbEntity
  8
Dibujo2D$visible$líneas
100
AcDbLine
 10
490.8126107002685
 20
-268.3261156831227
 30
0.0
 11
486.7351200550423
 21
-268.3261156831227
 31
0.0
  0
LINE
  5
208
330
1F
100
AcDbEntity
  8
Dibujo2D$oculto$líneas
100
AcDbLine
 10
490.8126107002685
 20
-249.2978259991032
 30
0.0
 11
486.7351200550423
 21
-249.2978259991032
 31
0.0
  0
LINE
  5
209
330
1F
100
AcDbEntity
  8
Dibujo2D$oculto$líneas
100
AcDbLine
 10
490.8126107002685
 20
-114.098208423567
 30
0.0
 11
486.7351200550423
 21
-114.098208423567
 31
0.0
  0
LINE
  5
20A
330
1F
100
AcDbEntity
  8
Dibujo2D$visible$líneas
100
AcDbLine
 10
490.8126107002412
 20
-267.1146264149329
 30
0.0
 11
490.8126107002685
 21
-268.3261156831227
 31
0.0
  0
LINE
  5
20B
330
1F
100
AcDbEntity
  8
Dibujo2D$oculto$líneas
100
AcDbLine
 10
490.8126107001457
 20
-262.8894768716473
 30
0.0
 11
490.812610700148
 21
-262.9782956792974
 31
0.0
  0
LINE
  5
20C
330
1F
100
AcDbEntity
  8
Dibujo2D$oculto$líneas
100
AcDbLine
 10
490.8126107002685
 20
-249.1697894396352
 30
0.0
 11
490.8126107002685
 21
-262.8894768716473
 31
0.0
  0
LINE
  5
20D
330
1F
100
AcDbEntity
  8
Dibujo2D$oculto$líneas
100
AcDbLine
 10
490.8126107002685
 20
-189.8529985017876
 30
0.0
 11
490.8126107002685
 21
-249.1697894396352
 31
0.0
  0
LINE
  5
20E
330
1F
100
AcDbEntity
  8
Dibujo2D$visible$líneas
100
AcDbLine
 10
490.8126107002685
 20
-173.5430359208831
 30
0.0
 11
490.8126107002685
 21
-189.8529985017876
 31
0.0
  0
LINE
  5
20F
330
1F
100
AcDbEntity
  8
Dibujo2D$oculto$líneas
100
AcDbLine
 10
490.8126107002685
 20
-114.2260590225426
 30
0.0
 11
490.8126107002685
 21
-173.5430359208831
 31
0.0
  0
LINE
  5
210
330
1F
100
AcDbEntity
  8
Dibujo2D$oculto$líneas
100
AcDbLine
 10
490.812610700087
 20
-100.5065633914026
 30
0.0
 11
490.8126107002685
 21
-114.2260590225426
 31
0.0
  0
LINE
  5
211
330
1F
100
AcDbEntity
  8
Dibujo2D$oculto$líneas
100
AcDbLine
 10
490.8126106999774
 20
-96.38270517558362
 30
0.0
 11
490.812610699635
 21
-100.5064721587278
 31
0.0
  0
LINE
  5
212
330
1F
100
AcDbEntity
  8
Dibujo2D$visible$líneas
100
AcDbLine
 10
490.8126107000866
 20
-95.0697758841327
 30
0.0
 11
490.8126106999774
 21
-96.38270517558362
 31
0.0
  0
LINE
  5
213
330
1F
100
AcDbEntity
  8
Dibujo2D$oculto$líneas
100
AcDbLine
 10
-1041.6428641277
 20
-119.0898514611795
 30
0.0
 11
-1033.487882863299
 21
-119.0898514611795
 31
0.0
  0
LINE
  5
214
330
1F
100
AcDbEntity
  8
Dibujo2D$oculto$líneas
100
AcDbLine
 10
-1041.6428641277
 20
-135.3998140420838
 30
0.0
 11
-1033.487882837248
 21
-135.3998140420838
 31
0.0
  0
LINE
  5
215
330
1F
100
AcDbEntity
  8
Dibujo2D$oculto$líneas
100
AcDbLine
 10
-1041.6428641277
 20
-173.4563933975273
 30
0.0
 11
-1033.487882837248
 21
-173.4563933975273
 31
0.0
  0
LINE
  5
216
330
1F
100
AcDbEntity
  8
Dibujo2D$oculto$líneas
100
AcDbLine
 10
-1041.6428641277
 20
-189.7663559784314
 30
0.0
 11
-1033.487882837248
 21
-189.7663559784314
 31
0.0
  0
LINE
  5
217
330
1F
100
AcDbEntity
  8
Dibujo2D$oculto$líneas
100
AcDbLine
 10
-1041.6428641277
 20
-227.8229353338752
 30
0.0
 11
-1033.487883087302
 21
-227.8229353338752
 31
0.0
  0
LINE
  5
218
330
1F
100
AcDbEntity
  8
Dibujo2D$oculto$líneas
100
AcDbLine
 10
-1041.6428641277
 20
-244.1328979147793
 30
0.0
 11
-1033.487884832006
 21
-244.1328979147793
 31
0.0
  0
LINE
  5
219
330
1F
100
AcDbEntity
  8
Dibujo2D$oculto$líneas
100
AcDbLine
 10
-1041.6428641277
 20
-99.13257899136397
 30
0.0
 11
-1033.487882943993
 21
-99.13257899136397
 31
0.0
  0
LINE
  5
21A
330
1F
100
AcDbEntity
  8
Dibujo2D$oculto$líneas
100
AcDbLine
 10
-1033.487882837248
 20
-99.13257026834867
 30
0.0
 11
-1033.487882837248
 21
-85.540943507277
 31
0.0
  0
LINE
  5
21B
330
1F
100
AcDbEntity
  8
Dibujo2D$oculto$líneas
100
AcDbLine
 10
-1041.6428641277
 20
-85.540943507277
 30
0.0
 11
-1033.487882943993
 21
-85.540943507277
 31
0.0
  0
LINE
  5
21C
330
1F
100
AcDbEntity
  8
Dibujo2D$visible$líneas
100
AcDbLine
 10
-1033.487882837248
 20
-81.50762855487119
 30
0.0
 11
-1033.487882837248
 21
-80.10428931364231
 31
0.0
  0
LINE
  5
21D
330
1F
100
AcDbEntity
  8
Dibujo2D$oculto$líneas
100
AcDbLine
 10
-1033.487882837248
 20
-81.51097089999575
 30
0.0
 11
-1033.487882837248
 21
-81.50762855487119
 31
0.0
  0
LINE
  5
21E
330
1F
100
AcDbEntity
  8
Dibujo2D$oculto$líneas
100
AcDbLine
 10
-1033.487882837248
 20
-85.54093478426148
 30
0.0
 11
-1033.487882837248
 21
-81.51431324478335
 31
0.0
  0
LINE
  5
21F
330
1F
100
AcDbEntity
  8
Dibujo2D$visible$líneas
100
AcDbLine
 10
-1041.6428641277
 20
-80.10428931364231
 30
0.0
 11
-1033.487882837248
 21
-80.10428931364231
 31
0.0
  0
LINE
  5
220
330
1F
100
AcDbEntity
  8
Dibujo2D$oculto$líneas
100
AcDbLine
 10
-1033.487882837248
 20
-277.8575296725539
 30
0.0
 11
-1033.487882837248
 21
-277.6824308241635
 31
0.0
  0
LINE
  5
221
330
1F
100
AcDbEntity
  8
Dibujo2D$visible$líneas
100
AcDbLine
 10
-1033.487882837248
 20
-283.1184600623164
 30
0.0
 11
-1033.487882837248
 21
-281.9849108869403
 31
0.0
  0
LINE
  5
222
330
1F
100
AcDbEntity
  8
Dibujo2D$visible$líneas
100
AcDbLine
 10
-1041.6428641277
 20
-283.1184600623164
 30
0.0
 11
-1033.487882837248
 21
-283.1184600623164
 31
0.0
  0
LINE
  5
223
330
1F
100
AcDbEntity
  8
Dibujo2D$oculto$líneas
100
AcDbLine
 10
-1033.487882837248
 20
-277.6818058686817
 30
0.0
 11
-1033.487882837248
 21
-264.0907953400765
 31
0.0
  0
LINE
  5
224
330
1F
100
AcDbEntity
  8
Dibujo2D$oculto$líneas
100
AcDbLine
 10
-1041.6428641277
 20
-277.6818058686817
 30
0.0
 11
-1033.487890484949
 21
-277.6818058686817
 31
0.0
  0
LINE
  5
225
330
1F
100
AcDbEntity
  8
Dibujo2D$oculto$líneas
100
AcDbLine
 10
-1033.487882837248
 20
-264.0901703845948
 30
0.0
 11
-1033.487882837248
 21
-99.13257899136397
 31
0.0
  0
LINE
  5
226
330
1F
100
AcDbEntity
  8
Dibujo2D$oculto$líneas
100
AcDbLine
 10
-1041.6428641277
 20
-264.0901703845948
 30
0.0
 11
-1033.487890484949
 21
-264.0901703845948
 31
0.0
  0
LINE
  5
227
330
1F
100
AcDbEntity
  8
Dibujo2D$oculto$líneas
100
AcDbLine
 10
-1041.6428641277
 20
-264.0901703845948
 30
0.0
 11
-1041.6428641277
 21
-99.13257899136397
 31
0.0
  0
LINE
  5
228
330
1F
100
AcDbEntity
  8
Dibujo2D$oculto$líneas
100
AcDbLine
 10
-1041.6428641277
 20
-277.757735588355
 30
0.0
 11
-1041.6428641277
 21
-277.6818058686817
 31
0.0
  0
LINE
  5
229
330
1F
100
AcDbEntity
  8
Dibujo2D$visible$líneas
100
AcDbLine
 10
-1041.6428641277
 20
-283.1184600623164
 30
0.0
 11
-1041.6428641277
 21
-281.8851200389281
 31
0.0
  0
LINE
  5
22A
330
1F
100
AcDbEntity
  8
Dibujo2D$visible$líneas
100
AcDbLine
 10
-1041.6428641277
 20
-81.60741940283583
 30
0.0
 11
-1041.6428641277
 21
-80.10428931364231
 31
0.0
  0
LINE
  5
22B
330
1F
100
AcDbEntity
  8
Dibujo2D$oculto$líneas
100
AcDbLine
 10
-1041.6428641277
 20
-81.61076174762252
 30
0.0
 11
-1041.6428641277
 21
-81.60741940283583
 31
0.0
  0
LINE
  5
22C
330
1F
100
AcDbEntity
  8
Dibujo2D$oculto$líneas
100
AcDbLine
 10
-1041.6428641277
 20
-85.540943507277
 30
0.0
 11
-1041.6428641277
 21
-81.61410409240943
 31
0.0
  0
LINE
  5
22D
330
1F
100
AcDbEntity
  8
Dibujo2D$oculto$líneas
100
AcDbLine
 10
-570.0145388328424
 20
-94.40025236743077
 30
0.0
 11
-570.0145388328424
 21
-102.555233657883
 31
0.0
  0
SPLINE
  5
22E
330
1F
100
AcDbEntity
  8
Dibujo2D$oculto$líneas
100
AcDbSpline
210
0.0
220
0.0
230
1.0
 70
    28
 71
     2
 72
     8
 73
     5
 74
     0
 42
0.000000001
 43
0.0000000001
 40
186.8559415241278
 40
186.8559415241278
 40
186.8559415241278
 40
205.0310933742273
 40
205.0310933742273
 40
222.9727581106279
 40
222.9727581106279
 40
222.9727581106279
 10
-512.3497497959565
 20
-102.555233657883
 30
0.0
 41
1.0
 10
-512.3496524379966
 20
-102.555233657883
 30
0.0
 41
0.7071067811865449
 10
-528.0760731454984
 20
-102.5552336578828
 30
0.0
 41
1.0
 10
-596.6160301834748
 20
-102.5552336578828
 30
0.0
 41
1.0
 10
-665.1559872214511
 20
-102.555233657883
 30
0.0
 41
1.0
  0
SPLINE
  5
22F
330
1F
100
AcDbEntity
  8
Dibujo2D$oculto$líneas
100
AcDbSpline
210
0.0
220
0.0
230
1.0
 70
    28
 71
     2
 72
     8
 73
     5
 74
     0
 42
0.000000001
 43
0.0000000001
 40
186.8559415241278
 40
186.8559415241278
 40
186.8559415241278
 40
205.0310933742273
 40
205.0310933742273
 40
222.9727581106279
 40
222.9727581106279
 40
222.9727581106279
 10
-512.3497497959565
 20
-94.40025236743077
 30
0.0
 41
1.0
 10
-512.3496524379966
 20
-94.40025236743053
 30
0.0
 41
0.7071067811865449
 10
-528.0760731454984
 20
-94.40025236743077
 30
0.0
 41
1.0
 10
-596.6160301834748
 20
-94.40025236743077
 30
0.0
 41
1.0
 10
-665.1559872214511
 20
-94.40025236743077
 30
0.0
 41
1.0
  0
LINE
  5
230
330
1F
100
AcDbEntity
  8
Dibujo2D$oculto$líneas
100
AcDbLine
 10
-570.0145388328424
 20
-260.2182052732915
 30
0.0
 11
-570.0145388328424
 21
-268.3731865637437
 31
0.0
  0
SPLINE
  5
231
330
1F
100
AcDbEntity
  8
Dibujo2D$oculto$líneas
100
AcDbSpline
210
0.0
220
0.0
230
1.0
 70
    28
 71
     2
 72
     8
 73
     5
 74
     0
 42
0.000000001
 43
0.0000000001
 40
186.8559415241278
 40
186.8559415241278
 40
186.8559415241278
 40
205.0310933742273
 40
205.0310933742273
 40
222.9727581106279
 40
222.9727581106279
 40
222.9727581106279
 10
-512.3497497959565
 20
-268.3731865637437
 30
0.0
 41
1.0
 10
-512.3496524379966
 20
-268.3731865637435
 30
0.0
 41
0.7071067811865449
 10
-528.0760731454984
 20
-268.3731865637437
 30
0.0
 41
1.0
 10
-596.6160301834748
 20
-268.3731865637437
 30
0.0
 41
1.0
 10
-665.1559872214511
 20
-268.3731865637437
 30
0.0
 41
1.0
  0
SPLINE
  5
232
330
1F
100
AcDbEntity
  8
Dibujo2D$oculto$líneas
100
AcDbSpline
210
0.0
220
0.0
230
1.0
 70
    28
 71
     2
 72
     8
 73
     5
 74
     0
 42
0.000000001
 43
0.0000000001
 40
186.8559415241278
 40
186.8559415241278
 40
186.8559415241278
 40
205.0310933742273
 40
205.0310933742273
 40
222.9727581106279
 40
222.9727581106279
 40
222.9727581106279
 10
-512.3497497959565
 20
-260.2182052732915
 30
0.0
 41
1.0
 10
-512.3496524379966
 20
-260.2182052732913
 30
0.0
 41
0.7071067811865449
 10
-528.0760731454984
 20
-260.2182052732915
 30
0.0
 41
1.0
 10
-596.6160301834748
 20
-260.2182052732915
 30
0.0
 41
1.0
 10
-665.1559872214511
 20
-260.2182052732915
 30
0.0
 41
1.0
  0
LINE
  5
233
330
1F
100
AcDbEntity
  8
Dibujo2D$oculto$líneas
100
AcDbLine
 10
-583.4963647427826
 20
-185.4642101108134
 30
0.0
 11
-637.9727162532772
 21
-185.4642101108134
 31
0.0
  0
LINE
  5
234
330
1F
100
AcDbEntity
  8
Dibujo2D$oculto$líneas
100
AcDbLine
 10
-637.9727162532772
 20
-185.4642101108134
 30
0.0
 11
-665.1559872214511
 21
-185.4642101108134
 31
0.0
  0
LINE
  5
235
330
1F
100
AcDbEntity
  8
Dibujo2D$oculto$líneas
100
AcDbLine
 10
-637.9727162532772
 20
-177.3092288203611
 30
0.0
 11
-637.9727162532772
 21
-185.4642101108134
 31
0.0
  0
LINE
  5
236
330
1F
100
AcDbEntity
  8
Dibujo2D$oculto$líneas
100
AcDbLine
 10
-570.0145388328424
 20
-185.4642101108134
 30
0.0
 11
-583.4963647427826
 21
-185.4642101108134
 31
0.0
  0
LINE
  5
237
330
1F
100
AcDbEntity
  8
Dibujo2D$oculto$líneas
100
AcDbLine
 10
-570.0145388328424
 20
-177.3092288203611
 30
0.0
 11
-583.4963647427826
 21
-177.3092288203611
 31
0.0
  0
LINE
  5
238
330
1F
100
AcDbEntity
  8
Dibujo2D$oculto$líneas
100
AcDbLine
 10
-637.9727162532772
 20
-177.3092288203611
 30
0.0
 11
-665.1559872214511
 21
-177.3092288203611
 31
0.0
  0
LINE
  5
239
330
1F
100
AcDbEntity
  8
Dibujo2D$oculto$líneas
100
AcDbLine
 10
-583.4963647427826
 20
-177.3092288203611
 30
0.0
 11
-637.9727162532772
 21
-177.3092288203611
 31
0.0
  0
LINE
  5
23A
330
1F
100
AcDbEntity
  8
Dibujo2D$oculto$líneas
100
AcDbLine
 10
-584.5427686914061
 20
-116.14686914197
 30
0.0
 11
-570.0145388328424
 21
-116.14686914197
 31
0.0
  0
LINE
  5
23B
330
1F
100
AcDbEntity
  8
Dibujo2D$visible$líneas
100
AcDbLine
 10
-584.6534788436958
 20
-116.14686914197
 30
0.0
 11
-584.5427686914061
 21
-116.14686914197
 31
0.0
  0
LINE
  5
23C
330
1F
100
AcDbEntity
  8
Dibujo2D$oculto$líneas
100
AcDbLine
 10
-665.155987200517
 20
-116.14686914197
 30
0.0
 11
-584.6534788436958
 21
-116.14686914197
 31
0.0
  0
LINE
  5
23D
330
1F
100
AcDbEntity
  8
Dibujo2D$oculto$líneas
100
AcDbLine
 10
-570.0145388328424
 20
-102.555233657883
 30
0.0
 11
-570.0145388328424
 21
-116.14686914197
 31
0.0
  0
LINE
  5
23E
330
1F
100
AcDbEntity
  8
Dibujo2D$oculto$líneas
100
AcDbLine
 10
-570.0145388328424
 20
-246.6265697892045
 30
0.0
 11
-570.0145388328424
 21
-260.2182052732915
 31
0.0
  0
LINE
  5
23F
330
1F
100
AcDbEntity
  8
Dibujo2D$oculto$líneas
100
AcDbLine
 10
-583.9425503868442
 20
-246.6265697892045
 30
0.0
 11
-570.0145388328424
 21
-246.6265697892045
 31
0.0
  0
LINE
  5
240
330
1F
100
AcDbEntity
  8
Dibujo2D$visible$líneas
100
AcDbLine
 10
-584.979914169449
 20
-246.6265697892045
 30
0.0
 11
-583.9425503868443
 21
-246.6265697892045
 31
0.0
  0
LINE
  5
241
330
1F
100
AcDbEntity
  8
Dibujo2D$oculto$líneas
100
AcDbLine
 10
-665.1559872214511
 20
-246.6265697892045
 30
0.0
 11
-584.979914169449
 21
-246.6265697892045
 31
0.0
  0
LINE
  5
242
330
1F
100
AcDbEntity
  8
Dibujo2D$oculto$líneas
100
AcDbLine
 10
-345.0183753621038
 20
-244.1329013628806
 30
0.0
 11
-349.0958660073302
 21
-244.1329013628806
 31
0.0
  0
LINE
  5
243
330
1F
100
AcDbEntity
  8
Dibujo2D$oculto$líneas
100
AcDbLine
 10
-345.0183753621038
 20
-227.8229387819765
 30
0.0
 11
-349.0958660073302
 21
-227.8229387819765
 31
0.0
  0
LINE
  5
244
330
1F
100
AcDbEntity
  8
Dibujo2D$oculto$líneas
100
AcDbLine
 10
-345.0183753621038
 20
-189.7663594265327
 30
0.0
 11
-349.0958660073302
 21
-189.7663594265327
 31
0.0
  0
LINE
  5
245
330
1F
100
AcDbEntity
  8
Dibujo2D$oculto$líneas
100
AcDbLine
 10
-345.0183753621038
 20
-173.4563968456287
 30
0.0
 11
-349.0958660073302
 21
-173.4563968456287
 31
0.0
  0
LINE
  5
246
330
1F
100
AcDbEntity
  8
Dibujo2D$oculto$líneas
100
AcDbLine
 10
-345.0183753621038
 20
-135.3998174901851
 30
0.0
 11
-349.0958660073302
 21
-135.3998174901851
 31
0.0
  0
LINE
  5
247
330
1F
100
AcDbEntity
  8
Dibujo2D$visible$líneas
100
AcDbLine
 10
-353.1733566525612
 20
-282.3653455372014
 30
0.0
 11
-353.1733566525613
 21
-282.1896608426582
 31
0.0
  0
LINE
  5
248
330
1F
100
AcDbEntity
  8
Dibujo2D$visible$líneas
100
AcDbLine
 10
-353.1733566525595
 20
-287.6263267447666
 30
0.0
 11
-353.17335665256
 21
-286.4923478362157
 31
0.0
  0
LINE
  5
249
330
1F
100
AcDbEntity
  8
Dibujo2D$visible$líneas
100
AcDbLine
 10
-345.0183753621072
 20
-287.6263267447666
 30
0.0
 11
-353.1733566525595
 21
-287.6263267447666
 31
0.0
  0
LINE
  5
24A
330
1F
100
AcDbEntity
  8
Dibujo2D$oculto$líneas
100
AcDbLine
 10
-353.173356652567
 20
-282.1896431710334
 30
0.0
 11
-353.1733566521689
 21
-278.06270555637
 31
0.0
  0
LINE
  5
24B
330
1F
100
AcDbEntity
  8
Dibujo2D$visible$líneas
100
AcDbLine
 10
-353.173356477339
 20
-278.0627055563723
 30
0.0
 11
-353.1733397749583
 21
-85.06117893333021
 31
0.0
  0
LINE
  5
24C
330
1F
100
AcDbEntity
  8
Dibujo2D$visible$líneas
100
AcDbLine
 10
-345.0183753617168
 20
-278.0627055563723
 30
0.0
 11
-353.173356477339
 21
-278.0627055563723
 31
0.0
  0
LINE
  5
24D
330
1F
100
AcDbEntity
  8
Dibujo2D$visible$líneas
100
AcDbLine
 10
-345.0183584845063
 20
-85.06117893333021
 30
0.0
 11
-353.1733397749583
 21
-85.06117893333021
 31
0.0
  0
LINE
  5
24E
330
1F
100
AcDbEntity
  8
Dibujo2D$visible$líneas
100
AcDbLine
 10
-353.173356652566
 20
-77.00529140063804
 30
0.0
 11
-353.1733566525638
 21
-75.59646581621519
 31
0.0
  0
LINE
  5
24F
330
1F
100
AcDbEntity
  8
Dibujo2D$oculto$líneas
100
AcDbLine
 10
-353.1733566525722
 20
-81.03319693649473
 30
0.0
 11
-353.173356652566
 21
-77.00529140063804
 31
0.0
  0
LINE
  5
250
330
1F
100
AcDbEntity
  8
Dibujo2D$visible$líneas
100
AcDbLine
 10
-345.0183753621116
 20
-75.59646581621519
 30
0.0
 11
-353.1733566525638
 21
-75.59646581621519
 31
0.0
  0
LINE
  5
251
330
1F
100
AcDbEntity
  8
Dibujo2D$oculto$líneas
100
AcDbLine
 10
-345.0183753621045
 20
-94.62474950931983
 30
0.0
 11
-353.17335294139
 21
-94.62474950931983
 31
0.0
  0
LINE
  5
252
330
1F
100
AcDbEntity
  8
Dibujo2D$oculto$líneas
100
AcDbLine
 10
-345.0183753621038
 20
-119.0898549092808
 30
0.0
 11
-349.0958660073302
 21
-119.0898549092808
 31
0.0
  0
LINE
  5
253
330
1F
100
AcDbEntity
  8
Dibujo2D$oculto$líneas
100
AcDbLine
 10
-345.0183753621045
 20
-268.5979998666348
 30
0.0
 11
-353.1733566525568
 21
-268.5979998666348
 31
0.0
  0
LINE
  5
254
330
1F
100
AcDbEntity
  8
Dibujo2D$visible$líneas
100
AcDbLine
 10
-345.0183753621138
 20
-77.0052933373604
 30
0.0
 11
-345.0183753621116
 21
-75.59646581621519
 31
0.0
  0
LINE
  5
255
330
1F
100
AcDbEntity
  8
Dibujo2D$oculto$líneas
100
AcDbLine
 10
-345.0183753621202
 20
-81.03319693649473
 30
0.0
 11
-345.0183753621138
 21
-77.0052933373604
 31
0.0
  0
LINE
  5
256
330
1F
100
AcDbEntity
  8
Dibujo2D$visible$líneas
100
AcDbLine
 10
-345.0183751868867
 20
-278.0627055563723
 30
0.0
 11
-345.0183584845063
 21
-85.06117893333021
 31
0.0
  0
LINE
  5
257
330
1F
100
AcDbEntity
  8
Dibujo2D$oculto$líneas
100
AcDbLine
 10
-345.0183753621147
 20
-282.1896431710334
 30
0.0
 11
-345.0183753617168
 21
-278.06270555637
 31
0.0
  0
LINE
  5
258
330
1F
100
AcDbEntity
  8
Dibujo2D$visible$líneas
100
AcDbLine
 10
-345.0183753621091
 20
-282.3653417043242
 30
0.0
 11
-345.0183753621091
 21
-282.1896608426582
 31
0.0
  0
LINE
  5
259
330
1F
100
AcDbEntity
  8
Dibujo2D$visible$líneas
100
AcDbLine
 10
-345.0183753621072
 20
-287.6263267447666
 30
0.0
 11
-345.0183753621077
 21
-286.4923458994936
 31
0.0
  0
LINE
  5
25A
330
1F
100
AcDbEntity
  8
Dibujo2D$visible$líneas
100
AcDbLine
 10
-125.3141334089489
 20
-114.6533454132425
 30
0.0
 11
-210.9414369586966
 21
-114.6533454132425
 31
0.0
  0
LINE
  5
25B
330
1F
100
AcDbEntity
  8
Dibujo2D$visible$líneas
100
AcDbLine
 10
-210.9414369586966
 20
-162.2240696075469
 30
0.0
 11
-210.9414369586966
 21
-114.6533454132425
 31
0.0
  0
LINE
  5
25C
330
1F
100
AcDbEntity
  8
Dibujo2D$visible$líneas
100
AcDbLine
 10
-125.3141334089489
 20
-162.2240696075469
 30
0.0
 11
-210.9414369586966
 21
-162.2240696075469
 31
0.0
  0
LINE
  5
25D
330
1F
100
AcDbEntity
  8
Dibujo2D$visible$líneas
100
AcDbLine
 10
-389.5735877081836
 20
-238.7338118496532
 30
0.0
 11
-437.144311902488
 21
-238.7338118496532
 31
0.0
  0
LINE
  5
25E
330
1F
100
AcDbEntity
  8
Dibujo2D$visible$líneas
100
AcDbLine
 10
-437.1443119024875
 20
-123.2049102349142
 30
0.0
 11
-437.144311902488
 21
-238.7338118496532
 31
0.0
  0
LINE
  5
25F
330
1F
100
AcDbEntity
  8
Dibujo2D$visible$líneas
100
AcDbLine
 10
-389.5735877081831
 20
-123.2049102349142
 30
0.0
 11
-437.1443119024875
 21
-123.2049102349142
 31
0.0
  0
LINE
  5
260
330
1F
100
AcDbEntity
  8
Dibujo2D$visible$líneas
100
AcDbLine
 10
-389.5735877081831
 20
-123.2049102349142
 30
0.0
 11
-389.5735877081836
 21
-238.7338118496532
 31
0.0
  0
SPLINE
  5
261
330
1F
100
AcDbEntity
  8
Dibujo2D$oculto$líneas
100
AcDbSpline
210
0.0
220
0.0
230
1.0
 70
    15
 71
     2
 72
    20
 73
    17
 74
     0
 42
0.000000001
 43
0.0000000001
 40
0.0
 40
0.0
 40
0.0
 40
23.06485464309185
 40
23.06485464309185
 40
34.73795341473869
 40
34.73795341473869
 40
76.8048850021608
 40
76.8048850021608
 40
88.47798377380774
 40
88.47798377380774
 40
111.5428384168996
 40
111.5428384168996
 40
123.2159371885462
 40
123.2159371885462
 40
165.2828687759683
 40
165.2828687759683
 40
176.9559675476151
 40
176.9559675476151
 40
176.9559675476151
 10
-566.374305051605
 20
-111.5703813596151
 30
0.0
 41
1.0
 10
-566.374305051605
 20
-127.2448361997331
 30
0.0
 41
1.0
 10
-566.374305051605
 20
-142.9192910398506
 30
0.0
 41
1.0
 10
-566.3743050516055
 20
-150.3506165226811
 30
0.0
 41
0.7071067811865273
 10
-558.9429795687752
 20
-150.3506165226809
 30
0.0
 41
1.0
 10
-530.3550595652619
 20
-150.3506165226809
 30
0.0
 41
1.0
 10
-501.7671395617485
 20
-150.3506165226809
 30
0.0
 41
1.0
 10
-494.3358140789183
 20
-150.3506165226807
 30
0.0
 41
0.7071067811865461
 10
-494.3358140789185
 20
-142.9192910398506
 30
0.0
 41
1.0
 10
-494.3358140789187
 20
-127.2448361997331
 30
0.0
 41
1.0
 10
-494.3358140789187
 20
-111.5703813596151
 30
0.0
 41
1.0
 10
-494.3358140789185
 20
-104.1390558767849
 30
0.0
 41
0.7071067811865448
 10
-501.7671395617485
 20
-104.1390558767851
 30
0.0
 41
1.0
 10
-530.3550595652619
 20
-104.1390558767851
 30
0.0
 41
1.0
 10
-558.9429795687752
 20
-104.1390558767851
 30
0.0
 41
1.0
 10
-566.3743050516055
 20
-104.139055876785
 30
0.0
 41
0.7071067811865205
 10
-566.3743050516051
 20
-111.5703813596151
 30
0.0
 41
1.0
  0
SPLINE
  5
262
330
1F
100
AcDbEntity
  8
Dibujo2D$oculto$líneas
100
AcDbSpline
210
0.0
220
0.0
230
1.0
 70
    15
 71
     2
 72
    20
 73
    17
 74
     0
 42
0.000000001
 43
0.0000000001
 40
0.0
 40
0.0
 40
0.0
 40
23.06485464309185
 40
23.06485464309185
 40
34.73795341473834
 40
34.73795341473834
 40
76.80488500216045
 40
76.80488500216045
 40
88.47798377380703
 40
88.47798377380703
 40
111.5428384168989
 40
111.5428384168989
 40
123.2159371885458
 40
123.2159371885458
 40
165.2828687759679
 40
165.2828687759679
 40
176.9559675476148
 40
176.9559675476148
 40
176.9559675476148
 10
-566.374305051605
 20
-220.3034652323108
 30
0.0
 41
1.0
 10
-566.374305051605
 20
-235.9779200724283
 30
0.0
 41
1.0
 10
-566.374305051605
 20
-251.6523749125463
 30
0.0
 41
1.0
 10
-566.3743050516051
 20
-259.0837003953765
 30
0.0
 41
0.7071067811865273
 10
-558.9429795687752
 20
-259.0837003953761
 30
0.0
 41
1.0
 10
-530.3550595652619
 20
-259.0837003953761
 30
0.0
 41
1.0
 10
-501.7671395617485
 20
-259.0837003953761
 30
0.0
 41
1.0
 10
-494.3358140789184
 20
-259.0837003953765
 30
0.0
 41
0.7071067811865313
 10
-494.3358140789186
 20
-251.6523749125463
 30
0.0
 41
1.0
 10
-494.3358140789187
 20
-235.9779200724283
 30
0.0
 41
1.0
 10
-494.3358140789187
 20
-220.3034652323108
 30
0.0
 41
1.0
 10
-494.3358140789184
 20
-212.8721397494807
 30
0.0
 41
0.7071067811865339
 10
-501.7671395617485
 20
-212.8721397494805
 30
0.0
 41
1.0
 10
-530.3550595652619
 20
-212.8721397494805
 30
0.0
 41
1.0
 10
-558.9429795687752
 20
-212.8721397494805
 30
0.0
 41
1.0
 10
-566.3743050516055
 20
-212.8721397494807
 30
0.0
 41
0.7071067811865421
 10
-566.3743050516051
 20
-220.3034652323108
 30
0.0
 41
1.0
  0
LINE
  5
263
330
1F
100
AcDbEntity
  8
Dibujo2D$visible$líneas
100
AcDbLine
 10
-557.5397419869487
 20
-112.2940371672373
 30
0.0
 11
-557.5397419869487
 21
-142.1956352322286
 31
0.0
  0
LINE
  5
264
330
1F
100
AcDbEntity
  8
Dibujo2D$visible$líneas
100
AcDbLine
 10
-557.5397419869487
 20
-142.1956352322286
 30
0.0
 11
-503.1703771435753
 21
-142.1956352322286
 31
0.0
  0
LINE
  5
265
330
1F
100
AcDbEntity
  8
Dibujo2D$visible$líneas
100
AcDbLine
 10
-503.1703771435753
 20
-142.1956352322286
 30
0.0
 11
-503.1703771435753
 21
-112.2940371672373
 31
0.0
  0
LINE
  5
266
330
1F
100
AcDbEntity
  8
Dibujo2D$visible$líneas
100
AcDbLine
 10
-557.5397419869487
 20
-221.0271210399328
 30
0.0
 11
-557.5397419869487
 21
-250.9287191049243
 31
0.0
  0
LINE
  5
267
330
1F
100
AcDbEntity
  8
Dibujo2D$visible$líneas
100
AcDbLine
 10
-557.5397419869487
 20
-250.9287191049243
 30
0.0
 11
-503.1703771435753
 21
-250.9287191049243
 31
0.0
  0
LINE
  5
268
330
1F
100
AcDbEntity
  8
Dibujo2D$visible$líneas
100
AcDbLine
 10
-503.1703771435753
 20
-250.9287191049243
 30
0.0
 11
-503.1703771435753
 21
-221.0271210399328
 31
0.0
  0
SPLINE
  5
269
330
1F
100
AcDbEntity
  8
Dibujo2D$oculto$líneas
100
AcDbSpline
210
0.0
220
0.0
230
1.0
 70
    12
 71
     2
 72
    20
 73
    17
 74
     0
 42
0.000000001
 43
0.0000000001
 40
0.0
 40
0.0
 40
0.0
 40
10.1874123333153
 40
10.1874123333153
 40
24.1446326433047
 40
24.1446326433047
 40
36.63273575278561
 40
36.63273575278561
 40
44.95016075562455
 40
44.95016075562455
 40
53.26758575846446
 40
53.26758575846446
 40
76.01394809225675
 40
76.01394809225675
 40
82.31388540268735
 40
82.31388540268735
 40
87.58268715795799
 40
87.58268715795799
 40
87.58268715795799
 10
-649.9142988775452
 20
-247.4637044278675
 30
0.0
 41
1.0
 10
-645.4428913104963
 20
-250.1158849795268
 30
0.0
 41
0.9699507969426727
 10
-642.7526346857742
 20
-254.5644877492059
 30
0.0
 41
1.0
 10
-638.7865640117054
 20
-261.1227795207804
 30
0.0
 41
0.871055650697687
 10
-631.1223023021337
 20
-261.1227795207806
 30
0.0
 41
1.0
 10
-622.6356150345459
 20
-261.1227795207806
 30
0.0
 41
1.0
 10
-614.148927766958
 20
-261.122779520781
 30
0.0
 41
1.0
 10
-609.379432748096
 20
-261.1227795207813
 30
0.0
 41
0.8185283682820441
 10
-607.7579123306891
 20
-256.6373860853196
 30
0.0
 41
1.0
 10
-606.1363919132812
 20
-252.1519926498574
 30
0.0
 41
0.8185283682820299
 10
-609.80332640795
 20
-249.102128038639
 30
0.0
 41
1.0
 10
-621.6879225465605
 20
-239.2174657316191
 30
0.0
 41
1.0
 10
-633.57251868517
 20
-229.3328034245992
 30
0.0
 41
1.0
 10
-636.1840745291239
 20
-227.1607188781553
 30
0.0
 41
0.8944861459377381
 10
-639.4888828159264
 20
-227.9458414102928
 30
0.0
 41
1.0
 10
-642.0658393310205
 20
-228.5580542300576
 30
0.0
 41
0.9919326440080519
 10
-644.7139377862209
 20
-228.5025205561806
 30
0.0
 41
1.0
  0
LINE
  5
26A
330
1F
100
AcDbEntity
  8
Dibujo2D$oculto$líneas
100
AcDbLine
 10
-353.1733566525559
 20
-119.0898549092808
 30
0.0
 11
-349.0958660073302
 21
-119.0898549092808
 31
0.0
  0
LINE
  5
26B
330
1F
100
AcDbEntity
  8
Dibujo2D$oculto$líneas
100
AcDbLine
 10
-349.0958660073302
 20
-119.0898549092808
 30
0.0
 11
-349.0958660073302
 21
-135.3998174901851
 31
0.0
  0
LINE
  5
26C
330
1F
100
AcDbEntity
  8
Dibujo2D$oculto$líneas
100
AcDbLine
 10
-349.0958660073302
 20
-135.3998174901851
 30
0.0
 11
-353.1733566525561
 21
-135.3998174901851
 31
0.0
  0
LINE
  5
26D
330
1F
100
AcDbEntity
  8
Dibujo2D$oculto$líneas
100
AcDbLine
 10
-353.1733545161087
 20
-173.4563968456287
 30
0.0
 11
-349.0958660073302
 21
-173.4563968456287
 31
0.0
  0
LINE
  5
26E
330
1F
100
AcDbEntity
  8
Dibujo2D$oculto$líneas
100
AcDbLine
 10
-349.0958660073302
 20
-173.4563968456287
 30
0.0
 11
-349.0958660073302
 21
-189.7663594265327
 31
0.0
  0
LINE
  5
26F
330
1F
100
AcDbEntity
  8
Dibujo2D$oculto$líneas
100
AcDbLine
 10
-349.0958660073302
 20
-189.7663594265327
 30
0.0
 11
-353.1733566525561
 21
-189.7663594265327
 31
0.0
  0
LINE
  5
270
330
1F
100
AcDbEntity
  8
Dibujo2D$oculto$líneas
100
AcDbLine
 10
-353.1733566525561
 20
-227.8229387819765
 30
0.0
 11
-349.0958660073302
 21
-227.8229387819765
 31
0.0
  0
LINE
  5
271
330
1F
100
AcDbEntity
  8
Dibujo2D$oculto$líneas
100
AcDbLine
 10
-349.0958660073302
 20
-227.8229387819765
 30
0.0
 11
-349.0958660073302
 21
-244.1329013628806
 31
0.0
  0
LINE
  5
272
330
1F
100
AcDbEntity
  8
Dibujo2D$oculto$líneas
100
AcDbLine
 10
-349.0958660073302
 20
-244.1329013628806
 30
0.0
 11
-353.1733566525561
 21
-244.1329013628806
 31
0.0
  0
LINE
  5
273
330
1F
100
AcDbEntity
  8
Dibujo2D$oculto$líneas
100
AcDbLine
 10
-353.1733566525556
 20
-281.5100730783993
 30
0.0
 11
-665.1013910123515
 21
-281.5102327469112
 31
0.0
  0
LINE
  5
274
330
1F
100
AcDbEntity
  8
Dibujo2D$oculto$líneas
100
AcDbLine
 10
-665.1013910123515
 20
-281.5102327469112
 30
0.0
 11
-665.1013910123515
 21
-218.3087939431152
 31
0.0
  0
LINE
  5
275
330
1F
100
AcDbEntity
  8
Dibujo2D$oculto$líneas
100
AcDbLine
 10
-665.1013910123515
 20
-218.3087939431152
 30
0.0
 11
-669.1788816575777
 21
-218.3087939431152
 31
0.0
  0
LINE
  5
276
330
1F
100
AcDbEntity
  8
Dibujo2D$oculto$líneas
100
AcDbLine
 10
-669.1788816575777
 20
-218.3087939431152
 30
0.0
 11
-669.1788816575777
 21
-189.7663594265327
 31
0.0
  0
LINE
  5
277
330
1F
100
AcDbEntity
  8
Dibujo2D$oculto$líneas
100
AcDbLine
 10
-669.1788816575777
 20
-189.7663594265327
 30
0.0
 11
-665.1013910123515
 21
-189.7663594265327
 31
0.0
  0
LINE
  5
278
330
1F
100
AcDbEntity
  8
Dibujo2D$oculto$líneas
100
AcDbLine
 10
-665.1013910123515
 20
-189.7663594265327
 30
0.0
 11
-665.1013910123515
 21
-173.4563968456287
 31
0.0
  0
LINE
  5
279
330
1F
100
AcDbEntity
  8
Dibujo2D$oculto$líneas
100
AcDbLine
 10
-665.1013910123515
 20
-173.4563968456287
 30
0.0
 11
-669.1788816575777
 21
-173.4563968456287
 31
0.0
  0
LINE
  5
27A
330
1F
100
AcDbEntity
  8
Dibujo2D$oculto$líneas
100
AcDbLine
 10
-669.1788816575777
 20
-173.4563968456287
 30
0.0
 11
-669.1788816575777
 21
-144.9139623290459
 31
0.0
  0
LINE
  5
27B
330
1F
100
AcDbEntity
  8
Dibujo2D$oculto$líneas
100
AcDbLine
 10
-669.1788816575777
 20
-144.9139623290459
 30
0.0
 11
-665.1013910123515
 21
-144.9139623290459
 31
0.0
  0
LINE
  5
27C
330
1F
100
AcDbEntity
  8
Dibujo2D$oculto$líneas
100
AcDbLine
 10
-665.1013910123515
 20
-144.9139623290459
 30
0.0
 11
-665.1013910123513
 21
-81.71252352524994
 31
0.0
  0
LINE
  5
27D
330
1F
100
AcDbEntity
  8
Dibujo2D$oculto$líneas
100
AcDbLine
 10
-665.1013910123513
 20
-81.71252352524994
 30
0.0
 11
-353.1733566525547
 21
-81.712682157254
 31
0.0
  0
SPLINE
  5
27E
330
1F
100
AcDbEntity
  8
Dibujo2D$oculto$líneas
100
AcDbSpline
210
0.0
220
0.0
230
1.0
 70
    12
 71
     2
 72
    12
 73
     9
 74
     0
 42
0.000000001
 43
0.0000000001
 40
0.0
 40
0.0
 40
0.0
 40
4.926761076518966
 40
4.926761076518966
 40
28.70292226025315
 40
28.70292226025315
 40
47.91764424443805
 40
47.91764424443805
 40
67.13236622862296
 40
67.13236622862296
 40
67.13236622862296
 10
-401.6762368918974
 20
-238.7338118492305
 30
0.0
 41
1.0
 10
-400.6974232388427
 20
-236.4364045282082
 30
0.0
 41
0.9797913937167783
 10
-400.6974232388429
 20
-233.9391747498153
 30
0.0
 41
1.0
 10
-400.6974232388429
 20
-217.7813289488049
 30
0.0
 41
1.0
 10
-400.6974232388429
 20
-201.6234831477941
 30
0.0
 41
1.0
 10
-400.6974232388428
 20
-189.391011212116
 30
0.0
 41
0.7071067811865331
 10
-412.9298951745211
 20
-189.3910112121162
 30
0.0
 41
1.0
 10
-425.1623671101992
 20
-189.3910112121156
 30
0.0
 41
0.7071067811865368
 10
-425.1623671101994
 20
-201.6234831477941
 30
0.0
 41
1.0
  0
ARC
  5
27F
330
1F
100
AcDbEntity
  8
Dibujo2D$visible$líneas
100
AcDbCircle
 10
-412.929895174521
 20
-233.9391747498154
 30
0.0
 40
12.23247193567834
100
AcDbArc
 50
203.0764981794509
 51
336.9235018205491
  0
SPLINE
  5
280
330
1F
100
AcDbEntity
  8
Dibujo2D$oculto$líneas
100
AcDbSpline
210
0.0
220
0.0
230
1.0
 70
    12
 71
     2
 72
     8
 73
     5
 74
     0
 42
0.000000001
 43
0.0000000001
 40
0.0
 40
0.0
 40
0.0
 40
23.77616118373419
 40
23.77616118373419
 40
28.70292226025307
 40
28.70292226025307
 40
28.70292226025307
 10
-425.1623671101993
 20
-201.6234831477941
 30
0.0
 41
1.0
 10
-425.1623671101993
 20
-217.7813289488049
 30
0.0
 41
1.0
 10
-425.1623671101993
 20
-233.9391747498153
 30
0.0
 41
1.0
 10
-425.1623671101988
 20
-236.4364045282083
 30
0.0
 41
0.9797913937168318
 10
-424.1835534571449
 20
-238.7338118492305
 30
0.0
 41
1.0
  0
SPLINE
  5
281
330
1F
100
AcDbEntity
  8
Dibujo2D$visible$líneas
100
AcDbSpline
210
0.0
220
0.0
230
1.0
 70
    15
 71
     2
 72
    16
 73
    13
 74
     0
 42
0.000000001
 43
0.0000000001
 40
0.0
 40
0.0
 40
0.0
 40
5.0
 40
5.0
 40
10.33742277338444
 40
10.33742277338444
 40
15.67484554676912
 40
15.67484554676912
 40
20.67484554676912
 40
20.67484554676912
 40
26.01226832015406
 40
26.01226832015406
 40
31.34969109353887
 40
31.34969109353887
 40
31.34969109353887
 10
-388.4649513031645
 20
-130.1458794750106
 30
0.0
 41
1.0
 10
-388.4649513031645
 20
-133.5437883460322
 30
0.0
 41
1.0
 10
-388.4649513031645
 20
-136.9416972170541
 30
0.0
 41
1.0
 10
-388.4649513031642
 20
-140.3396060880755
 30
0.0
 41
0.7071067811865793
 10
-385.0670424321429
 20
-140.3396060880757
 30
0.0
 41
1.0
 10
-381.6691335611212
 20
-140.3396060880756
 30
0.0
 41
0.707106781186569
 10
-381.669133561121
 20
-136.9416972170541
 30
0.0
 41
1.0
 10
-381.669133561121
 20
-133.5437883460322
 30
0.0
 41
1.0
 10
-381.669133561121
 20
-130.1458794750106
 30
0.0
 41
1.0
 10
-381.6691335611211
 20
-126.7479706039886
 30
0.0
 41
0.7071067811865653
 10
-385.0670424321429
 20
-126.7479706039887
 30
0.0
 41
1.0
 10
-388.4649513031646
 20
-126.747970603989
 30
0.0
 41
0.7071067811865593
 10
-388.4649513031646
 20
-130.1458794750106
 30
0.0
 41
1.0
  0
SPLINE
  5
282
330
1F
100
AcDbEntity
  8
Dibujo2D$visible$líneas
100
AcDbSpline
210
0.0
220
0.0
230
1.0
 70
    15
 71
     2
 72
    16
 73
    13
 74
     0
 42
0.000000001
 43
0.0000000001
 40
0.0
 40
0.0
 40
0.0
 40
5.0
 40
5.0
 40
10.33742277338446
 40
10.33742277338446
 40
15.674845546769
 40
15.674845546769
 40
20.674845546769
 40
20.674845546769
 40
26.01226832015376
 40
26.01226832015376
 40
31.34969109353842
 40
31.34969109353842
 40
31.34969109353842
 10
-388.4649513031645
 20
-178.2134692650588
 30
0.0
 41
1.0
 10
-388.4649513031645
 20
-181.6113781360809
 30
0.0
 41
1.0
 10
-388.4649513031645
 20
-185.0092870071026
 30
0.0
 41
1.0
 10
-388.4649513031645
 20
-188.407195878124
 30
0.0
 41
0.7071067811865771
 10
-385.0670424321429
 20
-188.4071958781242
 30
0.0
 41
1.0
 10
-381.6691335611214
 20
-188.4071958781239
 30
0.0
 41
0.7071067811866066
 10
-381.6691335611212
 20
-185.0092870071026
 30
0.0
 41
1.0
 10
-381.669133561121
 20
-181.6113781360809
 30
0.0
 41
1.0
 10
-381.669133561121
 20
-178.2134692650588
 30
0.0
 41
1.0
 10
-381.669133561121
 20
-174.815560394037
 30
0.0
 41
0.7071067811865268
 10
-385.0670424321429
 20
-174.8155603940372
 30
0.0
 41
1.0
 10
-388.4649513031646
 20
-174.8155603940372
 30
0.0
 41
0.7071067811865313
 10
-388.4649513031646
 20
-178.2134692650588
 30
0.0
 41
1.0
  0
SPLINE
  5
283
330
1F
100
AcDbEntity
  8
Dibujo2D$visible$líneas
100
AcDbSpline
210
0.0
220
0.0
230
1.0
 70
    15
 71
     2
 72
    16
 73
    13
 74
     0
 42
0.000000001
 43
0.0000000001
 40
0.0
 40
0.0
 40
0.0
 40
5.0
 40
5.0
 40
10.33742277338456
 40
10.33742277338456
 40
15.67484554676912
 40
15.67484554676912
 40
20.67484554676912
 40
20.67484554676912
 40
26.0122683201538
 40
26.0122683201538
 40
31.34969109353858
 40
31.34969109353858
 40
31.34969109353858
 10
-444.1906567879209
 20
-130.1458794750106
 30
0.0
 41
1.0
 10
-444.1906567879209
 20
-133.5437883460322
 30
0.0
 41
1.0
 10
-444.1906567879209
 20
-136.9416972170541
 30
0.0
 41
1.0
 10
-444.1906567879211
 20
-140.3396060880756
 30
0.0
 41
0.7071067811865298
 10
-440.7927479168993
 20
-140.3396060880757
 30
0.0
 41
1.0
 10
-437.3948390458777
 20
-140.3396060880755
 30
0.0
 41
0.7071067811865793
 10
-437.3948390458776
 20
-136.9416972170541
 30
0.0
 41
1.0
 10
-437.3948390458777
 20
-133.5437883460322
 30
0.0
 41
1.0
 10
-437.3948390458777
 20
-130.1458794750106
 30
0.0
 41
1.0
 10
-437.3948390458775
 20
-126.7479706039887
 30
0.0
 41
0.7071067811865357
 10
-440.7927479168993
 20
-126.7479706039887
 30
0.0
 41
1.0
 10
-444.1906567879213
 20
-126.7479706039886
 30
0.0
 41
0.7071067811865209
 10
-444.1906567879209
 20
-130.1458794750106
 30
0.0
 41
1.0
  0
SPLINE
  5
284
330
1F
100
AcDbEntity
  8
Dibujo2D$visible$líneas
100
AcDbSpline
210
0.0
220
0.0
230
1.0
 70
    15
 71
     2
 72
    16
 73
    13
 74
     0
 42
0.000000001
 43
0.0000000001
 40
0.0
 40
0.0
 40
0.0
 40
5.0
 40
5.0
 40
10.33742277338456
 40
10.33742277338456
 40
15.67484554676903
 40
15.67484554676903
 40
20.67484554676903
 40
20.67484554676903
 40
26.01226832015364
 40
26.01226832015364
 40
31.34969109353831
 40
31.34969109353831
 40
31.34969109353831
 10
-444.1906567879209
 20
-178.2134692650588
 30
0.0
 41
1.0
 10
-444.1906567879209
 20
-181.6113781360809
 30
0.0
 41
1.0
 10
-444.1906567879209
 20
-185.0092870071026
 30
0.0
 41
1.0
 10
-444.1906567879211
 20
-188.407195878124
 30
0.0
 41
0.7071067811865298
 10
-440.7927479168993
 20
-188.4071958781242
 30
0.0
 41
1.0
 10
-437.3948390458781
 20
-188.4071958781241
 30
0.0
 41
0.7071067811865949
 10
-437.3948390458777
 20
-185.0092870071026
 30
0.0
 41
1.0
 10
-437.3948390458777
 20
-181.6113781360809
 30
0.0
 41
1.0
 10
-437.3948390458777
 20
-178.2134692650588
 30
0.0
 41
1.0
 10
-437.3948390458777
 20
-174.8155603940372
 30
0.0
 41
0.707106781186543
 10
-440.7927479168993
 20
-174.8155603940372
 30
0.0
 41
1.0
 10
-444.1906567879211
 20
-174.8155603940369
 30
0.0
 41
0.7071067811865017
 10
-444.1906567879209
 20
-178.2134692650588
 30
0.0
 41
1.0
  0
ARC
  5
285
330
1F
100
AcDbEntity
  8
Dibujo2D$oculto$líneas
100
AcDbCircle
 10
-412.9298951745228
 20
-129.283581522346
 30
0.0
 40
12.23247193567651
100
AcDbArc
 50
150.2029618911037
 51
180.0000000000008
  0
ARC
  5
286
330
1F
100
AcDbEntity
  8
Dibujo2D$visible$líneas
100
AcDbCircle
 10
-412.9298951745211
 20
-129.283581522346
 30
0.0
 40
12.2324719356782
100
AcDbArc
 50
29.79703810889302
 51
150.2029618911082
  0
SPLINE
  5
287
330
1F
100
AcDbEntity
  8
Dibujo2D$oculto$líneas
100
AcDbSpline
210
0.0
220
0.0
230
1.0
 70
    12
 71
     2
 72
    14
 73
    11
 74
     0
 42
0.000000001
 43
0.0000000001
 40
0.0
 40
0.0
 40
0.0
 40
23.49999999999994
 40
23.49999999999994
 40
42.71472198418495
 40
42.71472198418495
 40
61.92944396837006
 40
61.92944396837006
 40
85.42944396837001
 40
85.42944396837001
 40
91.7910195596429
 40
91.7910195596429
 40
91.7910195596429
 10
-425.1623671101993
 20
-129.2835815223461
 30
0.0
 41
1.0
 10
-425.1623671101993
 20
-145.2537532161482
 30
0.0
 41
1.0
 10
-425.1623671101993
 20
-161.2239249099503
 30
0.0
 41
1.0
 10
-425.1623671101993
 20
-173.4563968456285
 30
0.0
 41
0.7071067811865557
 10
-412.9298951745211
 20
-173.4563968456287
 30
0.0
 41
1.0
 10
-400.6974232388426
 20
-173.4563968456286
 30
0.0
 41
0.7071067811865467
 10
-400.6974232388429
 20
-161.2239249099503
 30
0.0
 41
1.0
 10
-400.6974232388429
 20
-145.2537532161482
 30
0.0
 41
1.0
 10
-400.6974232388429
 20
-129.2835815223461
 30
0.0
 41
1.0
 10
-400.6974232388429
 20
-126.0291109624503
 30
0.0
 41
0.9663827252064939
 10
-402.3146643698469
 20
-123.204910234914
 30
0.0
 41
1.0
  0
SPLINE
  5
288
330
1F
100
AcDbEntity
  8
Dibujo2D$visible$líneas
100
AcDbSpline
210
0.0
220
0.0
230
1.0
 70
    15
 71
     2
 72
    16
 73
    13
 74
     0
 42
0.000000001
 43
0.0000000001
 40
0.0
 40
0.0
 40
0.0
 40
5.0
 40
5.0
 40
10.3374227733848
 40
10.3374227733848
 40
15.67484554676968
 40
15.67484554676968
 40
20.67484554676968
 40
20.67484554676968
 40
26.01226832015426
 40
26.01226832015426
 40
31.34969109353901
 40
31.34969109353901
 40
31.34969109353901
 10
-444.1906567879209
 20
-226.2870839722746
 30
0.0
 41
1.0
 10
-444.1906567879209
 20
-229.6849928432962
 30
0.0
 41
1.0
 10
-444.1906567879209
 20
-233.0829017143178
 30
0.0
 41
1.0
 10
-444.1906567879211
 20
-236.4808105853396
 30
0.0
 41
0.7071067811865416
 10
-440.7927479168993
 20
-236.4808105853397
 30
0.0
 41
1.0
 10
-437.3948390458776
 20
-236.4808105853395
 30
0.0
 41
0.7071067811866036
 10
-437.3948390458776
 20
-233.0829017143178
 30
0.0
 41
1.0
 10
-437.3948390458777
 20
-229.6849928432962
 30
0.0
 41
1.0
 10
-437.3948390458777
 20
-226.2870839722746
 30
0.0
 41
1.0
 10
-437.3948390458774
 20
-222.8891751012528
 30
0.0
 41
0.7071067811865268
 10
-440.7927479168993
 20
-222.8891751012529
 30
0.0
 41
1.0
 10
-444.1906567879214
 20
-222.8891751012527
 30
0.0
 41
0.7071067811864825
 10
-444.1906567879209
 20
-226.2870839722746
 30
0.0
 41
1.0
  0
SPLINE
  5
289
330
1F
100
AcDbEntity
  8
Dibujo2D$visible$líneas
100
AcDbSpline
210
0.0
220
0.0
230
1.0
 70
    15
 71
     2
 72
    16
 73
    13
 74
     0
 42
0.000000001
 43
0.0000000001
 40
0.0
 40
0.0
 40
0.0
 40
5.0
 40
5.0
 40
10.33742277338471
 40
10.33742277338471
 40
15.67484554676973
 40
15.67484554676973
 40
20.67484554676973
 40
20.67484554676973
 40
26.01226832015451
 40
26.01226832015451
 40
31.34969109353919
 40
31.34969109353919
 40
31.34969109353919
 10
-388.4649513031645
 20
-226.2870839722746
 30
0.0
 41
1.0
 10
-388.4649513031645
 20
-229.6849928432962
 30
0.0
 41
1.0
 10
-388.4649513031645
 20
-233.0829017143178
 30
0.0
 41
1.0
 10
-388.4649513031644
 20
-236.4808105853393
 30
0.0
 41
0.7071067811865889
 10
-385.0670424321429
 20
-236.4808105853397
 30
0.0
 41
1.0
 10
-381.6691335611209
 20
-236.4808105853396
 30
0.0
 41
0.7071067811865978
 10
-381.669133561121
 20
-233.0829017143178
 30
0.0
 41
1.0
 10
-381.669133561121
 20
-229.6849928432962
 30
0.0
 41
1.0
 10
-381.669133561121
 20
-226.2870839722746
 30
0.0
 41
1.0
 10
-381.6691335611211
 20
-222.8891751012526
 30
0.0
 41
0.707106781186506
 10
-385.0670424321429
 20
-222.8891751012529
 30
0.0
 41
1.0
 10
-388.4649513031649
 20
-222.8891751012528
 30
0.0
 41
0.7071067811865032
 10
-388.4649513031645
 20
-226.2870839722746
 30
0.0
 41
1.0
  0
CIRCLE
  5
28A
330
1F
100
AcDbEntity
  8
Dibujo2D$visible$líneas
100
AcDbCircle
 10
-561.6077661579922
 20
-135.7552531101763
 30
0.0
 40
0.6795817742043937
  0
CIRCLE
  5
28B
330
1F
100
AcDbEntity
  8
Dibujo2D$visible$líneas
100
AcDbCircle
 10
-499.1244113514306
 20
-118.6692188412871
 30
0.0
 40
0.67958177420428
  0
CIRCLE
  5
28C
330
1F
100
AcDbEntity
  8
Dibujo2D$visible$líneas
100
AcDbCircle
 10
-499.1244113514305
 20
-244.4883369828725
 30
0.0
 40
0.6795817742043369
  0
CIRCLE
  5
28D
330
1F
100
AcDbEntity
  8
Dibujo2D$visible$líneas
100
AcDbCircle
 10
-499.1244113514305
 20
-227.4023027139826
 30
0.0
 40
0.6795817742043937
  0
LINE
  5
28E
330
1F
100
AcDbEntity
  8
Dibujo2D$visible$líneas
100
AcDbLine
 10
-503.1703771435753
 20
-112.2940371672373
 30
0.0
 11
-557.5397419869487
 21
-112.2940371672373
 31
0.0
  0
CIRCLE
  5
28F
330
1F
100
AcDbEntity
  8
Dibujo2D$visible$líneas
100
AcDbCircle
 10
-499.1244113514306
 20
-135.7552531101767
 30
0.0
 40
0.6795817742042232
  0
CIRCLE
  5
290
330
1F
100
AcDbEntity
  8
Dibujo2D$visible$líneas
100
AcDbCircle
 10
-561.607766157992
 20
-227.4023027139824
 30
0.0
 40
0.6795817742045074
  0
LINE
  5
291
330
1F
100
AcDbEntity
  8
Dibujo2D$visible$líneas
100
AcDbLine
 10
-503.1703771435753
 20
-221.0271210399328
 30
0.0
 11
-557.5397419869487
 21
-221.0271210399328
 31
0.0
  0
CIRCLE
  5
292
330
1F
100
AcDbEntity
  8
Dibujo2D$visible$líneas
100
AcDbCircle
 10
-561.607766157992
 20
-244.4883369828719
 30
0.0
 40
0.6795817742045074
  0
CIRCLE
  5
293
330
1F
100
AcDbEntity
  8
Dibujo2D$visible$líneas
100
AcDbCircle
 10
-561.6077661579922
 20
-118.6692188412867
 30
0.0
 40
0.6795817742043937
  0
SPLINE
  5
294
330
1F
100
AcDbEntity
  8
Dibujo2D$visible$líneas
100
AcDbSpline
210
0.0
220
0.0
230
1.0
 70
    15
 71
     2
 72
    16
 73
    13
 74
     0
 42
0.000000001
 43
0.0000000001
 40
0.0
 40
0.0
 40
0.0
 40
76.99999999999994
 40
76.99999999999994
 40
96.2147219841852
 40
96.2147219841852
 40
115.4294439683703
 40
115.4294439683703
 40
192.4294439683702
 40
192.4294439683702
 40
211.6441659525553
 40
211.6441659525553
 40
230.8588879367406
 40
230.8588879367406
 40
230.8588879367406
 10
-481.7927971264239
 20
-129.2835815223461
 30
0.0
 41
1.0
 10
-481.7927971264239
 20
-181.6113781360809
 30
0.0
 41
1.0
 10
-481.7927971264239
 20
-233.9391747498153
 30
0.0
 41
1.0
 10
-481.7927971264238
 20
-246.1716466854935
 30
0.0
 41
0.707106781186559
 10
-469.5603251907455
 20
-246.1716466854937
 30
0.0
 41
1.0
 10
-457.3278532550675
 20
-246.1716466854934
 30
0.0
 41
0.7071067811865532
 10
-457.3278532550673
 20
-233.9391747498153
 30
0.0
 41
1.0
 10
-457.3278532550673
 20
-181.6113781360809
 30
0.0
 41
1.0
 10
-457.3278532550673
 20
-129.2835815223461
 30
0.0
 41
1.0
 10
-457.3278532550673
 20
-117.0511095866679
 30
0.0
 41
0.7071067811865525
 10
-469.5603251907455
 20
-117.0511095866677
 30
0.0
 41
1.0
 10
-481.7927971264238
 20
-117.0511095866679
 30
0.0
 41
0.7071067811865532
 10
-481.7927971264239
 20
-129.2835815223461
 30
0.0
 41
1.0
  0
SPLINE
  5
295
330
1F
100
AcDbEntity
  8
Dibujo2D$oculto$líneas
100
AcDbSpline
210
0.0
220
0.0
230
1.0
 70
    15
 71
     2
 72
    24
 73
    21
 74
     0
 42
0.000000001
 43
0.0000000001
 40
0.0
 40
0.0
 40
0.0
 40
10.18744184541632
 40
10.18744184541632
 40
23.54368339011492
 40
23.54368339011492
 40
36.89992493480958
 40
36.89992493480958
 40
42.02481044860713
 40
42.02481044860713
 40
48.32324302376471
 40
48.32324302376471
 40
71.06960535755907
 40
71.06960535755907
 40
79.38703036039807
 40
79.38703036039807
 40
87.70445536323705
 40
87.70445536323705
 40
100.1925584727193
 40
100.1925584727193
 40
114.1496991204032
 40
114.1496991204032
 40
114.1496991204032
 10
-642.7525934622504
 20
-108.6582003562146
 30
0.0
 41
1.0
 10
-645.4428411044607
 20
-113.1068268874455
 30
0.0
 41
0.9699506237194218
 10
-649.9142557440045
 20
-115.7590262600538
 30
0.0
 41
1.0
 10
-656.6504528273074
 20
-119.7545135951682
 30
0.0
 41
0.7929744291992317
 10
-654.5251827605302
 20
-127.2926497927588
 30
0.0
 41
1.0
 10
-652.399912693752
 20
-134.830785990346
 30
0.0
 41
0.7929744291992361
 10
-644.5687046773319
 20
-134.7192010734402
 30
0.0
 41
1.0
 10
-641.9933866016944
 20
-134.6825062287808
 30
0.0
 41
0.9923667874316674
 10
-639.4874187884534
 20
-135.2772624993065
 30
0.0
 41
1.0
 10
-636.1833516102047
 20
-136.0614361275159
 30
0.0
 41
0.8945356385917761
 10
-633.5725186851705
 20
-133.8899528475624
 30
0.0
 41
1.0
 10
-621.68792254656
 20
-124.0052905405421
 30
0.0
 41
1.0
 10
-609.803326407949
 20
-114.1206282335215
 30
0.0
 41
1.0
 10
-606.1363919132802
 20
-111.0707636223038
 30
0.0
 41
0.8185283682820313
 10
-607.7579123306872
 20
-106.5853701868421
 30
0.0
 41
1.0
 10
-609.3794327480942
 20
-102.0999767513806
 30
0.0
 41
0.8185283682820768
 10
-614.1489277669561
 20
-102.0999767513804
 30
0.0
 41
1.0
 10
-622.635615034545
 20
-102.0999767513804
 30
0.0
 41
1.0
 10
-631.1223023021337
 20
-102.0999767513804
 30
0.0
 41
1.0
 10
-638.7865115152049
 20
-102.0999767513807
 30
0.0
 41
0.871057090140914
 10
-642.7525934622518
 20
-108.6582003562173
 30
0.0
 41
1.0
  0
SPLINE
  5
296
330
1F
100
AcDbEntity
  8
Dibujo2D$oculto$líneas
100
AcDbSpline
210
0.0
220
0.0
230
1.0
 70
    12
 71
     2
 72
    10
 73
     7
 74
     0
 42
0.000000001
 43
0.0000000001
 40
0.0
 40
0.0
 40
0.0
 40
6.579914798270527
 40
6.579914798270527
 40
37.15654448577044
 40
37.15654448577044
 40
45.69642092318612
 40
45.69642092318612
 40
45.69642092318612
 10
-597.0914289035054
 20
-194.644395417183
 30
0.0
 41
1.0
 10
-598.4179869522146
 20
-191.1255229749416
 30
0.0
 41
0.8224203198603973
 10
-602.178601200095
 20
-191.1255229749418
 30
0.0
 41
1.0
 10
-622.9579214523155
 20
-191.1255229749418
 30
0.0
 41
1.0
 10
-643.737241704536
 20
-191.1255229749418
 30
0.0
 41
1.0
 10
-649.1738958981709
 20
-191.1255229749416
 30
0.0
 41
0.7071067811865226
 10
-649.1738958981708
 20
-196.5621771685765
 30
0.0
 41
1.0
  0
ARC
  5
297
330
1F
100
AcDbEntity
  8
Dibujo2D$visible$líneas
100
AcDbCircle
 10
-602.1786012000897
 20
-196.562177168576
 30
0.0
 40
5.436654193629632
100
AcDbArc
 50
348.573187560595
 51
20.65563229350115
  0
SPLINE
  5
298
330
1F
100
AcDbEntity
  8
Dibujo2D$oculto$líneas
100
AcDbSpline
210
0.0
220
0.0
230
1.0
 70
    12
 71
     2
 72
    10
 73
     7
 74
     0
 42
0.000000001
 43
0.0000000001
 40
0.0
 40
0.0
 40
0.0
 40
8.539876437415533
 40
8.539876437415533
 40
39.11650612491545
 40
39.11650612491545
 40
46.57212071448753
 40
46.57212071448753
 40
46.57212071448753
 10
-649.1738958981709
 20
-196.5621771685765
 30
0.0
 41
1.0
 10
-649.1738958981707
 20
-201.9988313622109
 30
0.0
 41
0.7071067811865596
 10
-643.737241704536
 20
-201.9988313622111
 30
0.0
 41
1.0
 10
-622.9579214523155
 20
-201.9988313622111
 30
0.0
 41
1.0
 10
-602.178601200095
 20
-201.9988313622111
 30
0.0
 41
1.0
 10
-597.7308751818589
 20
-201.9988313622111
 30
0.0
 41
0.7739883886922954
 10
-596.8497092642563
 20
-197.6392656316652
 30
0.0
 41
1.0
  0
SPLINE
  5
299
330
1F
100
AcDbEntity
  8
Dibujo2D$oculto$líneas
100
AcDbSpline
210
0.0
220
0.0
230
1.0
 70
    12
 71
     2
 72
    10
 73
     7
 74
     0
 42
0.000000001
 43
0.0000000001
 40
0.0
 40
0.0
 40
0.0
 40
7.429446526823895
 40
7.429446526823895
 40
38.00607621432381
 40
38.00607621432381
 40
46.54595265173963
 40
46.54595265173963
 40
46.54595265173963
 10
-596.854955286021
 20
-165.5578538419127
 30
0.0
 41
1.0
 10
-597.7526733147376
 20
-161.2239249099502
 30
0.0
 41
0.7755100253058493
 10
-602.178601200095
 20
-161.2239249099503
 30
0.0
 41
1.0
 10
-622.9579214523155
 20
-161.2239249099503
 30
0.0
 41
1.0
 10
-643.737241704536
 20
-161.2239249099503
 30
0.0
 41
1.0
 10
-649.1738958981709
 20
-161.2239249099501
 30
0.0
 41
0.7071067811865493
 10
-649.1738958981709
 20
-166.6605791035852
 30
0.0
 41
1.0
  0
ARC
  5
29A
330
1F
100
AcDbEntity
  8
Dibujo2D$visible$líneas
100
AcDbCircle
 10
-602.1786012000946
 20
-166.6605791035849
 30
0.0
 40
5.436654193634411
100
AcDbArc
 50
339.1204683943551
 51
11.70259226648652
  0
SPLINE
  5
29B
330
1F
100
AcDbEntity
  8
Dibujo2D$oculto$líneas
100
AcDbSpline
210
0.0
220
0.0
230
1.0
 70
    12
 71
     2
 72
    10
 73
     7
 74
     0
 42
0.000000001
 43
0.0000000001
 40
0.0
 40
0.0
 40
0.0
 40
8.53987643741566
 40
8.53987643741566
 40
39.11650612491557
 40
39.11650612491557
 40
45.67517567362771
 40
45.67517567362771
 40
45.67517567362771
 10
-649.1738958981709
 20
-166.6605791035852
 30
0.0
 41
1.0
 10
-649.1738958981706
 20
-172.0972332972196
 30
0.0
 41
0.7071067811865919
 10
-643.737241704536
 20
-172.0972332972201
 30
0.0
 41
1.0
 10
-622.9579214523155
 20
-172.0972332972196
 30
0.0
 41
1.0
 10
-602.178601200095
 20
-172.0972332972196
 30
0.0
 41
1.0
 10
-598.4336710001604
 20
-172.0972332972198
 30
0.0
 41
0.8235302789029918
 10
-597.0989619963772
 20
-168.5982257125463
 30
0.0
 41
1.0
  0
SPLINE
  5
29C
330
1F
100
AcDbEntity
  8
Dibujo2D$oculto$líneas
100
AcDbSpline
210
0.0
220
0.0
230
1.0
 70
    12
 71
     2
 72
    20
 73
    17
 74
     0
 42
0.000000001
 43
0.0000000001
 40
0.0
 40
0.0
 40
0.0
 40
1.049788927800367
 40
1.049788927800367
 40
10.36099235984618
 40
10.36099235984618
 40
19.6721957918917
 40
19.6721957918917
 40
24.00915231594732
 40
24.00915231594732
 40
40.3967815490815
 40
40.3967815490815
 40
48.7142065519208
 40
48.7142065519208
 40
57.03163155476012
 40
57.03163155476012
 40
69.51973466424238
 40
69.51973466424238
 40
69.51973466424238
 10
-584.6095376073972
 20
-116.1010094114338
 30
0.0
 41
1.0
 10
-585.0437665297787
 20
-115.8052947247512
 30
0.0
 41
0.9986745844401116
 10
-585.5060948694077
 20
-115.5557863294455
 30
0.0
 41
1.0
 10
-589.913956859451
 20
-113.1769605521892
 30
0.0
 41
0.8975071602981988
 10
-594.4904100569834
 20
-115.2126755451586
 30
0.0
 41
1.0
 10
-599.0668632545154
 20
-117.2483905381285
 30
0.0
 41
0.8975071602982287
 10
-600.2517767638915
 20
-122.1150155881096
 30
0.0
 41
1.0
 10
-600.7829163982088
 20
-124.2964877721482
 30
0.0
 41
0.9495212446355803
 10
-602.5090967058941
 20
-125.7321868165984
 30
0.0
 41
1.0
 10
-611.0713605196443
 20
-132.8535972032396
 30
0.0
 41
1.0
 10
-619.633624333394
 20
-139.9750075898808
 30
0.0
 41
1.0
 10
-623.3005588280628
 20
-143.0248722010986
 30
0.0
 41
0.8185283682820454
 10
-621.6790384106562
 20
-147.5102656365605
 30
0.0
 41
1.0
 10
-620.0575179932491
 20
-151.9956590720221
 30
0.0
 41
0.8185283682820504
 10
-615.2880229743871
 20
-151.9956590720224
 30
0.0
 41
1.0
 10
-606.8013357067982
 20
-151.9956590720224
 30
0.0
 41
1.0
 10
-598.3146484392093
 20
-151.9956590720221
 30
0.0
 41
1.0
  0
SPLINE
  5
29D
330
1F
100
AcDbEntity
  8
Dibujo2D$visible$líneas
100
AcDbSpline
210
0.0
220
0.0
230
1.0
 70
    12
 71
     2
 72
    14
 73
    11
 74
     0
 42
0.000000001
 43
0.0000000001
 40
0.0
 40
0.0
 40
0.0
 40
18.07142295337314
 40
18.07142295337314
 40
19.75270423519548
 40
19.75270423519548
 40
24.85593713054194
 40
24.85593713054194
 40
34.16714056258825
 40
34.16714056258825
 40
42.42855506683343
 40
42.42855506683343
 40
42.42855506683343
 10
-595.0680741757066
 20
-151.6022170508245
 30
0.0
 41
1.0
 10
-584.7230129551224
 20
-149.0574741200936
 30
0.0
 41
0.7870405349331022
 10
-584.7230129551224
 20
-138.4040235879352
 30
0.0
 41
1.0
 10
-584.7230129551226
 20
-137.2614554714978
 30
0.0
 41
1.0
 10
-584.7230129551226
 20
-136.1188873550605
 30
0.0
 41
1.0
 10
-584.7230129552044
 20
-133.4401939552822
 30
0.0
 41
0.9303358696514924
 10
-582.8952754678589
 20
-131.4819360541446
 30
0.0
 41
1.0
 10
-579.4776509511906
 20
-127.8202558298653
 30
0.0
 41
0.8975071602981862
 10
-580.2879419152779
 20
-122.8774339682834
 30
0.0
 41
1.0
 10
-580.9953301793798
 20
-118.5623245429074
 30
0.0
 41
0.9190154837430285
 10
-584.6095376073972
 20
-116.1010094114338
 30
0.0
 41
1.0
  0
ARC
  5
29E
330
1F
100
AcDbEntity
  8
Dibujo2D$oculto$líneas
100
AcDbCircle
 10
-598.314648439209
 20
-138.404023587938
 30
0.0
 40
13.59163548408412
100
AcDbArc
 50
269.9999999999986
 51
283.8195972635988
  0
SPLINE
  5
29F
330
1F
100
AcDbEntity
  8
Dibujo2D$oculto$líneas
100
AcDbSpline
210
0.0
220
0.0
230
1.0
 70
    12
 71
     2
 72
     8
 73
     5
 74
     0
 42
0.000000001
 43
0.0000000001
 40
0.0
 40
0.0
 40
0.0
 40
3.29354714913398
 40
3.29354714913398
 40
8.803402901162999
 40
8.803402901162999
 40
8.803402901162999
 10
-595.0532395082611
 20
-211.6241971896579
 30
0.0
 41
1.0
 10
-596.6597690841379
 20
-211.2270972001392
 30
0.0
 41
0.9926690037732564
 10
-598.3146484392096
 20
-211.2270972001393
 30
0.0
 41
1.0
 10
-606.8013357067982
 20
-211.2270972001393
 30
0.0
 41
1.0
 10
-615.2880229743869
 20
-211.2270972001393
 30
0.0
 41
1.0
  0
SPLINE
  5
2A0
330
1F
100
AcDbEntity
  8
Dibujo2D$visible$líneas
100
AcDbSpline
210
0.0
220
0.0
230
1.0
 70
    12
 71
     2
 72
    14
 73
    11
 74
     0
 42
0.000000001
 43
0.0000000001
 40
0.0
 40
0.0
 40
0.0
 40
8.201471140660185
 40
8.201471140660185
 40
17.51267453141067
 40
17.51267453141067
 40
22.61590743263156
 40
22.61590743263156
 40
24.2971887067552
 40
24.2971887067552
 40
42.35333265116059
 40
42.35333265116059
 40
42.35333265116059
 10
-584.5600916085724
 20
-247.0878603562633
 30
0.0
 41
1.0
 10
-580.9895965609547
 20
-244.6254564451069
 30
0.0
 41
0.9201706029346075
 10
-580.287941907855
 20
-240.3453222585977
 30
0.0
 41
1.0
 10
-579.4776509701634
 20
-235.402500418664
 30
0.0
 41
0.8975071611914424
 10
-582.8952754709901
 20
-231.7408202146621
 30
0.0
 41
1.0
 10
-584.7230129593288
 20
-229.7825623098094
 30
0.0
 41
0.9303358694929886
 10
-584.7230129551226
 20
-227.1038689066377
 30
0.0
 41
1.0
 10
-584.7230129551226
 20
-225.9613007954322
 30
0.0
 41
1.0
 10
-584.7230129551226
 20
-224.8187326842267
 30
0.0
 41
1.0
 10
-584.7230129551226
 20
-214.177609786335
 30
0.0
 41
0.7873871547444805
 10
-595.0532395082611
 20
-211.6241971896579
 30
0.0
 41
1.0
  0
SPLINE
  5
2A1
330
1F
100
AcDbEntity
  8
Dibujo2D$oculto$líneas
100
AcDbSpline
210
0.0
220
0.0
230
1.0
 70
    12
 71
     2
 72
    18
 73
    15
 74
     0
 42
0.000000001
 43
0.0000000001
 40
0.0
 40
0.0
 40
0.0
 40
8.317425002839563
 40
8.317425002839563
 40
16.63485000567941
 40
16.63485000567941
 40
33.02247949800658
 40
33.02247949800658
 40
37.35943583954686
 40
37.35943583954686
 40
46.67063923029663
 40
46.67063923029663
 40
55.98184262104704
 40
55.98184262104704
 40
57.0915748711373
 40
57.0915748711373
 40
57.0915748711373
 10
-615.2880229743869
 20
-211.2270972001388
 30
0.0
 41
1.0
 10
-620.0575179932493
 20
-211.2270972001386
 30
0.0
 41
0.8185283682820397
 10
-621.6790384106562
 20
-215.7124906356007
 30
0.0
 41
1.0
 10
-623.300558828063
 20
-220.1978840710632
 30
0.0
 41
0.8185283682820352
 10
-619.6336243333938
 20
-223.2477486822809
 30
0.0
 41
1.0
 10
-611.0713603842198
 20
-230.3691591815568
 30
0.0
 41
1.0
 10
-602.5090964350459
 20
-237.4905696808328
 30
0.0
 41
1.0
 10
-600.7829162796058
 20
-238.9262687500421
 30
0.0
 41
0.9495212488482568
 10
-600.2517767237291
 20
-241.1077408490032
 30
0.0
 41
1.0
 10
-599.066863139367
 20
-245.9743658543452
 30
0.0
 41
0.8975071611914254
 10
-594.4904099395981
 20
-248.0100807792182
 30
0.0
 41
1.0
 10
-589.9139567398291
 20
-250.0457957040916
 30
0.0
 41
0.8975071611914476
 10
-585.5060947926877
 20
-247.6669699013114
 30
0.0
 41
1.0
 10
-585.0173165368182
 20
-247.4031870649061
 30
0.0
 41
0.9985189380259574
 10
-584.5600916085724
 20
-247.0878603562633
 30
0.0
 41
1.0
  0
SPLINE
  5
2A2
330
1F
100
AcDbEntity
  8
Dibujo2D$visible$líneas
100
AcDbSpline
210
0.0
220
0.0
230
1.0
 70
    15
 71
     2
 72
    16
 73
    13
 74
     0
 42
0.000000001
 43
0.0000000001
 40
0.0
 40
0.0
 40
0.0
 40
20.90063340896585
 40
20.90063340896585
 40
40.4397841275113
 40
40.4397841275113
 40
61.34041753647693
 40
61.34041753647693
 40
82.24105094544306
 40
82.24105094544306
 40
101.7802016639885
 40
101.7802016639885
 40
122.6808350729547
 40
122.6808350729547
 40
122.6808350729547
 10
-556.0780690902561
 20
-181.6113781360809
 30
0.0
 41
1.0
 10
-556.0780690902561
 20
-194.9171346192352
 30
0.0
 41
0.7071067811865253
 10
-542.7723126071019
 20
-194.9171346192347
 30
0.0
 41
1.0
 10
-529.4938618953468
 20
-194.9171346192347
 30
0.0
 41
1.0
 10
-516.2154111835916
 20
-194.9171346192347
 30
0.0
 41
1.0
 10
-502.9096547004378
 20
-194.917134619235
 30
0.0
 41
0.7071067811865512
 10
-502.9096547004375
 20
-181.6113781360809
 30
0.0
 41
1.0
 10
-502.9096547004372
 20
-168.3056216529265
 30
0.0
 41
0.7071067811865415
 10
-516.2154111835916
 20
-168.3056216529267
 30
0.0
 41
1.0
 10
-529.4938618953468
 20
-168.3056216529267
 30
0.0
 41
1.0
 10
-542.7723126071019
 20
-168.3056216529267
 30
0.0
 41
1.0
 10
-556.0780690902562
 20
-168.3056216529267
 30
0.0
 41
0.7071067811865419
 10
-556.0780690902561
 20
-181.6113781360809
 30
0.0
 41
1.0
  0
ARC
  5
2A3
330
1F
100
AcDbEntity
  8
Dibujo2D$oculto$líneas
100
AcDbCircle
 10
-644.7139377862204
 20
-238.6962471692458
 30
0.0
 40
10.19372661306525
100
AcDbArc
 50
90.0
 51
239.3259727269362
  0
LINE
  5
2A4
330
1F
100
AcDbEntity
  8
Dibujo2D$oculto$líneas
100
AcDbLine
 10
-665.1559872152668
 20
-255.1417805824185
 30
0.0
 11
-673.3109685057191
 21
-255.1417805824185
 31
0.0
  0
LINE
  5
2A5
330
1F
100
AcDbEntity
  8
Dibujo2D$oculto$líneas
100
AcDbLine
 10
-665.1559872152668
 20
-145.0501436917621
 30
0.0
 11
-669.2334778604929
 21
-145.0501436917621
 31
0.0
  0
LINE
  5
2A6
330
1F
100
AcDbEntity
  8
Dibujo2D$oculto$líneas
100
AcDbLine
 10
-673.3109683763165
 20
-77.100216884475
 30
0.0
 11
-673.310967994636
 21
-81.13346620054858
 31
0.0
  0
LINE
  5
2A7
330
1F
100
AcDbEntity
  8
Dibujo2D$visible$líneas
100
AcDbLine
 10
-673.3109685057191
 20
-75.73280969533084
 30
0.0
 11
-673.3109683763165
 21
-77.100216884475
 31
0.0
  0
LINE
  5
2A8
330
1F
100
AcDbEntity
  8
Dibujo2D$visible$líneas
100
AcDbLine
 10
-665.1559872152668
 20
-75.73280969533084
 30
0.0
 11
-673.3109685057191
 21
-75.73280969533084
 31
0.0
  0
LINE
  5
2A9
330
1F
100
AcDbEntity
  8
Dibujo2D$oculto$líneas
100
AcDbLine
 10
-665.1559871707736
 20
-81.16959916220594
 30
0.0
 11
-673.3109671679151
 21
-81.16959916220594
 31
0.0
  0
LINE
  5
2AA
330
1F
100
AcDbEntity
  8
Dibujo2D$oculto$líneas
100
AcDbLine
 10
-665.1559872152668
 20
-85.19770196402783
 30
0.0
 11
-673.3109685057191
 21
-85.19770196402783
 31
0.0
  0
LINE
  5
2AB
330
1F
100
AcDbEntity
  8
Dibujo2D$oculto$líneas
100
AcDbLine
 10
-665.1559872152668
 20
-94.7722311653099
 30
0.0
 11
-673.3109685057191
 21
-94.7722311653099
 31
0.0
  0
LINE
  5
2AC
330
1F
100
AcDbEntity
  8
Dibujo2D$oculto$líneas
100
AcDbLine
 10
-665.1559872035609
 20
-94.7611392241356
 30
0.0
 11
-673.3109684612668
 21
-94.7611392241356
 31
0.0
  0
LINE
  5
2AD
330
1F
100
AcDbEntity
  8
Dibujo2D$oculto$líneas
100
AcDbLine
 10
-673.3109684612668
 20
-93.40162358700809
 30
0.0
 11
-673.3109684168148
 21
-109.7115861679119
 31
0.0
  0
LINE
  5
2AE
330
1F
100
AcDbEntity
  8
Dibujo2D$oculto$líneas
100
AcDbLine
 10
-665.2744723268935
 20
-93.40162358700809
 30
0.0
 11
-673.3109684612668
 21
-93.40162358700809
 31
0.0
  0
LINE
  5
2AF
330
1F
100
AcDbEntity
  8
Dibujo2D$visible$líneas
100
AcDbLine
 10
-665.1559871708148
 20
-93.40162358700809
 30
0.0
 11
-665.2744723268935
 21
-93.40162358700809
 31
0.0
  0
LINE
  5
2B0
330
1F
100
AcDbEntity
  8
Dibujo2D$oculto$líneas
100
AcDbLine
 10
-665.2744723381649
 20
-109.7115861679119
 30
0.0
 11
-673.3109684168148
 21
-109.7115861679119
 31
0.0
  0
LINE
  5
2B1
330
1F
100
AcDbEntity
  8
Dibujo2D$visible$líneas
100
AcDbLine
 10
-665.1559871664554
 20
-109.7115861679119
 30
0.0
 11
-665.2744723381649
 21
-109.7115861679119
 31
0.0
  0
LINE
  5
2B2
330
1F
100
AcDbEntity
  8
Dibujo2D$oculto$líneas
100
AcDbLine
 10
-673.3109684630033
 20
-109.7115861679119
 30
0.0
 11
-673.3109685036352
 21
-173.5922729431204
 31
0.0
  0
LINE
  5
2B3
330
1F
100
AcDbEntity
  8
Dibujo2D$oculto$líneas
100
AcDbLine
 10
-673.3109685057191
 20
-173.5922729431209
 30
0.0
 11
-673.3109684612668
 21
-189.9022355240249
 31
0.0
  0
LINE
  5
2B4
330
1F
100
AcDbEntity
  8
Dibujo2D$oculto$líneas
100
AcDbLine
 10
-665.274472338165
 20
-173.5922729431209
 30
0.0
 11
-673.3109685057191
 21
-173.5922729431209
 31
0.0
  0
LINE
  5
2B5
330
1F
100
AcDbEntity
  8
Dibujo2D$visible$líneas
100
AcDbLine
 10
-665.1559872152668
 20
-173.5922729431209
 30
0.0
 11
-665.2744723381651
 21
-173.5922729431209
 31
0.0
  0
LINE
  5
2B6
330
1F
100
AcDbEntity
  8
Dibujo2D$oculto$líneas
100
AcDbLine
 10
-665.2744723381647
 20
-189.9022355240249
 30
0.0
 11
-673.3109684612668
 21
-189.9022355240249
 31
0.0
  0
LINE
  5
2B7
330
1F
100
AcDbEntity
  8
Dibujo2D$visible$líneas
100
AcDbLine
 10
-665.1559872152666
 20
-189.9022355240249
 30
0.0
 11
-665.2744723381647
 21
-189.9022355240249
 31
0.0
  0
LINE
  5
2B8
330
1F
100
AcDbEntity
  8
Dibujo2D$oculto$líneas
100
AcDbLine
 10
-673.3109685015515
 20
-189.9022355240249
 30
0.0
 11
-673.3109684650872
 21
-253.7829222992336
 31
0.0
  0
LINE
  5
2B9
330
1F
100
AcDbEntity
  8
Dibujo2D$oculto$líneas
100
AcDbLine
 10
-673.3109684612668
 20
-253.7829222992341
 30
0.0
 11
-673.3109684168148
 21
-270.0928848801377
 31
0.0
  0
LINE
  5
2BA
330
1F
100
AcDbEntity
  8
Dibujo2D$oculto$líneas
100
AcDbLine
 10
-665.2744723381646
 20
-253.7829222992341
 30
0.0
 11
-673.3109684612668
 21
-253.7829222992341
 31
0.0
  0
LINE
  5
2BB
330
1F
100
AcDbEntity
  8
Dibujo2D$visible$líneas
100
AcDbLine
 10
-665.1559871708148
 20
-253.7829222992341
 30
0.0
 11
-665.2744723381646
 21
-253.7829222992341
 31
0.0
  0
LINE
  5
2BC
330
1F
100
AcDbEntity
  8
Dibujo2D$oculto$líneas
100
AcDbLine
 10
-665.2744723381646
 20
-270.0928848801377
 30
0.0
 11
-673.3109684168148
 21
-270.0928848801377
 31
0.0
  0
LINE
  5
2BD
330
1F
100
AcDbEntity
  8
Dibujo2D$visible$líneas
100
AcDbLine
 10
-665.1559871738443
 20
-270.0928848801377
 30
0.0
 11
-665.2744723381646
 21
-270.0928848801377
 31
0.0
  0
LINE
  5
2BE
330
1F
100
AcDbEntity
  8
Dibujo2D$oculto$líneas
100
AcDbLine
 10
-665.1559871708148
 20
-268.7333692430102
 30
0.0
 11
-673.3109684612668
 21
-268.7333692430102
 31
0.0
  0
LINE
  5
2BF
330
1F
100
AcDbEntity
  8
Dibujo2D$oculto$líneas
100
AcDbLine
 10
-673.3109685057191
 20
-270.0928848801377
 30
0.0
 11
-673.3109685057191
 21
-278.2968065031178
 31
0.0
  0
LINE
  5
2C0
330
1F
100
AcDbEntity
  8
Dibujo2D$oculto$líneas
100
AcDbLine
 10
-665.1559872152668
 20
-268.7222773018357
 30
0.0
 11
-673.3109685057191
 21
-268.7222773018357
 31
0.0
  0
LINE
  5
2C1
330
1F
100
AcDbEntity
  8
Dibujo2D$oculto$líneas
100
AcDbLine
 10
-665.1559872152668
 20
-278.2968065031178
 30
0.0
 11
-673.3109685057191
 21
-278.2968065031178
 31
0.0
  0
LINE
  5
2C2
330
1F
100
AcDbEntity
  8
Dibujo2D$oculto$líneas
100
AcDbLine
 10
-673.3109685057191
 20
-278.2969647849809
 30
0.0
 11
-673.3109671679151
 21
-282.3249093049399
 31
0.0
  0
LINE
  5
2C3
330
1F
100
AcDbEntity
  8
Dibujo2D$oculto$líneas
100
AcDbLine
 10
-665.1559867378896
 20
-282.3249093049399
 30
0.0
 11
-673.3109671679151
 21
-282.3249093049399
 31
0.0
  0
LINE
  5
2C4
330
1F
100
AcDbEntity
  8
Dibujo2D$visible$líneas
100
AcDbLine
 10
-673.3109683270719
 20
-286.3923225584158
 30
0.0
 11
-673.3109684401443
 21
-287.7616987718147
 31
0.0
  0
LINE
  5
2C5
330
1F
100
AcDbEntity
  8
Dibujo2D$oculto$líneas
100
AcDbLine
 10
-665.1559872152668
 20
-124.6287873505307
 30
0.0
 11
-673.3109685057191
 21
-124.6287873505312
 31
0.0
  0
LINE
  5
2C6
330
1F
100
AcDbEntity
  8
Dibujo2D$oculto$líneas
100
AcDbLine
 10
-665.1559872152668
 20
-218.4443647753842
 30
0.0
 11
-669.2334778604929
 21
-218.4443647753842
 31
0.0
  0
LINE
  5
2C7
330
1F
100
AcDbEntity
  8
Dibujo2D$visible$líneas
100
AcDbLine
 10
-665.1559872152668
 20
-287.7616987718147
 30
0.0
 11
-673.3109684401443
 21
-287.7616987718147
 31
0.0
  0
LINE
  5
2C8
330
1F
100
AcDbEntity
  8
Dibujo2D$visible$líneas
100
AcDbLine
 10
-665.1559871350255
 20
-287.5840788327246
 30
0.0
 11
-665.155987149692
 21
-287.7616987718147
 31
0.0
  0
LINE
  5
2C9
330
1F
100
AcDbEntity
  8
Dibujo2D$visible$líneas
100
AcDbLine
 10
-665.1559871708148
 20
-253.7829222992341
 30
0.0
 11
-665.1559871263628
 21
-270.0928848801377
 31
0.0
  0
LINE
  5
2CA
330
1F
100
AcDbEntity
  8
Dibujo2D$visible$líneas
100
AcDbLine
 10
-665.1559871746844
 20
-253.6961743205325
 30
0.0
 11
-665.1559871746349
 21
-253.7829222992336
 31
0.0
  0
LINE
  5
2CB
330
1F
100
AcDbEntity
  8
Dibujo2D$oculto$líneas
100
AcDbLine
 10
-665.1559872110995
 20
-189.9022355240249
 30
0.0
 11
-665.1559871746844
 21
-253.6961743205325
 31
0.0
  0
LINE
  5
2CC
330
1F
100
AcDbEntity
  8
Dibujo2D$visible$líneas
100
AcDbLine
 10
-665.1559872152668
 20
-173.5922729431209
 30
0.0
 11
-665.1559871708148
 21
-189.9022355240249
 31
0.0
  0
LINE
  5
2CD
330
1F
100
AcDbEntity
  8
Dibujo2D$visible$líneas
100
AcDbLine
 10
-665.1559872131281
 20
-173.5056775813373
 30
0.0
 11
-665.1559872131832
 21
-173.5922729431204
 31
0.0
  0
LINE
  5
2CE
330
1F
100
AcDbEntity
  8
Dibujo2D$oculto$líneas
100
AcDbLine
 10
-665.1559871725512
 20
-109.7115861679119
 30
0.0
 11
-665.1559872131281
 21
-173.5056775813373
 31
0.0
  0
LINE
  5
2CF
330
1F
100
AcDbEntity
  8
Dibujo2D$visible$líneas
100
AcDbLine
 10
-665.1559871708148
 20
-93.40162358700809
 30
0.0
 11
-665.1559871263628
 21
-109.7115861679119
 31
0.0
  0
LINE
  5
2D0
330
1F
100
AcDbEntity
  8
Dibujo2D$oculto$líneas
100
AcDbLine
 10
-570.0145388328424
 20
-177.3092288203611
 30
0.0
 11
-570.0145388328424
 21
-116.14686914197
 31
0.0
  0
LINE
  5
2D1
330
1F
100
AcDbEntity
  8
Dibujo2D$oculto$líneas
100
AcDbLine
 10
-570.0145388328424
 20
-246.6265697892045
 30
0.0
 11
-570.0145388328424
 21
-185.4642101108134
 31
0.0
  0
ARC
  5
2D2
330
1F
100
AcDbEntity
  8
Dibujo2D$oculto$líneas
100
AcDbCircle
 10
-590.4019920589727
 20
-124.3018504324216
 30
0.0
 40
3.533825225862937
100
AcDbArc
 50
270.0000000000018
 51
287.1079404091151
  0
ARC
  5
2D3
330
1F
100
AcDbEntity
  8
Dibujo2D$visible$líneas
100
AcDbCircle
 10
-590.4019920589726
 20
-124.3018504324221
 30
0.0
 40
3.53382522586254
100
AcDbArc
 50
287.1079404091171
 51
36.45429895453842
  0
ARC
  5
2D4
330
1F
100
AcDbEntity
  8
Dibujo2D$oculto$líneas
100
AcDbCircle
 10
-590.4019920589726
 20
-124.301850432422
 30
0.0
 40
3.533825225862526
100
AcDbArc
 50
36.45429895453731
 51
269.999955851686
  0
ARC
  5
2D5
330
1F
100
AcDbEntity
  8
Dibujo2D$oculto$líneas
100
AcDbCircle
 10
-590.4019920589728
 20
-238.4715884987529
 30
0.0
 40
3.533825225862343
100
AcDbArc
 50
270.0000000000037
 51
321.232082701219
  0
ARC
  5
2D6
330
1F
100
AcDbEntity
  8
Dibujo2D$visible$líneas
100
AcDbCircle
 10
-590.4019920589724
 20
-238.4715884987523
 30
0.0
 40
3.533825225862444
100
AcDbArc
 50
321.2320827012058
 51
74.98883975283172
  0
ARC
  5
2D7
330
1F
100
AcDbEntity
  8
Dibujo2D$oculto$líneas
100
AcDbCircle
 10
-590.4019920589727
 20
-238.4715884987524
 30
0.0
 40
3.533825225862785
100
AcDbArc
 50
74.98883975282745
 51
270.0000000000018
  0
CIRCLE
  5
2D8
330
1F
100
AcDbEntity
  8
Dibujo2D$oculto$líneas
100
AcDbCircle
 10
-590.401992058973
 20
-181.3867194655872
 30
0.0
 40
3.533825225862557
  0
SPLINE
  5
2D9
330
1F
100
AcDbEntity
  8
Dibujo2D$oculto$líneas
100
AcDbSpline
210
0.0
220
0.0
230
1.0
 70
    12
 71
     2
 72
    12
 73
     9
 74
     0
 42
0.000000001
 43
0.0000000001
 40
0.0
 40
0.0
 40
0.0
 40
5.550915624157209
 40
5.550915624157209
 40
11.1018353084774
 40
11.1018353084774
 40
16.65275499279744
 40
16.65275499279744
 40
22.20367467711748
 40
22.20367467711748
 40
22.20367467711748
 10
-644.7685380554834
 20
-127.8356756582823
 30
0.0
 41
1.0
 10
-648.3023592211831
 20
-127.8356715981243
 30
0.0
 41
0.7071071873990405
 10
-648.3023592211831
 20
-124.301850432422
 30
0.0
 41
1.0
 10
-648.302359221183
 20
-120.7680252065595
 30
0.0
 41
0.7071067811865376
 10
-644.7685339953205
 20
-120.7680252065595
 30
0.0
 41
1.0
 10
-641.2347087694576
 20
-120.7680252065594
 30
0.0
 41
0.7071067811865219
 10
-641.2347087694579
 20
-124.301850432422
 30
0.0
 41
1.0
 10
-641.2347087694578
 20
-127.8356756582848
 30
0.0
 41
0.7071067811865361
 10
-644.7685339953205
 20
-127.8356756582846
 30
0.0
 41
1.0
  0
SPLINE
  5
2DA
330
1F
100
AcDbEntity
  8
Dibujo2D$oculto$líneas
100
AcDbSpline
210
0.0
220
0.0
230
1.0
 70
    12
 71
     2
 72
    12
 73
     9
 74
     0
 42
0.000000001
 43
0.0000000001
 40
0.0
 40
0.0
 40
0.0
 40
5.550919684320275
 40
5.550919684320275
 40
11.10183936864031
 40
11.10183936864031
 40
16.65275905296032
 40
16.65275905296032
 40
22.20367390629006
 40
22.20367390629006
 40
22.20367390629006
 10
-644.7685339953205
 20
-242.0054137246152
 30
0.0
 41
1.0
 10
-648.3023592211831
 20
-242.0054137246148
 30
0.0
 41
0.7071067811865788
 10
-648.302359221183
 20
-238.4715884987522
 30
0.0
 41
1.0
 10
-648.302359221183
 20
-234.9377632728897
 30
0.0
 41
0.7071067811865532
 10
-644.7685339953205
 20
-234.9377632728897
 30
0.0
 41
1.0
 10
-641.234708769458
 20
-234.9377632728897
 30
0.0
 41
0.7071067811865476
 10
-641.2347087694579
 20
-238.4715884987522
 30
0.0
 41
1.0
 10
-641.2347087694577
 20
-242.0054088936278
 30
0.0
 41
0.7071072645190428
 10
-644.7685291643298
 20
-242.005413724612
 30
0.0
 41
1.0
  0
LINE
  5
2DB
330
1F
100
AcDbEntity
  8
Dibujo2D$oculto$líneas
100
AcDbLine
 10
-120.1505150524813
 20
-85.06128462217112
 30
0.0
 11
-120.1505150524811
 21
-81.03341165257962
 31
0.0
  0
LINE
  5
2DC
330
1F
100
AcDbEntity
  8
Dibujo2D$oculto$líneas
100
AcDbLine
 10
-99.76306182635062
 20
-81.03341649438335
 30
0.0
 11
-99.76306182635062
 21
-85.06129420436264
 31
0.0
  0
LINE
  5
2DD
330
1F
100
AcDbEntity
  8
Dibujo2D$oculto$líneas
100
AcDbLine
 10
-73.93895440658571
 20
-85.06130634180545
 30
0.0
 11
-73.93895440658548
 21
-81.03342262733486
 31
0.0
  0
LINE
  5
2DE
330
1F
100
AcDbEntity
  8
Dibujo2D$oculto$líneas
100
AcDbLine
 10
-54.91066472886382
 20
-81.03342714635164
 30
0.0
 11
-54.91066472886405
 21
-85.06131528518426
 31
0.0
  0
LINE
  5
2DF
330
1F
100
AcDbEntity
  8
Dibujo2D$oculto$líneas
100
AcDbLine
 10
-29.08655730909845
 20
-85.06132742262707
 30
0.0
 11
-29.08655730909868
 21
-81.03343327930315
 31
0.0
  0
LINE
  5
2E0
330
1F
100
AcDbEntity
  8
Dibujo2D$oculto$líneas
100
AcDbLine
 10
-664.9987202489979
 20
-85.0610285411467
 30
0.0
 11
-664.9987202489981
 21
-81.03328225691143
 31
0.0
  0
LINE
  5
2E1
330
1F
100
AcDbEntity
  8
Dibujo2D$oculto$líneas
100
AcDbLine
 10
-648.6887576681693
 20
-81.03328613035455
 30
0.0
 11
-648.688757668169
 21
-85.0610362069001
 31
0.0
  0
LINE
  5
2E2
330
1F
100
AcDbEntity
  8
Dibujo2D$oculto$líneas
100
AcDbLine
 10
-629.6604679903719
 20
-85.06104515027891
 30
0.0
 11
-629.6604679903719
 21
-81.03329064937134
 31
0.0
  0
LINE
  5
2E3
330
1F
100
AcDbEntity
  8
Dibujo2D$oculto$líneas
100
AcDbLine
 10
-613.3505054094676
 20
-81.03329452281446
 30
0.0
 11
-613.3505054094676
 21
-85.06105281603209
 31
0.0
  0
LINE
  5
2E4
330
1F
100
AcDbEntity
  8
Dibujo2D$oculto$líneas
100
AcDbLine
 10
-594.3222157317455
 20
-85.0610617594109
 30
0.0
 11
-594.3222157317457
 21
-81.03329904183147
 31
0.0
  0
LINE
  5
2E5
330
1F
100
AcDbEntity
  8
Dibujo2D$oculto$líneas
100
AcDbLine
 10
-578.0122531508414
 20
-81.03330291527436
 30
0.0
 11
-578.0122531508414
 21
-85.0610694251643
 31
0.0
  0
LINE
  5
2E6
330
1F
100
AcDbEntity
  8
Dibujo2D$oculto$líneas
100
AcDbLine
 10
-345.018362105239
 20
-85.06117893330543
 30
0.0
 11
-345.0183619944394
 21
-81.03335824885153
 31
0.0
  0
ARC
  5
2E7
330
1F
100
AcDbEntity
  8
Dibujo2D$oculto$líneas
100
AcDbCircle
 10
-10.44432956206809
 20
-5095.155419772335
 30
0.0
 40
5010.096619115106
100
AcDbArc
 50
89.11959710744519
 51
89.88639364788564
  0
ARC
  5
2E8
330
1F
100
AcDbEntity
  8
Dibujo2D$oculto$líneas
100
AcDbCircle
 10
-8.67845617341313
 20
-4647.17378542685
 30
0.0
 40
4562.112448425178
100
AcDbArc
 50
89.89741559624164
 51
89.9998344351625
  0
SPLINE
  5
2E9
330
1F
100
AcDbEntity
  8
Dibujo2D$oculto$líneas
100
AcDbSpline
210
0.0
220
0.0
230
1.0
 70
    12
 71
     3
 72
     8
 73
     4
 74
     0
 42
0.000000001
 43
0.0000000001
 40
75.65072275534432
 40
75.65072275534432
 40
75.65072275534432
 40
75.65072275534432
 40
75.73908960027364
 40
75.73908960027364
 40
75.73908960027364
 40
75.73908960027364
 10
-665.0013132537744
 20
-81.03328446067371
 30
0.0
 41
1.0
 10
-665.041255923107
 20
-81.03329235176625
 30
0.0
 41
1.0
 10
-665.0811979867896
 20
-81.03334189963107
 30
0.0
 41
1.0
 10
-665.1211402045988
 20
-81.03357537751026
 30
0.0
 41
1.0
  0
SPLINE
  5
2EA
330
1F
100
AcDbEntity
  8
Dibujo2D$visible$líneas
100
AcDbSpline
210
0.0
220
0.0
230
1.0
 70
    12
 71
     3
 72
     8
 73
     4
 74
     0
 42
0.000000001
 43
0.0000000001
 40
75.63988256900446
 40
75.63988256900446
 40
75.63988256900446
 40
75.63988256900446
 40
75.65072275534432
 40
75.65072275534432
 40
75.65072275534432
 40
75.65072275534432
 10
-664.9866136175413
 20
-81.03328317459227
 30
0.0
 41
1.0
 10
-664.9915135063349
 20
-81.03328315150702
 30
0.0
 41
1.0
 10
-664.9964133846119
 20
-81.03328349265325
 30
0.0
 41
1.0
 10
-665.0013132537746
 20
-81.03328446067371
 30
0.0
 41
1.0
  0
LINE
  5
2EB
330
1F
100
AcDbEntity
  8
Dibujo2D$oculto$líneas
100
AcDbLine
 10
-353.1733433956915
 20
-85.06117510042873
 30
0.0
 11
-353.1733432848914
 21
-81.03335631213008
 31
0.0
  0
LINE
  5
2EC
330
1F
100
AcDbEntity
  8
Dibujo2D$oculto$líneas
100
AcDbLine
 10
-665.1172420480757
 20
-85.06134828624931
 30
0.0
 11
-665.1172420480752
 21
-81.03343561230668
 31
0.0
  0
LINE
  5
2ED
330
1F
100
AcDbEntity
  8
Dibujo2D$oculto$líneas
100
AcDbLine
 10
-747.3501629410025
 20
-86.06764845288694
 30
0.0
 11
-747.3501629410025
 21
-82.03956428958804
 31
0.0
  0
LINE
  5
2EE
330
1F
100
AcDbEntity
  8
Dibujo2D$oculto$líneas
100
AcDbLine
 10
-673.2962484300028
 20
-85.16143637014147
 30
0.0
 11
-673.2962484300024
 21
-81.1333815940718
 31
0.0
  0
LINE
  5
2EF
330
1F
100
AcDbEntity
  8
Dibujo2D$oculto$líneas
100
AcDbLine
 10
66.53743100154588
 20
-85.6502604368211
 30
0.0
 11
66.53743100154611
 21
-81.62180823610515
 31
0.0
  0
LINE
  5
2F0
330
1F
100
AcDbEntity
  8
Dibujo2D$oculto$líneas
100
AcDbLine
 10
-0.5102919676851343
 20
-85.06864928964387
 30
0.0
 11
-0.5102919676853617
 21
-81.04075833076195
 31
0.0
  0
LINE
  5
2F1
330
1F
100
AcDbEntity
  8
Dibujo2D$oculto$líneas
100
AcDbLine
 10
-673.2962482022355
 20
-85.16143636735455
 30
0.0
 11
-747.3501629410025
 21
-86.06764845288694
 31
0.0
  0
LINE
  5
2F2
330
1F
100
AcDbEntity
  8
Dibujo2D$oculto$líneas
100
AcDbLine
 10
-665.1211413985553
 20
-85.06139600335564
 30
0.0
 11
-665.1559892570749
 21
-85.06182244334423
 31
0.0
  0
LINE
  5
2F3
330
1F
100
AcDbEntity
  8
Dibujo2D$oculto$líneas
100
AcDbLine
 10
-665.1211402045985
 20
-85.06151424957125
 30
0.0
 11
-665.1211402045988
 21
-81.03359501928958
 31
0.0
  0
SPLINE
  5
2F4
330
1F
100
AcDbEntity
  8
Dibujo2D$visible$líneas
100
AcDbSpline
210
0.0
220
0.0
230
1.0
 70
    12
 71
     3
 72
     8
 73
     4
 74
     0
 42
0.000000001
 43
0.0000000001
 40
-0.0108620541724827
 40
-0.0108620541724827
 40
-0.0108620541724827
 40
-0.0108620541724827
 40
-0.0000072904075636
 40
-0.0000072904075636
 40
-0.0000072904075636
 40
-0.0000072904075636
 10
-665.0013326436236
 20
-85.06103336056981
 30
0.0
 41
1.0
 10
-664.9964260208905
 20
-85.06103011210189
 30
0.0
 41
1.0
 10
-664.9915193723099
 20
-85.06102854872688
 30
0.0
 41
1.0
 10
-664.9866126951456
 20
-85.06102854683763
 30
0.0
 41
1.0
  0
SPLINE
  5
2F5
330
1F
100
AcDbEntity
  8
Dibujo2D$oculto$líneas
100
AcDbSpline
210
0.0
220
0.0
230
1.0
 70
    12
 71
     3
 72
     8
 73
     4
 74
     0
 42
0.000000001
 43
0.0000000001
 40
-0.0992135596998309
 40
-0.0992135596998309
 40
-0.0992135596998309
 40
-0.0992135596998309
 40
-0.0108620541724827
 40
-0.0108620541724827
 40
-0.0108620541724827
 40
-0.0108620541724827
 10
-665.1211402045985
 20
-85.06151424957125
 30
0.0
 41
1.0
 10
-665.0812050795654
 20
-85.06119787961711
 30
0.0
 41
1.0
 10
-665.0412697177893
 20
-85.06105980122243
 30
0.0
 41
1.0
 10
-665.0013326436236
 20
-85.06103336056981
 30
0.0
 41
1.0
  0
LINE
  5
2F6
330
1F
100
AcDbEntity
  8
Dibujo2D$oculto$líneas
100
AcDbLine
 10
-8.665273258151501
 20
-85.06132387604612
 30
0.0
 11
-8.665273258151046
 21
-81.03343812914159
 31
0.0
  0
SPLINE
  5
2F7
330
1F
100
AcDbEntity
  8
Dibujo2D$visible$líneas
100
AcDbSpline
210
0.0
220
0.0
230
1.0
 70
     8
 71
     3
 72
     8
 73
     4
 74
     0
 42
0.000000001
 43
0.0000000001
 40
0.0
 40
0.0
 40
0.0
 40
0.0
 40
654.8799162859523
 40
654.8799162859523
 40
654.8799162859523
 40
654.8799162859523
 10
-10.10669721064619
 20
-81.0334377868187
 30
0.0
 10
-228.4000026392616
 20
-81.03338670934318
 30
0.0
 10
-446.6933080680062
 20
-81.0333326954376
 30
0.0
 10
-664.9866134965558
 20
-81.03328317458318
 30
0.0
  0
LINE
  5
2F8
330
1F
100
AcDbEntity
  8
Dibujo2D$visible$líneas
100
AcDbLine
 10
-664.9866136175413
 20
-81.03328317459227
 30
0.0
 11
-664.9866126951456
 21
-85.06102854683763
 31
0.0
  0
SPLINE
  5
2F9
330
1F
100
AcDbEntity
  8
Dibujo2D$visible$líneas
100
AcDbSpline
210
0.0
220
0.0
230
1.0
 70
     8
 71
     3
 72
     8
 73
     4
 74
     0
 42
0.000000001
 43
0.0000000001
 40
0.0
 40
0.0
 40
0.0
 40
0.0
 40
311.8132721583495
 40
311.8132721583495
 40
311.8132721583495
 40
311.8132721583495
 10
-353.1733405368175
 20
-85.06117701689118
 30
0.0
 10
-457.1110979229247
 20
-85.06112753488514
 30
0.0
 10
-561.0488553090273
 20
-85.06107809074842
 30
0.0
 10
-664.9866126951456
 20
-85.06102854683763
 30
0.0
  0
SPLINE
  5
2FA
330
1F
100
AcDbEntity
  8
Dibujo2D$visible$líneas
100
AcDbSpline
210
0.0
220
0.0
230
1.0
 70
     8
 71
     3
 72
     8
 73
     4
 74
     0
 42
0.000000001
 43
0.0000000001
 40
0.0
 40
0.0
 40
0.0
 40
0.0
 40
334.4191888672282
 40
334.4191888672282
 40
334.4191888672282
 40
334.4191888672282
 10
-10.59916961748331
 20
-85.06133614666396
 30
0.0
 10
-122.0722325732154
 20
-85.06128367321867
 30
0.0
 10
-233.5452955289549
 20
-85.06123134666291
 30
0.0
 10
-345.0183584846969
 20
-85.06117893332544
 30
0.0
  0
SPLINE
  5
2FB
330
1F
100
AcDbEntity
  8
Dibujo2D$oculto$líneas
100
AcDbSpline
210
0.0
220
0.0
230
1.0
 70
    12
 71
     3
 72
     8
 73
     4
 74
     0
 42
0.000000001
 43
0.0000000001
 40
-490.9814347173713
 40
-490.9814347173713
 40
-490.9814347173713
 40
-490.9814347173713
 40
-489.5610922056314
 40
-489.5610922056314
 40
-489.5610922056314
 40
-489.5610922056314
 10
-8.665273258151501
 20
-85.06133702071907
 30
0.0
 41
1.0
 10
-9.309906501894602
 20
-85.06133702064994
 30
0.0
 41
1.0
 10
-9.954538631087416
 20
-85.06133653343909
 30
0.0
 41
1.0
 10
-10.59916961748308
 20
-85.06133614666396
 30
0.0
 41
1.0
  0
LINE
  5
2FC
330
1F
100
AcDbEntity
  8
Dibujo2D$visible$líneas
100
AcDbLine
 10
863.5861299927736
 20
-174.8405845901611
 30
0.0
 11
863.5822078252289
 21
-188.4322632529129
 31
0.0
  0
LINE
  5
2FD
330
1F
100
AcDbEntity
  8
Dibujo2D$visible$líneas
100
AcDbLine
 10
1282.525377648333
 20
-174.7281179411875
 30
0.0
 11
1282.525377648333
 21
-168.0956635232619
 31
0.0
  0
ARC
  5
2FE
330
1F
100
AcDbEntity
  8
Dibujo2D$visible$líneas
100
AcDbCircle
 10
-1725.393767204019
 20
27497.02952638241
 30
0.0
 40
27855.13833491156
100
AcDbArc
 50
275.9910859258948
 51
276.1885435758223
  0
LINE
  5
2FF
330
1F
100
AcDbEntity
  8
Dibujo2D$oculto$líneas
100
AcDbLine
 10
734.0857374727642
 20
-189.7664637508738
 30
0.0
 11
734.0857374727642
 21
-173.4565011699697
 31
0.0
  0
LINE
  5
300
330
1F
100
AcDbEntity
  8
Dibujo2D$oculto$líneas
100
AcDbLine
 10
487.4368631810029
 20
-173.5430359208831
 30
0.0
 11
487.4368631810029
 21
-189.8529985017876
 31
0.0
  0
LINE
  5
301
330
1F
100
AcDbEntity
  8
Dibujo2D$visible$líneas
100
AcDbLine
 10
971.1257885036329
 20
-188.4033925605504
 30
0.0
 11
1235.925368364364
 21
-188.3323055913461
 31
0.0
  0
LINE
  5
302
330
1F
100
AcDbEntity
  8
Dibujo2D$visible$líneas
100
AcDbLine
 10
862.453085688693
 20
-188.4325663722402
 30
0.0
 11
971.1257885036329
 21
-188.4033925605504
 31
0.0
  0
LINE
  5
303
330
1F
100
AcDbEntity
  8
Dibujo2D$visible$líneas
100
AcDbLine
 10
862.453085688693
 20
-188.4325663722402
 30
0.0
 11
862.4569816787906
 21
-174.8408877165157
 31
0.0
  0
LINE
  5
304
330
1F
100
AcDbEntity
  8
Dibujo2D$visible$líneas
100
AcDbLine
 10
862.4569816787906
 20
-174.8408877165157
 30
0.0
 11
971.1295496079682
 21
-174.8117139410369
 31
0.0
  0
LINE
  5
305
330
1F
100
AcDbEntity
  8
Dibujo2D$visible$líneas
100
AcDbLine
 10
971.1295496079682
 20
-174.8117139410369
 30
0.0
 11
1235.929129468698
 21
-174.7406269718331
 31
0.0
  0
LINE
  5
306
330
1F
100
AcDbEntity
  8
Dibujo2D$oculto$líneas
100
AcDbLine
 10
1250.657528536633
 20
-174.7366730484484
 30
0.0
 11
1282.525377648333
 21
-174.7281179411875
 31
0.0
  0
SPLINE
  5
307
330
1F
100
AcDbEntity
  8
Dibujo2D$visible$líneas
100
AcDbSpline
210
0.0
220
0.0
230
1.0
 70
     8
 71
     3
 72
    24
 73
    20
 74
     0
 42
0.000000001
 43
0.0000000001
 40
0.0
 40
0.0
 40
0.0
 40
0.0
 40
4.302654523913096
 40
9.36459420846458
 40
24.29730559526898
 40
50.6193387096239
 40
101.2385426237938
 40
202.3948716661401
 40
396.4801179417551
 40
485.5135009123766
 40
574.676515103426
 40
744.6446311714722
 40
825.5047613496677
 40
902.3723084576471
 40
975.1984018361404
 40
1044.055482858021
 40
1173.615055598529
 40
1234.291349131109
 40
1294.966836995394
 40
1294.966836995394
 40
1294.966836995394
 40
1294.966836995394
 10
1282.525377648333
 20
-168.0956635232619
 30
0.0
 10
1281.099647181275
 20
-167.9398608998454
 30
0.0
 10
1277.996519818622
 20
-167.6013939051961
 30
0.0
 10
1269.944478000526
 20
-166.7295691785373
 30
0.0
 10
1254.594892934791
 20
-165.071342822954
 30
0.0
 10
1224.144905314367
 20
-161.8052074171726
 30
0.0
 10
1165.109042588135
 20
-155.5542180329992
 30
0.0
 10
1050.428648328831
 20
-143.7420857029986
 30
0.0
 10
922.9332760277424
 20
-131.3846868301882
 30
0.0
 10
799.3369612421715
 20
-120.2783612027938
 30
0.0
 10
683.6981862567867
 20
-110.4567976594203
 30
0.0
 10
570.7007326515553
 20
-101.7515773114958
 30
0.0
 10
461.7163975978015
 20
-94.39046873375855
 30
0.0
 10
385.0062058431533
 20
-89.72957115709369
 30
0.0
 10
312.2596692045611
 20
-85.83271241181706
 30
0.0
 10
221.9396049147194
 20
-81.69711670462084
 30
0.0
 10
135.6202698063105
 20
-78.79837556295342
 30
0.0
 10
51.9955953805686
 20
-77.2770689800468
 30
0.0
 10
11.54520453403757
 20
-77.00541293899141
 30
0.0
 10
-8.679993339926568
 20
-77.00537321415709
 30
0.0
  0
LINE
  5
308
330
1F
100
AcDbEntity
  8
Dibujo2D$visible$líneas
100
AcDbLine
 10
-8.679993339926568
 20
-286.316559669096
 30
0.0
 11
-8.679993339926568
 21
-77.00537321415709
 31
0.0
  0
SPLINE
  5
309
330
1F
100
AcDbEntity
  8
Dibujo2D$visible$líneas
100
AcDbSpline
210
0.0
220
0.0
230
1.0
 70
     8
 71
     3
 72
    18
 73
    14
 74
     0
 42
0.000000001
 43
0.0000000001
 40
0.0
 40
0.0
 40
0.0
 40
0.0
 40
121.3805783376468
 40
186.1104305430432
 40
250.8288428999146
 40
319.5924523182186
 40
392.497509081001
 40
550.3721736000825
 40
716.2349335287839
 40
898.3029624481226
 40
1092.627756543706
 40
1189.774610277625
 40
1294.966278104523
 40
1294.966278104523
 40
1294.966278104523
 40
1294.966278104523
 10
-8.679993339926568
 20
-286.316559669096
 30
0.0
 10
31.7805017762953
 20
-286.3148089833019
 30
0.0
 10
93.81553310416393
 20
-285.4895926269676
 30
0.0
 10
177.3923171699626
 20
-283.1197733132306
 30
0.0
 10
243.4171713322062
 20
-280.6414291866135
 30
0.0
 10
312.1413161890378
 20
-277.4951057431174
 30
0.0
 10
411.8470619661659
 20
-272.1548408399062
 30
0.0
 10
543.7889468320517
 20
-263.6276448757344
 30
0.0
 10
711.897011366876
 20
-250.7003349657218
 30
0.0
 10
891.9627802724743
 20
-234.9400177405942
 30
0.0
 10
1049.07423531232
 20
-219.7092958790186
 30
0.0
 10
1180.601416861021
 20
-206.1785971353142
 30
0.0
 10
1247.664147643333
 20
-198.9954609037813
 30
0.0
 10
1282.525377648332
 20
-195.2312603478865
 30
0.0
  0
LINE
  5
30A
330
1F
100
AcDbEntity
  8
Dibujo2D$oculto$líneas
100
AcDbLine
 10
1250.651952143342
 20
-188.3283521552867
 30
0.0
 11
1282.525377648333
 21
-188.3197955510109
 31
0.0
  0
LINE
  5
30B
330
1F
100
AcDbEntity
  8
Dibujo2D$visible$líneas
100
AcDbLine
 10
1282.525377648333
 20
-195.2312603478863
 30
0.0
 11
1282.525377648333
 21
-188.3197955510109
 31
0.0
  0
LINE
  5
30C
330
1F
100
AcDbEntity
  8
Dibujo2D$visible$líneas
100
AcDbLine
 10
-578.1695200936988
 20
-286.4924012704168
 30
0.0
 11
-578.1695200936988
 21
-287.584078832725
 31
0.0
  0
LINE
  5
30D
330
1F
100
AcDbEntity
  8
Dibujo2D$oculto$líneas
100
AcDbLine
 10
-578.1695200936988
 20
-282.3654512863741
 30
0.0
 11
-578.1695200936988
 21
-286.4924012704168
 31
0.0
  0
LINE
  5
30E
330
1F
100
AcDbEntity
  8
Dibujo2D$visible$líneas
100
AcDbLine
 10
-578.1695200936988
 20
-282.1897651224649
 30
0.0
 11
-578.1695200936988
 21
-282.3654512863741
 31
0.0
  0
LINE
  5
30F
330
1F
100
AcDbEntity
  8
Dibujo2D$oculto$líneas
100
AcDbLine
 10
-578.1695200936988
 20
-278.0628145808687
 30
0.0
 11
-578.1695200936988
 21
-282.1897651224649
 31
0.0
  0
SPLINE
  5
310
330
1F
100
AcDbEntity
  8
Dibujo2D$visible$líneas
100
AcDbSpline
210
0.0
220
0.0
230
1.0
 70
    12
 71
     2
 72
    10
 73
     7
 74
     0
 42
0.000000001
 43
0.0000000001
 40
0.0
 40
0.0
 40
0.0
 40
7.562241146681376
 40
7.562241146681376
 40
12.78264368998081
 40
12.78264368998081
 40
31.15469105833559
 40
31.15469105833559
 40
31.15469105833559
 10
-586.3954550032813
 20
-244.1914062640953
 30
0.0
 41
1.0
 10
-584.9858412744893
 20
-248.0176008693112
 30
0.0
 41
0.8944226394781684
 10
-581.0790935789
 20
-249.1855471285151
 30
0.0
 41
1.0
 10
-578.1695184195374
 20
-250.0553830235777
 30
0.0
 41
0.802006808961729
 10
-578.169520093699
 20
-253.092197488163
 30
0.0
 41
1.0
 10
-578.1695200936988
 20
-265.5775060345156
 30
0.0
 41
1.0
 10
-578.1695200936988
 20
-278.0628145808687
 30
0.0
 41
1.0
  0
LINE
  5
311
330
1F
100
AcDbEntity
  8
Dibujo2D$visible$líneas
100
AcDbLine
 10
-578.1695200936988
 20
-287.584078832725
 30
0.0
 11
-594.4794826746031
 21
-287.584078832725
 31
0.0
  0
LINE
  5
312
330
1F
100
AcDbEntity
  8
Dibujo2D$oculto$líneas
100
AcDbLine
 10
-594.4794826746031
 20
-282.1897689959076
 30
0.0
 11
-594.4794826746031
 21
-278.0699339938642
 31
0.0
  0
LINE
  5
313
330
1F
100
AcDbEntity
  8
Dibujo2D$visible$líneas
100
AcDbLine
 10
-594.4794826746031
 20
-282.3654589521279
 30
0.0
 11
-594.4794826746031
 21
-282.1897689959076
 31
0.0
  0
LINE
  5
314
330
1F
100
AcDbEntity
  8
Dibujo2D$oculto$líneas
100
AcDbLine
 10
-594.4794826746031
 20
-286.4924051438602
 30
0.0
 11
-594.4794826746031
 21
-282.3654589521279
 31
0.0
  0
LINE
  5
315
330
1F
100
AcDbEntity
  8
Dibujo2D$visible$líneas
100
AcDbLine
 10
-594.4794826746031
 20
-287.584078832725
 30
0.0
 11
-594.4794826746031
 21
-286.4924051438602
 31
0.0
  0
LINE
  5
316
330
1F
100
AcDbEntity
  8
Dibujo2D$oculto$líneas
100
AcDbLine
 10
-594.4794826746031
 20
-278.0699339938642
 30
0.0
 11
-613.507772352325
 21
-278.0699339938642
 31
0.0
  0
LINE
  5
317
330
1F
100
AcDbEntity
  8
Dibujo2D$visible$líneas
100
AcDbLine
 10
-613.507772352325
 20
-286.4924096628774
 30
0.0
 11
-613.507772352325
 21
-287.584078832725
 31
0.0
  0
LINE
  5
318
330
1F
100
AcDbEntity
  8
Dibujo2D$oculto$líneas
100
AcDbLine
 10
-613.507772352325
 20
-282.3654678955065
 30
0.0
 11
-613.507772352325
 21
-286.4924096628774
 31
0.0
  0
LINE
  5
319
330
1F
100
AcDbEntity
  8
Dibujo2D$visible$líneas
100
AcDbLine
 10
-613.507772352325
 20
-282.1897735149244
 30
0.0
 11
-613.507772352325
 21
-282.3654678955065
 31
0.0
  0
LINE
  5
31A
330
1F
100
AcDbEntity
  8
Dibujo2D$oculto$líneas
100
AcDbLine
 10
-613.507772352325
 20
-278.0699339938642
 30
0.0
 11
-613.507772352325
 21
-282.1897735149244
 31
0.0
  0
LINE
  5
31B
330
1F
100
AcDbEntity
  8
Dibujo2D$visible$líneas
100
AcDbLine
 10
-613.507772352325
 20
-287.584078832725
 30
0.0
 11
-629.8177349332295
 21
-287.584078832725
 31
0.0
  0
LINE
  5
31C
330
1F
100
AcDbEntity
  8
Dibujo2D$oculto$líneas
100
AcDbLine
 10
-629.8177349332295
 20
-282.1897773883677
 30
0.0
 11
-629.8177349332295
 21
-278.0699339938642
 31
0.0
  0
LINE
  5
31D
330
1F
100
AcDbEntity
  8
Dibujo2D$visible$líneas
100
AcDbLine
 10
-629.8177349332295
 20
-282.3654755612606
 30
0.0
 11
-629.8177349332295
 21
-282.1897773883677
 31
0.0
  0
LINE
  5
31E
330
1F
100
AcDbEntity
  8
Dibujo2D$oculto$líneas
100
AcDbLine
 10
-629.8177349332295
 20
-286.492413536321
 30
0.0
 11
-629.8177349332295
 21
-282.3654755612606
 31
0.0
  0
LINE
  5
31F
330
1F
100
AcDbEntity
  8
Dibujo2D$visible$líneas
100
AcDbLine
 10
-629.8177349332295
 20
-287.584078832725
 30
0.0
 11
-629.8177349332295
 21
-286.492413536321
 31
0.0
  0
LINE
  5
320
330
1F
100
AcDbEntity
  8
Dibujo2D$oculto$líneas
100
AcDbLine
 10
-629.8177349332295
 20
-278.0699339938642
 30
0.0
 11
-648.8460246110267
 21
-278.0699339938642
 31
0.0
  0
LINE
  5
321
330
1F
100
AcDbEntity
  8
Dibujo2D$visible$líneas
100
AcDbLine
 10
-648.8460246110267
 20
-286.4924180553373
 30
0.0
 11
-648.8460246110267
 21
-287.584078832725
 31
0.0
  0
LINE
  5
322
330
1F
100
AcDbEntity
  8
Dibujo2D$oculto$líneas
100
AcDbLine
 10
-648.8460246110267
 20
-282.3654845046387
 30
0.0
 11
-648.8460246110267
 21
-286.4924180553373
 31
0.0
  0
LINE
  5
323
330
1F
100
AcDbEntity
  8
Dibujo2D$visible$líneas
100
AcDbLine
 10
-648.8460246110267
 20
-282.1897819073847
 30
0.0
 11
-648.8460246110266
 21
-282.3654845046387
 31
0.0
  0
LINE
  5
324
330
1F
100
AcDbEntity
  8
Dibujo2D$oculto$líneas
100
AcDbLine
 10
-648.8460246110267
 20
-278.0699339938642
 30
0.0
 11
-648.8460246110267
 21
-282.1897819073847
 31
0.0
  0
LINE
  5
325
330
1F
100
AcDbEntity
  8
Dibujo2D$visible$líneas
100
AcDbLine
 10
-648.8460246110267
 20
-287.584078832725
 30
0.0
 11
-665.1559871918555
 21
-287.584078832725
 31
0.0
  0
LINE
  5
326
330
1F
100
AcDbEntity
  8
Dibujo2D$oculto$líneas
100
AcDbLine
 10
-665.1559871918555
 20
-286.4921134061394
 30
0.0
 11
-665.1559871918555
 21
-282.1891256167569
 31
0.0
  0
LINE
  5
327
330
1F
100
AcDbEntity
  8
Dibujo2D$visible$líneas
100
AcDbLine
 10
-665.1559871918555
 20
-287.584078832725
 30
0.0
 11
-665.1559871918555
 21
-286.4921134061394
 31
0.0
  0
LINE
  5
328
330
1F
100
AcDbEntity
  8
Dibujo2D$oculto$líneas
100
AcDbLine
 10
-665.1559871918555
 20
-261.7597037622568
 30
0.0
 11
-674.6701320307163
 21
-261.7597037622568
 31
0.0
  0
LINE
  5
329
330
1F
100
AcDbEntity
  8
Dibujo2D$oculto$líneas
100
AcDbLine
 10
-674.6701320307163
 20
-261.7597037622568
 30
0.0
 11
-674.6701320307163
 21
-241.3722505361266
 31
0.0
  0
LINE
  5
32A
330
1F
100
AcDbEntity
  8
Dibujo2D$oculto$líneas
100
AcDbLine
 10
-674.6701320307163
 20
-241.3722505361266
 30
0.0
 11
-665.1559871918555
 21
-241.3722505361266
 31
0.0
  0
LINE
  5
32B
330
1F
100
AcDbEntity
  8
Dibujo2D$oculto$líneas
100
AcDbLine
 10
-665.1559871918555
 20
-191.7627810192089
 30
0.0
 11
-674.6701320307163
 21
-191.7627810192089
 31
0.0
  0
LINE
  5
32C
330
1F
100
AcDbEntity
  8
Dibujo2D$oculto$líneas
100
AcDbLine
 10
-674.6701320307163
 20
-191.7627810192089
 30
0.0
 11
-674.6701320307163
 21
-171.3753277930787
 31
0.0
  0
LINE
  5
32D
330
1F
100
AcDbEntity
  8
Dibujo2D$oculto$líneas
100
AcDbLine
 10
-674.6701320307163
 20
-171.3753277930787
 30
0.0
 11
-665.1559871918555
 21
-171.3753277930787
 31
0.0
  0
LINE
  5
32E
330
1F
100
AcDbEntity
  8
Dibujo2D$oculto$líneas
100
AcDbLine
 10
-665.1559871918555
 20
-121.7658582761615
 30
0.0
 11
-674.6701320307163
 21
-121.7658582761615
 31
0.0
  0
LINE
  5
32F
330
1F
100
AcDbEntity
  8
Dibujo2D$oculto$líneas
100
AcDbLine
 10
-674.6701320307163
 20
-121.7658582761615
 30
0.0
 11
-674.6701320307163
 21
-101.378405050031
 31
0.0
  0
LINE
  5
330
330
1F
100
AcDbEntity
  8
Dibujo2D$oculto$líneas
100
AcDbLine
 10
-674.6701320307163
 20
-101.378405050031
 30
0.0
 11
-665.1559871918555
 21
-101.378405050031
 31
0.0
  0
LINE
  5
331
330
1F
100
AcDbEntity
  8
Dibujo2D$visible$líneas
100
AcDbLine
 10
-665.1559871918555
 20
-77.00521826123872
 30
0.0
 11
-665.1559871918555
 21
-75.55429436847021
 31
0.0
  0
LINE
  5
332
330
1F
100
AcDbEntity
  8
Dibujo2D$oculto$líneas
100
AcDbLine
 10
-665.1559871918555
 20
-77.00655199366452
 30
0.0
 11
-665.1559871918555
 21
-77.00521826123872
 31
0.0
  0
LINE
  5
333
330
1F
100
AcDbEntity
  8
Dibujo2D$oculto$líneas
100
AcDbLine
 10
-665.1559871918555
 20
-81.03380402027369
 30
0.0
 11
-665.1559871918555
 21
-77.00711072738113
 31
0.0
  0
LINE
  5
334
330
1F
100
AcDbEntity
  8
Dibujo2D$visible$líneas
100
AcDbLine
 10
-665.1559871918555
 20
-75.55429436847021
 30
0.0
 11
-648.8460246110267
 21
-75.55429436847021
 31
0.0
  0
LINE
  5
335
330
1F
100
AcDbEntity
  8
Dibujo2D$visible$líneas
100
AcDbLine
 10
-648.8460246110267
 20
-85.06103624333264
 30
0.0
 11
-648.8460246110267
 21
-85.06843920733127
 31
0.0
  0
LINE
  5
336
330
1F
100
AcDbEntity
  8
Dibujo2D$oculto$líneas
100
AcDbLine
 10
-648.8460246110267
 20
-77.00522118151662
 30
0.0
 11
-648.8460246110267
 21
-85.06103624333264
 31
0.0
  0
LINE
  5
337
330
1F
100
AcDbEntity
  8
Dibujo2D$visible$líneas
100
AcDbLine
 10
-648.8460246110267
 20
-75.55429436847021
 30
0.0
 11
-648.8460246110267
 21
-77.00522118151662
 31
0.0
  0
LINE
  5
338
330
1F
100
AcDbEntity
  8
Dibujo2D$visible$líneas
100
AcDbLine
 10
-648.8460246110267
 20
-85.06843920733127
 30
0.0
 11
-629.8177349332295
 21
-85.06843920733127
 31
0.0
  0
LINE
  5
339
330
1F
100
AcDbEntity
  8
Dibujo2D$visible$líneas
100
AcDbLine
 10
-629.8177349332295
 20
-77.00522570053386
 30
0.0
 11
-629.8177349332295
 21
-75.55429436847021
 31
0.0
  0
LINE
  5
33A
330
1F
100
AcDbEntity
  8
Dibujo2D$oculto$líneas
100
AcDbLine
 10
-629.8177349332295
 20
-85.0610453098991
 30
0.0
 11
-629.8177349332295
 21
-77.00522570053386
 31
0.0
  0
LINE
  5
33B
330
1F
100
AcDbEntity
  8
Dibujo2D$visible$líneas
100
AcDbLine
 10
-629.8177349332295
 20
-85.06843920733127
 30
0.0
 11
-629.8177349332295
 21
-85.0610453098991
 31
0.0
  0
LINE
  5
33C
330
1F
100
AcDbEntity
  8
Dibujo2D$visible$líneas
100
AcDbLine
 10
-629.8177349332295
 20
-75.55429436847021
 30
0.0
 11
-613.507772352325
 21
-75.55429436847021
 31
0.0
  0
LINE
  5
33D
330
1F
100
AcDbEntity
  8
Dibujo2D$visible$líneas
100
AcDbLine
 10
-613.507772352325
 20
-85.0610530790002
 30
0.0
 11
-613.507772352325
 21
-85.06843920733127
 31
0.0
  0
LINE
  5
33E
330
1F
100
AcDbEntity
  8
Dibujo2D$oculto$líneas
100
AcDbLine
 10
-613.507772352325
 20
-77.00522957397675
 30
0.0
 11
-613.507772352325
 21
-85.0610530790002
 31
0.0
  0
LINE
  5
33F
330
1F
100
AcDbEntity
  8
Dibujo2D$visible$líneas
100
AcDbLine
 10
-613.507772352325
 20
-75.55429436847021
 30
0.0
 11
-613.507772352325
 21
-77.00522957397675
 31
0.0
  0
LINE
  5
340
330
1F
100
AcDbEntity
  8
Dibujo2D$visible$líneas
100
AcDbLine
 10
-613.507772352325
 20
-85.06843920733127
 30
0.0
 11
-594.4794826746031
 21
-85.06843920733127
 31
0.0
  0
LINE
  5
341
330
1F
100
AcDbEntity
  8
Dibujo2D$visible$líneas
100
AcDbLine
 10
-594.4794826746031
 20
-77.00523409299376
 30
0.0
 11
-594.4794826746031
 21
-75.55429436847021
 31
0.0
  0
LINE
  5
342
330
1F
100
AcDbEntity
  8
Dibujo2D$oculto$líneas
100
AcDbLine
 10
-594.4794826746031
 20
-85.06106214160923
 30
0.0
 11
-594.4794826746031
 21
-77.00523409299376
 31
0.0
  0
LINE
  5
343
330
1F
100
AcDbEntity
  8
Dibujo2D$visible$líneas
100
AcDbLine
 10
-594.4794826746031
 20
-85.06843920733127
 30
0.0
 11
-594.4794826746032
 21
-85.06106214160923
 31
0.0
  0
LINE
  5
344
330
1F
100
AcDbEntity
  8
Dibujo2D$visible$líneas
100
AcDbLine
 10
-594.4794826746031
 20
-75.55429436847021
 30
0.0
 11
-578.1695200936988
 21
-75.55429436847021
 31
0.0
  0
CIRCLE
  5
345
330
1F
100
AcDbEntity
  8
Dibujo2D$visible$líneas
100
AcDbCircle
 10
-618.4887759553523
 20
-108.1534503250125
 30
0.0
 40
4.077490645226135
  0
CIRCLE
  5
346
330
1F
100
AcDbEntity
  8
Dibujo2D$visible$líneas
100
AcDbCircle
 10
-618.4887759553519
 20
-253.5988290795196
 30
0.0
 40
4.077490645225993
  0
SPLINE
  5
347
330
1F
100
AcDbEntity
  8
Dibujo2D$visible$líneas
100
AcDbSpline
210
0.0
220
0.0
230
1.0
 70
    12
 71
     2
 72
    14
 73
    11
 74
     0
 42
0.000000001
 43
0.0000000001
 40
525.1738475409777
 40
525.1738475409777
 40
525.1738475409777
 40
525.1792694775713
 40
525.1792694775713
 40
543.5563619404556
 40
543.5563619404556
 40
548.7767627973012
 40
548.7767627973012
 40
556.3390035181972
 40
556.3390035181972
 40
684.2228527975393
 40
684.2228527975393
 40
684.2228527975393
 10
-578.169520093699
 20
-85.0610699087515
 30
0.0
 41
1.0
 10
-578.169520093699
 20
-85.06475455804139
 30
0.0
 41
1.0
 10
-578.169520093699
 20
-85.06843920733127
 30
0.0
 41
1.0
 10
-578.169520093699
 20
-97.5571763079754
 30
0.0
 41
1.0
 10
-578.169520093699
 20
-110.0459134086198
 30
0.0
 41
1.0
 10
-578.1695199720182
 20
-113.0827265622492
 30
0.0
 41
0.8020069324867761
 10
-581.0790939602641
 20
-113.9525617977838
 30
0.0
 41
1.0
 10
-584.9858413438784
 20
-115.1205081714496
 30
0.0
 41
0.8944226511532177
 10
-586.3954549936902
 20
-118.9467025221591
 30
0.0
 41
1.0
 10
-609.466243847427
 20
-181.5690543913607
 30
0.0
 41
0.9383460523995198
 10
-586.3954550032813
 20
-244.1914062640958
 30
0.0
 41
1.0
  0
LINE
  5
348
330
1F
100
AcDbEntity
  8
Dibujo2D$oculto$líneas
100
AcDbLine
 10
-578.1695200936988
 20
-77.00523796643711
 30
0.0
 11
-578.169520093699
 21
-85.0610699087515
 31
0.0
  0
LINE
  5
349
330
1F
100
AcDbEntity
  8
Dibujo2D$visible$líneas
100
AcDbLine
 10
-578.1695200936988
 20
-75.55429436847021
 30
0.0
 11
-578.1695200936988
 21
-77.00523796643711
 31
0.0
  0
LINE
  5
34A
330
1F
100
AcDbEntity
  8
Dibujo2D$visible$líneas
100
AcDbLine
 10
-120.1314047936567
 20
-77.00534674562937
 30
0.0
 11
-120.1314047936567
 21
-75.55038193391692
 31
0.0
  0
LINE
  5
34B
330
1F
100
AcDbEntity
  8
Dibujo2D$oculto$líneas
100
AcDbLine
 10
-120.1314047936567
 20
-85.06128463116943
 30
0.0
 11
-120.1314047936567
 21
-77.00534674562937
 31
0.0
  0
SPLINE
  5
34C
330
1F
100
AcDbEntity
  8
Dibujo2D$visible$líneas
100
AcDbSpline
210
0.0
220
0.0
230
1.0
 70
    12
 71
     2
 72
    12
 73
     9
 74
     0
 42
0.000000001
 43
0.0000000001
 40
0.0
 40
0.0
 40
0.0
 40
119.2379328163352
 40
119.2379328163352
 40
146.6502030760981
 40
146.6502030760981
 40
156.2961854096998
 40
156.2961854096998
 40
156.2985708044613
 40
156.2985708044613
 40
156.2985708044613
 10
-113.3657837400453
 20
-238.6898969981003
 30
0.0
 41
1.0
 10
-81.84524803584354
 20
-181.5651676851919
 30
0.0
 41
0.8755553680023967
 10
-113.3657813865775
 20
-124.4404370736768
 30
0.0
 41
1.0
 10
-120.1314050105201
 20
-112.1790823870568
 30
0.0
 41
0.9683892236655768
 10
-120.1314047936564
 20
-98.17499434920342
 30
0.0
 41
1.0
 10
-120.1314047936564
 20
-91.61976056099047
 30
0.0
 41
1.0
 10
-120.1314047936567
 20
-85.06452677277775
 30
0.0
 41
1.0
 10
-120.1314047936567
 20
-85.06290570197348
 30
0.0
 41
1.0
 10
-120.1314047936567
 20
-85.06128463116943
 30
0.0
 41
1.0
  0
LINE
  5
34D
330
1F
100
AcDbEntity
  8
Dibujo2D$visible$líneas
100
AcDbLine
 10
-120.1314047936567
 20
-75.55038193391692
 30
0.0
 11
-99.74395156752621
 21
-75.55038193391692
 31
0.0
  0
LINE
  5
34E
330
1F
100
AcDbEntity
  8
Dibujo2D$visible$líneas
100
AcDbLine
 10
-99.74395156752644
 20
-85.06129421335595
 30
0.0
 11
-99.74395156752621
 21
-85.06452677277775
 31
0.0
  0
LINE
  5
34F
330
1F
100
AcDbEntity
  8
Dibujo2D$oculto$líneas
100
AcDbLine
 10
-99.74395156752621
 20
-77.0053515874331
 30
0.0
 11
-99.74395156752621
 21
-85.06129421335595
 31
0.0
  0
LINE
  5
350
330
1F
100
AcDbEntity
  8
Dibujo2D$visible$líneas
100
AcDbLine
 10
-99.74395156752621
 20
-75.55038193391692
 30
0.0
 11
-99.74395156752621
 21
-77.0053515874331
 31
0.0
  0
LINE
  5
351
330
1F
100
AcDbEntity
  8
Dibujo2D$visible$líneas
100
AcDbLine
 10
-99.74395156752621
 20
-85.06452677277775
 30
0.0
 11
-73.91984414776107
 21
-85.06452677277775
 31
0.0
  0
LINE
  5
352
330
1F
100
AcDbEntity
  8
Dibujo2D$visible$líneas
100
AcDbLine
 10
-73.91984414776107
 20
-77.00535772038484
 30
0.0
 11
-73.91984414776107
 21
-75.55038193391692
 31
0.0
  0
LINE
  5
353
330
1F
100
AcDbEntity
  8
Dibujo2D$oculto$líneas
100
AcDbLine
 10
-73.91984414776107
 20
-85.061306350829
 30
0.0
 11
-73.91984414776107
 21
-77.00535772038484
 31
0.0
  0
LINE
  5
354
330
1F
100
AcDbEntity
  8
Dibujo2D$visible$líneas
100
AcDbLine
 10
-73.91984414776107
 20
-85.06452677277775
 30
0.0
 11
-73.91984414776107
 21
-85.061306350829
 31
0.0
  0
LINE
  5
355
330
1F
100
AcDbEntity
  8
Dibujo2D$visible$líneas
100
AcDbLine
 10
-73.91984414776107
 20
-75.55038193391692
 30
0.0
 11
-54.89155447003941
 21
-75.55038193391692
 31
0.0
  0
LINE
  5
356
330
1F
100
AcDbEntity
  8
Dibujo2D$visible$líneas
100
AcDbLine
 10
-54.89155447003941
 20
-85.06131529418371
 30
0.0
 11
-54.89155447003941
 21
-85.06452677277775
 31
0.0
  0
LINE
  5
357
330
1F
100
AcDbEntity
  8
Dibujo2D$oculto$líneas
100
AcDbLine
 10
-54.89155447003941
 20
-77.00536223940207
 30
0.0
 11
-54.89155447003941
 21
-85.06131529418371
 31
0.0
  0
LINE
  5
358
330
1F
100
AcDbEntity
  8
Dibujo2D$visible$líneas
100
AcDbLine
 10
-54.89155447003941
 20
-75.55038193391692
 30
0.0
 11
-54.89155447003941
 21
-77.00536223940207
 31
0.0
  0
LINE
  5
359
330
1F
100
AcDbEntity
  8
Dibujo2D$visible$líneas
100
AcDbLine
 10
-54.89155447003941
 20
-85.06452677277775
 30
0.0
 11
-29.06744705027404
 21
-85.06452677277775
 31
0.0
  0
LINE
  5
35A
330
1F
100
AcDbEntity
  8
Dibujo2D$visible$líneas
100
AcDbLine
 10
-29.06744705027404
 20
-77.00536837235268
 30
0.0
 11
-29.06744705027404
 21
-75.55038193391692
 31
0.0
  0
LINE
  5
35B
330
1F
100
AcDbEntity
  8
Dibujo2D$oculto$líneas
100
AcDbLine
 10
-29.06744705027404
 20
-85.0613274316297
 30
0.0
 11
-29.06744705027404
 21
-77.00536837235268
 31
0.0
  0
LINE
  5
35C
330
1F
100
AcDbEntity
  8
Dibujo2D$visible$líneas
100
AcDbLine
 10
-29.06744705027404
 20
-85.06452677277775
 30
0.0
 11
-29.06744705027427
 21
-85.0613274316297
 31
0.0
  0
LINE
  5
35D
330
1F
100
AcDbEntity
  8
Dibujo2D$visible$líneas
100
AcDbLine
 10
-29.06744705027404
 20
-75.55038193391692
 30
0.0
 11
-8.679993824143821
 21
-75.55038193391692
 31
0.0
  0
LINE
  5
35E
330
1F
100
AcDbEntity
  8
Dibujo2D$visible$líneas
100
AcDbLine
 10
-8.679993824143821
 20
-75.55038193391692
 30
0.0
 11
-8.679993824143821
 21
-77.00537321415663
 31
0.0
  0
LINE
  5
35F
330
1F
100
AcDbEntity
  8
Dibujo2D$oculto$líneas
100
AcDbLine
 10
-0.5250125336758629
 20
-101.3744893536821
 30
0.0
 11
0.8341510147170084
 21
-101.3744893536821
 31
0.0
  0
LINE
  5
360
330
1F
100
AcDbEntity
  8
Dibujo2D$oculto$líneas
100
AcDbLine
 10
0.8341510147170084
 20
-101.3744893536821
 30
0.0
 11
0.8341510147170084
 21
-121.7619425798125
 31
0.0
  0
LINE
  5
361
330
1F
100
AcDbEntity
  8
Dibujo2D$oculto$líneas
100
AcDbLine
 10
0.8341510147170084
 20
-121.7619425798125
 30
0.0
 11
-0.5250125336726796
 21
-121.7619425798125
 31
0.0
  0
LINE
  5
362
330
1F
100
AcDbEntity
  8
Dibujo2D$oculto$líneas
100
AcDbLine
 10
-0.5250125336731344
 20
-171.3714120989025
 30
0.0
 11
0.8341510147170084
 21
-171.3714120989025
 31
0.0
  0
LINE
  5
363
330
1F
100
AcDbEntity
  8
Dibujo2D$oculto$líneas
100
AcDbLine
 10
0.8341510147170084
 20
-171.3714120989025
 30
0.0
 11
0.8341510147170084
 21
-191.7588653250332
 31
0.0
  0
LINE
  5
364
330
1F
100
AcDbEntity
  8
Dibujo2D$oculto$líneas
100
AcDbLine
 10
0.8341510147170084
 20
-191.7588653250332
 30
0.0
 11
-0.5250125336715428
 21
-191.7588653250332
 31
0.0
  0
LINE
  5
365
330
1F
100
AcDbEntity
  8
Dibujo2D$oculto$líneas
100
AcDbLine
 10
-0.5250125336742713
 20
-241.3683872267711
 30
0.0
 11
0.8341510147170084
 21
-241.3683872267711
 31
0.0
  0
LINE
  5
366
330
1F
100
AcDbEntity
  8
Dibujo2D$oculto$líneas
100
AcDbLine
 10
0.8341510147170084
 20
-241.3683872267711
 30
0.0
 11
0.8341510147170084
 21
-261.7558404529018
 31
0.0
  0
LINE
  5
367
330
1F
100
AcDbEntity
  8
Dibujo2D$oculto$líneas
100
AcDbLine
 10
0.8341510147170084
 20
-261.7558404529018
 30
0.0
 11
-0.525012533680183
 21
-261.7558404529018
 31
0.0
  0
LINE
  5
368
330
1F
100
AcDbEntity
  8
Dibujo2D$visible$líneas
100
AcDbLine
 10
-8.679993824143821
 20
-286.4922660226966
 30
0.0
 11
-8.679993824143821
 21
-287.5799478726667
 31
0.0
  0
LINE
  5
369
330
1F
100
AcDbEntity
  8
Dibujo2D$visible$líneas
100
AcDbLine
 10
-8.679993824143821
 20
-287.5799478726667
 30
0.0
 11
-29.06744705027427
 21
-287.5799478726667
 31
0.0
  0
LINE
  5
36A
330
1F
100
AcDbEntity
  8
Dibujo2D$oculto$líneas
100
AcDbLine
 10
-29.06744705027427
 20
-282.1896347165489
 30
0.0
 11
-29.06744705027427
 21
-278.0658030338059
 31
0.0
  0
LINE
  5
36B
330
1F
100
AcDbEntity
  8
Dibujo2D$visible$líneas
100
AcDbLine
 10
-29.06744705027404
 20
-282.3651932060136
 30
0.0
 11
-29.06744705027427
 21
-282.1896347165489
 31
0.0
  0
LINE
  5
36C
330
1F
100
AcDbEntity
  8
Dibujo2D$oculto$líneas
100
AcDbLine
 10
-29.06744705027427
 20
-286.4922708645011
 30
0.0
 11
-29.06744705027427
 21
-282.3651932060136
 31
0.0
  0
LINE
  5
36D
330
1F
100
AcDbEntity
  8
Dibujo2D$visible$líneas
100
AcDbLine
 10
-29.06744705027427
 20
-287.5799478726667
 30
0.0
 11
-29.06744705027427
 21
-286.4922708645011
 31
0.0
  0
LINE
  5
36E
330
1F
100
AcDbEntity
  8
Dibujo2D$oculto$líneas
100
AcDbLine
 10
-29.06744705027427
 20
-278.0658030338059
 30
0.0
 11
-54.89155447003941
 21
-278.0658030338059
 31
0.0
  0
LINE
  5
36F
330
1F
100
AcDbEntity
  8
Dibujo2D$visible$líneas
100
AcDbLine
 10
-54.89155447003941
 20
-286.4922769974517
 30
0.0
 11
-54.89155447003941
 21
-287.5799478726667
 31
0.0
  0
LINE
  5
370
330
1F
100
AcDbEntity
  8
Dibujo2D$oculto$líneas
100
AcDbLine
 10
-54.89155447003941
 20
-282.3652053434564
 30
0.0
 11
-54.89155447003941
 21
-286.4922769974517
 31
0.0
  0
LINE
  5
371
330
1F
100
AcDbEntity
  8
Dibujo2D$visible$líneas
100
AcDbLine
 10
-54.89155447003941
 20
-282.1896408494995
 30
0.0
 11
-54.89155447003941
 21
-282.3652053434564
 31
0.0
  0
LINE
  5
372
330
1F
100
AcDbEntity
  8
Dibujo2D$oculto$líneas
100
AcDbLine
 10
-54.89155447003941
 20
-278.0658030338059
 30
0.0
 11
-54.89155447003941
 21
-282.1896408494997
 31
0.0
  0
LINE
  5
373
330
1F
100
AcDbEntity
  8
Dibujo2D$visible$líneas
100
AcDbLine
 10
-54.89155447003941
 20
-287.5799478726667
 30
0.0
 11
-73.91984414776107
 21
-287.5799478726667
 31
0.0
  0
LINE
  5
374
330
1F
100
AcDbEntity
  8
Dibujo2D$oculto$líneas
100
AcDbLine
 10
-73.91984414776107
 20
-282.1896453685165
 30
0.0
 11
-73.91984414776107
 21
-278.0658030338059
 31
0.0
  0
LINE
  5
375
330
1F
100
AcDbEntity
  8
Dibujo2D$visible$líneas
100
AcDbLine
 10
-73.91984414776107
 20
-282.3652142868355
 30
0.0
 11
-73.91984414776107
 21
-282.1896453685165
 31
0.0
  0
LINE
  5
376
330
1F
100
AcDbEntity
  8
Dibujo2D$oculto$líneas
100
AcDbLine
 10
-73.91984414776107
 20
-286.4922815164689
 30
0.0
 11
-73.91984414776107
 21
-282.3652142868355
 31
0.0
  0
LINE
  5
377
330
1F
100
AcDbEntity
  8
Dibujo2D$visible$líneas
100
AcDbLine
 10
-73.91984414776107
 20
-287.5799478726667
 30
0.0
 11
-73.91984414776107
 21
-286.4922815164689
 31
0.0
  0
LINE
  5
378
330
1F
100
AcDbEntity
  8
Dibujo2D$oculto$líneas
100
AcDbLine
 10
-73.91984414776107
 20
-278.0658030338059
 30
0.0
 11
-99.74395156752644
 21
-278.0658030338059
 31
0.0
  0
LINE
  5
379
330
1F
100
AcDbEntity
  8
Dibujo2D$visible$líneas
100
AcDbLine
 10
-99.74395156752644
 20
-286.4922876494206
 30
0.0
 11
-99.74395156752644
 21
-287.5799478726667
 31
0.0
  0
LINE
  5
37A
330
1F
100
AcDbEntity
  8
Dibujo2D$oculto$líneas
100
AcDbLine
 10
-99.74395156752644
 20
-282.3652264242785
 30
0.0
 11
-99.74395156752644
 21
-286.4922876494206
 31
0.0
  0
LINE
  5
37B
330
1F
100
AcDbEntity
  8
Dibujo2D$visible$líneas
100
AcDbLine
 10
-99.74395156752644
 20
-282.189651501468
 30
0.0
 11
-99.74395156752644
 21
-282.3652264242785
 31
0.0
  0
LINE
  5
37C
330
1F
100
AcDbEntity
  8
Dibujo2D$oculto$líneas
100
AcDbLine
 10
-99.74395156752644
 20
-278.0658030338059
 30
0.0
 11
-99.74395156752644
 21
-282.189651501468
 31
0.0
  0
LINE
  5
37D
330
1F
100
AcDbEntity
  8
Dibujo2D$visible$líneas
100
AcDbLine
 10
-99.74395156752644
 20
-287.5799478726667
 30
0.0
 11
-120.1314047936567
 21
-287.5799478726667
 31
0.0
  0
CIRCLE
  5
37E
330
1F
100
AcDbEntity
  8
Dibujo2D$visible$líneas
100
AcDbCircle
 10
-94.77651962859846
 20
-108.1534503250126
 30
0.0
 40
4.077490645226021
  0
CIRCLE
  5
37F
330
1F
100
AcDbEntity
  8
Dibujo2D$visible$líneas
100
AcDbCircle
 10
-94.77651962859827
 20
-253.5988290795198
 30
0.0
 40
4.077490645225765
  0
SPLINE
  5
380
330
1F
100
AcDbEntity
  8
Dibujo2D$visible$líneas
100
AcDbSpline
210
0.0
220
0.0
230
1.0
 70
    12
 71
     2
 72
     8
 73
     5
 74
     0
 42
0.000000001
 43
0.0000000001
 40
552.9476807206465
 40
552.9476807206465
 40
552.9476807206465
 40
562.591300353103
 40
562.591300353103
 40
590.0035738634343
 40
590.0035738634343
 40
590.0035738634343
 10
-120.1314047936567
 20
-278.0625998585163
 30
0.0
 41
1.0
 10
-120.1314047936567
 20
-271.5089717189394
 30
0.0
 41
1.0
 10
-120.1314047936564
 20
-264.9553435793632
 30
0.0
 41
1.0
 10
-120.1314071026325
 20
-250.9512538083872
 30
0.0
 41
0.9683892162084894
 10
-113.3657837400451
 20
-238.6898969980998
 30
0.0
 41
1.0
  0
LINE
  5
381
330
1F
100
AcDbEntity
  8
Dibujo2D$oculto$líneas
100
AcDbLine
 10
-120.1314047936567
 20
-282.1896563432724
 30
0.0
 11
-120.1314047936567
 21
-278.0625998585163
 31
0.0
  0
LINE
  5
382
330
1F
100
AcDbEntity
  8
Dibujo2D$visible$líneas
100
AcDbLine
 10
-120.1314047936567
 20
-282.36523600647
 30
0.0
 11
-120.1314047936567
 21
-282.1896563432724
 31
0.0
  0
LINE
  5
383
330
1F
100
AcDbEntity
  8
Dibujo2D$oculto$líneas
100
AcDbLine
 10
-120.1314047936567
 20
-286.4922924912248
 30
0.0
 11
-120.1314047936567
 21
-282.36523600647
 31
0.0
  0
LINE
  5
384
330
1F
100
AcDbEntity
  8
Dibujo2D$visible$líneas
100
AcDbLine
 10
-120.1314047936567
 20
-287.5799478726667
 30
0.0
 11
-120.1314047936567
 21
-286.4922924912248
 31
0.0
  0
LINE
  5
385
330
1F
100
AcDbEntity
  8
Dibujo2D$oculto$líneas
100
AcDbLine
 10
-0.5250125336547171
 20
-191.7413317628434
 30
0.0
 11
732.7437223170158
 21
-191.7413317628434
 31
0.0
  0
LINE
  5
386
330
1F
100
AcDbEntity
  8
Dibujo2D$oculto$líneas
100
AcDbLine
 10
-673.3109685057191
 20
-281.5504457225411
 30
0.0
 11
-710.0083843127536
 21
-281.1013698639786
 31
0.0
  0
LINE
  5
387
330
1F
100
AcDbEntity
  8
Dibujo2D$visible$líneas
100
AcDbLine
 10
-710.0083843127536
 20
-285.9432637417863
 30
0.0
 11
-710.0083843127536
 21
-286.5382516684745
 31
0.0
  0
LINE
  5
388
330
1F
100
AcDbEntity
  8
Dibujo2D$oculto$líneas
100
AcDbLine
 10
-710.0083843127536
 20
-285.7686996968937
 30
0.0
 11
-710.0083843127536
 21
-285.9432637417863
 31
0.0
  0
LINE
  5
389
330
1F
100
AcDbEntity
  8
Dibujo2D$oculto$líneas
100
AcDbLine
 10
-710.0083843127536
 20
-285.7551689139609
 30
0.0
 11
-710.0083843127536
 21
-285.76785355217
 31
0.0
  0
LINE
  5
38A
330
1F
100
AcDbEntity
  8
Dibujo2D$oculto$líneas
100
AcDbLine
 10
-710.0083843127536
 20
-281.1013698639786
 30
0.0
 11
-710.0083843127536
 21
-281.8160108955781
 31
0.0
  0
LINE
  5
38B
330
1F
100
AcDbEntity
  8
Dibujo2D$visible$líneas
100
AcDbLine
 10
-710.0083843127536
 20
-286.5382516684745
 30
0.0
 11
-726.3183468936581
 21
-286.3386712297147
 31
0.0
  0
LINE
  5
38C
330
1F
100
AcDbEntity
  8
Dibujo2D$oculto$líneas
100
AcDbLine
 10
-726.3183468936579
 20
-281.6164227271802
 30
0.0
 11
-726.3183468936579
 21
-280.9017805935064
 31
0.0
  0
LINE
  5
38D
330
1F
100
AcDbEntity
  8
Dibujo2D$oculto$líneas
100
AcDbLine
 10
-726.3183468936581
 20
-285.7436820457619
 30
0.0
 11
-726.3183468936581
 21
-285.5555884752011
 31
0.0
  0
LINE
  5
38E
330
1F
100
AcDbEntity
  8
Dibujo2D$visible$líneas
100
AcDbLine
 10
-726.3183468936581
 20
-286.3386712297147
 30
0.0
 11
-726.3183468936581
 21
-285.7436820457619
 31
0.0
  0
LINE
  5
38F
330
1F
100
AcDbEntity
  8
Dibujo2D$oculto$líneas
100
AcDbLine
 10
-726.3183468936579
 20
-280.9017805935064
 30
0.0
 11
-847.4673897810669
 21
-279.4192481248783
 31
0.0
  0
LINE
  5
390
330
1F
100
AcDbEntity
  8
Dibujo2D$visible$líneas
100
AcDbLine
 10
-847.467389781067
 20
-284.2612058395025
 30
0.0
 11
-847.467389781067
 21
-284.8562043623115
 31
0.0
  0
LINE
  5
391
330
1F
100
AcDbEntity
  8
Dibujo2D$oculto$líneas
100
AcDbLine
 10
-847.467389781067
 20
-284.0731216077979
 30
0.0
 11
-847.467389781067
 21
-284.2612058395025
 31
0.0
  0
LINE
  5
392
330
1F
100
AcDbEntity
  8
Dibujo2D$oculto$líneas
100
AcDbLine
 10
-847.4673897810669
 20
-279.4192481248783
 30
0.0
 11
-847.4673897810669
 21
-280.1338984446693
 31
0.0
  0
LINE
  5
393
330
1F
100
AcDbEntity
  8
Dibujo2D$visible$líneas
100
AcDbLine
 10
-847.467389781067
 20
-284.8562043623115
 30
0.0
 11
-863.7773523619713
 21
-284.6566239235517
 31
0.0
  0
LINE
  5
394
330
1F
100
AcDbEntity
  8
Dibujo2D$oculto$líneas
100
AcDbLine
 10
-863.7773523619713
 20
-279.9343102762714
 30
0.0
 11
-863.7773523619713
 21
-279.2196588544061
 31
0.0
  0
LINE
  5
395
330
1F
100
AcDbEntity
  8
Dibujo2D$oculto$líneas
100
AcDbLine
 10
-863.7773523619713
 20
-284.0616241434782
 30
0.0
 11
-863.7773523619713
 21
-283.8735411690382
 31
0.0
  0
LINE
  5
396
330
1F
100
AcDbEntity
  8
Dibujo2D$visible$líneas
100
AcDbLine
 10
-863.7773523619713
 20
-284.6566239235517
 30
0.0
 11
-863.7773523619713
 21
-284.0616241434782
 31
0.0
  0
LINE
  5
397
330
1F
100
AcDbEntity
  8
Dibujo2D$oculto$líneas
100
AcDbLine
 10
-863.7773523619713
 20
-279.2196588544061
 30
0.0
 11
-984.9263952493803
 21
-277.7371263857781
 31
0.0
  0
LINE
  5
398
330
1F
100
AcDbEntity
  8
Dibujo2D$visible$líneas
100
AcDbLine
 10
-984.9263952493808
 20
-282.5791479372192
 30
0.0
 11
-984.9263952493808
 21
-283.174157056148
 31
0.0
  0
LINE
  5
399
330
1F
100
AcDbEntity
  8
Dibujo2D$oculto$líneas
100
AcDbLine
 10
-984.9263952493808
 20
-282.3910743016345
 30
0.0
 11
-984.9263952493808
 21
-282.5791479372192
 31
0.0
  0
LINE
  5
39A
330
1F
100
AcDbEntity
  8
Dibujo2D$oculto$líneas
100
AcDbLine
 10
-984.9263952493803
 20
-277.7371263857781
 30
0.0
 11
-984.9263952493803
 21
-278.4517859937596
 31
0.0
  0
LINE
  5
39B
330
1F
100
AcDbEntity
  8
Dibujo2D$visible$líneas
100
AcDbLine
 10
-984.9263952493808
 20
-283.174157056148
 30
0.0
 11
-1001.236357830285
 21
-282.9745766173887
 31
0.0
  0
LINE
  5
39C
330
1F
100
AcDbEntity
  8
Dibujo2D$oculto$líneas
100
AcDbLine
 10
-1001.236357830285
 20
-278.2521978253617
 30
0.0
 11
-1001.236357830285
 21
-277.5375371153063
 31
0.0
  0
LINE
  5
39D
330
1F
100
AcDbEntity
  8
Dibujo2D$oculto$líneas
100
AcDbLine
 10
-1001.236357830285
 20
-282.203273547485
 30
0.0
 11
-1001.236357830285
 21
-282.1914938628752
 31
0.0
  0
LINE
  5
39E
330
1F
100
AcDbEntity
  8
Dibujo2D$oculto$líneas
100
AcDbLine
 10
-1001.236357830285
 20
-282.3795662411949
 30
0.0
 11
-1001.236357830285
 21
-282.2050021979903
 31
0.0
  0
LINE
  5
39F
330
1F
100
AcDbEntity
  8
Dibujo2D$visible$líneas
100
AcDbLine
 10
-1001.236357830285
 20
-282.9745766173887
 30
0.0
 11
-1001.236357830285
 21
-282.3795662411949
 31
0.0
  0
LINE
  5
3A0
330
1F
100
AcDbEntity
  8
Dibujo2D$oculto$líneas
100
AcDbLine
 10
-1001.236357830285
 20
-277.5375371153063
 30
0.0
 11
-1041.331682508341
 21
-277.0468801587285
 31
0.0
  0
LINE
  5
3A1
330
1F
100
AcDbEntity
  8
Dibujo2D$oculto$líneas
100
AcDbLine
 10
-1041.331682508341
 20
-277.0468801587285
 30
0.0
 11
-1041.331682508341
 21
-244.2690827255965
 31
0.0
  0
LINE
  5
3A2
330
1F
100
AcDbEntity
  8
Dibujo2D$oculto$líneas
100
AcDbLine
 10
-1041.331682508341
 20
-244.2690827255965
 30
0.0
 11
-1048.807082024589
 21
-244.2690827255965
 31
0.0
  0
LINE
  5
3A3
330
1F
100
AcDbEntity
  8
Dibujo2D$oculto$líneas
100
AcDbLine
 10
-1048.807082024589
 20
-244.2690827255965
 30
0.0
 11
-1048.807082024589
 21
-227.9591201446924
 31
0.0
  0
LINE
  5
3A4
330
1F
100
AcDbEntity
  8
Dibujo2D$oculto$líneas
100
AcDbLine
 10
-1048.807082024589
 20
-227.9591201446924
 30
0.0
 11
-1041.331682508341
 21
-227.9591201446924
 31
0.0
  0
LINE
  5
3A5
330
1F
100
AcDbEntity
  8
Dibujo2D$oculto$líneas
100
AcDbLine
 10
-1041.331682508341
 20
-227.9591201446924
 30
0.0
 11
-1041.331682508341
 21
-189.9025407892486
 31
0.0
  0
LINE
  5
3A6
330
1F
100
AcDbEntity
  8
Dibujo2D$oculto$líneas
100
AcDbLine
 10
-1041.331682508341
 20
-189.9025407892486
 30
0.0
 11
-1048.807082024589
 21
-189.9025407892486
 31
0.0
  0
LINE
  5
3A7
330
1F
100
AcDbEntity
  8
Dibujo2D$oculto$líneas
100
AcDbLine
 10
-1048.807082024589
 20
-189.9025407892486
 30
0.0
 11
-1048.807082024589
 21
-173.5925782083445
 31
0.0
  0
LINE
  5
3A8
330
1F
100
AcDbEntity
  8
Dibujo2D$oculto$líneas
100
AcDbLine
 10
-1048.807082024589
 20
-173.5925782083445
 30
0.0
 11
-1041.331682508341
 21
-173.5925782083445
 31
0.0
  0
LINE
  5
3A9
330
1F
100
AcDbEntity
  8
Dibujo2D$oculto$líneas
100
AcDbLine
 10
-1041.331682508341
 20
-173.5925782083445
 30
0.0
 11
-1041.331682508341
 21
-135.535998852901
 31
0.0
  0
LINE
  5
3AA
330
1F
100
AcDbEntity
  8
Dibujo2D$oculto$líneas
100
AcDbLine
 10
-1041.331682508341
 20
-135.535998852901
 30
0.0
 11
-1048.807082024589
 21
-135.535998852901
 31
0.0
  0
LINE
  5
3AB
330
1F
100
AcDbEntity
  8
Dibujo2D$oculto$líneas
100
AcDbLine
 10
-1048.807082024589
 20
-135.535998852901
 30
0.0
 11
-1048.807082024589
 21
-119.2260362719967
 31
0.0
  0
LINE
  5
3AC
330
1F
100
AcDbEntity
  8
Dibujo2D$oculto$líneas
100
AcDbLine
 10
-1048.807082024589
 20
-119.2260362719967
 30
0.0
 11
-1041.331682508341
 21
-119.2260362719967
 31
0.0
  0
LINE
  5
3AD
330
1F
100
AcDbEntity
  8
Dibujo2D$oculto$líneas
100
AcDbLine
 10
-1041.331682508341
 20
-119.2260362719967
 30
0.0
 11
-1041.331682508341
 21
-86.44823883886443
 31
0.0
  0
LINE
  5
3AE
330
1F
100
AcDbEntity
  8
Dibujo2D$oculto$líneas
100
AcDbLine
 10
-1041.331682508341
 20
-86.44823883886443
 30
0.0
 11
-1001.236357830285
 21
-85.95758188228706
 31
0.0
  0
LINE
  5
3AF
330
1F
100
AcDbEntity
  8
Dibujo2D$visible$líneas
100
AcDbLine
 10
-1001.236357830285
 20
-81.11297320080303
 30
0.0
 11
-1001.236357830285
 21
-80.52054238020469
 31
0.0
  0
LINE
  5
3B0
330
1F
100
AcDbEntity
  8
Dibujo2D$oculto$líneas
100
AcDbLine
 10
-1001.236357830285
 20
-81.11631554558994
 30
0.0
 11
-1001.236357830285
 21
-81.11297320080303
 31
0.0
  0
LINE
  5
3B1
330
1F
100
AcDbEntity
  8
Dibujo2D$oculto$líneas
100
AcDbLine
 10
-1001.236357830285
 20
-85.95758188228706
 30
0.0
 11
-1001.236357830285
 21
-81.1180441960953
 31
0.0
  0
LINE
  5
3B2
330
1F
100
AcDbEntity
  8
Dibujo2D$visible$líneas
100
AcDbLine
 10
-1001.236357830285
 20
-80.52054238020469
 30
0.0
 11
-984.9263952493803
 21
-80.32096194144492
 31
0.0
  0
LINE
  5
3B3
330
1F
100
AcDbEntity
  8
Dibujo2D$oculto$líneas
100
AcDbLine
 10
-984.9263952493803
 20
-80.92007619444712
 30
0.0
 11
-984.9263952493803
 21
-85.75799261181487
 31
0.0
  0
LINE
  5
3B4
330
1F
100
AcDbEntity
  8
Dibujo2D$oculto$líneas
100
AcDbLine
 10
-984.9263952493803
 20
-80.91339150487329
 30
0.0
 11
-984.9263952493803
 21
-80.91673384966043
 31
0.0
  0
LINE
  5
3B5
330
1F
100
AcDbEntity
  8
Dibujo2D$visible$líneas
100
AcDbLine
 10
-984.9263952493803
 20
-80.32096194144492
 30
0.0
 11
-984.9263952493803
 21
-80.91339150487329
 31
0.0
  0
LINE
  5
3B6
330
1F
100
AcDbEntity
  8
Dibujo2D$oculto$líneas
100
AcDbLine
 10
-984.9263952493803
 20
-85.75799261181487
 30
0.0
 11
-863.7773523619716
 21
-84.27546014318682
 31
0.0
  0
LINE
  5
3B7
330
1F
100
AcDbEntity
  8
Dibujo2D$visible$líneas
100
AcDbLine
 10
-863.7773523619713
 20
-79.43091529931644
 30
0.0
 11
-863.7773523619713
 21
-78.83849507404148
 31
0.0
  0
LINE
  5
3B8
330
1F
100
AcDbEntity
  8
Dibujo2D$oculto$líneas
100
AcDbLine
 10
-863.7773523619716
 20
-84.27546014318682
 30
0.0
 11
-863.7773523619713
 21
-79.43091529931644
 31
0.0
  0
LINE
  5
3B9
330
1F
100
AcDbEntity
  8
Dibujo2D$visible$líneas
100
AcDbLine
 10
-863.7773523619713
 20
-78.83849507404148
 30
0.0
 11
-847.467389781067
 21
-78.63891463528171
 31
0.0
  0
LINE
  5
3BA
330
1F
100
AcDbEntity
  8
Dibujo2D$oculto$líneas
100
AcDbLine
 10
-847.467389781067
 20
-79.2313336033867
 30
0.0
 11
-847.4673897810671
 21
-84.07587087271463
 31
0.0
  0
LINE
  5
3BB
330
1F
100
AcDbEntity
  8
Dibujo2D$visible$líneas
100
AcDbLine
 10
-847.467389781067
 20
-78.63891463528171
 30
0.0
 11
-847.467389781067
 21
-79.2313336033867
 31
0.0
  0
LINE
  5
3BC
330
1F
100
AcDbEntity
  8
Dibujo2D$oculto$líneas
100
AcDbLine
 10
-847.4673897810671
 20
-84.07587087271463
 30
0.0
 11
-726.3183468936581
 21
-82.59333840408635
 31
0.0
  0
LINE
  5
3BD
330
1F
100
AcDbEntity
  8
Dibujo2D$visible$líneas
100
AcDbLine
 10
-726.3183468936581
 20
-77.74885739782985
 30
0.0
 11
-726.3183468936581
 21
-77.15644776787826
 31
0.0
  0
LINE
  5
3BE
330
1F
100
AcDbEntity
  8
Dibujo2D$oculto$líneas
100
AcDbLine
 10
-726.3183468936581
 20
-82.59333840408635
 30
0.0
 11
-726.3183468936581
 21
-77.74885739782985
 31
0.0
  0
LINE
  5
3BF
330
1F
100
AcDbEntity
  8
Dibujo2D$visible$líneas
100
AcDbLine
 10
-726.3183468936581
 20
-77.15644776787826
 30
0.0
 11
-710.0083843127536
 21
-76.9568673291185
 31
0.0
  0
LINE
  5
3C0
330
1F
100
AcDbEntity
  8
Dibujo2D$oculto$líneas
100
AcDbLine
 10
-710.0083843127536
 20
-77.54927570190057
 30
0.0
 11
-710.0083843127536
 21
-82.39374913361416
 31
0.0
  0
LINE
  5
3C1
330
1F
100
AcDbEntity
  8
Dibujo2D$visible$líneas
100
AcDbLine
 10
-710.0083843127536
 20
-76.9568673291185
 30
0.0
 11
-710.0083843127536
 21
-77.54927570190057
 31
0.0
  0
LINE
  5
3C2
330
1F
100
AcDbEntity
  8
Dibujo2D$oculto$líneas
100
AcDbLine
 10
-710.0083843127536
 20
-82.39374913361416
 30
0.0
 11
-673.3109685057191
 21
-81.94467327505185
 31
0.0
  0
LINE
  5
3C3
330
1F
100
AcDbEntity
  8
Dibujo2D$oculto$líneas
100
AcDbLine
 10
-673.3109685057191
 20
-145.0501436917621
 30
0.0
 11
-669.2334778604929
 21
-145.0501436917621
 31
0.0
  0
LINE
  5
3C4
330
1F
100
AcDbEntity
  8
Dibujo2D$oculto$líneas
100
AcDbLine
 10
-669.2334778604929
 20
-145.0501436917621
 30
0.0
 11
-669.2334778604929
 21
-173.5924255757327
 31
0.0
  0
LINE
  5
3C5
330
1F
100
AcDbEntity
  8
Dibujo2D$oculto$líneas
100
AcDbLine
 10
-669.2334778604929
 20
-189.9025407892486
 30
0.0
 11
-669.2334778604929
 21
-218.4449753058316
 31
0.0
  0
LINE
  5
3C6
330
1F
100
AcDbEntity
  8
Dibujo2D$oculto$líneas
100
AcDbLine
 10
-669.2334778604929
 20
-218.4449753058316
 30
0.0
 11
-673.3109685057191
 21
-218.4449753058316
 31
0.0
  0
CIRCLE
  5
3C7
330
1F
100
AcDbEntity
  8
Dibujo2D$oculto$líneas
100
AcDbCircle
 10
-861.9680826264577
 20
-181.7475594987964
 30
0.0
 40
18.80968763555145
  0
SPLINE
  5
3C8
330
1F
100
AcDbEntity
  8
Dibujo2D$oculto$líneas
100
AcDbSpline
210
0.0
220
0.0
230
1.0
 70
    15
 71
     2
 72
    22
 73
    19
 74
     0
 42
0.000000001
 43
0.0000000001
 40
911.4605489687661
 40
911.4605489687661
 40
911.4605489687661
 40
951.7046359167058
 40
951.7046359167058
 40
965.1234197831084
 40
965.1234197831084
 40
978.542203649511
 40
978.542203649511
 40
985.2321757903571
 40
985.2321757903571
 40
995.9901789232057
 40
995.9901789232057
 40
1006.748182056054
 40
1006.748182056054
 40
1045.399365217706
 40
1045.399365217706
 40
1054.660662811619
 40
1054.660662811619
 40
1063.921960405532
 40
1063.921960405532
 40
1063.921960405532
 10
-944.7911616507773
 20
-131.5818521225942
 30
0.0
 41
1.0
 10
-919.6412443515711
 20
-142.3269699292309
 30
0.0
 41
1.0
 10
-894.4913270523651
 20
-153.0720877358679
 30
0.0
 41
1.0
 10
-887.7661013913466
 20
-155.9453911008115
 30
0.0
 41
0.8806133464793034
 10
-881.6629097509455
 20
-151.9160506809465
 30
0.0
 41
1.0
 10
-875.5597181105446
 20
-147.8867102610814
 30
0.0
 41
0.8806133464793016
 10
-875.5597181105446
 20
-140.5733982604474
 30
0.0
 41
1.0
 10
-875.5597181105446
 20
-136.0270151235936
 30
0.0
 41
1.0
 10
-875.5597181105446
 20
-131.4806319867398
 30
0.0
 41
1.0
 10
-875.5597181105445
 20
-125.8020176919827
 30
0.0
 41
0.9227045269655368
 10
-879.5995967837467
 20
-121.8112733235189
 30
0.0
 41
1.0
 10
-883.6394754569484
 20
-117.8205289550548
 30
0.0
 41
0.9227045269655298
 10
-889.3176646163157
 20
-117.8900140546382
 30
0.0
 41
1.0
 10
-915.760997524534
 20
-118.2136062367358
 30
0.0
 41
1.0
 10
-942.2043304327523
 20
-118.5371984188334
 30
0.0
 41
1.0
 10
-947.715151259466
 20
-118.6046353997411
 30
0.0
 41
0.7766936314283809
 10
-948.7871853937578
 20
-124.010598472631
 30
0.0
 41
1.0
 10
-949.8592195280494
 20
-129.4165615455212
 30
0.0
 41
0.7766936314283263
 10
-944.7911616507773
 20
-131.5818521225942
 30
0.0
 41
1.0
  0
SPLINE
  5
3C9
330
1F
100
AcDbEntity
  8
Dibujo2D$oculto$líneas
100
AcDbSpline
210
0.0
220
0.0
230
1.0
 70
    15
 71
     2
 72
    22
 73
    19
 74
     0
 42
0.000000001
 43
0.0000000001
 40
158.1347819914542
 40
158.1347819914542
 40
158.1347819914542
 40
203.3358439646084
 40
203.3358439646084
 40
216.7546278310107
 40
216.7546278310107
 40
230.1734116974131
 40
230.1734116974131
 40
287.6977011620874
 40
287.6977011620874
 40
303.5595156163594
 40
303.5595156163594
 40
319.4213300706318
 40
319.4213300706318
 40
376.9456195353058
 40
376.9456195353058
 40
390.3644034017087
 40
390.3644034017087
 40
403.7831872681115
 40
403.7831872681115
 40
403.7831872681115
 10
-707.2900572159365
 20
-212.4653773904333
 30
0.0
 41
1.0
 10
-707.2900572159365
 20
-181.7475594987964
 30
0.0
 41
1.0
 10
-707.2900572159365
 20
-151.0297416071596
 30
0.0
 41
1.0
 10
-707.2900572159368
 20
-143.7164296065258
 30
0.0
 41
0.8806133464793171
 10
-713.3932488563378
 20
-139.6870891866611
 30
0.0
 41
1.0
 10
-719.4964404967384
 20
-135.6577487667959
 30
0.0
 41
0.880613346479309
 10
-726.2216661577573
 20
-138.5310521317392
 30
0.0
 41
1.0
 10
-762.1705777234156
 20
-153.8899610775575
 30
0.0
 41
1.0
 10
-798.119489289074
 20
-169.2488700233757
 30
0.0
 41
1.0
 10
-806.3711513154266
 20
-172.7743321359895
 30
0.0
 41
0.8345318290635063
 10
-806.3711513154265
 20
-181.7475594987964
 30
0.0
 41
1.0
 10
-806.3711513154263
 20
-190.7207868616033
 30
0.0
 41
0.8345318290634874
 10
-798.1194892890735
 20
-194.246248974217
 30
0.0
 41
1.0
 10
-762.1705777234156
 20
-209.6051579200353
 30
0.0
 41
1.0
 10
-726.2216661577572
 20
-224.9640668658535
 30
0.0
 41
1.0
 10
-719.4964404967386
 20
-227.8373702307973
 30
0.0
 41
0.8806133464792905
 10
-713.3932488563373
 20
-223.8080298109326
 30
0.0
 41
1.0
 10
-707.290057215936
 20
-219.7786893910677
 30
0.0
 41
0.8806133464792889
 10
-707.2900572159365
 20
-212.4653773904333
 30
0.0
 41
1.0
  0
SPLINE
  5
3CA
330
1F
100
AcDbEntity
  8
Dibujo2D$oculto$líneas
100
AcDbSpline
210
0.0
220
0.0
230
1.0
 70
    15
 71
     2
 72
    20
 73
    17
 74
     0
 42
0.000000001
 43
0.0000000001
 40
0.0
 40
0.0
 40
0.0
 40
44.02601968125828
 40
44.02601968125828
 40
53.37047486125069
 40
53.37047486125069
 40
62.71493004124289
 40
62.71493004124289
 40
104.9422353987248
 40
104.9422353987248
 40
126.1256113201055
 40
126.1256113201055
 40
133.3050712017305
 40
133.3050712017305
 40
146.7238550681334
 40
146.7238550681334
 40
160.1426389345362
 40
160.1426389345362
 40
160.1426389345362
 10
-829.4448382005501
 20
-153.0720877358681
 30
0.0
 41
1.0
 10
-801.9314607588101
 20
-141.3171989084883
 30
0.0
 41
1.0
 10
-774.4180833170701
 20
-129.5623100811088
 30
0.0
 41
1.0
 10
-769.2863267012308
 20
-127.3698046849211
 30
0.0
 41
0.7728253377708639
 10
-770.4387338760328
 20
-121.9095882441572
 30
0.0
 41
1.0
 10
-771.5911410508351
 20
-116.4493718033937
 30
0.0
 41
0.7728253377708771
 10
-777.1712255567793
 20
-116.5176563773477
 30
0.0
 41
1.0
 10
-806.0611741183736
 20
-116.8711882686634
 30
0.0
 41
1.0
 10
-834.9511226799682
 20
-117.2247201599791
 30
0.0
 41
1.0
 10
-848.3764471423705
 20
-117.3890084534877
 30
0.0
 41
0.7114198048161328
 10
-848.3764471423708
 20
-130.8153380920805
 30
0.0
 41
1.0
 10
-848.3764471423708
 20
-135.6943681762641
 30
0.0
 41
1.0
 10
-848.3764471423708
 20
-140.5733982604477
 30
0.0
 41
1.0
 10
-848.376447142371
 20
-147.8867102610822
 30
0.0
 41
0.8806133464792818
 10
-842.2732555019699
 20
-151.9160506809469
 30
0.0
 41
1.0
 10
-836.1700638615687
 20
-155.9453911008119
 30
0.0
 41
0.880613346479299
 10
-829.4448382005501
 20
-153.0720877358681
 30
0.0
 41
1.0
  0
SPLINE
  5
3CB
330
1F
100
AcDbEntity
  8
Dibujo2D$oculto$líneas
100
AcDbSpline
210
0.0
220
0.0
230
1.0
 70
    15
 71
     2
 72
    22
 73
    19
 74
     0
 42
0.000000001
 43
0.0000000001
 40
1265.249426112031
 40
1265.249426112031
 40
1265.249426112031
 40
1305.493513059971
 40
1305.493513059971
 40
1314.754810653884
 40
1314.754810653884
 40
1324.016108247797
 40
1324.016108247797
 40
1362.668464252325
 40
1362.668464252325
 40
1373.426467385174
 40
1373.426467385174
 40
1384.184470518022
 40
1384.184470518022
 40
1390.874442658868
 40
1390.874442658868
 40
1404.293226525271
 40
1404.293226525271
 40
1417.712010391673
 40
1417.712010391673
 40
1417.712010391673
 10
-894.4913270523654
 20
-210.4230312617256
 30
0.0
 41
1.0
 10
-919.6412443515711
 20
-221.1681490683618
 30
0.0
 41
1.0
 10
-944.7911616507769
 20
-231.9132668749985
 30
0.0
 41
1.0
 10
-949.8592195280486
 20
-234.0785574520714
 30
0.0
 41
0.7766936314283592
 10
-948.7871853937573
 20
-239.4845205249617
 30
0.0
 41
1.0
 10
-947.7151512594656
 20
-244.8904835978515
 30
0.0
 41
0.7766936314283678
 10
-942.2043304327523
 20
-244.9579205787591
 30
0.0
 41
1.0
 10
-915.760997524534
 20
-245.2815127608569
 30
0.0
 41
1.0
 10
-889.3176646163157
 20
-245.6051049429543
 30
0.0
 41
1.0
 10
-883.6394754569485
 20
-245.6745900425377
 30
0.0
 41
0.9227045269655388
 10
-879.5995967837467
 20
-241.6838456740738
 30
0.0
 41
1.0
 10
-875.5597181105442
 20
-237.69310130561
 30
0.0
 41
0.9227045269655262
 10
-875.5597181105446
 20
-232.0144870108534
 30
0.0
 41
1.0
 10
-875.5597181105446
 20
-227.4681038739996
 30
0.0
 41
1.0
 10
-875.5597181105446
 20
-222.9217207371457
 30
0.0
 41
1.0
 10
-875.5597181105448
 20
-215.6084087365114
 30
0.0
 41
0.8806133464793172
 10
-881.6629097509459
 20
-211.5790683166465
 30
0.0
 41
1.0
 10
-887.7661013913469
 20
-207.5497278967818
 30
0.0
 41
0.8806133464793217
 10
-894.4913270523654
 20
-210.4230312617251
 30
0.0
 41
1.0
  0
SPLINE
  5
3CC
330
1F
100
AcDbEntity
  8
Dibujo2D$oculto$líneas
100
AcDbSpline
210
0.0
220
0.0
230
1.0
 70
    15
 71
     2
 72
    20
 73
    17
 74
     0
 42
0.000000001
 43
0.0000000001
 40
189.5523833459667
 40
189.5523833459667
 40
189.5523833459667
 40
233.5784030272252
 40
233.5784030272252
 40
246.9971868936283
 40
246.9971868936283
 40
260.4159707600314
 40
260.4159707600314
 40
267.595430641656
 40
267.595430641656
 40
288.7788065630369
 40
288.7788065630369
 40
331.0073932783003
 40
331.0073932783003
 40
340.3518484582927
 40
340.3518484582927
 40
349.6963036382854
 40
349.6963036382854
 40
349.6963036382854
 10
-774.4180833170699
 20
-233.9328089164842
 30
0.0
 41
1.0
 10
-801.9314607588099
 20
-222.1779200891046
 30
0.0
 41
1.0
 10
-829.4448382005501
 20
-210.4230312617246
 30
0.0
 41
1.0
 10
-836.1700638615689
 20
-207.5497278967805
 30
0.0
 41
0.8806133464792957
 10
-842.2732555019701
 20
-211.5790683166456
 30
0.0
 41
1.0
 10
-848.3764471423715
 20
-215.6084087365111
 30
0.0
 41
0.8806133464792993
 10
-848.3764471423709
 20
-222.9217207371453
 30
0.0
 41
1.0
 10
-848.3764471423708
 20
-227.8007508213286
 30
0.0
 41
1.0
 10
-848.3764471423708
 20
-232.6797809055124
 30
0.0
 41
1.0
 10
-848.3764471423704
 20
-246.1061105441058
 30
0.0
 41
0.7114198048161272
 10
-834.951122679968
 20
-246.2703988376138
 30
0.0
 41
1.0
 10
-806.0611741183734
 20
-246.6239307289293
 30
0.0
 41
1.0
 10
-777.1712255567786
 20
-246.9774626202452
 30
0.0
 41
1.0
 10
-771.5911410508337
 20
-247.0457471941998
 30
0.0
 41
0.7728253377708304
 10
-770.4387338760321
 20
-241.5855307534357
 30
0.0
 41
1.0
 10
-769.2863267012298
 20
-236.1253143126714
 30
0.0
 41
0.7728253377708292
 10
-774.4180833170699
 20
-233.9328089164842
 30
0.0
 41
1.0
  0
SPLINE
  5
3CD
330
1F
100
AcDbEntity
  8
Dibujo2D$oculto$líneas
100
AcDbSpline
210
0.0
220
0.0
230
1.0
 70
    15
 71
     2
 72
    16
 73
    13
 74
     0
 42
0.000000001
 43
0.0000000001
 40
0.0
 40
0.0
 40
0.0
 40
5.337422773384636
 40
5.337422773384636
 40
10.33742277338464
 40
10.33742277338464
 40
15.67484554676929
 40
15.67484554676929
 40
21.01226832015401
 40
21.01226832015401
 40
26.01226832015401
 40
26.01226832015401
 40
31.34969109353868
 40
31.34969109353868
 40
31.34969109353868
 10
-906.6864726764717
 20
-99.26629395785403
 30
0.0
 41
1.0
 10
-906.6864726764719
 20
-102.6642028288756
 30
0.0
 41
0.7071067811865541
 10
-903.28856380545
 20
-102.6642028288757
 30
0.0
 41
1.0
 10
-899.8906549344284
 20
-102.6642028288757
 30
0.0
 41
1.0
 10
-896.4927460634066
 20
-102.6642028288757
 30
0.0
 41
1.0
 10
-893.0948371923848
 20
-102.6642028288757
 30
0.0
 41
0.7071067811865394
 10
-893.0948371923847
 20
-99.26629395785403
 30
0.0
 41
1.0
 10
-893.094837192385
 20
-95.86838508683208
 30
0.0
 41
0.707106781186532
 10
-896.4927460634066
 20
-95.8683850868324
 30
0.0
 41
1.0
 10
-899.8906549344284
 20
-95.8683850868324
 30
0.0
 41
1.0
 10
-903.28856380545
 20
-95.8683850868324
 30
0.0
 41
1.0
 10
-906.6864726764718
 20
-95.8683850868323
 30
0.0
 41
0.7071067811865428
 10
-906.6864726764717
 20
-99.26629395785403
 30
0.0
 41
1.0
  0
SPLINE
  5
3CE
330
1F
100
AcDbEntity
  8
Dibujo2D$oculto$líneas
100
AcDbSpline
210
0.0
220
0.0
230
1.0
 70
    15
 71
     2
 72
    16
 73
    13
 74
     0
 42
0.000000001
 43
0.0000000001
 40
0.0
 40
0.0
 40
0.0
 40
5.337422773384615
 40
5.337422773384615
 40
10.33742277338462
 40
10.33742277338462
 40
15.67484554676927
 40
15.67484554676927
 40
21.01226832015393
 40
21.01226832015393
 40
26.01226832015393
 40
26.01226832015393
 40
31.34969109353859
 40
31.34969109353859
 40
31.34969109353859
 10
-988.2362855809935
 20
-99.26629395785403
 30
0.0
 41
1.0
 10
-988.2362855809935
 20
-102.664202828876
 30
0.0
 41
0.7071067811865238
 10
-984.8383767099718
 20
-102.6642028288757
 30
0.0
 41
1.0
 10
-981.4404678389498
 20
-102.6642028288757
 30
0.0
 41
1.0
 10
-978.0425589679281
 20
-102.6642028288757
 30
0.0
 41
1.0
 10
-974.6446500969064
 20
-102.664202828876
 30
0.0
 41
0.7071067811865054
 10
-974.6446500969065
 20
-99.26629395785403
 30
0.0
 41
1.0
 10
-974.6446500969062
 20
-95.86838508683206
 30
0.0
 41
0.7071067811865002
 10
-978.0425589679281
 20
-95.8683850868324
 30
0.0
 41
1.0
 10
-981.4404678389498
 20
-95.8683850868324
 30
0.0
 41
1.0
 10
-984.8383767099718
 20
-95.8683850868324
 30
0.0
 41
1.0
 10
-988.2362855809935
 20
-95.86838508683218
 30
0.0
 41
0.7071067811865154
 10
-988.2362855809935
 20
-99.26629395785403
 30
0.0
 41
1.0
  0
SPLINE
  5
3CF
330
1F
100
AcDbEntity
  8
Dibujo2D$oculto$líneas
100
AcDbSpline
210
0.0
220
0.0
230
1.0
 70
    15
 71
     2
 72
    16
 73
    13
 74
     0
 42
0.000000001
 43
0.0000000001
 40
0.0
 40
0.0
 40
0.0
 40
5.337422773384718
 40
5.337422773384718
 40
10.33742277338472
 40
10.33742277338472
 40
15.67484554676937
 40
15.67484554676937
 40
21.01226832015411
 40
21.01226832015411
 40
26.01226832015411
 40
26.01226832015411
 40
31.34969109353876
 40
31.34969109353876
 40
31.34969109353876
 10
-825.1366597719501
 20
-99.26629395785403
 30
0.0
 41
1.0
 10
-825.1366597719501
 20
-102.664202828876
 30
0.0
 41
0.7071067811865224
 10
-821.7387509009284
 20
-102.6642028288757
 30
0.0
 41
1.0
 10
-818.3408420299066
 20
-102.6642028288757
 30
0.0
 41
1.0
 10
-814.9429331588849
 20
-102.6642028288757
 30
0.0
 41
1.0
 10
-811.5450242878632
 20
-102.6642028288758
 30
0.0
 41
0.7071067811865305
 10
-811.5450242878632
 20
-99.26629395785403
 30
0.0
 41
1.0
 10
-811.5450242878632
 20
-95.86838508683198
 30
0.0
 41
0.7071067811865298
 10
-814.9429331588849
 20
-95.8683850868324
 30
0.0
 41
1.0
 10
-818.3408420299066
 20
-95.8683850868324
 30
0.0
 41
1.0
 10
-821.7387509009284
 20
-95.8683850868324
 30
0.0
 41
1.0
 10
-825.1366597719501
 20
-95.86838508683215
 30
0.0
 41
0.7071067811865298
 10
-825.1366597719501
 20
-99.26629395785403
 30
0.0
 41
1.0
  0
SPLINE
  5
3D0
330
1F
100
AcDbEntity
  8
Dibujo2D$oculto$líneas
100
AcDbSpline
210
0.0
220
0.0
230
1.0
 70
    15
 71
     2
 72
    16
 73
    13
 74
     0
 42
0.000000001
 43
0.0000000001
 40
0.0
 40
0.0
 40
0.0
 40
5.337422773384577
 40
5.337422773384577
 40
10.33742277338458
 40
10.33742277338458
 40
15.67484554676918
 40
15.67484554676918
 40
21.01226832015376
 40
21.01226832015376
 40
26.01226832015376
 40
26.01226832015376
 40
31.34969109353825
 40
31.34969109353825
 40
31.34969109353825
 10
-743.5868468674284
 20
-99.26629395785403
 30
0.0
 41
1.0
 10
-743.5868468674287
 20
-102.6642028288756
 30
0.0
 41
0.7071067811865371
 10
-740.1889379964068
 20
-102.6642028288757
 30
0.0
 41
1.0
 10
-736.791029125385
 20
-102.6642028288757
 30
0.0
 41
1.0
 10
-733.3931202543631
 20
-102.6642028288757
 30
0.0
 41
1.0
 10
-729.9952113833414
 20
-102.6642028288756
 30
0.0
 41
0.7071067811865371
 10
-729.9952113833415
 20
-99.26629395785403
 30
0.0
 41
1.0
 10
-729.9952113833414
 20
-95.8683850868324
 30
0.0
 41
0.7071067811865273
 10
-733.3931202543631
 20
-95.8683850868324
 30
0.0
 41
1.0
 10
-736.791029125385
 20
-95.8683850868324
 30
0.0
 41
1.0
 10
-740.1889379964068
 20
-95.8683850868324
 30
0.0
 41
1.0
 10
-743.5868468674283
 20
-95.86838508683273
 30
0.0
 41
0.7071067811865663
 10
-743.5868468674283
 20
-99.26629395785403
 30
0.0
 41
1.0
  0
SPLINE
  5
3D1
330
1F
100
AcDbEntity
  8
Dibujo2D$oculto$líneas
100
AcDbSpline
210
0.0
220
0.0
230
1.0
 70
    15
 71
     2
 72
    16
 73
    13
 74
     0
 42
0.000000001
 43
0.0000000001
 40
0.0
 40
0.0
 40
0.0
 40
5.337422773384628
 40
5.337422773384628
 40
10.33742277338463
 40
10.33742277338463
 40
15.67484554676928
 40
15.67484554676928
 40
21.01226832015401
 40
21.01226832015401
 40
26.01226832015401
 40
26.01226832015401
 40
31.34969109353869
 40
31.34969109353869
 40
31.34969109353869
 10
-906.6864726764717
 20
-264.9387929461709
 30
0.0
 41
1.0
 10
-906.6864726764716
 20
-268.3367018171925
 30
0.0
 41
0.7071067811865505
 10
-903.28856380545
 20
-268.3367018171925
 30
0.0
 41
1.0
 10
-899.8906549344284
 20
-268.3367018171925
 30
0.0
 41
1.0
 10
-896.4927460634066
 20
-268.3367018171925
 30
0.0
 41
1.0
 10
-893.0948371923851
 20
-268.3367018171925
 30
0.0
 41
0.7071067811865476
 10
-893.0948371923847
 20
-264.9387929461709
 30
0.0
 41
1.0
 10
-893.0948371923847
 20
-261.5408840751489
 30
0.0
 41
0.7071067811865209
 10
-896.4927460634066
 20
-261.5408840751493
 30
0.0
 41
1.0
 10
-899.8906549344284
 20
-261.5408840751493
 30
0.0
 41
1.0
 10
-903.28856380545
 20
-261.5408840751493
 30
0.0
 41
1.0
 10
-906.6864726764717
 20
-261.5408840751491
 30
0.0
 41
0.7071067811865357
 10
-906.6864726764717
 20
-264.9387929461709
 30
0.0
 41
1.0
  0
SPLINE
  5
3D2
330
1F
100
AcDbEntity
  8
Dibujo2D$oculto$líneas
100
AcDbSpline
210
0.0
220
0.0
230
1.0
 70
    15
 71
     2
 72
    16
 73
    13
 74
     0
 42
0.000000001
 43
0.0000000001
 40
0.0
 40
0.0
 40
0.0
 40
5.337422773384656
 40
5.337422773384656
 40
10.33742277338466
 40
10.33742277338466
 40
15.67484554676935
 40
15.67484554676935
 40
21.01226832015408
 40
21.01226832015408
 40
26.01226832015408
 40
26.01226832015408
 40
31.34969109353877
 40
31.34969109353877
 40
31.34969109353877
 10
-825.1366597719501
 20
-264.9387929461709
 30
0.0
 41
1.0
 10
-825.1366597719501
 20
-268.3367018171925
 30
0.0
 41
0.7071067811865476
 10
-821.7387509009284
 20
-268.3367018171925
 30
0.0
 41
1.0
 10
-818.3408420299066
 20
-268.3367018171925
 30
0.0
 41
1.0
 10
-814.9429331588849
 20
-268.3367018171925
 30
0.0
 41
1.0
 10
-811.5450242878632
 20
-268.3367018171926
 30
0.0
 41
0.7071067811865387
 10
-811.5450242878632
 20
-264.9387929461709
 30
0.0
 41
1.0
 10
-811.5450242878633
 20
-261.5408840751491
 30
0.0
 41
0.707106781186512
 10
-814.9429331588849
 20
-261.5408840751493
 30
0.0
 41
1.0
 10
-818.3408420299066
 20
-261.5408840751493
 30
0.0
 41
1.0
 10
-821.7387509009284
 20
-261.5408840751493
 30
0.0
 41
1.0
 10
-825.1366597719501
 20
-261.5408840751491
 30
0.0
 41
0.7071067811865209
 10
-825.1366597719501
 20
-264.9387929461709
 30
0.0
 41
1.0
  0
SPLINE
  5
3D3
330
1F
100
AcDbEntity
  8
Dibujo2D$oculto$líneas
100
AcDbSpline
210
0.0
220
0.0
230
1.0
 70
    15
 71
     2
 72
    16
 73
    13
 74
     0
 42
0.000000001
 43
0.0000000001
 40
0.0
 40
0.0
 40
0.0
 40
5.337422773384517
 40
5.337422773384517
 40
10.33742277338452
 40
10.33742277338452
 40
15.67484554676914
 40
15.67484554676914
 40
21.01226832015369
 40
21.01226832015369
 40
26.01226832015369
 40
26.01226832015369
 40
31.34969109353829
 40
31.34969109353829
 40
31.34969109353829
 10
-743.5868468674284
 20
-264.9387929461709
 30
0.0
 41
1.0
 10
-743.5868468674283
 20
-268.3367018171925
 30
0.0
 41
0.7071067811865712
 10
-740.1889379964068
 20
-268.3367018171925
 30
0.0
 41
1.0
 10
-736.791029125385
 20
-268.3367018171925
 30
0.0
 41
1.0
 10
-733.3931202543631
 20
-268.3367018171925
 30
0.0
 41
1.0
 10
-729.9952113833415
 20
-268.3367018171926
 30
0.0
 41
0.7071067811865416
 10
-729.9952113833414
 20
-264.9387929461709
 30
0.0
 41
1.0
 10
-729.9952113833416
 20
-261.5408840751491
 30
0.0
 41
0.7071067811865209
 10
-733.3931202543631
 20
-261.5408840751493
 30
0.0
 41
1.0
 10
-736.791029125385
 20
-261.5408840751493
 30
0.0
 41
1.0
 10
-740.1889379964068
 20
-261.5408840751493
 30
0.0
 41
1.0
 10
-743.5868468674284
 20
-261.5408840751491
 30
0.0
 41
0.7071067811865357
 10
-743.5868468674284
 20
-264.9387929461709
 30
0.0
 41
1.0
  0
SPLINE
  5
3D4
330
1F
100
AcDbEntity
  8
Dibujo2D$oculto$líneas
100
AcDbSpline
210
0.0
220
0.0
230
1.0
 70
    15
 71
     2
 72
    16
 73
    13
 74
     0
 42
0.000000001
 43
0.0000000001
 40
0.0
 40
0.0
 40
0.0
 40
5.337422773384591
 40
5.337422773384591
 40
10.33742277338459
 40
10.33742277338459
 40
15.67484554676923
 40
15.67484554676923
 40
21.01226832015394
 40
21.01226832015394
 40
26.01226832015394
 40
26.01226832015394
 40
31.3496910935386
 40
31.3496910935386
 40
31.3496910935386
 10
-988.2362855809935
 20
-264.9387929461709
 30
0.0
 41
1.0
 10
-988.2362855809932
 20
-268.3367018171925
 30
0.0
 41
0.7071067811865357
 10
-984.8383767099718
 20
-268.3367018171925
 30
0.0
 41
1.0
 10
-981.4404678389498
 20
-268.3367018171925
 30
0.0
 41
1.0
 10
-978.0425589679281
 20
-268.3367018171925
 30
0.0
 41
1.0
 10
-974.6446500969065
 20
-268.3367018171925
 30
0.0
 41
0.707106781186512
 10
-974.6446500969065
 20
-264.9387929461709
 30
0.0
 41
1.0
 10
-974.6446500969063
 20
-261.5408840751489
 30
0.0
 41
0.7071067811864913
 10
-978.0425589679281
 20
-261.5408840751493
 30
0.0
 41
1.0
 10
-981.4404678389498
 20
-261.5408840751493
 30
0.0
 41
1.0
 10
-984.8383767099718
 20
-261.5408840751493
 30
0.0
 41
1.0
 10
-988.2362855809935
 20
-261.5408840751492
 30
0.0
 41
0.707106781186509
 10
-988.2362855809935
 20
-264.9387929461709
 30
0.0
 41
1.0
  0
SPLINE
  5
3D5
330
1F
100
AcDbEntity
  8
Dibujo2D$oculto$líneas
100
AcDbSpline
210
0.0
220
0.0
230
1.0
 70
    15
 71
     2
 72
    22
 73
    19
 74
     0
 42
0.000000001
 43
0.0000000001
 40
672.9546019407935
 40
672.9546019407935
 40
672.9546019407935
 40
723.5870228766984
 40
723.5870228766984
 40
739.4488373309705
 40
739.4488373309705
 40
755.3106517852431
 40
755.3106517852431
 40
805.9430727211482
 40
805.9430727211482
 40
819.3618565875505
 40
819.3618565875505
 40
832.780640453953
 40
832.780640453953
 40
872.566254807002
 40
872.566254807002
 40
885.9850386734051
 40
885.9850386734051
 40
899.4038225398083
 40
899.4038225398083
 40
899.4038225398083
 10
-989.1005666305069
 20
-221.2838273640718
 30
0.0
 41
1.0
 10
-957.4586212971741
 20
-207.7650381691446
 30
0.0
 41
1.0
 10
-925.8166759638412
 20
-194.2462489742175
 30
0.0
 41
1.0
 10
-917.5650139374886
 20
-190.7207868616036
 30
0.0
 41
0.8345318290634941
 10
-917.5650139374885
 20
-181.7475594987968
 30
0.0
 41
1.0
 10
-917.5650139374884
 20
-172.7743321359901
 30
0.0
 41
0.8345318290634887
 10
-925.8166759638412
 20
-169.2488700233757
 30
0.0
 41
1.0
 10
-957.4586212971741
 20
-155.7300808284483
 30
0.0
 41
1.0
 10
-989.1005666305074
 20
-142.2112916335209
 30
0.0
 41
1.0
 10
-995.825792291526
 20
-139.3379882685779
 30
0.0
 41
0.8806133464793288
 10
-1001.928983931927
 20
-143.3673286884427
 30
0.0
 41
1.0
 10
-1008.032175572328
 20
-147.3966691083077
 30
0.0
 41
0.8806133464793139
 10
-1008.032175572328
 20
-154.7099811089415
 30
0.0
 41
1.0
 10
-1008.032175572328
 20
-181.7475594987964
 30
0.0
 41
1.0
 10
-1008.032175572328
 20
-208.7851378886512
 30
0.0
 41
1.0
 10
-1008.032175572328
 20
-216.0984498892856
 30
0.0
 41
0.8806133464793018
 10
-1001.928983931927
 20
-220.1277903091509
 30
0.0
 41
1.0
 10
-995.8257922915259
 20
-224.1571307290161
 30
0.0
 41
0.8806133464792972
 10
-989.1005666305069
 20
-221.2838273640718
 30
0.0
 41
1.0
  0
LINE
  5
3D6
330
1F
100
AcDbEntity
  8
Dibujo2D$oculto$líneas
100
AcDbLine
 10
736.8212129622424
 20
-132.7933484397058
 30
0.0
 11
732.7437223170162
 21
-132.7933484397058
 31
0.0
  0
LINE
  5
3D7
330
1F
100
AcDbEntity
  8
Dibujo2D$oculto$líneas
100
AcDbLine
 10
732.7437223170158
 20
-132.7933484397058
 30
0.0
 11
732.7437223170162
 21
-119.0408622157522
 31
0.0
  0
LINE
  5
3D8
330
1F
100
AcDbEntity
  8
Dibujo2D$oculto$líneas
100
AcDbLine
 10
736.8212129622424
 20
-119.0407702430318
 30
0.0
 11
732.7437223170162
 21
-119.0407702430318
 31
0.0
  0
LINE
  5
3D9
330
1F
100
AcDbEntity
  8
Dibujo2D$visible$líneas
100
AcDbLine
 10
732.7437223169576
 20
-114.6573350291089
 30
0.0
 11
732.7437223170162
 21
-113.6042080221175
 31
0.0
  0
LINE
  5
3DA
330
1F
100
AcDbEntity
  8
Dibujo2D$oculto$líneas
100
AcDbLine
 10
732.7437223167125
 20
-119.0407741922731
 30
0.0
 11
732.7437223169576
 21
-114.6573350291089
 31
0.0
  0
LINE
  5
3DB
330
1F
100
AcDbEntity
  8
Dibujo2D$visible$líneas
100
AcDbLine
 10
736.8212129622424
 20
-113.6042080221175
 30
0.0
 11
732.7437223170162
 21
-113.6042080221175
 31
0.0
  0
LINE
  5
3DC
330
1F
100
AcDbEntity
  8
Dibujo2D$oculto$líneas
100
AcDbLine
 10
736.8212129622424
 20
-132.6324977853703
 30
0.0
 11
732.7437223170162
 21
-132.6324977853703
 31
0.0
  0
LINE
  5
3DD
330
1F
100
AcDbEntity
  8
Dibujo2D$oculto$líneas
100
AcDbLine
 10
736.8212129622424
 20
-230.5903515208106
 30
0.0
 11
732.7437223170162
 21
-230.5903515208106
 31
0.0
  0
LINE
  5
3DE
330
1F
100
AcDbEntity
  8
Dibujo2D$oculto$líneas
100
AcDbLine
 10
732.743722316753
 20
-244.698844231757
 30
0.0
 11
732.7437223167252
 21
-244.1821635499427
 31
0.0
  0
LINE
  5
3DF
330
1F
100
AcDbEntity
  8
Dibujo2D$oculto$líneas
100
AcDbLine
 10
732.7437223169744
 20
-248.8401895977447
 30
0.0
 11
732.7437223169744
 21
-248.8357349890639
 31
0.0
  0
LINE
  5
3E0
330
1F
100
AcDbEntity
  8
Dibujo2D$visible$líneas
100
AcDbLine
 10
732.7437223170162
 20
-249.6188177435774
 30
0.0
 11
732.7437223169749
 21
-248.8401895977447
 31
0.0
  0
LINE
  5
3E1
330
1F
100
AcDbEntity
  8
Dibujo2D$visible$líneas
100
AcDbLine
 10
736.8212129622424
 20
-249.6188177435774
 30
0.0
 11
732.7437223170162
 21
-249.6188177435774
 31
0.0
  0
LINE
  5
3E2
330
1F
100
AcDbEntity
  8
Dibujo2D$oculto$líneas
100
AcDbLine
 10
732.7437223170162
 20
-244.1821635499427
 30
0.0
 11
732.7437223170162
 21
-230.4296164811376
 31
0.0
  0
LINE
  5
3E3
330
1F
100
AcDbEntity
  8
Dibujo2D$oculto$líneas
100
AcDbLine
 10
736.8212129622424
 20
-244.1821635499427
 30
0.0
 11
732.7437223170162
 21
-244.1821635499427
 31
0.0
  0
LINE
  5
3E4
330
1F
100
AcDbEntity
  8
Dibujo2D$oculto$líneas
100
AcDbLine
 10
732.7437223170162
 20
-230.4296164811376
 30
0.0
 11
732.7437223170162
 21
-189.7664637508738
 31
0.0
  0
LINE
  5
3E5
330
1F
100
AcDbEntity
  8
Dibujo2D$oculto$líneas
100
AcDbLine
 10
736.8212129622424
 20
-230.4296164811376
 30
0.0
 11
732.7437223170162
 21
-230.4296164811376
 31
0.0
  0
LINE
  5
3E6
330
1F
100
AcDbEntity
  8
Dibujo2D$visible$líneas
100
AcDbLine
 10
732.7437223170162
 20
-189.7664637508738
 30
0.0
 11
732.7437223170162
 21
-173.4565011699697
 31
0.0
  0
LINE
  5
3E7
330
1F
100
AcDbEntity
  8
Dibujo2D$visible$líneas
100
AcDbLine
 10
736.8212129622424
 20
-189.7664637508738
 30
0.0
 11
732.7437223170162
 21
-189.7664637508738
 31
0.0
  0
LINE
  5
3E8
330
1F
100
AcDbEntity
  8
Dibujo2D$visible$líneas
100
AcDbLine
 10
736.8212129622424
 20
-173.4565011699697
 30
0.0
 11
732.7437223170162
 21
-173.4565011699697
 31
0.0
  0
LINE
  5
3E9
330
1F
100
AcDbEntity
  8
Dibujo2D$oculto$líneas
100
AcDbLine
 10
736.8212129622424
 20
-191.6943511432951
 30
0.0
 11
732.7437223170162
 21
-191.6943511432951
 31
0.0
  0
LINE
  5
3EA
330
1F
100
AcDbEntity
  8
Dibujo2D$oculto$líneas
100
AcDbLine
 10
736.8212129622424
 20
-223.7947103238121
 30
0.0
 11
732.7437223170162
 21
-223.7947103238121
 31
0.0
  0
LINE
  5
3EB
330
1F
100
AcDbEntity
  8
Dibujo2D$oculto$líneas
100
AcDbLine
 10
732.7437223170162
 20
-173.4565011699697
 30
0.0
 11
732.7437223170162
 21
-132.7933484397058
 31
0.0
  0
LINE
  5
3EC
330
1F
100
AcDbEntity
  8
Dibujo2D$oculto$líneas
100
AcDbLine
 10
736.8212129622424
 20
-173.4565011699697
 30
0.0
 11
736.8212129622424
 21
-132.7933484397058
 31
0.0
  0
LINE
  5
3ED
330
1F
100
AcDbEntity
  8
Dibujo2D$visible$líneas
100
AcDbLine
 10
736.8212129622424
 20
-189.7664637508738
 30
0.0
 11
736.8212129622424
 21
-173.4565011699697
 31
0.0
  0
LINE
  5
3EE
330
1F
100
AcDbEntity
  8
Dibujo2D$oculto$líneas
100
AcDbLine
 10
736.8212129622424
 20
-230.4296164811376
 30
0.0
 11
736.8212129622424
 21
-189.7664637508738
 31
0.0
  0
LINE
  5
3EF
330
1F
100
AcDbEntity
  8
Dibujo2D$oculto$líneas
100
AcDbLine
 10
736.8212129622424
 20
-244.1819871689258
 30
0.0
 11
736.8212129622424
 21
-230.4296164811376
 31
0.0
  0
LINE
  5
3F0
330
1F
100
AcDbEntity
  8
Dibujo2D$oculto$líneas
100
AcDbLine
 10
736.8212129619609
 20
-244.3576352312339
 30
0.0
 11
736.8212129619513
 21
-244.1821559762711
 31
0.0
  0
LINE
  5
3F1
330
1F
100
AcDbEntity
  8
Dibujo2D$visible$líneas
100
AcDbLine
 10
736.8212129622424
 20
-249.6188177435774
 30
0.0
 11
736.8212129621828
 21
-248.4987925957639
 31
0.0
  0
LINE
  5
3F2
330
1F
100
AcDbEntity
  8
Dibujo2D$visible$líneas
100
AcDbLine
 10
736.8212129621646
 20
-114.9985669668129
 30
0.0
 11
736.8212129622424
 21
-113.6042080221175
 31
0.0
  0
LINE
  5
3F3
330
1F
100
AcDbEntity
  8
Dibujo2D$oculto$líneas
100
AcDbLine
 10
736.8212129619386
 20
-119.0407702430318
 30
0.0
 11
736.8212129621646
 21
-114.9985669668129
 31
0.0
  0
LINE
  5
3F4
330
1F
100
AcDbEntity
  8
Dibujo2D$oculto$líneas
100
AcDbLine
 10
736.8212129622419
 20
-132.7933484397058
 30
0.0
 11
736.8212129622424
 21
-119.0407702430318
 31
0.0
  0
LINE
  5
3F5
330
1F
100
AcDbEntity
  8
Dibujo2D$visible$líneas
100
AcDbLine
 10
-665.5476112056954
 20
-286.3160994823411
 30
0.0
 11
-665.5476112056954
 21
-77.00521826123872
 31
0.0
  0
LINE
  5
3F6
330
1F
100
AcDbEntity
  8
Dibujo2D$visible$líneas
100
AcDbLine
 10
-665.2744723381647
 20
-286.3160994823411
 30
0.0
 11
-665.5476112056954
 21
-286.3160994823411
 31
0.0
  0
SPLINE
  5
3F7
330
1F
100
AcDbEntity
  8
Dibujo2D$visible$líneas
100
AcDbSpline
210
0.0
220
0.0
230
1.0
 70
     8
 71
     3
 72
     8
 73
     4
 74
     0
 42
0.000000001
 43
0.0000000001
 40
0.0
 40
0.0
 40
0.0
 40
0.0
 40
384.6720814081529
 40
384.6720814081529
 40
384.6720814081529
 40
384.6720814081529
 10
-665.5476112056954
 20
-77.00521826123872
 30
0.0
 10
-793.7620392781444
 20
-78.57415218241294
 30
0.0
 10
-921.9764674849308
 20
-80.14308600688696
 30
0.0
 10
-1050.190895587534
 20
-81.71201992580768
 30
0.0
  0
LINE
  5
3F8
330
1F
100
AcDbEntity
  8
Dibujo2D$visible$líneas
100
AcDbLine
 10
-665.2744723381647
 20
-77.00521826123872
 30
0.0
 11
-665.5476112056954
 21
-77.00521826123872
 31
0.0
  0
LINE
  5
3F9
330
1F
100
AcDbEntity
  8
Dibujo2D$visible$líneas
100
AcDbLine
 10
-1050.190895587534
 20
-81.71201992580768
 30
0.0
 11
-1050.190895587534
 21
-281.6092978177721
 31
0.0
  0
LINE
  5
3FA
330
1F
100
AcDbEntity
  8
Dibujo2D$oculto$líneas
100
AcDbLine
 10
-1049.917756720003
 20
-81.71201992580768
 30
0.0
 11
-1050.190895587534
 21
-81.71201992580768
 31
0.0
  0
SPLINE
  5
3FB
330
1F
100
AcDbEntity
  8
Dibujo2D$visible$líneas
100
AcDbSpline
210
0.0
220
0.0
230
1.0
 70
    15
 71
     2
 72
    12
 73
     9
 74
     0
 42
0.000000001
 43
0.0000000001
 40
0.0
 40
0.0
 40
0.0
 40
3.732000979717676
 40
3.732000979717676
 40
7.464001959435215
 40
7.464001959435215
 40
11.19600293915283
 40
11.19600293915283
 40
14.92800391887056
 40
14.92800391887056
 40
14.92800391887056
 10
-857.8692506143522
 20
-93.97053890152188
 30
0.0
 41
1.0
 10
-860.2451125406865
 20
-93.96786462489463
 30
0.0
 41
0.7071076750660171
 10
-860.2424442708904
 20
-91.59200269180656
 30
0.0
 41
1.0
 10
-860.2451125406864
 20
-89.2161407587183
 30
0.0
 41
0.7071076750659664
 10
-857.8692506143522
 20
-89.21346648209146
 30
0.0
 41
1.0
 10
-855.4933886880174
 20
-89.2161407587181
 30
0.0
 41
0.7071076750659093
 10
-855.4960569578137
 20
-91.59200269180656
 30
0.0
 41
1.0
 10
-855.4933886880176
 20
-93.96786462489472
 30
0.0
 41
0.7071076750659917
 10
-857.8692506143522
 20
-93.97053890152188
 30
0.0
 41
1.0
  0
LINE
  5
3FC
330
1F
100
AcDbEntity
  8
Dibujo2D$oculto$líneas
100
AcDbLine
 10
-857.5961117468213
 20
-93.97053890152188
 30
0.0
 11
-857.701909299442
 21
-93.97053890152188
 31
0.0
  0
SPLINE
  5
3FD
330
1F
100
AcDbEntity
  8
Dibujo2D$visible$líneas
100
AcDbSpline
210
0.0
220
0.0
230
1.0
 70
    15
 71
     2
 72
    12
 73
     9
 74
     0
 42
0.000000001
 43
0.0000000001
 40
0.0
 40
0.0
 40
0.0
 40
3.732000979717449
 40
3.732000979717449
 40
7.464001959435301
 40
7.464001959435301
 40
11.19600293915318
 40
11.19600293915318
 40
14.92800391887067
 40
14.92800391887067
 40
14.92800391887067
 10
-857.869253219683
 20
-274.1078512296076
 30
0.0
 41
1.0
 10
-860.2451151460174
 20
-274.1051769529805
 30
0.0
 41
0.7071076750660045
 10
-860.2424468762212
 20
-271.7293150198925
 30
0.0
 41
1.0
 10
-860.2451151460174
 20
-269.3534530868044
 30
0.0
 41
0.7071076750660129
 10
-857.869253219683
 20
-269.350778810177
 30
0.0
 41
1.0
 10
-855.4933912933484
 20
-269.3534530868043
 30
0.0
 41
0.7071076750660003
 10
-855.4960595631445
 20
-271.7293150198925
 30
0.0
 41
1.0
 10
-855.4933912933485
 20
-274.1051769529807
 30
0.0
 41
0.7071076750660129
 10
-857.869253219683
 20
-274.1078512296076
 30
0.0
 41
1.0
  0
LINE
  5
3FE
330
1F
100
AcDbEntity
  8
Dibujo2D$oculto$líneas
100
AcDbLine
 10
-857.5961143521521
 20
-274.1078512296076
 30
0.0
 11
-857.7019119047728
 21
-274.1078512296076
 31
0.0
  0
SPLINE
  5
3FF
330
1F
100
AcDbEntity
  8
Dibujo2D$visible$líneas
100
AcDbSpline
210
0.0
220
0.0
230
1.0
 70
    15
 71
     2
 72
    12
 73
     9
 74
     0
 42
0.000000001
 43
0.0000000001
 40
0.0
 40
0.0
 40
0.0
 40
3.732000979717538
 40
3.732000979717538
 40
7.464001959435381
 40
7.464001959435381
 40
11.19600293915328
 40
11.19600293915328
 40
14.92800391887085
 40
14.92800391887085
 40
14.92800391887085
 10
-677.0745518231681
 20
-276.3119020058557
 30
0.0
 41
1.0
 10
-679.4504137495026
 20
-276.3092277292289
 30
0.0
 41
0.707107675065958
 10
-679.4477454797064
 20
-273.9333657961406
 30
0.0
 41
1.0
 10
-679.4504137495028
 20
-271.5575038630524
 30
0.0
 41
0.7071076750659875
 10
-677.0745518231681
 20
-271.5548295864251
 30
0.0
 41
1.0
 10
-674.6986898968332
 20
-271.557503863052
 30
0.0
 41
0.7071076750659367
 10
-674.7013581666298
 20
-273.9333657961406
 30
0.0
 41
1.0
 10
-674.6986898968337
 20
-276.3092277292288
 30
0.0
 41
0.7071076750659622
 10
-677.0745518231681
 20
-276.3119020058557
 30
0.0
 41
1.0
  0
LINE
  5
400
330
1F
100
AcDbEntity
  8
Dibujo2D$oculto$líneas
100
AcDbLine
 10
-676.8014129556373
 20
-276.3119020058557
 30
0.0
 11
-676.907210508258
 21
-276.3119020058557
 31
0.0
  0
SPLINE
  5
401
330
1F
100
AcDbEntity
  8
Dibujo2D$visible$líneas
100
AcDbSpline
210
0.0
220
0.0
230
1.0
 70
    15
 71
     2
 72
    12
 73
     9
 74
     0
 42
0.000000001
 43
0.0000000001
 40
0.0
 40
0.0
 40
0.0
 40
3.73200097971766
 40
3.73200097971766
 40
7.464001959435228
 40
7.464001959435228
 40
11.19600293915286
 40
11.19600293915286
 40
14.92800391887051
 40
14.92800391887051
 40
14.92800391887051
 10
-677.0745518231681
 20
-91.76648815715498
 30
0.0
 41
1.0
 10
-679.4504137495027
 20
-91.76381388052798
 30
0.0
 41
0.7071076750660129
 10
-679.4477454797064
 20
-89.38795194743966
 30
0.0
 41
1.0
 10
-679.4504137495027
 20
-87.0120900143513
 30
0.0
 41
0.7071076750659622
 10
-677.0745518231681
 20
-87.00941573772457
 30
0.0
 41
1.0
 10
-674.6986898968336
 20
-87.01209001435139
 30
0.0
 41
0.7071076750658902
 10
-674.7013581666298
 20
-89.38795194743966
 30
0.0
 41
1.0
 10
-674.6986898968338
 20
-91.76381388052788
 30
0.0
 41
0.7071076750660298
 10
-677.0745518231681
 20
-91.76648815715498
 30
0.0
 41
1.0
  0
LINE
  5
402
330
1F
100
AcDbEntity
  8
Dibujo2D$oculto$líneas
100
AcDbLine
 10
-676.8014129556373
 20
-91.76648815715498
 30
0.0
 11
-676.907210508258
 21
-91.76648815715498
 31
0.0
  0
SPLINE
  5
403
330
1F
100
AcDbEntity
  8
Dibujo2D$visible$líneas
100
AcDbSpline
210
0.0
220
0.0
230
1.0
 70
    15
 71
     2
 72
    12
 73
     9
 74
     0
 42
0.000000001
 43
0.0000000001
 40
0.0
 40
0.0
 40
0.0
 40
3.732000979717552
 40
3.732000979717552
 40
7.464001959435237
 40
7.464001959435237
 40
11.19600293915295
 40
11.19600293915295
 40
14.92800391887048
 40
14.92800391887048
 40
14.92800391887048
 10
-1038.663954970061
 20
-96.17458971398082
 30
0.0
 41
1.0
 10
-1041.039816896396
 20
-96.17191543735399
 30
0.0
 41
0.7071076750659674
 10
-1041.0371486266
 20
-93.79605350426573
 30
0.0
 41
1.0
 10
-1041.039816896396
 20
-91.42019157117757
 30
0.0
 41
0.7071076750659913
 10
-1038.663954970061
 20
-91.41751729455041
 30
0.0
 41
1.0
 10
-1036.288093043727
 20
-91.42019157117768
 30
0.0
 41
0.7071076750659854
 10
-1036.290761313523
 20
-93.79605350426573
 30
0.0
 41
1.0
 10
-1036.288093043727
 20
-96.17191543735379
 30
0.0
 41
0.7071076750659802
 10
-1038.663954970061
 20
-96.17458971398082
 30
0.0
 41
1.0
  0
LINE
  5
404
330
1F
100
AcDbEntity
  8
Dibujo2D$oculto$líneas
100
AcDbLine
 10
-1038.390816102531
 20
-96.17458971398082
 30
0.0
 11
-1038.496613655151
 21
-96.17458971398082
 31
0.0
  0
SPLINE
  5
405
330
1F
100
AcDbEntity
  8
Dibujo2D$visible$líneas
100
AcDbSpline
210
0.0
220
0.0
230
1.0
 70
    15
 71
     2
 72
    12
 73
     9
 74
     0
 42
0.000000001
 43
0.0000000001
 40
0.0
 40
0.0
 40
0.0
 40
3.732000979717804
 40
3.732000979717804
 40
7.464001959435264
 40
7.464001959435264
 40
11.19600293915283
 40
11.19600293915283
 40
14.92800391887065
 40
14.92800391887065
 40
14.92800391887065
 10
-1038.663954970061
 20
-271.9038004490294
 30
0.0
 41
1.0
 10
-1041.039816896396
 20
-271.901126172402
 30
0.0
 41
0.7071076750660447
 10
-1041.0371486266
 20
-269.5252642393139
 30
0.0
 41
1.0
 10
-1041.039816896396
 20
-267.1494023062256
 30
0.0
 41
0.7071076750660045
 10
-1038.663954970061
 20
-267.1467280295988
 30
0.0
 41
1.0
 10
-1036.288093043727
 20
-267.1494023062257
 30
0.0
 41
0.7071076750659875
 10
-1036.290761313523
 20
-269.5252642393139
 30
0.0
 41
1.0
 10
-1036.288093043727
 20
-271.9011261724021
 30
0.0
 41
0.7071076750660277
 10
-1038.663954970061
 20
-271.9038004490294
 30
0.0
 41
1.0
  0
LINE
  5
406
330
1F
100
AcDbEntity
  8
Dibujo2D$oculto$líneas
100
AcDbLine
 10
-1038.390816102531
 20
-271.9038004490294
 30
0.0
 11
-1038.496613655151
 21
-271.9038004490294
 31
0.0
  0
LINE
  5
407
330
1F
100
AcDbEntity
  8
Dibujo2D$visible$líneas
100
AcDbLine
 10
-1050.190895587534
 20
-281.6092978177721
 30
0.0
 11
-665.5476112056954
 21
-286.3160994823411
 31
0.0
  0
LINE
  5
408
330
1F
100
AcDbEntity
  8
Dibujo2D$oculto$líneas
100
AcDbLine
 10
-1049.917756720003
 20
-281.6092978177721
 30
0.0
 11
-1050.190895587534
 21
-281.6092978177721
 31
0.0
  0
SPLINE
  5
409
330
1F
100
AcDbEntity
  8
Dibujo2D$oculto$líneas
100
AcDbSpline
210
0.0
220
0.0
230
1.0
 70
    12
 71
     2
 72
     8
 73
     5
 74
     0
 42
0.000000001
 43
0.0000000001
 40
0.0
 40
0.0
 40
0.0
 40
3.73200097971757
 40
3.73200097971757
 40
7.464001959435203
 40
7.464001959435203
 40
7.464001959435203
 10
-857.5961117468213
 20
-89.21346648209146
 30
0.0
 41
1.0
 10
-855.2202498204869
 20
-89.21614075871842
 30
0.0
 41
0.7071076750659431
 10
-855.2229180902829
 20
-91.59200269180656
 30
0.0
 41
1.0
 10
-855.2202498204871
 20
-93.9678646248946
 30
0.0
 41
0.7071076750660319
 10
-857.5961117468213
 20
-93.97053890152188
 30
0.0
 41
1.0
  0
ARC
  5
40A
330
1F
100
AcDbEntity
  8
Dibujo2D$oculto$líneas
100
AcDbCircle
 10
-857.5961103283719
 20
-91.58137141370368
 30
0.0
 40
2.36790495851532
100
AcDbArc
 50
92.56085161883672
 51
93.30641585639398
  0
SPLINE
  5
40B
330
1F
100
AcDbEntity
  8
Dibujo2D$visible$líneas
100
AcDbSpline
210
0.0
220
0.0
230
1.0
 70
    12
 71
     2
 72
     8
 73
     5
 74
     0
 42
0.000000001
 43
0.0000000001
 40
0.0
 40
0.0
 40
0.0
 40
3.595344472084873
 40
3.595344472084873
 40
7.190688939761385
 40
7.190688939761385
 40
7.190688939761385
 10
-857.732681181145
 20
-93.96659722993172
 30
0.0
 41
1.0
 10
-859.971604971572
 20
-93.8348010939771
 30
0.0
 41
0.7272346753253461
 10
-859.9693054033597
 20
-91.59200269180656
 30
0.0
 41
1.0
 10
-859.9716049715611
 20
-89.34920429380958
 30
0.0
 41
0.727234675964744
 10
-857.7326811855456
 20
-89.21740815393582
 30
0.0
 41
1.0
  0
ARC
  5
40C
330
1F
100
AcDbEntity
  8
Dibujo2D$oculto$líneas
100
AcDbCircle
 10
-857.5961103285752
 20
-91.60263397319233
 30
0.0
 40
2.367904955226582
100
AcDbArc
 50
266.6935842505988
 51
267.4391483825276
  0
SPLINE
  5
40D
330
1F
100
AcDbEntity
  8
Dibujo2D$oculto$líneas
100
AcDbSpline
210
0.0
220
0.0
230
1.0
 70
    12
 71
     2
 72
     8
 73
     5
 74
     0
 42
0.000000001
 43
0.0000000001
 40
0.0
 40
0.0
 40
0.0
 40
3.732000979717838
 40
3.732000979717838
 40
7.464001959435331
 40
7.464001959435331
 40
7.464001959435331
 10
-857.5961143521521
 20
-269.350778810177
 30
0.0
 41
1.0
 10
-855.2202524258175
 20
-269.3534530868044
 30
0.0
 41
0.7071076750660129
 10
-855.2229206956137
 20
-271.7293150198925
 30
0.0
 41
1.0
 10
-855.2202524258179
 20
-274.1051769529807
 30
0.0
 41
0.7071076750660129
 10
-857.5961143521521
 20
-274.1078512296076
 30
0.0
 41
1.0
  0
ARC
  5
40E
330
1F
100
AcDbEntity
  8
Dibujo2D$oculto$líneas
100
AcDbCircle
 10
-857.5961129331553
 20
-271.7186837528287
 30
0.0
 40
2.367904969568237
100
AcDbArc
 50
92.56085162013107
 51
93.30641585411138
  0
SPLINE
  5
40F
330
1F
100
AcDbEntity
  8
Dibujo2D$visible$líneas
100
AcDbSpline
210
0.0
220
0.0
230
1.0
 70
    12
 71
     2
 72
     8
 73
     5
 74
     0
 42
0.000000001
 43
0.0000000001
 40
0.0
 40
0.0
 40
0.0
 40
3.595344472085822
 40
3.595344472085822
 40
7.190688939766513
 40
7.190688939766513
 40
7.190688939766513
 10
-857.7326837864747
 20
-274.1039095580174
 30
0.0
 41
1.0
 10
-859.971607576903
 20
-273.9721134220641
 30
0.0
 41
0.7272346753251134
 10
-859.9693080086905
 20
-271.7293150198925
 30
0.0
 41
1.0
 10
-859.9716075768919
 20
-269.4865166218921
 30
0.0
 41
0.7272346759642149
 10
-857.7326837908728
 20
-269.3547204820211
 30
0.0
 41
1.0
  0
ARC
  5
410
330
1F
100
AcDbEntity
  8
Dibujo2D$oculto$líneas
100
AcDbCircle
 10
-857.5961129336209
 20
-271.7399462961284
 30
0.0
 40
2.367904960384065
100
AcDbArc
 50
266.6935842509308
 51
267.439148381203
  0
SPLINE
  5
411
330
1F
100
AcDbEntity
  8
Dibujo2D$oculto$líneas
100
AcDbSpline
210
0.0
220
0.0
230
1.0
 70
    12
 71
     2
 72
     8
 73
     5
 74
     0
 42
0.000000001
 43
0.0000000001
 40
0.0
 40
0.0
 40
0.0
 40
3.732000979717976
 40
3.732000979717976
 40
7.464001959435469
 40
7.464001959435469
 40
7.464001959435469
 10
-676.8014129556373
 20
-271.5548295864251
 30
0.0
 41
1.0
 10
-674.4255510293025
 20
-271.557503863052
 30
0.0
 41
0.7071076750659325
 10
-674.4282192990988
 20
-273.9333657961406
 30
0.0
 41
1.0
 10
-674.4255510293029
 20
-276.3092277292288
 30
0.0
 41
0.7071076750660129
 10
-676.8014129556373
 20
-276.3119020058557
 30
0.0
 41
1.0
  0
ARC
  5
412
330
1F
100
AcDbEntity
  8
Dibujo2D$oculto$líneas
100
AcDbCircle
 10
-676.8014115371993
 20
-273.9227345179351
 30
0.0
 40
2.367904958412804
100
AcDbArc
 50
92.56085161866955
 51
93.30641585616806
  0
SPLINE
  5
413
330
1F
100
AcDbEntity
  8
Dibujo2D$visible$líneas
100
AcDbSpline
210
0.0
220
0.0
230
1.0
 70
    12
 71
     2
 72
     8
 73
     5
 74
     0
 42
0.000000001
 43
0.0000000001
 40
0.0
 40
0.0
 40
0.0
 40
3.595344472087835
 40
3.595344472087835
 40
7.190688939768561
 40
7.190688939768561
 40
7.190688939768561
 10
-676.9379823899579
 20
-276.3079603342658
 30
0.0
 41
1.0
 10
-679.1769061803883
 20
-276.1761641983142
 30
0.0
 41
0.7272346753248412
 10
-679.1746066121757
 20
-273.9333657961406
 30
0.0
 41
1.0
 10
-679.176906180377
 20
-271.69056739814
 30
0.0
 41
0.7272346759642346
 10
-676.9379823943578
 20
-271.5587712582692
 30
0.0
 41
1.0
  0
ARC
  5
414
330
1F
100
AcDbEntity
  8
Dibujo2D$oculto$líneas
100
AcDbCircle
 10
-676.8014115372671
 20
-273.9439970759086
 30
0.0
 40
2.367904956848309
100
AcDbArc
 50
266.6935842499313
 51
267.4391483812813
  0
SPLINE
  5
415
330
1F
100
AcDbEntity
  8
Dibujo2D$oculto$líneas
100
AcDbSpline
210
0.0
220
0.0
230
1.0
 70
    12
 71
     2
 72
     8
 73
     5
 74
     0
 42
0.000000001
 43
0.0000000001
 40
0.0
 40
0.0
 40
0.0
 40
3.732000979717627
 40
3.732000979717627
 40
7.464001959435258
 40
7.464001959435258
 40
7.464001959435258
 10
-676.8014129556373
 20
-87.00941573772457
 30
0.0
 41
1.0
 10
-674.4255510293026
 20
-87.0120900143511
 30
0.0
 41
0.7071076750659114
 10
-674.4282192990989
 20
-89.38795194743966
 30
0.0
 41
1.0
 10
-674.425551029303
 20
-91.76381388052754
 30
0.0
 41
0.7071076750660721
 10
-676.8014129556373
 20
-91.76648815715498
 30
0.0
 41
1.0
  0
ARC
  5
416
330
1F
100
AcDbEntity
  8
Dibujo2D$oculto$líneas
100
AcDbCircle
 10
-676.8014115371479
 20
-89.37732067008456
 30
0.0
 40
2.367904959264189
100
AcDbArc
 50
92.56085161899281
 51
93.30641585627019
  0
SPLINE
  5
417
330
1F
100
AcDbEntity
  8
Dibujo2D$visible$líneas
100
AcDbSpline
210
0.0
220
0.0
230
1.0
 70
    12
 71
     2
 72
     8
 73
     5
 74
     0
 42
0.000000001
 43
0.0000000001
 40
0.0
 40
0.0
 40
0.0
 40
3.59534447207886
 40
3.59534447207886
 40
7.19068893975721
 40
7.19068893975721
 40
7.19068893975721
 10
-676.9379823899669
 20
-91.7625464855646
 30
0.0
 41
1.0
 10
-679.1769061803877
 20
-91.63075034960427
 30
0.0
 41
0.7272346753262593
 10
-679.1746066121757
 20
-89.38795194743966
 30
0.0
 41
1.0
 10
-679.176906180377
 20
-87.14515354944115
 30
0.0
 41
0.7272346759644411
 10
-676.9379823943599
 20
-87.0133574095687
 30
0.0
 41
1.0
  0
ARC
  5
418
330
1F
100
AcDbEntity
  8
Dibujo2D$oculto$líneas
100
AcDbCircle
 10
-676.8014115371647
 20
-89.39858322503586
 30
0.0
 40
2.367904959022718
100
AcDbArc
 50
266.6935842502733
 51
267.4391483811534
  0
SPLINE
  5
419
330
1F
100
AcDbEntity
  8
Dibujo2D$oculto$líneas
100
AcDbSpline
210
0.0
220
0.0
230
1.0
 70
    12
 71
     2
 72
     8
 73
     5
 74
     0
 42
0.000000001
 43
0.0000000001
 40
0.0
 40
0.0
 40
0.0
 40
3.73200097971769
 40
3.73200097971769
 40
7.46400195943523
 40
7.46400195943523
 40
7.46400195943523
 10
-1038.390816102531
 20
-91.41751729455041
 30
0.0
 41
1.0
 10
-1036.014954176196
 20
-91.42019157117743
 30
0.0
 41
0.7071076750659917
 10
-1036.017622445992
 20
-93.79605350426573
 30
0.0
 41
1.0
 10
-1036.014954176196
 20
-96.17191543735389
 30
0.0
 41
0.7071076750659764
 10
-1038.390816102531
 20
-96.17458971398082
 30
0.0
 41
1.0
  0
ARC
  5
41A
330
1F
100
AcDbEntity
  8
Dibujo2D$oculto$líneas
100
AcDbCircle
 10
-1038.390814684216
 20
-93.78542222338818
 30
0.0
 40
2.367904955737627
100
AcDbArc
 50
92.56085161857696
 51
93.3064158570117
  0
SPLINE
  5
41B
330
1F
100
AcDbEntity
  8
Dibujo2D$visible$líneas
100
AcDbSpline
210
0.0
220
0.0
230
1.0
 70
    12
 71
     2
 72
     8
 73
     5
 74
     0
 42
0.000000001
 43
0.0000000001
 40
0.0
 40
0.0
 40
0.0
 40
3.595344472083707
 40
3.595344472083707
 40
7.190688939760264
 40
7.190688939760264
 40
7.190688939760264
 10
-1038.527385536855
 20
-96.17064804239067
 30
0.0
 41
1.0
 10
-1040.766309327282
 20
-96.0388519064353
 30
0.0
 41
0.7272346753254325
 10
-1040.764009759069
 20
-93.79605350426573
 30
0.0
 41
1.0
 10
-1040.766309327271
 20
-91.55325510626892
 30
0.0
 41
0.7272346759647932
 10
-1038.527385541255
 20
-91.42145896639477
 30
0.0
 41
1.0
  0
ARC
  5
41C
330
1F
100
AcDbEntity
  8
Dibujo2D$oculto$líneas
100
AcDbCircle
 10
-1038.390814684117
 20
-93.8066847829073
 30
0.0
 40
2.367904957975469
100
AcDbArc
 50
266.6935842503441
 51
267.4391483814382
  0
SPLINE
  5
41D
330
1F
100
AcDbEntity
  8
Dibujo2D$oculto$líneas
100
AcDbSpline
210
0.0
220
0.0
230
1.0
 70
    12
 71
     2
 72
     8
 73
     5
 74
     0
 42
0.000000001
 43
0.0000000001
 40
0.0
 40
0.0
 40
0.0
 40
3.732000979717531
 40
3.732000979717531
 40
7.464001959435358
 40
7.464001959435358
 40
7.464001959435358
 10
-1038.390816102531
 20
-267.1467280295988
 30
0.0
 41
1.0
 10
-1036.014954176196
 20
-267.1494023062259
 30
0.0
 41
0.7071076750659854
 10
-1036.017622445992
 20
-269.5252642393139
 30
0.0
 41
1.0
 10
-1036.014954176196
 20
-271.9011261724021
 30
0.0
 41
0.7071076750660298
 10
-1038.390816102531
 20
-271.9038004490294
 30
0.0
 41
1.0
  0
ARC
  5
41E
330
1F
100
AcDbEntity
  8
Dibujo2D$oculto$líneas
100
AcDbCircle
 10
-1038.390814684162
 20
-269.5146329594721
 30
0.0
 40
2.367904956774699
100
AcDbArc
 50
92.56085161875986
 51
93.30641585686254
  0
SPLINE
  5
41F
330
1F
100
AcDbEntity
  8
Dibujo2D$visible$líneas
100
AcDbSpline
210
0.0
220
0.0
230
1.0
 70
    12
 71
     2
 72
     8
 73
     5
 74
     0
 42
0.000000001
 43
0.0000000001
 40
0.0
 40
0.0
 40
0.0
 40
3.5953444720882
 40
3.5953444720882
 40
7.190688939764491
 40
7.190688939764491
 40
7.190688939764491
 10
-1038.527385536851
 20
-271.8998587774395
 30
0.0
 41
1.0
 10
-1040.766309327282
 20
-271.7680626414875
 30
0.0
 41
0.7272346753248928
 10
-1040.764009759069
 20
-269.5252642393139
 30
0.0
 41
1.0
 10
-1040.76630932727
 20
-267.2824658413173
 30
0.0
 41
0.7272346759647882
 10
-1038.527385541255
 20
-267.1506697014431
 30
0.0
 41
1.0
  0
ARC
  5
420
330
1F
100
AcDbEntity
  8
Dibujo2D$oculto$líneas
100
AcDbCircle
 10
-1038.390814684218
 20
-269.535895520219
 30
0.0
 40
2.367904955710186
100
AcDbArc
 50
266.6935842497346
 51
267.4391483814374
  0
LINE
  5
421
330
1F
100
AcDbEntity
  8
Dibujo2D$oculto$líneas
100
AcDbLine
 10
-722.2311200950879
 20
-285.6191325642749
 30
0.0
 11
-705.9577921645387
 21
-285.8182659694367
 31
0.0
  0
LINE
  5
422
330
1F
100
AcDbEntity
  8
Dibujo2D$oculto$líneas
100
AcDbLine
 10
-865.732775535164
 20
-283.8631319836868
 30
0.0
 11
-849.4594476046146
 21
-284.0622653888488
 31
0.0
  0
LINE
  5
423
330
1F
100
AcDbEntity
  8
Dibujo2D$oculto$líneas
100
AcDbLine
 10
-1009.234436893629
 20
-282.1071313306768
 30
0.0
 11
-992.9611089630799
 21
-282.3062647358386
 31
0.0
  0
LINE
  5
424
330
1F
100
AcDbEntity
  8
Dibujo2D$oculto$líneas
100
AcDbLine
 10
-992.9611089630802
 20
-81.01505300774124
 30
0.0
 11
-1049.917756720003
 21
-81.71201992580768
 31
0.0
  0
LINE
  5
425
330
1F
100
AcDbEntity
  8
Dibujo2D$oculto$líneas
100
AcDbLine
 10
-849.4594476046146
 20
-79.25905235473124
 30
0.0
 11
-865.732775535164
 21
-79.45818575989324
 31
0.0
  0
LINE
  5
426
330
1F
100
AcDbEntity
  8
Dibujo2D$oculto$líneas
100
AcDbLine
 10
-705.9577921645385
 20
-77.50305177414339
 30
0.0
 11
-722.2311200950882
 21
-77.70218517930516
 31
0.0
  0
LINE
  5
427
330
1F
100
AcDbEntity
  8
Dibujo2D$visible$líneas
100
AcDbLine
 10
-665.2744723381647
 20
-93.4016235870074
 30
0.0
 11
-665.2744723381647
 21
-93.31518084214281
 31
0.0
  0
LINE
  5
428
330
1F
100
AcDbEntity
  8
Dibujo2D$oculto$líneas
100
AcDbLine
 10
-665.2744723381646
 20
-109.6251434230469
 30
0.0
 11
-665.2744723381647
 21
-93.4016235870074
 31
0.0
  0
LINE
  5
429
330
1F
100
AcDbEntity
  8
Dibujo2D$visible$líneas
100
AcDbLine
 10
-665.2744723381647
 20
-173.5922729431211
 30
0.0
 11
-665.2744723381647
 21
-173.505677581338
 31
0.0
  0
LINE
  5
42A
330
1F
100
AcDbEntity
  8
Dibujo2D$oculto$líneas
100
AcDbLine
 10
-665.2744723381647
 20
-189.8156401622423
 30
0.0
 11
-665.2744723381647
 21
-173.5922729431211
 31
0.0
  0
LINE
  5
42B
330
1F
100
AcDbEntity
  8
Dibujo2D$visible$líneas
100
AcDbLine
 10
-665.2744723381647
 20
-253.7829222992345
 30
0.0
 11
-665.2744723381647
 21
-253.6961743205334
 31
0.0
  0
LINE
  5
42C
330
1F
100
AcDbEntity
  8
Dibujo2D$oculto$líneas
100
AcDbLine
 10
-665.2744723381647
 20
-270.0061369014377
 30
0.0
 11
-665.2744723381647
 21
-253.7829222992345
 31
0.0
  0
LINE
  5
42D
330
1F
100
AcDbEntity
  8
Dibujo2D$oculto$líneas
100
AcDbLine
 10
-8.679993824143821
 20
-101.3744893536821
 30
0.0
 11
-0.5250125336915517
 21
-101.3744893536821
 31
0.0
  0
LINE
  5
42E
330
1F
100
AcDbEntity
  8
Dibujo2D$oculto$líneas
100
AcDbLine
 10
-0.5250125336915517
 20
-121.7619425798125
 30
0.0
 11
-8.679993824143821
 21
-121.7619425798125
 31
0.0
  0
LINE
  5
42F
330
1F
100
AcDbEntity
  8
Dibujo2D$oculto$líneas
100
AcDbLine
 10
-8.679993824143821
 20
-171.3714120989025
 30
0.0
 11
-0.5250125336915517
 21
-171.3714120989025
 31
0.0
  0
LINE
  5
430
330
1F
100
AcDbEntity
  8
Dibujo2D$oculto$líneas
100
AcDbLine
 10
-0.5250125336915517
 20
-191.7588653250332
 30
0.0
 11
-8.679993824143821
 21
-191.7588653250332
 31
0.0
  0
LINE
  5
431
330
1F
100
AcDbEntity
  8
Dibujo2D$oculto$líneas
100
AcDbLine
 10
-8.679993824143821
 20
-241.3683872267711
 30
0.0
 11
-0.5250125336915517
 21
-241.3683872267711
 31
0.0
  0
LINE
  5
432
330
1F
100
AcDbEntity
  8
Dibujo2D$oculto$líneas
100
AcDbLine
 10
-0.5250125336915517
 20
-261.7558404529018
 30
0.0
 11
-8.679993824143821
 21
-261.7558404529018
 31
0.0
  0
LINE
  5
433
330
1F
100
AcDbEntity
  8
Dibujo2D$oculto$líneas
100
AcDbLine
 10
-0.5250125336547171
 20
-244.1527236384109
 30
0.0
 11
-8.679993824106987
 21
-244.1527236384109
 31
0.0
  0
LINE
  5
434
330
1F
100
AcDbEntity
  8
Dibujo2D$oculto$líneas
100
AcDbLine
 10
-0.5250125337456666
 20
-119.1096771848111
 30
0.0
 11
-8.679993824197936
 21
-119.1096771848111
 31
0.0
  0
LINE
  5
435
330
1F
100
AcDbEntity
  8
Dibujo2D$visible$líneas
100
AcDbLine
 10
-0.5250125997440591
 20
-75.5966179062375
 30
0.0
 11
-8.679993890196101
 21
-75.5966179062375
 31
0.0
  0
LINE
  5
436
330
1F
100
AcDbEntity
  8
Dibujo2D$oculto$líneas
100
AcDbLine
 10
-0.5250126658334011
 20
-81.03334575333588
 30
0.0
 11
-4.58778111926631
 21
-81.03334575333588
 31
0.0
  0
LINE
  5
437
330
1F
100
AcDbEntity
  8
Dibujo2D$oculto$líneas
100
AcDbLine
 10
-0.5250125336549445
 20
-85.06131073137499
 30
0.0
 11
-4.587781109620892
 21
-85.06131073137499
 31
0.0
  0
LINE
  5
438
330
1F
100
AcDbEntity
  8
Dibujo2D$oculto$líneas
100
AcDbLine
 10
-3.961993596496541
 20
-94.62873508583357
 30
0.0
 11
-8.679993824106987
 21
-94.62873508583357
 31
0.0
  0
LINE
  5
439
330
1F
100
AcDbEntity
  8
Dibujo2D$oculto$líneas
100
AcDbLine
 10
-0.5250125336549445
 20
-94.62873508583357
 30
0.0
 11
-3.580701644380497
 21
-94.62873508583357
 31
0.0
  0
LINE
  5
43A
330
1F
100
AcDbEntity
  8
Dibujo2D$oculto$líneas
100
AcDbLine
 10
-0.5250125336547171
 20
-94.62494277724477
 30
0.0
 11
-8.679993824106987
 21
-94.62494277724477
 31
0.0
  0
LINE
  5
43B
330
1F
100
AcDbEntity
  8
Dibujo2D$oculto$líneas
100
AcDbLine
 10
-0.5250125336547171
 20
-268.6374823126007
 30
0.0
 11
-8.67999382410676
 21
-268.6374823126007
 31
0.0
  0
LINE
  5
43C
330
1F
100
AcDbEntity
  8
Dibujo2D$oculto$líneas
100
AcDbLine
 10
-0.5250125336547171
 20
-268.6336936742387
 30
0.0
 11
-8.67999382410676
 21
-268.6336936742387
 31
0.0
  0
LINE
  5
43D
330
1F
100
AcDbEntity
  8
Dibujo2D$oculto$líneas
100
AcDbLine
 10
-0.5250126614591863
 20
-278.1021989231367
 30
0.0
 11
-8.679993824117446
 21
-278.1021989231367
 31
0.0
  0
LINE
  5
43E
330
1F
100
AcDbEntity
  8
Dibujo2D$oculto$líneas
100
AcDbLine
 10
-0.5250123803780298
 20
-282.2292203162015
 30
0.0
 11
-8.679993670830072
 21
-282.2292203162015
 31
0.0
  0
LINE
  5
43F
330
1F
100
AcDbEntity
  8
Dibujo2D$visible$líneas
100
AcDbLine
 10
-8.679993823395762
 20
-287.5799478726667
 30
0.0
 11
-8.679993824122448
 21
-287.6657828991597
 31
0.0
  0
LINE
  5
440
330
1F
100
AcDbEntity
  8
Dibujo2D$visible$líneas
100
AcDbLine
 10
-0.5250125336701785
 20
-287.6657828991597
 30
0.0
 11
-8.679993824122448
 21
-287.6657828991597
 31
0.0
  0
LINE
  5
441
330
1F
100
AcDbEntity
  8
Dibujo2D$oculto$líneas
100
AcDbLine
 10
-0.5250125336544897
 20
-191.7413317628434
 30
0.0
 11
-8.67999382410676
 21
-191.7413317628434
 31
0.0
  0
LINE
  5
442
330
1F
100
AcDbEntity
  8
Dibujo2D$visible$líneas
100
AcDbLine
 10
-0.5250125236716485
 20
-286.4847456293592
 30
0.0
 11
-0.5250125336701785
 21
-287.6657828991597
 31
0.0
  0
LINE
  5
443
330
1F
100
AcDbEntity
  8
Dibujo2D$oculto$líneas
100
AcDbLine
 10
-0.5250124876447444
 20
-282.2292203162015
 30
0.0
 11
-0.5250124887315906
 21
-282.3576227616527
 31
0.0
  0
LINE
  5
444
330
1F
100
AcDbEntity
  8
Dibujo2D$oculto$líneas
100
AcDbLine
 10
-0.5250123792470731
 20
-282.1816685880012
 30
0.0
 11
-0.5250123803780298
 21
-282.2292203162015
 31
0.0
  0
SPLINE
  5
445
330
1F
100
AcDbEntity
  8
Dibujo2D$oculto$líneas
100
AcDbSpline
210
0.0
220
0.0
230
1.0
 70
    12
 71
     3
 72
     8
 73
     4
 74
     0
 42
0.000000001
 43
0.0000000001
 40
-536.3722446936854
 40
-536.3722446936854
 40
-536.3722446936854
 40
-536.3722446936854
 40
-529.4431771785843
 40
-529.4431771785843
 40
-529.4431771785843
 40
-529.4431771785843
 10
-0.5250125336547171
 20
-268.6374823126007
 30
0.0
 41
1.0
 10
-0.5250125336547171
 20
-271.7767276429302
 30
0.0
 41
1.0
 10
-0.5250125337051941
 20
-274.9159729732596
 30
0.0
 41
1.0
 10
-0.5250126595663005
 20
-278.0552183035891
 30
0.0
 41
1.0
  0
LINE
  5
446
330
1F
100
AcDbEntity
  8
Dibujo2D$oculto$líneas
100
AcDbLine
 10
-0.5250125336547171
 20
-94.62494277724477
 30
0.0
 11
-0.5250125336547171
 21
-268.6374823126007
 31
0.0
  0
LINE
  5
447
330
1F
100
AcDbEntity
  8
Dibujo2D$oculto$líneas
100
AcDbLine
 10
-0.5250125336549445
 20
-85.06131073137499
 30
0.0
 11
-0.5250125336549445
 21
-94.62490758982085
 31
0.0
  0
SPLINE
  5
448
330
1F
100
AcDbEntity
  8
Dibujo2D$oculto$líneas
100
AcDbSpline
210
0.0
220
0.0
230
1.0
 70
    12
 71
     3
 72
     8
 73
     4
 74
     0
 42
0.000000001
 43
0.0000000001
 40
-750.5796280142857
 40
-750.5796280142857
 40
-750.5796280142857
 40
-750.5796280142857
 40
-747.6160566844658
 40
-747.6160566844658
 40
-747.6160566844658
 40
-747.6160566844658
 10
-0.5250126658334011
 20
-81.03334575333588
 30
0.0
 41
1.0
 10
-0.5250125336547171
 20
-82.37600074561351
 30
0.0
 41
1.0
 10
-0.5250125336547171
 20
-83.71865573789091
 30
0.0
 41
1.0
 10
-0.5250125336549445
 20
-85.06131073016854
 30
0.0
 41
1.0
  0
LINE
  5
449
330
1F
100
AcDbEntity
  8
Dibujo2D$oculto$líneas
100
AcDbLine
 10
-0.5250125928828311
 20
-77.01268449351892
 30
0.0
 11
-0.5250125734023641
 21
-81.03327210645989
 31
0.0
  0
LINE
  5
44A
330
1F
100
AcDbEntity
  8
Dibujo2D$visible$líneas
100
AcDbLine
 10
-0.5250125997440591
 20
-75.5966179062375
 30
0.0
 11
-0.5250125928828311
 21
-77.01268449351892
 31
0.0
  0
LINE
  5
44B
330
1F
100
AcDbEntity
  8
Dibujo2D$oculto$líneas
100
AcDbLine
 10
-345.0183779779563
 20
-189.7169235353022
 30
0.0
 11
-353.1733491919495
 21
-189.7169235353022
 31
0.0
  0
LINE
  5
44C
330
1F
100
AcDbEntity
  8
Dibujo2D$oculto$líneas
100
AcDbLine
 10
-345.0183775292917
 20
-173.4069609543976
 30
0.0
 11
-353.1733523893527
 21
-173.4069609543976
 31
0.0
  0
LINE
  5
44D
330
1F
100
AcDbEntity
  8
Dibujo2D$oculto$líneas
100
AcDbLine
 10
-8.67999382410676
 20
-173.4762191211585
 30
0.0
 11
-0.5250125336547171
 21
-173.4762191211585
 31
0.0
  0
LINE
  5
44E
330
1F
100
AcDbEntity
  8
Dibujo2D$oculto$líneas
100
AcDbLine
 10
-0.5250125336547171
 20
-189.786181702063
 30
0.0
 11
-8.67999382410676
 21
-189.786181702063
 31
0.0
  0
LINE
  5
44F
330
1F
100
AcDbEntity
  8
Dibujo2D$oculto$líneas
100
AcDbLine
 10
-992.9610874607414
 20
-81.01681019464172
 30
0.0
 11
-1001.236357477923
 21
-81.11807299134625
 31
0.0
  0
LINE
  5
450
330
1F
100
AcDbEntity
  8
Dibujo2D$oculto$líneas
100
AcDbLine
 10
-673.3109544015844
 20
-286.2166163768291
 30
0.0
 11
-665.5476367285577
 21
-286.3116145167862
 31
0.0
  0
LINE
  5
451
330
1F
100
AcDbEntity
  8
Dibujo2D$oculto$líneas
100
AcDbLine
 10
-721.9580075864856
 20
-285.6213322777357
 30
0.0
 11
-705.9577777934752
 21
-285.8171238366081
 31
0.0
  0
LINE
  5
452
330
1F
100
AcDbEntity
  8
Dibujo2D$oculto$líneas
100
AcDbLine
 10
-865.4596644881104
 20
-283.8653316784316
 30
0.0
 11
-849.4594346951002
 21
-284.0611232373039
 31
0.0
  0
LINE
  5
453
330
1F
100
AcDbEntity
  8
Dibujo2D$oculto$líneas
100
AcDbLine
 10
-1008.961324943441
 20
-282.1093310356412
 30
0.0
 11
-992.9610949869535
 21
-282.3051225965139
 31
0.0
  0
LINE
  5
454
330
1F
100
AcDbEntity
  8
Dibujo2D$oculto$líneas
100
AcDbLine
 10
-1033.487868861118
 20
-281.8092047043626
 30
0.0
 11
-1009.234463810972
 21
-282.1059886908529
 31
0.0
  0
LINE
  5
455
330
1F
100
AcDbEntity
  8
Dibujo2D$oculto$líneas
100
AcDbLine
 10
-1041.64285015157
 20
-281.7094138563505
 30
0.0
 11
-1033.487909754589
 21
-281.8092042039575
 31
0.0
  0
LINE
  5
456
330
1F
100
AcDbEntity
  8
Dibujo2D$oculto$líneas
100
AcDbLine
 10
-1049.799271420986
 20
-277.707821095983
 30
0.0
 11
-1049.799271420986
 21
-277.6818058686813
 31
0.0
  0
LINE
  5
457
330
1F
100
AcDbEntity
  8
Dibujo2D$oculto$líneas
100
AcDbLine
 10
-665.0013232426469
 20
-286.3167155384483
 30
0.0
 11
-8.679993339926568
 21
-286.3165596690956
 31
0.0
  0
LINE
  5
458
330
1F
100
AcDbEntity
  8
Dibujo2D$oculto$líneas
100
AcDbLine
 10
979.5880902645184
 20
-222.22719757505
 30
0.0
 11
979.5880902645184
 21
-222.4026836261639
 31
0.0
  0
LINE
  5
459
330
1F
100
AcDbEntity
  8
Dibujo2D$oculto$líneas
100
AcDbLine
 10
979.5880902645184
 20
-154.587532877681
 30
0.0
 11
979.5880902645184
 21
-208.6355658490704
 31
0.0
  0
LINE
  5
45A
330
1F
100
AcDbEntity
  8
Dibujo2D$oculto$líneas
100
AcDbLine
 10
-1048.889032921351
 20
-85.69063463357338
 30
0.0
 11
-1048.889032921351
 21
-99.28227011766035
 31
0.0
  0
LINE
  5
45B
330
1F
100
AcDbEntity
  8
Dibujo2D$oculto$líneas
100
AcDbLine
 10
-673.3109671740887
 20
-81.14451020345678
 30
0.0
 11
-1044.756079590054
 21
-85.68995592595093
 31
0.0
  0
LINE
  5
45C
330
1F
100
AcDbEntity
  8
Dibujo2D$oculto$líneas
100
AcDbLine
 10
-664.2790574581658
 20
-81.03398497641433
 30
0.0
 11
-665.1559871918553
 21
-81.04471613526675
 31
0.0
  0
LINE
  5
45D
330
1F
100
AcDbEntity
  8
Dibujo2D$oculto$líneas
100
AcDbLine
 10
-665.1559871674499
 20
-94.63635161905518
 30
0.0
 11
-1044.756079590054
 21
-99.28159141003789
 31
0.0
  0
LINE
  5
45E
330
1F
100
AcDbEntity
  8
Dibujo2D$visible$líneas
100
AcDbLine
 10
-664.2790574581658
 20
-94.6256204605013
 30
0.0
 11
-665.1559871674499
 21
-94.63635161905518
 31
0.0
  0
SPLINE
  5
45F
330
1F
100
AcDbEntity
  8
Dibujo2D$oculto$líneas
100
AcDbSpline
210
0.0
220
0.0
230
1.0
 70
    12
 71
     3
 72
    12
 73
     8
 74
     0
 42
0.000000001
 43
0.0000000001
 40
280.8840783871908
 40
280.8840783871908
 40
280.8840783871908
 40
280.8840783871908
 40
281.0011850079066
 40
281.0011850079066
 40
281.5553615035878
 40
281.5553615035878
 40
283.7720674863112
 40
283.7720674863112
 40
283.7720674863112
 40
283.7720674863112
 10
-1045.883247370871
 20
-99.28248307747981
 30
0.0
 41
1.0
 10
-1045.93617750461
 20
-99.28242264705636
 30
0.0
 41
1.0
 10
-1045.989107506104
 20
-99.28227011766035
 30
0.0
 41
1.0
 10
-1046.292520701829
 20
-99.28227011766035
 30
0.0
 41
1.0
 10
-1046.543002886533
 20
-99.28227011766035
 30
0.0
 41
1.0
 10
-1047.795413810056
 20
-99.28227011766035
 30
0.0
 41
1.0
 10
-1048.797342548874
 20
-99.28227011766035
 30
0.0
 41
1.0
 10
-1049.799271287691
 20
-99.28227011766035
 30
0.0
 41
1.0
  0
LINE
  5
460
330
1F
100
AcDbEntity
  8
Dibujo2D$oculto$líneas
100
AcDbLine
 10
-673.3109685057192
 20
-94.72500694080145
 30
0.0
 11
-1045.666317956394
 21
-99.28159141003789
 31
0.0
  0
SPLINE
  5
461
330
1F
100
AcDbEntity
  8
Dibujo2D$visible$líneas
100
AcDbSpline
210
0.0
220
0.0
230
1.0
 70
    12
 71
     3
 72
     8
 73
     4
 74
     0
 42
0.000000001
 43
0.0000000001
 40
0.0000072904075636
 40
0.0000072904075636
 40
0.0000072904075636
 40
0.0000072904075636
 40
0.1140576830314487
 40
0.1140576830314487
 40
0.1140576830314487
 40
0.1140576830314487
 10
-665.001332643626
 20
-94.62459911593987
 30
0.0
 41
1.0
 10
-665.052886824739
 20
-94.62459913579028
 30
0.0
 41
1.0
 10
-665.1044378503121
 20
-94.6247715372092
 30
0.0
 41
1.0
 10
-665.1559888945211
 20
-94.62525969522608
 30
0.0
 41
1.0
  0
SPLINE
  5
462
330
1F
100
AcDbEntity
  8
Dibujo2D$oculto$líneas
100
AcDbSpline
210
0.0
220
0.0
230
1.0
 70
    12
 71
     3
 72
    12
 73
     8
 74
     0
 42
0.000000001
 43
0.0000000001
 40
280.8840783871908
 40
280.8840783871908
 40
280.8840783871908
 40
280.8840783871908
 40
281.0011850079066
 40
281.0011850079066
 40
281.5553615035878
 40
281.5553615035878
 40
283.7720674863112
 40
283.7720674863112
 40
283.7720674863112
 40
283.7720674863112
 10
-1045.883247370871
 20
-85.69084759339285
 30
0.0
 41
1.0
 10
-1045.93617750461
 20
-85.6907871629694
 30
0.0
 41
1.0
 10
-1045.989107506104
 20
-85.69063463357338
 30
0.0
 41
1.0
 10
-1046.292520701829
 20
-85.69063463357338
 30
0.0
 41
1.0
 10
-1046.543002886533
 20
-85.69063463357338
 30
0.0
 41
1.0
 10
-1047.795413810056
 20
-85.69063463357338
 30
0.0
 41
1.0
 10
-1048.797342548874
 20
-85.69063463357338
 30
0.0
 41
1.0
 10
-1049.799271287691
 20
-85.69063463357338
 30
0.0
 41
1.0
  0
LINE
  5
463
330
1F
100
AcDbEntity
  8
Dibujo2D$oculto$líneas
100
AcDbLine
 10
-673.3109683362302
 20
-81.13337145464038
 30
0.0
 11
-1045.666317956394
 21
-85.68995592595093
 31
0.0
  0
SPLINE
  5
464
330
1F
100
AcDbEntity
  8
Dibujo2D$oculto$líneas
100
AcDbSpline
210
0.0
220
0.0
230
1.0
 70
    12
 71
     3
 72
     8
 73
     4
 74
     0
 42
0.000000001
 43
0.0000000001
 40
0.0883594229925164
 40
0.0883594229925164
 40
0.0883594229925164
 40
0.0883594229925164
 40
0.1140576830275445
 40
0.1140576830275445
 40
0.1140576830275445
 40
0.1140576830275445
 10
-665.1211418401241
 20
-81.03334068382082
 30
0.0
 41
1.0
 10
-665.1327575481832
 20
-81.03342025517736
 30
0.0
 41
1.0
 10
-665.1443732208764
 20
-81.03351421755315
 30
0.0
 41
1.0
 10
-665.1559888945159
 20
-81.03362421113889
 30
0.0
 41
1.0
  0
LINE
  5
465
330
1F
100
AcDbEntity
  8
Dibujo2D$visible$líneas
100
AcDbLine
 10
-665.001332643626
 20
-94.62459911593987
 30
0.0
 11
-665.001332643626
 21
-81.13214713915886
 31
0.0
  0
LINE
  5
466
330
1F
100
AcDbEntity
  8
Dibujo2D$visible$líneas
100
AcDbLine
 10
-664.0910942772862
 20
-94.62459911593987
 30
0.0
 11
-665.001332643626
 21
-94.62459911593987
 31
0.0
  0
LINE
  5
467
330
1F
100
AcDbEntity
  8
Dibujo2D$visible$líneas
100
AcDbLine
 10
-664.0910942772862
 20
-85.06102897500614
 30
0.0
 11
-664.0910942772862
 21
-94.62459911593987
 31
0.0
  0
LINE
  5
468
330
1F
100
AcDbEntity
  8
Dibujo2D$oculto$líneas
100
AcDbLine
 10
-664.0910942772862
 20
-81.03296363185291
 30
0.0
 11
-664.0910942772862
 21
-85.06102897500614
 31
0.0
  0
LINE
  5
469
330
1F
100
AcDbEntity
  8
Dibujo2D$oculto$líneas
100
AcDbLine
 10
-1049.043707016294
 20
-263.9398191309588
 30
0.0
 11
-1049.043707016294
 21
-277.5314546150457
 31
0.0
  0
LINE
  5
46A
330
1F
100
AcDbEntity
  8
Dibujo2D$oculto$líneas
100
AcDbLine
 10
-665.1559871304656
 20
-268.587630406849
 30
0.0
 11
-1044.91112715858
 21
-263.9404932683126
 31
0.0
  0
LINE
  5
46B
330
1F
100
AcDbEntity
  8
Dibujo2D$visible$líneas
100
AcDbLine
 10
-664.4335098246668
 20
-268.5964715014518
 30
0.0
 11
-665.1559871304656
 21
-268.587630406849
 31
0.0
  0
LINE
  5
46C
330
1F
100
AcDbEntity
  8
Dibujo2D$oculto$líneas
100
AcDbLine
 10
-664.4335098246668
 20
-282.1881069855388
 30
0.0
 11
-1044.91112715858
 21
-277.5321287523996
 31
0.0
  0
LINE
  5
46D
330
1F
100
AcDbEntity
  8
Dibujo2D$oculto$líneas
100
AcDbLine
 10
-1049.953945382634
 20
-277.5314546150457
 30
0.0
 11
-1049.953945382634
 21
-263.9398191309588
 31
0.0
  0
SPLINE
  5
46E
330
1F
100
AcDbEntity
  8
Dibujo2D$oculto$líneas
100
AcDbSpline
210
0.0
220
0.0
230
1.0
 70
     8
 71
     3
 72
    17
 73
    13
 74
     0
 42
0.000000001
 43
0.0000000001
 40
0.0
 40
0.0
 40
0.0
 40
0.0
 40
0.1877711423815624
 40
72.14789428306926
 40
354.7712972784844
 40
380.6938692310385
 40
380.8441490977139
 40
380.9756381390218
 40
381.1822662985433
 40
381.4452488242105
 40
382.5723167913567
 40
384.8264527256487
 40
384.8264527256487
 40
384.8264527256487
 40
384.8264527256487
 10
-665.1559872213259
 20
-282.1891256167569
 30
0.0
 10
-665.2185828200705
 20
-282.1896198184547
 30
0.0
 10
-689.2660808831525
 20
-281.8953853906578
 30
0.0
 10
-807.5143258280833
 20
-280.4482955495985
 30
0.0
 10
-934.3401971328564
 20
-278.8963871174192
 30
0.0
 10
-1037.23124441427
 20
-277.6372260798582
 30
0.0
 10
-1045.965371543748
 20
-277.5304158925483
 30
0.0
 10
-1046.128180846444
 20
-277.5318005096196
 30
0.0
 10
-1046.328542451466
 20
-277.5313379576098
 30
0.0
 10
-1046.860770868505
 20
-277.5315362248152
 30
0.0
 10
-1048.075497821508
 20
-277.5313692476375
 30
0.0
 10
-1049.202567182771
 20
-277.5314946149479
 30
0.0
 10
-1049.953945382634
 20
-277.5314546150457
 30
0.0
  0
SPLINE
  5
46F
330
1F
100
AcDbEntity
  8
Dibujo2D$oculto$líneas
100
AcDbSpline
210
0.0
220
0.0
230
1.0
 70
     8
 71
     3
 72
    17
 73
    13
 74
     0
 42
0.000000001
 43
0.0000000001
 40
0.0
 40
0.0
 40
0.0
 40
0.0
 40
0.1877711423815624
 40
72.14789428306925
 40
354.7712972784843
 40
380.6938692310385
 40
380.8441490977139
 40
380.9756381390218
 40
381.1822662985433
 40
381.4452488242105
 40
382.5723167913567
 40
384.8264527256487
 40
384.8264527256487
 40
384.8264527256487
 40
384.8264527256487
 10
-665.1559872213259
 20
-268.5974901326699
 30
0.0
 10
-665.2185828200703
 20
-268.5979843343684
 30
0.0
 10
-689.2660808831522
 20
-268.3037499065706
 30
0.0
 10
-807.5143258280833
 20
-266.8566600655117
 30
0.0
 10
-934.3401971328559
 20
-265.304751633332
 30
0.0
 10
-1037.231244414271
 20
-264.0455905957713
 30
0.0
 10
-1045.965371543748
 20
-263.9387804084613
 30
0.0
 10
-1046.128180846444
 20
-263.9401650255329
 30
0.0
 10
-1046.328542451466
 20
-263.9397024735226
 30
0.0
 10
-1046.860770868505
 20
-263.939900740728
 30
0.0
 10
-1048.075497821508
 20
-263.9397337635507
 30
0.0
 10
-1049.202567182771
 20
-263.9398591308609
 30
0.0
 10
-1049.953945382634
 20
-263.9398191309588
 30
0.0
  0
LINE
  5
470
330
1F
100
AcDbEntity
  8
Dibujo2D$visible$líneas
100
AcDbLine
 10
-665.1013910123515
 20
-268.5974901326699
 30
0.0
 11
-664.245748854986
 21
-268.5974901326699
 31
0.0
  0
LINE
  5
471
330
1F
100
AcDbEntity
  8
Dibujo2D$oculto$líneas
100
AcDbLine
 10
-665.1559872213259
 20
-282.1891256167569
 30
0.0
 11
-665.1559872213259
 21
-270.0928848801377
 31
0.0
  0
LINE
  5
472
330
1F
100
AcDbEntity
  8
Dibujo2D$oculto$líneas
100
AcDbLine
 10
-664.245748854986
 20
-278.0628555884177
 30
0.0
 11
-664.245748854986
 21
-282.1891256167569
 31
0.0
  0
LINE
  5
473
330
1F
100
AcDbEntity
  8
Dibujo2D$visible$líneas
100
AcDbLine
 10
-664.245748854986
 20
-268.5974901326699
 30
0.0
 11
-664.245748854986
 21
-278.0628555884177
 31
0.0
  0
LINE
  5
474
330
1F
100
AcDbEntity
  8
Dibujo2D$oculto$líneas
100
AcDbLine
 10
-1038.117677235
 20
-95.15521705267429
 30
0.0
 11
-1038.330360358176
 21
-95.15521705267429
 31
0.0
  0
LINE
  5
475
330
1F
100
AcDbEntity
  8
Dibujo2D$oculto$líneas
100
AcDbLine
 10
-1038.117677235
 20
-270.8844277877229
 30
0.0
 11
-1038.330360358176
 21
-270.8844277877229
 31
0.0
  0
LINE
  5
476
330
1F
100
AcDbEntity
  8
Dibujo2D$oculto$líneas
100
AcDbLine
 10
-857.3229754846217
 20
-273.0884785683011
 30
0.0
 11
-857.5356586077979
 21
-273.0884785683011
 31
0.0
  0
LINE
  5
477
330
1F
100
AcDbEntity
  8
Dibujo2D$oculto$líneas
100
AcDbLine
 10
-857.3229728792907
 20
-92.95116624021512
 30
0.0
 11
-857.5356560024667
 21
-92.95116624021512
 31
0.0
  0
LINE
  5
478
330
1F
100
AcDbEntity
  8
Dibujo2D$oculto$líneas
100
AcDbLine
 10
-676.5282740881066
 20
-90.74711549584822
 30
0.0
 11
-676.7409572112831
 21
-90.74711549584822
 31
0.0
  0
LINE
  5
479
330
1F
100
AcDbEntity
  8
Dibujo2D$oculto$líneas
100
AcDbLine
 10
-676.5282740881066
 20
-275.2925293445492
 30
0.0
 11
-676.7409572112831
 21
-275.2925293445492
 31
0.0
  0
LINE
  5
47A
330
1F
100
AcDbEntity
  8
Dibujo2D$oculto$líneas
100
AcDbLine
 10
-1049.917756720004
 20
-81.71201992580745
 30
0.0
 11
-1049.917756720004
 21
-281.6092978177721
 31
0.0
  0
LINE
  5
47B
330
1F
100
AcDbEntity
  8
Dibujo2D$oculto$líneas
100
AcDbLine
 10
-1049.644617852472
 20
-81.71201992580745
 30
0.0
 11
-1049.799271420986
 21
-81.71201992580745
 31
0.0
  0
LINE
  5
47C
330
1F
100
AcDbEntity
  8
Dibujo2D$oculto$líneas
100
AcDbLine
 10
-1049.917756720004
 20
-281.6092978177721
 30
0.0
 11
-1009.23443689363
 21
-282.107131330677
 31
0.0
  0
LINE
  5
47D
330
1F
100
AcDbEntity
  8
Dibujo2D$oculto$líneas
100
AcDbLine
 10
-1049.644617852472
 20
-281.6092978177721
 30
0.0
 11
-1049.799271420986
 21
-281.6092978177721
 31
0.0
  0
LINE
  5
47E
330
1F
100
AcDbEntity
  8
Dibujo2D$oculto$líneas
100
AcDbLine
 10
-1009.23443689363
 20
-282.107131330677
 30
0.0
 11
-1009.23443689363
 21
-278.029336786567
 31
0.0
  0
LINE
  5
47F
330
1F
100
AcDbEntity
  8
Dibujo2D$oculto$líneas
100
AcDbLine
 10
-1008.961298026099
 20
-282.107131330677
 30
0.0
 11
-1009.23443689363
 21
-282.107131330677
 31
0.0
  0
LINE
  5
480
330
1F
100
AcDbEntity
  8
Dibujo2D$oculto$líneas
100
AcDbLine
 10
-1009.23443689363
 20
-278.029336786567
 30
0.0
 11
-992.9611089630804
 21
-278.2284701917288
 31
0.0
  0
LINE
  5
481
330
1F
100
AcDbEntity
  8
Dibujo2D$oculto$líneas
100
AcDbLine
 10
-1008.961298026099
 20
-278.029336786567
 30
0.0
 11
-1009.23443689363
 21
-278.029336786567
 31
0.0
  0
LINE
  5
482
330
1F
100
AcDbEntity
  8
Dibujo2D$oculto$líneas
100
AcDbLine
 10
-992.9611089630804
 20
-278.2284701917288
 30
0.0
 11
-992.9611089630804
 21
-282.3062647358388
 31
0.0
  0
LINE
  5
483
330
1F
100
AcDbEntity
  8
Dibujo2D$oculto$líneas
100
AcDbLine
 10
-992.6879700955493
 20
-278.2284701917288
 30
0.0
 11
-992.9611089630804
 21
-278.2284701917288
 31
0.0
  0
LINE
  5
484
330
1F
100
AcDbEntity
  8
Dibujo2D$oculto$líneas
100
AcDbLine
 10
-992.9611089630804
 20
-282.3062647358388
 30
0.0
 11
-865.7327755351645
 21
-283.8631319836868
 31
0.0
  0
LINE
  5
485
330
1F
100
AcDbEntity
  8
Dibujo2D$oculto$líneas
100
AcDbLine
 10
-992.6879700955493
 20
-282.3062647358388
 30
0.0
 11
-992.9611089630804
 21
-282.3062647358388
 31
0.0
  0
LINE
  5
486
330
1F
100
AcDbEntity
  8
Dibujo2D$oculto$líneas
100
AcDbLine
 10
-865.7327755351645
 20
-283.8631319836868
 30
0.0
 11
-865.7327755351645
 21
-279.7853374395772
 31
0.0
  0
LINE
  5
487
330
1F
100
AcDbEntity
  8
Dibujo2D$oculto$líneas
100
AcDbLine
 10
-865.4596366676336
 20
-283.8631319836868
 30
0.0
 11
-865.7327755351645
 21
-283.8631319836868
 31
0.0
  0
LINE
  5
488
330
1F
100
AcDbEntity
  8
Dibujo2D$oculto$líneas
100
AcDbLine
 10
-865.7327755351645
 20
-279.7853374395772
 30
0.0
 11
-849.459447604615
 21
-279.984470844739
 31
0.0
  0
LINE
  5
489
330
1F
100
AcDbEntity
  8
Dibujo2D$oculto$líneas
100
AcDbLine
 10
-865.4596366676336
 20
-279.7853374395772
 30
0.0
 11
-865.7327755351645
 21
-279.7853374395772
 31
0.0
  0
LINE
  5
48A
330
1F
100
AcDbEntity
  8
Dibujo2D$oculto$líneas
100
AcDbLine
 10
-849.459447604615
 20
-279.984470844739
 30
0.0
 11
-849.459447604615
 21
-284.062265388849
 31
0.0
  0
LINE
  5
48B
330
1F
100
AcDbEntity
  8
Dibujo2D$oculto$líneas
100
AcDbLine
 10
-849.1863087370841
 20
-279.984470844739
 30
0.0
 11
-849.459447604615
 21
-279.984470844739
 31
0.0
  0
LINE
  5
48C
330
1F
100
AcDbEntity
  8
Dibujo2D$oculto$líneas
100
AcDbLine
 10
-849.459447604615
 20
-284.062265388849
 30
0.0
 11
-722.231120095088
 21
-285.6191325642749
 31
0.0
  0
LINE
  5
48D
330
1F
100
AcDbEntity
  8
Dibujo2D$oculto$líneas
100
AcDbLine
 10
-849.1863087370841
 20
-284.062265388849
 30
0.0
 11
-849.459447604615
 21
-284.062265388849
 31
0.0
  0
LINE
  5
48E
330
1F
100
AcDbEntity
  8
Dibujo2D$oculto$líneas
100
AcDbLine
 10
-722.231120095088
 20
-285.6191325642749
 30
0.0
 11
-722.231120095088
 21
-281.5413380201653
 31
0.0
  0
LINE
  5
48F
330
1F
100
AcDbEntity
  8
Dibujo2D$oculto$líneas
100
AcDbLine
 10
-721.9579812275574
 20
-285.6191325642749
 30
0.0
 11
-722.231120095088
 21
-285.6191325642749
 31
0.0
  0
LINE
  5
490
330
1F
100
AcDbEntity
  8
Dibujo2D$oculto$líneas
100
AcDbLine
 10
-722.231120095088
 20
-281.5413380201653
 30
0.0
 11
-705.9577921645387
 21
-281.7404714253271
 31
0.0
  0
LINE
  5
491
330
1F
100
AcDbEntity
  8
Dibujo2D$oculto$líneas
100
AcDbLine
 10
-721.9579812275574
 20
-281.5413380201653
 30
0.0
 11
-722.231120095088
 21
-281.5413380201653
 31
0.0
  0
LINE
  5
492
330
1F
100
AcDbEntity
  8
Dibujo2D$oculto$líneas
100
AcDbLine
 10
-705.9577921645387
 20
-281.7404714253271
 30
0.0
 11
-705.9577921645387
 21
-285.8182659694371
 31
0.0
  0
LINE
  5
493
330
1F
100
AcDbEntity
  8
Dibujo2D$oculto$líneas
100
AcDbLine
 10
-705.6846532970078
 20
-281.7404714253271
 30
0.0
 11
-705.9577921645387
 21
-281.7404714253271
 31
0.0
  0
LINE
  5
494
330
1F
100
AcDbEntity
  8
Dibujo2D$oculto$líneas
100
AcDbLine
 10
-705.9577921645387
 20
-285.8182659694371
 30
0.0
 11
-665.2744723381647
 21
-286.3160994823411
 31
0.0
  0
LINE
  5
495
330
1F
100
AcDbEntity
  8
Dibujo2D$oculto$líneas
100
AcDbLine
 10
-705.6846532970078
 20
-285.8182659694371
 30
0.0
 11
-705.9577921645387
 21
-285.8182659694371
 31
0.0
  0
LINE
  5
496
330
1F
100
AcDbEntity
  8
Dibujo2D$oculto$líneas
100
AcDbLine
 10
-665.2744723381647
 20
-270.0928848801382
 30
0.0
 11
-665.2744723381647
 21
-270.006136901437
 31
0.0
  0
LINE
  5
497
330
1F
100
AcDbEntity
  8
Dibujo2D$visible$líneas
100
AcDbLine
 10
-665.2744723381647
 20
-286.3160994823411
 30
0.0
 11
-665.2744723381647
 21
-270.0928848801382
 31
0.0
  0
LINE
  5
498
330
1F
100
AcDbEntity
  8
Dibujo2D$visible$líneas
100
AcDbLine
 10
-665.1559871489394
 20
-286.3160994823411
 30
0.0
 11
-665.2744723381647
 21
-286.3160994823411
 31
0.0
  0
LINE
  5
499
330
1F
100
AcDbEntity
  8
Dibujo2D$oculto$líneas
100
AcDbLine
 10
-665.2744723381647
 20
-270.006136901437
 30
0.0
 11
-673.4111363034394
 21
-270.006136901437
 31
0.0
  0
LINE
  5
49A
330
1F
100
AcDbEntity
  8
Dibujo2D$oculto$líneas
100
AcDbLine
 10
-665.155987126599
 20
-270.006136901437
 30
0.0
 11
-665.2744723381647
 21
-270.006136901437
 31
0.0
  0
LINE
  5
49B
330
1F
100
AcDbEntity
  8
Dibujo2D$visible$líneas
100
AcDbLine
 10
-665.0013334706341
 20
-270.006136901437
 30
0.0
 11
-665.155987126599
 21
-270.006136901437
 31
0.0
  0
LINE
  5
49C
330
1F
100
AcDbEntity
  8
Dibujo2D$oculto$líneas
100
AcDbLine
 10
-673.4111363034394
 20
-270.006136901437
 30
0.0
 11
-673.4111363034394
 21
-253.6961743205325
 31
0.0
  0
LINE
  5
49D
330
1F
100
AcDbEntity
  8
Dibujo2D$oculto$líneas
100
AcDbLine
 10
-673.4111363034394
 20
-253.6961743205325
 30
0.0
 11
-665.2744723381647
 21
-253.6961743205325
 31
0.0
  0
LINE
  5
49E
330
1F
100
AcDbEntity
  8
Dibujo2D$oculto$líneas
100
AcDbLine
 10
-665.2744723381647
 20
-189.9022355240245
 30
0.0
 11
-665.2744723381647
 21
-189.8156401622418
 31
0.0
  0
LINE
  5
49F
330
1F
100
AcDbEntity
  8
Dibujo2D$visible$líneas
100
AcDbLine
 10
-665.2744723381647
 20
-253.6961743205325
 30
0.0
 11
-665.2744723381647
 21
-189.9022355240245
 31
0.0
  0
LINE
  5
4A0
330
1F
100
AcDbEntity
  8
Dibujo2D$visible$líneas
100
AcDbLine
 10
-665.0013334706341
 20
-253.6961743205325
 30
0.0
 11
-665.2744723381647
 21
-253.6961743205325
 31
0.0
  0
LINE
  5
4A1
330
1F
100
AcDbEntity
  8
Dibujo2D$oculto$líneas
100
AcDbLine
 10
-665.2744723381647
 20
-189.8156401622418
 30
0.0
 11
-673.4111363034394
 21
-189.8156401622418
 31
0.0
  0
LINE
  5
4A2
330
1F
100
AcDbEntity
  8
Dibujo2D$oculto$líneas
100
AcDbLine
 10
-665.1559871710509
 20
-189.8156401622418
 30
0.0
 11
-665.2744723381647
 21
-189.8156401622418
 31
0.0
  0
LINE
  5
4A3
330
1F
100
AcDbEntity
  8
Dibujo2D$visible$líneas
100
AcDbLine
 10
-665.0013334706341
 20
-189.8156401622418
 30
0.0
 11
-665.1559871710508
 21
-189.8156401622418
 31
0.0
  0
LINE
  5
4A4
330
1F
100
AcDbEntity
  8
Dibujo2D$oculto$líneas
100
AcDbLine
 10
-673.4111363034394
 20
-189.8156401622418
 30
0.0
 11
-673.4111363034394
 21
-173.5056775813377
 31
0.0
  0
LINE
  5
4A5
330
1F
100
AcDbEntity
  8
Dibujo2D$oculto$líneas
100
AcDbLine
 10
-673.4111363034394
 20
-173.5056775813377
 30
0.0
 11
-665.2744723381647
 21
-173.5056775813377
 31
0.0
  0
LINE
  5
4A6
330
1F
100
AcDbEntity
  8
Dibujo2D$oculto$líneas
100
AcDbLine
 10
-665.2744723381647
 20
-109.7115861679119
 30
0.0
 11
-665.2744723381647
 21
-109.6251434230473
 31
0.0
  0
LINE
  5
4A7
330
1F
100
AcDbEntity
  8
Dibujo2D$visible$líneas
100
AcDbLine
 10
-665.2744723381647
 20
-173.5056775813377
 30
0.0
 11
-665.2744723381647
 21
-109.7115861679119
 31
0.0
  0
LINE
  5
4A8
330
1F
100
AcDbEntity
  8
Dibujo2D$visible$líneas
100
AcDbLine
 10
-665.0013334706341
 20
-173.5056775813377
 30
0.0
 11
-665.2744723381647
 21
-173.5056775813377
 31
0.0
  0
LINE
  5
4A9
330
1F
100
AcDbEntity
  8
Dibujo2D$oculto$líneas
100
AcDbLine
 10
-665.2744723381647
 20
-109.6251434230473
 30
0.0
 11
-673.4111363034394
 21
-109.6251434230473
 31
0.0
  0
LINE
  5
4AA
330
1F
100
AcDbEntity
  8
Dibujo2D$oculto$líneas
100
AcDbLine
 10
-665.1559871265986
 20
-109.6251434230473
 30
0.0
 11
-665.2744723381647
 21
-109.6251434230473
 31
0.0
  0
LINE
  5
4AB
330
1F
100
AcDbEntity
  8
Dibujo2D$visible$líneas
100
AcDbLine
 10
-665.0013334706341
 20
-109.6251434230473
 30
0.0
 11
-665.1559871265986
 21
-109.6251434230473
 31
0.0
  0
LINE
  5
4AC
330
1F
100
AcDbEntity
  8
Dibujo2D$oculto$líneas
100
AcDbLine
 10
-673.4111363034394
 20
-109.6251434230473
 30
0.0
 11
-673.4111363034394
 21
-93.31518084214304
 31
0.0
  0
LINE
  5
4AD
330
1F
100
AcDbEntity
  8
Dibujo2D$oculto$líneas
100
AcDbLine
 10
-673.4111363034394
 20
-93.31518084214304
 30
0.0
 11
-665.2744723381647
 21
-93.31518084214304
 31
0.0
  0
LINE
  5
4AE
330
1F
100
AcDbEntity
  8
Dibujo2D$visible$líneas
100
AcDbLine
 10
-665.2744723381647
 20
-93.31518084214304
 30
0.0
 11
-665.2744723381647
 21
-77.0052182612385
 31
0.0
  0
LINE
  5
4AF
330
1F
100
AcDbEntity
  8
Dibujo2D$visible$líneas
100
AcDbLine
 10
-665.0013334706341
 20
-93.31518084214304
 30
0.0
 11
-665.2744723381647
 21
-93.31518084214304
 31
0.0
  0
LINE
  5
4B0
330
1F
100
AcDbEntity
  8
Dibujo2D$oculto$líneas
100
AcDbLine
 10
-665.4053434099854
 20
-77.00681970393566
 30
0.0
 11
-705.9577921645387
 21
-77.50305177414339
 31
0.0
  0
LINE
  5
4B1
330
1F
100
AcDbEntity
  8
Dibujo2D$visible$líneas
100
AcDbLine
 10
-665.0013334706341
 20
-77.0052182612385
 30
0.0
 11
-665.2744723381647
 21
-77.0052182612385
 31
0.0
  0
LINE
  5
4B2
330
1F
100
AcDbEntity
  8
Dibujo2D$oculto$líneas
100
AcDbLine
 10
-705.9577921645387
 20
-77.50305177414339
 30
0.0
 11
-705.9577921645387
 21
-81.58084631825295
 31
0.0
  0
LINE
  5
4B3
330
1F
100
AcDbEntity
  8
Dibujo2D$oculto$líneas
100
AcDbLine
 10
-705.6846532970078
 20
-77.50305177414339
 30
0.0
 11
-705.9577921645387
 21
-77.50305177414339
 31
0.0
  0
LINE
  5
4B4
330
1F
100
AcDbEntity
  8
Dibujo2D$oculto$líneas
100
AcDbLine
 10
-705.9577921645387
 20
-81.58084631825295
 30
0.0
 11
-722.231120095088
 21
-81.77997972341495
 31
0.0
  0
LINE
  5
4B5
330
1F
100
AcDbEntity
  8
Dibujo2D$oculto$líneas
100
AcDbLine
 10
-705.6846532970078
 20
-81.58084631825295
 30
0.0
 11
-705.9577921645387
 21
-81.58084631825295
 31
0.0
  0
LINE
  5
4B6
330
1F
100
AcDbEntity
  8
Dibujo2D$oculto$líneas
100
AcDbLine
 10
-722.231120095088
 20
-81.77997972341495
 30
0.0
 11
-722.231120095088
 21
-77.70218517930516
 31
0.0
  0
LINE
  5
4B7
330
1F
100
AcDbEntity
  8
Dibujo2D$oculto$líneas
100
AcDbLine
 10
-721.9579812275574
 20
-81.77997972341495
 30
0.0
 11
-722.231120095088
 21
-81.77997972341495
 31
0.0
  0
LINE
  5
4B8
330
1F
100
AcDbEntity
  8
Dibujo2D$oculto$líneas
100
AcDbLine
 10
-722.231120095088
 20
-77.70218517930516
 30
0.0
 11
-849.4594476046148
 21
-79.25905235473124
 31
0.0
  0
LINE
  5
4B9
330
1F
100
AcDbEntity
  8
Dibujo2D$oculto$líneas
100
AcDbLine
 10
-721.9579812275574
 20
-77.70218517930516
 30
0.0
 11
-722.231120095088
 21
-77.70218517930516
 31
0.0
  0
LINE
  5
4BA
330
1F
100
AcDbEntity
  8
Dibujo2D$oculto$líneas
100
AcDbLine
 10
-849.4594476046148
 20
-79.25905235473124
 30
0.0
 11
-849.459447604615
 21
-83.33684689884103
 31
0.0
  0
LINE
  5
4BB
330
1F
100
AcDbEntity
  8
Dibujo2D$oculto$líneas
100
AcDbLine
 10
-849.186308737084
 20
-79.25905235473124
 30
0.0
 11
-849.4594476046148
 21
-79.25905235473124
 31
0.0
  0
LINE
  5
4BC
330
1F
100
AcDbEntity
  8
Dibujo2D$oculto$líneas
100
AcDbLine
 10
-849.459447604615
 20
-83.33684689884103
 30
0.0
 11
-865.7327755351645
 21
-83.5359803040028
 31
0.0
  0
LINE
  5
4BD
330
1F
100
AcDbEntity
  8
Dibujo2D$oculto$líneas
100
AcDbLine
 10
-849.1863087370841
 20
-83.33684689884103
 30
0.0
 11
-849.459447604615
 21
-83.33684689884103
 31
0.0
  0
LINE
  5
4BE
330
1F
100
AcDbEntity
  8
Dibujo2D$oculto$líneas
100
AcDbLine
 10
-865.7327755351645
 20
-83.5359803040028
 30
0.0
 11
-865.7327755351643
 21
-79.45818575989324
 31
0.0
  0
LINE
  5
4BF
330
1F
100
AcDbEntity
  8
Dibujo2D$oculto$líneas
100
AcDbLine
 10
-865.4596366676336
 20
-83.5359803040028
 30
0.0
 11
-865.7327755351645
 21
-83.5359803040028
 31
0.0
  0
LINE
  5
4C0
330
1F
100
AcDbEntity
  8
Dibujo2D$oculto$líneas
100
AcDbLine
 10
-865.7327755351643
 20
-79.45818575989324
 30
0.0
 11
-992.9611089630804
 21
-81.01505300774147
 31
0.0
  0
LINE
  5
4C1
330
1F
100
AcDbEntity
  8
Dibujo2D$oculto$líneas
100
AcDbLine
 10
-865.4596366676334
 20
-79.45818575989324
 30
0.0
 11
-865.7327755351643
 21
-79.45818575989324
 31
0.0
  0
LINE
  5
4C2
330
1F
100
AcDbEntity
  8
Dibujo2D$oculto$líneas
100
AcDbLine
 10
-992.9611089630804
 20
-81.01505300774147
 30
0.0
 11
-992.9611089630804
 21
-85.09284755185104
 31
0.0
  0
LINE
  5
4C3
330
1F
100
AcDbEntity
  8
Dibujo2D$oculto$líneas
100
AcDbLine
 10
-992.6879700955493
 20
-81.01505300774147
 30
0.0
 11
-992.9611089630804
 21
-81.01505300774147
 31
0.0
  0
LINE
  5
4C4
330
1F
100
AcDbEntity
  8
Dibujo2D$oculto$líneas
100
AcDbLine
 10
-992.9611089630804
 20
-85.09284755185104
 30
0.0
 11
-1009.23443689363
 21
-85.29198095701304
 31
0.0
  0
LINE
  5
4C5
330
1F
100
AcDbEntity
  8
Dibujo2D$oculto$líneas
100
AcDbLine
 10
-992.6879700955493
 20
-85.09284755185104
 30
0.0
 11
-992.9611089630804
 21
-85.09284755185104
 31
0.0
  0
LINE
  5
4C6
330
1F
100
AcDbEntity
  8
Dibujo2D$oculto$líneas
100
AcDbLine
 10
-1009.23443689363
 20
-85.29198095701304
 30
0.0
 11
-1009.23443689363
 21
-81.21418641290325
 31
0.0
  0
LINE
  5
4C7
330
1F
100
AcDbEntity
  8
Dibujo2D$oculto$líneas
100
AcDbLine
 10
-1008.961298026099
 20
-85.29198095701304
 30
0.0
 11
-1009.23443689363
 21
-85.29198095701304
 31
0.0
  0
SPLINE
  5
4C8
330
1F
100
AcDbEntity
  8
Dibujo2D$visible$líneas
100
AcDbSpline
210
0.0
220
0.0
230
1.0
 70
    15
 71
     2
 72
    12
 73
     9
 74
     0
 42
0.000000001
 43
0.0000000001
 40
0.0
 40
0.0
 40
0.0
 40
2.132571988409901
 40
2.132571988409901
 40
4.26514397681998
 40
4.26514397681998
 40
6.397715965230256
 40
6.397715965230256
 40
8.53028795364035
 40
8.53028795364035
 40
8.53028795364035
 10
-1038.390816102531
 20
-95.15521705267429
 30
0.0
 41
1.0
 10
-1037.033180716054
 20
-95.15368889460144
 30
0.0
 41
0.7071076750659891
 10
-1037.034705441652
 20
-93.79605350426573
 30
0.0
 41
1.0
 10
-1037.033180716054
 20
-92.43841811392967
 30
0.0
 41
0.7071076750660058
 10
-1038.390816102531
 20
-92.43688995585694
 30
0.0
 41
1.0
 10
-1039.748451489008
 20
-92.4384181139296
 30
0.0
 41
0.7071076750659873
 10
-1039.74692676341
 20
-93.79605350426573
 30
0.0
 41
1.0
 10
-1039.748451489008
 20
-95.15368889460177
 30
0.0
 41
0.7071076750659724
 10
-1038.390816102531
 20
-95.15521705267429
 30
0.0
 41
1.0
  0
SPLINE
  5
4C9
330
1F
100
AcDbEntity
  8
Dibujo2D$visible$líneas
100
AcDbSpline
210
0.0
220
0.0
230
1.0
 70
    15
 71
     2
 72
    12
 73
     9
 74
     0
 42
0.000000001
 43
0.0000000001
 40
0.0
 40
0.0
 40
0.0
 40
2.132571988410164
 40
2.132571988410164
 40
4.265143976820076
 40
4.265143976820076
 40
6.397715965230176
 40
6.397715965230176
 40
8.530287953640578
 40
8.530287953640578
 40
8.530287953640578
 10
-1038.390816102531
 20
-270.8844277877229
 30
0.0
 41
1.0
 10
-1037.033180716054
 20
-270.8828996296497
 30
0.0
 41
0.7071076750661186
 10
-1037.034705441652
 20
-269.5252642393139
 30
0.0
 41
1.0
 10
-1037.033180716054
 20
-268.167628848978
 30
0.0
 41
0.7071076750659854
 10
-1038.390816102531
 20
-268.1661006909053
 30
0.0
 41
1.0
 10
-1039.748451489008
 20
-268.1676288489778
 30
0.0
 41
0.7071076750659373
 10
-1039.74692676341
 20
-269.5252642393139
 30
0.0
 41
1.0
 10
-1039.748451489008
 20
-270.8828996296501
 30
0.0
 41
0.7071076750660669
 10
-1038.390816102531
 20
-270.8844277877229
 30
0.0
 41
1.0
  0
SPLINE
  5
4CA
330
1F
100
AcDbEntity
  8
Dibujo2D$visible$líneas
100
AcDbSpline
210
0.0
220
0.0
230
1.0
 70
    15
 71
     2
 72
    12
 73
     9
 74
     0
 42
0.000000001
 43
0.0000000001
 40
0.0
 40
0.0
 40
0.0
 40
2.132571988410193
 40
2.132571988410193
 40
4.265143976820227
 40
4.265143976820227
 40
6.39771596523028
 40
6.39771596523028
 40
8.530287953640519
 40
8.530287953640519
 40
8.530287953640519
 10
-857.5961143521523
 20
-273.0884785683011
 30
0.0
 41
1.0
 10
-856.2384789656755
 20
-273.0869504102282
 30
0.0
 41
0.7071076750661112
 10
-856.2400036912733
 20
-271.7293150198921
 30
0.0
 41
1.0
 10
-856.2384789656754
 20
-270.3716796295558
 30
0.0
 41
0.7071076750658374
 10
-857.5961143521523
 20
-270.3701514714835
 30
0.0
 41
1.0
 10
-858.9537497386294
 20
-270.3716796295557
 30
0.0
 41
0.7071076750659262
 10
-858.9522250130314
 20
-271.7293150198921
 30
0.0
 41
1.0
 10
-858.953749738629
 20
-273.086950410228
 30
0.0
 41
0.7071076750661557
 10
-857.5961143521523
 20
-273.0884785683011
 30
0.0
 41
1.0
  0
SPLINE
  5
4CB
330
1F
100
AcDbEntity
  8
Dibujo2D$visible$líneas
100
AcDbSpline
210
0.0
220
0.0
230
1.0
 70
    15
 71
     2
 72
    12
 73
     9
 74
     0
 42
0.000000001
 43
0.0000000001
 40
0.0
 40
0.0
 40
0.0
 40
2.132571988410119
 40
2.132571988410119
 40
4.265143976820394
 40
4.265143976820394
 40
6.397715965230423
 40
6.397715965230423
 40
8.530287953640387
 40
8.530287953640387
 40
8.530287953640387
 10
-857.5961117468215
 20
-92.95116624021512
 30
0.0
 41
1.0
 10
-856.2384763603444
 20
-92.94963808214287
 30
0.0
 41
0.7071076750659557
 10
-856.240001085942
 20
-91.59200269180656
 30
0.0
 41
1.0
 10
-856.2384763603442
 20
-90.23436730146999
 30
0.0
 41
0.7071076750657744
 10
-857.5961117468215
 20
-90.232839143398
 30
0.0
 41
1.0
 10
-858.9537471332983
 20
-90.23436730147021
 30
0.0
 41
0.7071076750658337
 10
-858.9522224077003
 20
-91.59200269180656
 30
0.0
 41
1.0
 10
-858.9537471332983
 20
-92.94963808214263
 30
0.0
 41
0.7071076750659484
 10
-857.5961117468215
 20
-92.95116624021512
 30
0.0
 41
1.0
  0
SPLINE
  5
4CC
330
1F
100
AcDbEntity
  8
Dibujo2D$visible$líneas
100
AcDbSpline
210
0.0
220
0.0
230
1.0
 70
    15
 71
     2
 72
    12
 73
     9
 74
     0
 42
0.000000001
 43
0.0000000001
 40
0.0
 40
0.0
 40
0.0
 40
2.132571988410095
 40
2.132571988410095
 40
4.265143976820363
 40
4.265143976820363
 40
6.397715965230466
 40
6.397715965230466
 40
8.53028795364038
 40
8.53028795364038
 40
8.53028795364038
 10
-676.8014129556375
 20
-90.74711549584822
 30
0.0
 41
1.0
 10
-675.4437775691605
 20
-90.74558733777593
 30
0.0
 41
0.7071076750659854
 10
-675.4453022947582
 20
-89.38795194743966
 30
0.0
 41
1.0
 10
-675.4437775691605
 20
-88.03031655710359
 30
0.0
 41
0.7071076750659854
 10
-676.8014129556375
 20
-88.02878839903087
 30
0.0
 41
1.0
 10
-678.1590483421144
 20
-88.03031655710336
 30
0.0
 41
0.7071076750659484
 10
-678.1575236165164
 20
-89.38795194743966
 30
0.0
 41
1.0
 10
-678.1590483421143
 20
-90.74558733777549
 30
0.0
 41
0.7071076750660076
 10
-676.8014129556375
 20
-90.74711549584822
 30
0.0
 41
1.0
  0
SPLINE
  5
4CD
330
1F
100
AcDbEntity
  8
Dibujo2D$visible$líneas
100
AcDbSpline
210
0.0
220
0.0
230
1.0
 70
    15
 71
     2
 72
    12
 73
     9
 74
     0
 42
0.000000001
 43
0.0000000001
 40
0.0
 40
0.0
 40
0.0
 40
2.132571988410119
 40
2.132571988410119
 40
4.265143976820513
 40
4.265143976820513
 40
6.397715965230738
 40
6.397715965230738
 40
8.53028795364067
 40
8.53028795364067
 40
8.53028795364067
 10
-676.8014129556375
 20
-275.2925293445492
 30
0.0
 41
1.0
 10
-675.4437775691606
 20
-275.2910011864769
 30
0.0
 41
0.7071076750659557
 10
-675.4453022947582
 20
-273.9333657961406
 30
0.0
 41
1.0
 10
-675.4437775691605
 20
-272.5757304058043
 30
0.0
 41
0.7071076750660225
 10
-676.8014129556375
 20
-272.5742022477316
 30
0.0
 41
1.0
 10
-678.1590483421141
 20
-272.5757304058046
 30
0.0
 41
0.7071076750660447
 10
-678.1575236165165
 20
-273.9333657961406
 30
0.0
 41
1.0
 10
-678.1590483421144
 20
-275.2910011864767
 30
0.0
 41
0.7071076750659335
 10
-676.8014129556375
 20
-275.2925293445492
 30
0.0
 41
1.0
  0
SPLINE
  5
4CE
330
1F
100
AcDbEntity
  8
Dibujo2D$oculto$líneas
100
AcDbSpline
210
0.0
220
0.0
230
1.0
 70
    15
 71
     3
 72
    35
 73
    31
 74
     0
 42
0.000000001
 43
0.0000000001
 40
-682.6764075860139
 40
-682.6764075860139
 40
-682.6764075860139
 40
-682.6764075860139
 40
-651.5046551373351
 40
-651.5046551373351
 40
-651.5046551373351
 40
-577.2863647455509
 40
-577.2863647455509
 40
-577.2863647455509
 40
-546.1146122968723
 40
-546.1146122968723
 40
-546.1146122968723
 40
-341.2933951311816
 40
-341.2933951311816
 40
-341.2933951311816
 40
-325.4043591486889
 40
-325.4043591486889
 40
-325.4043591486889
 40
-309.4925026101034
 40
-309.4925026101034
 40
-309.4925026101034
 40
-219.8681274719635
 40
-219.8681274719635
 40
-219.8681274719635
 40
-203.9562727393492
 40
-203.9562727393492
 40
-203.9562727393492
 40
-188.0672385588417
 40
-188.0672385588417
 40
-188.0672385588417
 40
16.7539812673603
 40
16.7539812673603
 40
16.7539812673603
 40
16.7539812673603
 10
-986.3793912016791
 20
-259.2793014612548
 30
0.0
 41
1.0
 10
-1002.112671045615
 20
-259.0867765147257
 30
0.0
 41
0.8076066724939777
 10
-1013.170485562296
 20
-247.8679303229011
 30
0.0
 41
0.8076066724939777
 10
-1013.170485562296
 20
-232.098056334652
 30
0.0
 41
1.0
 10
-1013.170485562296
 20
-198.4731246927436
 30
0.0
 41
1.0
 10
-1013.170485562296
 20
-164.8481930508356
 30
0.0
 41
1.0
 10
-1013.170485562296
 20
-131.2232614089276
 30
0.0
 41
1.0
 10
-1013.170485562298
 20
-115.4533874206791
 30
0.0
 41
0.8076066724939671
 10
-1002.112671045617
 20
-104.2345412288547
 30
0.0
 41
0.8076066724939671
 10
-986.379391201681
 20
-104.0420162823245
 30
0.0
 41
1.0
 10
-893.7995458662775
 20
-102.9091355384674
 30
0.0
 41
1.0
 10
-801.2197005308763
 20
-101.7762547946102
 30
0.0
 41
1.0
 10
-708.6398551954749
 20
-100.643374050753
 30
0.0
 41
1.0
 10
-703.2003226743133
 20
-100.5778134138228
 30
0.0
 41
0.9483109442531473
 10
-698.157225126575
 20
-102.6174161618816
 30
0.0
 41
0.9483109442531477
 10
-694.2925814031062
 20
-106.4459068744923
 30
0.0
 41
1.0
 10
-690.423057011712
 20
-110.279258430968
 30
0.0
 41
0.9486279217595952
 10
-688.3273186323859
 20
-115.3067512272387
 30
0.0
 41
0.9486279217595925
 10
-688.32835357311
 20
-120.7535670034538
 30
0.0
 41
1.0
 10
-688.3283535731098
 20
-161.3582949156771
 30
0.0
 41
1.0
 10
-688.3283535731098
 20
-201.9630228279025
 30
0.0
 41
1.0
 10
-688.3283535731098
 20
-242.567750740126
 30
0.0
 41
1.0
 10
-688.3273186328402
 20
-248.0145658644996
 30
0.0
 41
0.9486279332922578
 10
-690.4230565357338
 20
-253.0420581531641
 30
0.0
 41
0.9486279332922584
 10
-694.2925801197412
 20
-256.8754095984418
 30
0.0
 41
1.0
 10
-698.1572230367076
 20
-260.7039002003964
 30
0.0
 41
0.948310955881718
 10
-703.2003197056035
 20
-262.7435033855976
 30
0.0
 41
0.9483109558817177
 10
-708.6398515877961
 20
-262.6779437369732
 30
0.0
 41
1.0
 10
-801.2196981257571
 20
-261.5450629784004
 30
0.0
 41
1.0
 10
-893.7995446637179
 20
-260.4121822198276
 30
0.0
 41
1.0
 10
-986.3793912016791
 20
-259.2793014612548
 30
0.0
 41
1.0
  0
LINE
  5
4CF
330
1F
100
AcDbEntity
  8
Dibujo2D$oculto$líneas
100
AcDbLine
 10
-1009.23443689363
 20
-81.21418641290325
 30
0.0
 11
-1049.917756720004
 21
-81.71201992580745
 31
0.0
  0
LINE
  5
4D0
330
1F
100
AcDbEntity
  8
Dibujo2D$oculto$líneas
100
AcDbLine
 10
-1008.961298026099
 20
-81.21418641290325
 30
0.0
 11
-1009.23443689363
 21
-81.21418641290325
 31
0.0
  0
SPLINE
  5
4D1
330
1F
100
AcDbEntity
  8
Dibujo2D$oculto$líneas
100
AcDbSpline
210
0.0
220
0.0
230
1.0
 70
    12
 71
     2
 72
     6
 73
     3
 74
     0
 42
0.000000001
 43
0.0000000001
 40
6.173179508228751
 40
6.173179508228751
 40
6.173179508228751
 40
6.233935738641656
 40
6.233935738641656
 40
6.233935738641656
 10
-1038.25424666988
 20
-95.14830727879826
 30
0.0
 41
0.9619007596527684
 10
-1038.216267881414
 20
-95.15216019526528
 30
0.0
 41
0.971645293832059
 10
-1038.178132979355
 20
-95.1538657813886
 30
0.0
 41
0.9822662308921544
  0
SPLINE
  5
4D2
330
1F
100
AcDbEntity
  8
Dibujo2D$visible$líneas
100
AcDbSpline
210
0.0
220
0.0
230
1.0
 70
    12
 71
     2
 72
     8
 73
     5
 74
     0
 42
0.000000001
 43
0.0000000001
 40
0.0
 40
0.0
 40
0.0
 40
1.995759893004846
 40
1.995759893004846
 40
3.991519786009545
 40
3.991519786009545
 40
3.991519786009545
 10
-1038.25424666988
 20
-92.44379972973297
 30
0.0
 41
1.0
 10
-1039.474958808151
 20
-92.56894396065515
 30
0.0
 41
0.7419681976192398
 10
-1039.473787895879
 20
-93.79605350426573
 30
0.0
 41
1.0
 10
-1039.474958808151
 20
-95.02316304787601
 30
0.0
 41
0.741968197619237
 10
-1038.25424666988
 20
-95.14830727879826
 30
0.0
 41
1.0
  0
SPLINE
  5
4D3
330
1F
100
AcDbEntity
  8
Dibujo2D$oculto$líneas
100
AcDbSpline
210
0.0
220
0.0
230
1.0
 70
    12
 71
     2
 72
     6
 73
     3
 74
     0
 42
0.000000001
 43
0.0000000001
 40
3.190597031588249
 40
3.190597031588249
 40
3.190597031588249
 40
3.2513532620012
 40
3.2513532620012
 40
3.2513532620012
 10
-1038.178132979355
 20
-92.43824122714261
 30
0.0
 41
0.9822662308921544
 10
-1038.216267881414
 20
-92.43994681326566
 30
0.0
 41
0.971645293832051
 10
-1038.25424666988
 20
-92.4437997297332
 30
0.0
 41
0.9619007596527538
  0
SPLINE
  5
4D4
330
1F
100
AcDbEntity
  8
Dibujo2D$oculto$líneas
100
AcDbSpline
210
0.0
220
0.0
230
1.0
 70
    12
 71
     2
 72
     8
 73
     5
 74
     0
 42
0.000000001
 43
0.0000000001
 40
0.0
 40
0.0
 40
0.0
 40
2.132571988409944
 40
2.132571988409944
 40
4.265143976820067
 40
4.265143976820067
 40
4.265143976820067
 10
-1038.117677235
 20
-95.15521705267429
 30
0.0
 41
1.0
 10
-1036.760041848523
 20
-95.15368889460198
 30
0.0
 41
0.7071076750659373
 10
-1036.761566574121
 20
-93.79605350426573
 30
0.0
 41
1.0
 10
-1036.760041848523
 20
-92.43841811392977
 30
0.0
 41
0.7071076750659651
 10
-1038.117677235
 20
-92.43688995585694
 30
0.0
 41
1.0
  0
SPLINE
  5
4D5
330
1F
100
AcDbEntity
  8
Dibujo2D$oculto$líneas
100
AcDbSpline
210
0.0
220
0.0
230
1.0
 70
    12
 71
     2
 72
     6
 73
     3
 74
     0
 42
0.000000001
 43
0.0000000001
 40
6.17317950823307
 40
6.17317950823307
 40
6.17317950823307
 40
6.233935738641573
 40
6.233935738641573
 40
6.233935738641573
 10
-1038.254246669874
 20
-270.8775180138472
 30
0.0
 41
0.96190075965418
 10
-1038.21626788141
 20
-270.8813709303143
 30
0.0
 41
0.9716452938328282
 10
-1038.178132979355
 20
-270.883076516437
 30
0.0
 41
0.9822662308921541
  0
SPLINE
  5
4D6
330
1F
100
AcDbEntity
  8
Dibujo2D$visible$líneas
100
AcDbSpline
210
0.0
220
0.0
230
1.0
 70
    12
 71
     2
 72
     8
 73
     5
 74
     0
 42
0.000000001
 43
0.0000000001
 40
0.0
 40
0.0
 40
0.0
 40
1.99575989300368
 40
1.99575989300368
 40
3.99151978601421
 40
3.99151978601421
 40
3.99151978601421
 10
-1038.254246669881
 20
-268.1730104647816
 30
0.0
 41
1.0
 10
-1039.474958808151
 20
-268.2981546957045
 30
0.0
 41
0.7419681976194463
 10
-1039.473787895879
 20
-269.5252642393139
 30
0.0
 41
1.0
 10
-1039.474958808151
 20
-270.7523737829293
 30
0.0
 41
0.7419681976179677
 10
-1038.254246669874
 20
-270.8775180138473
 30
0.0
 41
1.0
  0
SPLINE
  5
4D7
330
1F
100
AcDbEntity
  8
Dibujo2D$oculto$líneas
100
AcDbSpline
210
0.0
220
0.0
230
1.0
 70
    12
 71
     2
 72
     6
 73
     3
 74
     0
 42
0.000000001
 43
0.0000000001
 40
3.190597031588207
 40
3.190597031588207
 40
3.190597031588207
 40
3.251353262001956
 40
3.251353262001956
 40
3.251353262001956
 10
-1038.178132979355
 20
-268.1674519621909
 30
0.0
 41
0.9822662308921544
 10
-1038.216267881414
 20
-268.1691575483139
 30
0.0
 41
0.9716452938319113
 10
-1038.254246669881
 20
-268.1730104647815
 30
0.0
 41
0.9619007596524974
  0
SPLINE
  5
4D8
330
1F
100
AcDbEntity
  8
Dibujo2D$oculto$líneas
100
AcDbSpline
210
0.0
220
0.0
230
1.0
 70
    12
 71
     2
 72
     8
 73
     5
 74
     0
 42
0.000000001
 43
0.0000000001
 40
0.0
 40
0.0
 40
0.0
 40
2.132571988410249
 40
2.132571988410249
 40
4.26514397682025
 40
4.26514397682025
 40
4.26514397682025
 10
-1038.117677235
 20
-270.8844277877229
 30
0.0
 41
1.0
 10
-1036.760041848523
 20
-270.8828996296501
 30
0.0
 41
0.707107675066015
 10
-1036.761566574121
 20
-269.5252642393139
 30
0.0
 41
1.0
 10
-1036.760041848523
 20
-268.1676288489778
 30
0.0
 41
0.707107675065904
 10
-1038.117677235
 20
-268.1661006909053
 30
0.0
 41
1.0
  0
SPLINE
  5
4D9
330
1F
100
AcDbEntity
  8
Dibujo2D$oculto$líneas
100
AcDbSpline
210
0.0
220
0.0
230
1.0
 70
    12
 71
     2
 72
     6
 73
     3
 74
     0
 42
0.000000001
 43
0.0000000001
 40
6.17317950822955
 40
6.17317950822955
 40
6.17317950822955
 40
6.233935738641636
 40
6.233935738641636
 40
6.233935738641636
 10
-857.4595449195002
 20
-273.0815687944249
 30
0.0
 41
0.9619007596530312
 10
-857.4215661310343
 20
-273.0854217108921
 30
0.0
 41
0.9716452938322021
 10
-857.3834312289762
 20
-273.0871272970153
 30
0.0
 41
0.9822662308921541
  0
SPLINE
  5
4DA
330
1F
100
AcDbEntity
  8
Dibujo2D$visible$líneas
100
AcDbSpline
210
0.0
220
0.0
230
1.0
 70
    12
 71
     2
 72
     8
 73
     5
 74
     0
 42
0.000000001
 43
0.0000000001
 40
0.0
 40
0.0
 40
0.0
 40
1.995759893003696
 40
1.995759893003696
 40
3.991519786009525
 40
3.991519786009525
 40
3.991519786009525
 10
-857.4595449195023
 20
-270.3770612453598
 30
0.0
 41
1.0
 10
-858.6802570577727
 20
-270.5022054762822
 30
0.0
 41
0.7419681976192785
 10
-858.6790861455007
 20
-271.7293150198921
 30
0.0
 41
1.0
 10
-858.6802570577721
 20
-272.9564245635034
 30
0.0
 41
0.7419681976191385
 10
-857.4595449195002
 20
-273.081568794425
 30
0.0
 41
1.0
  0
SPLINE
  5
4DB
330
1F
100
AcDbEntity
  8
Dibujo2D$oculto$líneas
100
AcDbSpline
210
0.0
220
0.0
230
1.0
 70
    12
 71
     2
 72
     6
 73
     3
 74
     0
 42
0.000000001
 43
0.0000000001
 40
3.190597031588239
 40
3.190597031588239
 40
3.190597031588239
 40
3.251353262002012
 40
3.251353262002012
 40
3.251353262002012
 10
-857.3834312289762
 20
-270.3715027427691
 30
0.0
 41
0.9822662308921541
 10
-857.4215661310352
 20
-270.3732083288922
 30
0.0
 41
0.9716452938319071
 10
-857.4595449195023
 20
-270.3770612453596
 30
0.0
 41
0.96190075965249
  0
SPLINE
  5
4DC
330
1F
100
AcDbEntity
  8
Dibujo2D$oculto$líneas
100
AcDbSpline
210
0.0
220
0.0
230
1.0
 70
    12
 71
     2
 72
     8
 73
     5
 74
     0
 42
0.000000001
 43
0.0000000001
 40
0.0
 40
0.0
 40
0.0
 40
2.132571988410152
 40
2.132571988410152
 40
4.265143976820164
 40
4.265143976820164
 40
4.265143976820164
 10
-857.3229754846217
 20
-273.0884785683011
 30
0.0
 41
1.0
 10
-855.9653400981449
 20
-273.0869504102279
 30
0.0
 41
0.7071076750661335
 10
-855.9668648237426
 20
-271.7293150198921
 30
0.0
 41
1.0
 10
-855.9653400981446
 20
-270.371679629556
 30
0.0
 41
0.7071076750658892
 10
-857.3229754846217
 20
-270.3701514714835
 30
0.0
 41
1.0
  0
SPLINE
  5
4DD
330
1F
100
AcDbEntity
  8
Dibujo2D$oculto$líneas
100
AcDbSpline
210
0.0
220
0.0
230
1.0
 70
    12
 71
     2
 72
     6
 73
     3
 74
     0
 42
0.000000001
 43
0.0000000001
 40
6.173179508229443
 40
6.173179508229443
 40
6.173179508229443
 40
6.233935738641492
 40
6.233935738641492
 40
6.233935738641492
 10
-857.4595423141694
 20
-92.94425646633917
 30
0.0
 41
0.9619007596530427
 10
-857.4215635257032
 20
-92.94810938280622
 30
0.0
 41
0.9716452938322085
 10
-857.3834286236453
 20
-92.94981496892957
 30
0.0
 41
0.9822662308921546
  0
SPLINE
  5
4DE
330
1F
100
AcDbEntity
  8
Dibujo2D$visible$líneas
100
AcDbSpline
210
0.0
220
0.0
230
1.0
 70
    12
 71
     2
 72
     8
 73
     5
 74
     0
 42
0.000000001
 43
0.0000000001
 40
0.0
 40
0.0
 40
0.0
 40
1.995759893005913
 40
1.995759893005913
 40
3.991519786011573
 40
3.991519786011573
 40
3.991519786011573
 10
-857.4595423141692
 20
-90.23974891727403
 30
0.0
 41
1.0
 10
-858.6802544524417
 20
-90.36489314819475
 30
0.0
 41
0.741968197618745
 10
-858.6790835401697
 20
-91.59200269180656
 30
0.0
 41
1.0
 10
-858.6802544524414
 20
-92.81911223541819
 30
0.0
 41
0.741968197618871
 10
-857.4595423141692
 20
-92.94425646633908
 30
0.0
 41
1.0
  0
SPLINE
  5
4DF
330
1F
100
AcDbEntity
  8
Dibujo2D$oculto$líneas
100
AcDbSpline
210
0.0
220
0.0
230
1.0
 70
    12
 71
     2
 72
     6
 73
     3
 74
     0
 42
0.000000001
 43
0.0000000001
 40
3.190597031588164
 40
3.190597031588164
 40
3.190597031588164
 40
3.251353262000213
 40
3.251353262000213
 40
3.251353262000213
 10
-857.3834286236453
 20
-90.23419041468367
 30
0.0
 41
0.9822662308921544
 10
-857.4215635257032
 20
-90.23589600080675
 30
0.0
 41
0.9716452938322084
 10
-857.4595423141691
 20
-90.2397489172739
 30
0.0
 41
0.9619007596530427
  0
SPLINE
  5
4E0
330
1F
100
AcDbEntity
  8
Dibujo2D$oculto$líneas
100
AcDbSpline
210
0.0
220
0.0
230
1.0
 70
    12
 71
     2
 72
     8
 73
     5
 74
     0
 42
0.000000001
 43
0.0000000001
 40
0.0
 40
0.0
 40
0.0
 40
2.132571988410127
 40
2.132571988410127
 40
4.265143976820335
 40
4.265143976820335
 40
4.265143976820335
 10
-857.3229728792907
 20
-92.95116624021512
 30
0.0
 41
1.0
 10
-855.9653374928137
 20
-92.94963808214261
 30
0.0
 41
0.7071076750659595
 10
-855.9668622184114
 20
-91.59200269180656
 30
0.0
 41
1.0
 10
-855.9653374928134
 20
-90.23436730146993
 30
0.0
 41
0.7071076750658152
 10
-857.3229728792907
 20
-90.232839143398
 30
0.0
 41
1.0
  0
SPLINE
  5
4E1
330
1F
100
AcDbEntity
  8
Dibujo2D$oculto$líneas
100
AcDbSpline
210
0.0
220
0.0
230
1.0
 70
    12
 71
     2
 72
     6
 73
     3
 74
     0
 42
0.000000001
 43
0.0000000001
 40
6.173179508228662
 40
6.173179508228662
 40
6.173179508228662
 40
6.233935738641703
 40
6.233935738641703
 40
6.233935738641703
 10
-676.6648435229865
 20
-90.74020572197209
 30
0.0
 41
0.9619007596527253
 10
-676.6268647345199
 20
-90.74405863843936
 30
0.0
 41
0.9716452938320356
 10
-676.5887298324612
 20
-90.74576422456262
 30
0.0
 41
0.9822662308921546
  0
SPLINE
  5
4E2
330
1F
100
AcDbEntity
  8
Dibujo2D$visible$líneas
100
AcDbSpline
210
0.0
220
0.0
230
1.0
 70
    12
 71
     2
 72
     8
 73
     5
 74
     0
 42
0.000000001
 43
0.0000000001
 40
0.0
 40
0.0
 40
0.0
 40
1.995759893006971
 40
1.995759893006971
 40
3.991519786011406
 40
3.991519786011406
 40
3.991519786011406
 10
-676.6648435229841
 20
-88.03569817290668
 30
0.0
 41
1.0
 10
-677.8855556612577
 20
-88.16084240382729
 30
0.0
 41
0.7419681976184811
 10
-677.8843847489857
 20
-89.38795194743966
 30
0.0
 41
1.0
 10
-677.8855556612573
 20
-90.61506149105001
 30
0.0
 41
0.7419681976191941
 10
-676.6648435229864
 20
-90.74020572197219
 30
0.0
 41
1.0
  0
SPLINE
  5
4E3
330
1F
100
AcDbEntity
  8
Dibujo2D$oculto$líneas
100
AcDbSpline
210
0.0
220
0.0
230
1.0
 70
    12
 71
     2
 72
     6
 73
     3
 74
     0
 42
0.000000001
 43
0.0000000001
 40
3.190597031588273
 40
3.190597031588273
 40
3.190597031588273
 40
3.251353261999535
 40
3.251353261999535
 40
3.251353261999535
 10
-676.5887298324612
 20
-88.03013967031647
 30
0.0
 41
0.9822662308921544
 10
-676.6268647345188
 20
-88.03184525643948
 30
0.0
 41
0.9716452938323463
 10
-676.6648435229844
 20
-88.03569817290692
 30
0.0
 41
0.9619007596532956
  0
SPLINE
  5
4E4
330
1F
100
AcDbEntity
  8
Dibujo2D$oculto$líneas
100
AcDbSpline
210
0.0
220
0.0
230
1.0
 70
    12
 71
     2
 72
     8
 73
     5
 74
     0
 42
0.000000001
 43
0.0000000001
 40
0.0
 40
0.0
 40
0.0
 40
2.132571988409981
 40
2.132571988409981
 40
4.265143976820148
 40
4.265143976820148
 40
4.265143976820148
 10
-676.5282740881066
 20
-90.74711549584822
 30
0.0
 41
1.0
 10
-675.1706387016299
 20
-90.74558733777575
 30
0.0
 41
0.7071076750659335
 10
-675.1721634272276
 20
-89.38795194743966
 30
0.0
 41
1.0
 10
-675.1706387016296
 20
-88.03031655710343
 30
0.0
 41
0.7071076750659188
 10
-676.5282740881066
 20
-88.02878839903087
 30
0.0
 41
1.0
  0
SPLINE
  5
4E5
330
1F
100
AcDbEntity
  8
Dibujo2D$oculto$líneas
100
AcDbSpline
210
0.0
220
0.0
230
1.0
 70
    12
 71
     2
 72
     6
 73
     3
 74
     0
 42
0.000000001
 43
0.0000000001
 40
6.173179508229624
 40
6.173179508229624
 40
6.173179508229624
 40
6.233935738641685
 40
6.233935738641685
 40
6.233935738641685
 10
-676.664843522985
 20
-275.2856195706732
 30
0.0
 41
0.9619007596530392
 10
-676.6268647345191
 20
-275.2894724871406
 30
0.0
 41
0.9716452938322065
 10
-676.5887298324612
 20
-275.2911780732634
 30
0.0
 41
0.9822662308921544
  0
SPLINE
  5
4E6
330
1F
100
AcDbEntity
  8
Dibujo2D$visible$líneas
100
AcDbSpline
210
0.0
220
0.0
230
1.0
 70
    12
 71
     2
 72
     8
 73
     5
 74
     0
 42
0.000000001
 43
0.0000000001
 40
0.0
 40
0.0
 40
0.0
 40
1.995759893005922
 40
1.995759893005922
 40
3.991519786011601
 40
3.991519786011601
 40
3.991519786011601
 10
-676.6648435229853
 20
-272.5811120216076
 30
0.0
 41
1.0
 10
-677.8855556612574
 20
-272.7062562525291
 30
0.0
 41
0.7419681976189
 10
-677.8843847489857
 20
-273.9333657961406
 30
0.0
 41
1.0
 10
-677.8855556612574
 20
-275.1604753397522
 30
0.0
 41
0.7419681976188045
 10
-676.6648435229853
 20
-275.2856195706731
 30
0.0
 41
1.0
  0
SPLINE
  5
4E7
330
1F
100
AcDbEntity
  8
Dibujo2D$oculto$líneas
100
AcDbSpline
210
0.0
220
0.0
230
1.0
 70
    12
 71
     2
 72
     6
 73
     3
 74
     0
 42
0.000000001
 43
0.0000000001
 40
3.190597031588264
 40
3.190597031588264
 40
3.190597031588264
 40
3.251353262000416
 40
3.251353262000416
 40
3.251353262000416
 10
-676.5887298324611
 20
-272.5755535190173
 30
0.0
 41
0.9822662308921543
 10
-676.6268647345194
 20
-272.5772591051401
 30
0.0
 41
0.9716452938321908
 10
-676.6648435229854
 20
-272.5811120216077
 30
0.0
 41
0.9619007596530103
  0
SPLINE
  5
4E8
330
1F
100
AcDbEntity
  8
Dibujo2D$oculto$líneas
100
AcDbSpline
210
0.0
220
0.0
230
1.0
 70
    12
 71
     2
 72
     8
 73
     5
 74
     0
 42
0.000000001
 43
0.0000000001
 40
0.0
 40
0.0
 40
0.0
 40
2.132571988409916
 40
2.132571988409916
 40
4.265143976820193
 40
4.265143976820193
 40
4.265143976820193
 10
-676.5282740881066
 20
-275.2925293445492
 30
0.0
 41
1.0
 10
-675.1706387016297
 20
-275.2910011864768
 30
0.0
 41
0.7071076750659854
 10
-675.1721634272276
 20
-273.9333657961406
 30
0.0
 41
1.0
 10
-675.1706387016297
 20
-272.5757304058044
 30
0.0
 41
0.7071076750660298
 10
-676.5282740881066
 20
-272.5742022477316
 30
0.0
 41
1.0
  0
LINE
  5
4E9
330
1F
100
AcDbEntity
  8
Dibujo2D$oculto$líneas
100
AcDbLine
 10
-708.6398106861956
 20
-262.674601892691
 30
0.0
 11
-986.1062523341485
 21
-259.2793014612548
 31
0.0
  0
SPLINE
  5
4EA
330
1F
100
AcDbEntity
  8
Dibujo2D$oculto$líneas
100
AcDbSpline
210
0.0
220
0.0
230
1.0
 70
    12
 71
     3
 72
    20
 73
    16
 74
     0
 42
0.000000001
 43
0.0000000001
 40
0.0
 40
0.0
 40
0.0
 40
0.0
 40
15.64404417274886
 40
15.64404417274886
 40
15.64404417274886
 40
31.55590071133437
 40
31.55590071133437
 40
31.55590071133437
 40
121.1802758494742
 40
121.1802758494742
 40
121.1802758494742
 40
137.0921305820884
 40
137.0921305820884
 40
137.0921305820884
 40
152.7361765607628
 40
152.7361765607628
 40
152.7361765607628
 40
152.7361765607628
 10
-708.1217326795602
 20
-100.6418751766309
 30
0.0
 41
1.0
 10
-702.770163685634
 20
-100.6428558245176
 30
0.0
 41
0.9498748717862446
 10
-697.8213398763584
 20
-102.679626445665
 30
0.0
 41
0.9498748717862449
 10
-694.0194425355753
 20
-106.4459068744923
 30
0.0
 41
1.0
 10
-690.1499181441811
 20
-110.2792584309683
 30
0.0
 41
0.9486279217595901
 10
-688.0541797648551
 20
-115.3067512272385
 30
0.0
 41
0.9486279217595902
 10
-688.0552147055791
 20
-120.7535670034538
 30
0.0
 41
1.0
 10
-688.0552147055791
 20
-161.3582949156771
 30
0.0
 41
1.0
 10
-688.0552147055791
 20
-201.9630228279025
 30
0.0
 41
1.0
 10
-688.0552147055791
 20
-242.567750740126
 30
0.0
 41
1.0
 10
-688.0541797653104
 20
-248.0145658644991
 30
0.0
 41
0.9486279332922644
 10
-690.1499176682026
 20
-253.042058153164
 30
0.0
 41
0.9486279332922636
 10
-694.0194412522103
 20
-256.8754095984418
 30
0.0
 41
1.0
 10
-697.8213387161418
 20
-260.6416908271193
 30
0.0
 41
0.9498748603830167
 10
-702.7701630351664
 20
-262.6784619186171
 30
0.0
 41
0.9498748603830168
 10
-708.1217326794919
 20
-262.6794425669486
 30
0.0
 41
1.0
  0
SPLINE
  5
4EB
330
1F
100
AcDbEntity
  8
Dibujo2D$oculto$líneas
100
AcDbSpline
210
0.0
220
0.0
230
1.0
 70
    12
 71
     3
 72
    17
 73
    13
 74
     0
 42
0.000000001
 43
0.0000000001
 40
-682.6764075860139
 40
-682.6764075860139
 40
-682.6764075860139
 40
-682.6764075860139
 40
-651.5046551373351
 40
-651.5046551373351
 40
-651.5046551373351
 40
-577.2863647455509
 40
-577.2863647455509
 40
-577.2863647455509
 40
-546.1146122968723
 40
-546.1146122968723
 40
-546.1146122968723
 40
-341.316324761468
 40
-341.316324761468
 40
-341.316324761468
 40
-341.316324761468
 10
-986.106252334148
 20
-259.2793014612548
 30
0.0
 41
1.0
 10
-1001.839532178084
 20
-259.0867765147257
 30
0.0
 41
0.8076066724939777
 10
-1012.897346694765
 20
-247.8679303229011
 30
0.0
 41
0.8076066724939777
 10
-1012.897346694766
 20
-232.098056334652
 30
0.0
 41
1.0
 10
-1012.897346694766
 20
-198.4731246927436
 30
0.0
 41
1.0
 10
-1012.897346694766
 20
-164.8481930508356
 30
0.0
 41
1.0
 10
-1012.897346694766
 20
-131.2232614089276
 30
0.0
 41
1.0
 10
-1012.897346694767
 20
-115.4533874206793
 30
0.0
 41
0.8076066724939671
 10
-1001.839532178087
 20
-104.2345412288547
 30
0.0
 41
0.8076066724939671
 10
-986.1062523341503
 20
-104.0420162823248
 30
0.0
 41
1.0
 10
-893.5367712649828
 20
-102.909262363886
 30
0.0
 41
1.0
 10
-800.9672901958178
 20
-101.7765084454475
 30
0.0
 41
1.0
 10
-708.3978091266525
 20
-100.6437545270089
 30
0.0
 41
1.0
  0
LINE
  5
4EC
330
1F
100
AcDbEntity
  8
Dibujo2D$oculto$líneas
100
AcDbLine
 10
-1008.961298026099
 20
-81.21418641290325
 30
0.0
 11
-1049.644617852472
 21
-81.71201992580745
 31
0.0
  0
LINE
  5
4ED
330
1F
100
AcDbEntity
  8
Dibujo2D$oculto$líneas
100
AcDbLine
 10
-1008.961298026099
 20
-85.29198095701304
 30
0.0
 11
-1008.961298026099
 21
-81.21418641290325
 31
0.0
  0
LINE
  5
4EE
330
1F
100
AcDbEntity
  8
Dibujo2D$oculto$líneas
100
AcDbLine
 10
-992.6879700955493
 20
-85.09284755185104
 30
0.0
 11
-1008.961298026099
 21
-85.29198095701304
 31
0.0
  0
LINE
  5
4EF
330
1F
100
AcDbEntity
  8
Dibujo2D$oculto$líneas
100
AcDbLine
 10
-992.6879700955493
 20
-81.01505300774147
 30
0.0
 11
-992.6879700955493
 21
-85.09284755185104
 31
0.0
  0
LINE
  5
4F0
330
1F
100
AcDbEntity
  8
Dibujo2D$oculto$líneas
100
AcDbLine
 10
-865.4596366676334
 20
-79.45818575989324
 30
0.0
 11
-984.9263952493803
 21
-80.92007619444712
 31
0.0
  0
LINE
  5
4F1
330
1F
100
AcDbEntity
  8
Dibujo2D$oculto$líneas
100
AcDbLine
 10
-865.4596366676336
 20
-83.5359803040028
 30
0.0
 11
-865.4596366676334
 21
-79.45818575989324
 31
0.0
  0
LINE
  5
4F2
330
1F
100
AcDbEntity
  8
Dibujo2D$oculto$líneas
100
AcDbLine
 10
-849.1863087370841
 20
-83.33684689884103
 30
0.0
 11
-865.4596366676336
 21
-83.5359803040028
 31
0.0
  0
LINE
  5
4F3
330
1F
100
AcDbEntity
  8
Dibujo2D$oculto$líneas
100
AcDbLine
 10
-849.186308737084
 20
-79.25905235473124
 30
0.0
 11
-849.1863087370841
 21
-83.33684689884103
 31
0.0
  0
LINE
  5
4F4
330
1F
100
AcDbEntity
  8
Dibujo2D$oculto$líneas
100
AcDbLine
 10
-721.9579812275574
 20
-81.77997972341495
 30
0.0
 11
-721.9579812275574
 21
-77.70218517930516
 31
0.0
  0
LINE
  5
4F5
330
1F
100
AcDbEntity
  8
Dibujo2D$oculto$líneas
100
AcDbLine
 10
-705.6846532970078
 20
-81.58084631825295
 30
0.0
 11
-721.9579812275574
 21
-81.77997972341495
 31
0.0
  0
LINE
  5
4F6
330
1F
100
AcDbEntity
  8
Dibujo2D$oculto$líneas
100
AcDbLine
 10
-705.6846532970078
 20
-77.50305177414339
 30
0.0
 11
-705.6846532970078
 21
-81.58084631825295
 31
0.0
  0
LINE
  5
4F7
330
1F
100
AcDbEntity
  8
Dibujo2D$oculto$líneas
100
AcDbLine
 10
-665.1322045424546
 20
-77.00681970393566
 30
0.0
 11
-665.1559871918554
 21
-77.0071107273809
 31
0.0
  0
LINE
  5
4F8
330
1F
100
AcDbEntity
  8
Dibujo2D$oculto$líneas
100
AcDbLine
 10
-673.1379974359088
 20
-109.6251434230473
 30
0.0
 11
-673.1379974359088
 21
-93.31518084214304
 31
0.0
  0
LINE
  5
4F9
330
1F
100
AcDbEntity
  8
Dibujo2D$visible$líneas
100
AcDbLine
 10
-665.0013334706341
 20
-173.5056775813377
 30
0.0
 11
-665.0013334706341
 21
-109.6251434230473
 31
0.0
  0
LINE
  5
4FA
330
1F
100
AcDbEntity
  8
Dibujo2D$oculto$líneas
100
AcDbLine
 10
-673.1379974359088
 20
-189.8156401622418
 30
0.0
 11
-673.1379974359088
 21
-173.5056775813377
 31
0.0
  0
LINE
  5
4FB
330
1F
100
AcDbEntity
  8
Dibujo2D$visible$líneas
100
AcDbLine
 10
-665.0013334706341
 20
-253.6961743205325
 30
0.0
 11
-665.0013334706341
 21
-189.8156401622418
 31
0.0
  0
LINE
  5
4FC
330
1F
100
AcDbEntity
  8
Dibujo2D$oculto$líneas
100
AcDbLine
 10
-673.1379974359088
 20
-270.006136901437
 30
0.0
 11
-673.1379974359088
 21
-253.6961743205325
 31
0.0
  0
LINE
  5
4FD
330
1F
100
AcDbEntity
  8
Dibujo2D$visible$líneas
100
AcDbLine
 10
-665.0013334706341
 20
-278.0628559497586
 30
0.0
 11
-665.0013334706341
 21
-270.006136901437
 31
0.0
  0
LINE
  5
4FE
330
1F
100
AcDbEntity
  8
Dibujo2D$visible$líneas
100
AcDbLine
 10
-665.0013334706339
 20
-282.3654920977031
 30
0.0
 11
-665.001333470634
 21
-282.1891256167653
 31
0.0
  0
LINE
  5
4FF
330
1F
100
AcDbEntity
  8
Dibujo2D$oculto$líneas
100
AcDbLine
 10
-705.6846532970078
 20
-285.8182659694371
 30
0.0
 11
-665.1559871504647
 21
-286.3142070167055
 31
0.0
  0
LINE
  5
500
330
1F
100
AcDbEntity
  8
Dibujo2D$oculto$líneas
100
AcDbLine
 10
-705.6846532970078
 20
-281.7404714253271
 30
0.0
 11
-705.6846532970078
 21
-285.8182659694371
 31
0.0
  0
LINE
  5
501
330
1F
100
AcDbEntity
  8
Dibujo2D$oculto$líneas
100
AcDbLine
 10
-721.9579812275574
 20
-281.5413380201653
 30
0.0
 11
-705.6846532970078
 21
-281.7404714253271
 31
0.0
  0
LINE
  5
502
330
1F
100
AcDbEntity
  8
Dibujo2D$oculto$líneas
100
AcDbLine
 10
-721.9579812275574
 20
-285.6191325642749
 30
0.0
 11
-721.9579812275574
 21
-281.5413380201653
 31
0.0
  0
LINE
  5
503
330
1F
100
AcDbEntity
  8
Dibujo2D$oculto$líneas
100
AcDbLine
 10
-849.1863087370841
 20
-284.062265388849
 30
0.0
 11
-721.9579812275574
 21
-285.6191325642749
 31
0.0
  0
LINE
  5
504
330
1F
100
AcDbEntity
  8
Dibujo2D$oculto$líneas
100
AcDbLine
 10
-849.1863087370841
 20
-279.984470844739
 30
0.0
 11
-849.1863087370841
 21
-284.062265388849
 31
0.0
  0
LINE
  5
505
330
1F
100
AcDbEntity
  8
Dibujo2D$oculto$líneas
100
AcDbLine
 10
-865.4596366676336
 20
-279.7853374395772
 30
0.0
 11
-849.1863087370841
 21
-279.984470844739
 31
0.0
  0
LINE
  5
506
330
1F
100
AcDbEntity
  8
Dibujo2D$oculto$líneas
100
AcDbLine
 10
-865.4596366676336
 20
-283.8631319836868
 30
0.0
 11
-865.4596366676336
 21
-279.7853374395772
 31
0.0
  0
LINE
  5
507
330
1F
100
AcDbEntity
  8
Dibujo2D$oculto$líneas
100
AcDbLine
 10
-992.6879700955493
 20
-282.3062647358388
 30
0.0
 11
-865.4596366676336
 21
-283.8631319836868
 31
0.0
  0
LINE
  5
508
330
1F
100
AcDbEntity
  8
Dibujo2D$oculto$líneas
100
AcDbLine
 10
-992.6879700955493
 20
-278.2284701917288
 30
0.0
 11
-992.6879700955493
 21
-282.3062647358388
 31
0.0
  0
LINE
  5
509
330
1F
100
AcDbEntity
  8
Dibujo2D$oculto$líneas
100
AcDbLine
 10
-1008.961298026099
 20
-278.029336786567
 30
0.0
 11
-992.6879700955493
 21
-278.2284701917288
 31
0.0
  0
LINE
  5
50A
330
1F
100
AcDbEntity
  8
Dibujo2D$oculto$líneas
100
AcDbLine
 10
-1008.961298026099
 20
-282.107131330677
 30
0.0
 11
-1008.961298026099
 21
-278.029336786567
 31
0.0
  0
LINE
  5
50B
330
1F
100
AcDbEntity
  8
Dibujo2D$oculto$líneas
100
AcDbLine
 10
-1049.644617852472
 20
-281.6092978177721
 30
0.0
 11
-1008.961298026099
 21
-282.107131330677
 31
0.0
  0
LINE
  5
50C
330
1F
100
AcDbEntity
  8
Dibujo2D$oculto$líneas
100
AcDbLine
 10
-1049.644617852472
 20
-81.71201992580745
 30
0.0
 11
-1049.644617852472
 21
-281.6092978177721
 31
0.0
  0
LINE
  5
50D
330
1F
100
AcDbEntity
  8
Dibujo2D$oculto$líneas
100
AcDbLine
 10
978.9085084903144
 20
-226.614170320363
 30
0.0
 11
978.9085084903144
 21
-222.468477428652
 31
0.0
  0
LINE
  5
50E
330
1F
100
AcDbEntity
  8
Dibujo2D$oculto$líneas
100
AcDbLine
 10
970.7535271998621
 20
-227.3991895055124
 30
0.0
 11
970.753527199863
 21
-223.2536505207759
 31
0.0
  0
LINE
  5
50F
330
1F
100
AcDbEntity
  8
Dibujo2D$oculto$líneas
100
AcDbLine
 10
-0.5250124953631712
 20
-282.3578544523398
 30
0.0
 11
-0.5250125303009554
 21
-286.4847456293592
 31
0.0
  0
LINE
  5
510
330
1F
100
AcDbEntity
  8
Dibujo2D$oculto$líneas
100
AcDbLine
 10
732.7437223170162
 20
-248.8357349890639
 30
0.0
 11
732.7437223167943
 21
-244.6989798819814
 31
0.0
  0
LINE
  5
511
330
1F
100
AcDbEntity
  8
Dibujo2D$oculto$líneas
100
AcDbLine
 10
732.7970218084337
 20
-248.8357349890639
 30
0.0
 11
732.7437223170162
 21
-248.8357349890639
 31
0.0
  0
LINE
  5
512
330
1F
100
AcDbEntity
  8
Dibujo2D$oculto$líneas
100
AcDbLine
 10
736.8212129622242
 20
-248.4987925957639
 30
0.0
 11
736.8212129620023
 21
-244.3576933585191
 31
0.0
  0
LINE
  5
513
330
1F
100
AcDbEntity
  8
Dibujo2D$oculto$líneas
100
AcDbLine
 10
486.7351200549459
 20
-263.2496317404352
 30
0.0
 11
486.7351200550387
 21
-267.3856699294006
 31
0.0
  0
LINE
  5
514
330
1F
100
AcDbEntity
  8
Dibujo2D$oculto$líneas
100
AcDbLine
 10
490.8126107001661
 20
-262.9785560791693
 30
0.0
 11
490.8126107002589
 21
-267.1146264149329
 31
0.0
  0
LINE
  5
515
330
1F
100
AcDbEntity
  8
Dibujo2D$oculto$líneas
100
AcDbLine
 10
229.8532114284308
 20
-277.1492740422564
 30
0.0
 11
229.8532116228298
 21
-281.2795583225065
 31
0.0
  0
LINE
  5
516
330
1F
100
AcDbEntity
  8
Dibujo2D$oculto$líneas
100
AcDbLine
 10
233.9307020659294
 20
-276.9850814412712
 30
0.0
 11
233.9307022603293
 21
-281.1153945585233
 31
0.0
  0
LINE
  5
517
330
1F
100
AcDbEntity
  8
Dibujo2D$oculto$líneas
100
AcDbLine
 10
-8.71514511074406
 20
-282.3651836403433
 30
0.0
 11
-8.71514511074406
 21
-286.4922660310449
 31
0.0
  0
LINE
  5
518
330
1F
100
AcDbEntity
  8
Dibujo2D$oculto$líneas
100
AcDbLine
 10
-29.10259833687451
 20
-286.4922708728486
 30
0.0
 11
-29.10259833687473
 21
-282.3651932225353
 31
0.0
  0
LINE
  5
519
330
1F
100
AcDbEntity
  8
Dibujo2D$oculto$líneas
100
AcDbLine
 10
-54.92670575663965
 20
-282.3652053599776
 30
0.0
 11
-54.92670575663942
 21
-286.4922770058001
 31
0.0
  0
LINE
  5
51A
330
1F
100
AcDbEntity
  8
Dibujo2D$oculto$líneas
100
AcDbLine
 10
-73.95499543436108
 20
-286.4922815248174
 30
0.0
 11
-73.95499543436131
 21
-282.3652143033564
 31
0.0
  0
LINE
  5
51B
330
1F
100
AcDbEntity
  8
Dibujo2D$oculto$líneas
100
AcDbLine
 10
-99.77910285412668
 20
-282.3652264407992
 30
0.0
 11
-99.77910285412645
 21
-286.4922876577689
 31
0.0
  0
LINE
  5
51C
330
1F
100
AcDbEntity
  8
Dibujo2D$oculto$líneas
100
AcDbLine
 10
-120.1665560802569
 20
-286.4922924995726
 30
0.0
 11
-120.1665560802569
 21
-282.3652360229908
 31
0.0
  0
LINE
  5
51D
330
1F
100
AcDbEntity
  8
Dibujo2D$oculto$líneas
100
AcDbLine
 10
-578.0122531508414
 20
-282.3654512124581
 30
0.0
 11
-578.0122531508418
 21
-286.492401233068
 31
0.0
  0
LINE
  5
51E
330
1F
100
AcDbEntity
  8
Dibujo2D$oculto$líneas
100
AcDbLine
 10
-594.3222157317457
 20
-286.4924051065109
 30
0.0
 11
-594.3222157317455
 21
-282.3654588782115
 31
0.0
  0
LINE
  5
51F
330
1F
100
AcDbEntity
  8
Dibujo2D$oculto$líneas
100
AcDbLine
 10
-613.3505054094676
 20
-282.3654678215903
 30
0.0
 11
-613.350505409468
 21
-286.4924096255281
 31
0.0
  0
LINE
  5
520
330
1F
100
AcDbEntity
  8
Dibujo2D$oculto$líneas
100
AcDbLine
 10
-629.6604679903721
 20
-286.492413498971
 30
0.0
 11
-629.6604679903721
 21
-282.3654754873437
 31
0.0
  0
LINE
  5
521
330
1F
100
AcDbEntity
  8
Dibujo2D$oculto$líneas
100
AcDbLine
 10
-648.6887576681693
 20
-282.3654844307225
 30
0.0
 11
-648.688757668169
 21
-286.4924180179878
 31
0.0
  0
LINE
  5
522
330
1F
100
AcDbEntity
  8
Dibujo2D$oculto$líneas
100
AcDbLine
 10
-664.9987202489979
 20
-286.4924218914311
 30
0.0
 11
-664.9987202489983
 21
-282.3654920964759
 31
0.0
  0
LINE
  5
523
330
1F
100
AcDbEntity
  8
Dibujo2D$oculto$líneas
100
AcDbLine
 10
-673.3109680558804
 20
-282.3249421394939
 30
0.0
 11
-673.3109683917328
 21
-286.3923225592353
 31
0.0
  0
LINE
  5
524
330
1F
100
AcDbEntity
  8
Dibujo2D$oculto$líneas
100
AcDbLine
 10
-710.0083843127536
 20
-281.8160108955781
 30
0.0
 11
-710.0083843127536
 21
-285.7551689139609
 31
0.0
  0
LINE
  5
525
330
1F
100
AcDbEntity
  8
Dibujo2D$oculto$líneas
100
AcDbLine
 10
-726.3183468936581
 20
-285.5555884752011
 30
0.0
 11
-726.3183468936581
 21
-281.6164227271802
 31
0.0
  0
LINE
  5
526
330
1F
100
AcDbEntity
  8
Dibujo2D$oculto$líneas
100
AcDbLine
 10
-847.4673897810667
 20
-280.1338984446688
 30
0.0
 11
-847.467389781067
 21
-284.0731216077979
 31
0.0
  0
LINE
  5
527
330
1F
100
AcDbEntity
  8
Dibujo2D$oculto$líneas
100
AcDbLine
 10
-863.7773523619713
 20
-283.8735411690382
 30
0.0
 11
-863.7773523619709
 21
-279.9343102762709
 31
0.0
  0
LINE
  5
528
330
1F
100
AcDbEntity
  8
Dibujo2D$oculto$líneas
100
AcDbLine
 10
-984.9263952493808
 20
-278.4517859937596
 30
0.0
 11
-984.9263952493808
 21
-282.3910743016345
 31
0.0
  0
LINE
  5
529
330
1F
100
AcDbEntity
  8
Dibujo2D$oculto$líneas
100
AcDbLine
 10
-1001.236357830285
 20
-282.1914938628752
 30
0.0
 11
-1001.236357830285
 21
-278.2521978253617
 31
0.0
  0
LINE
  5
52A
330
1F
100
AcDbEntity
  8
Dibujo2D$oculto$líneas
100
AcDbLine
 10
-710.0083843127536
 20
-285.7551689139609
 30
0.0
 11
-726.3183468936581
 21
-285.5555884752011
 31
0.0
  0
LINE
  5
52B
330
1F
100
AcDbEntity
  8
Dibujo2D$oculto$líneas
100
AcDbLine
 10
-847.467389781067
 20
-284.0731216077979
 30
0.0
 11
-863.7773523619713
 21
-283.8735411690382
 31
0.0
  0
LINE
  5
52C
330
1F
100
AcDbEntity
  8
Dibujo2D$oculto$líneas
100
AcDbLine
 10
-984.9263952493808
 20
-282.3910743016345
 30
0.0
 11
-1001.236357830285
 21
-282.1914938628752
 31
0.0
  0
LINE
  5
52D
330
1F
100
AcDbEntity
  8
Dibujo2D$oculto$líneas
100
AcDbLine
 10
-1033.487882837248
 20
-281.9849108869403
 30
0.0
 11
-1033.487882837248
 21
-277.8575296725539
 31
0.0
  0
LINE
  5
52E
330
1F
100
AcDbEntity
  8
Dibujo2D$oculto$líneas
100
AcDbLine
 10
-1041.6428641277
 20
-281.8851200389281
 30
0.0
 11
-1041.6428641277
 21
-277.757735588355
 31
0.0
  0
LINE
  5
52F
330
1F
100
AcDbEntity
  8
Dibujo2D$oculto$líneas
100
AcDbLine
 10
-345.0183753621077
 20
-286.492345899494
 30
0.0
 11
-345.0183710841723
 21
-282.3653417043206
 31
0.0
  0
LINE
  5
530
330
1F
100
AcDbEntity
  8
Dibujo2D$oculto$líneas
100
AcDbLine
 10
-353.17335665256
 20
-286.4923478362152
 30
0.0
 11
-353.1733523746245
 21
-282.3653455371973
 31
0.0
  0
LINE
  5
531
330
1F
100
AcDbEntity
  8
Dibujo2D$visible$líneas
100
AcDbLine
 10
-665.0013132596782
 20
-282.3654920976946
 30
0.0
 11
-8.679993582016778
 21
-282.3651836238223
 31
0.0
  0
LINE
  5
532
330
1F
100
AcDbEntity
  8
Dibujo2D$visible$líneas
100
AcDbLine
 10
-8.679993339926568
 20
-286.4922660226966
 30
0.0
 11
-8.67999335023319
 21
-286.3165596690956
 31
0.0
  0
SPLINE
  5
533
330
1F
100
AcDbEntity
  8
Dibujo2D$oculto$líneas
100
AcDbSpline
210
0.0
220
0.0
230
1.0
 70
     8
 71
     3
 72
    21
 73
    17
 74
     0
 42
0.000000001
 43
0.0000000001
 40
0.0
 40
0.0
 40
0.0
 40
0.0
 40
4.700096550143123
 40
30.35873040490619
 40
54.64570438894208
 40
105.2434423478349
 40
202.3979144232866
 40
396.6413262452378
 40
485.6048522911177
 40
574.6764195412384
 40
744.6249151668134
 40
898.4460293816246
 40
971.3509128967174
 40
1044.110456616742
 40
1177.56896581088
 40
1294.967720365504
 40
1294.967720365504
 40
1294.967720365504
 40
1294.967720365504
 10
1282.525377648333
 20
-191.2588096259115
 30
0.0
 10
1280.96741386232
 20
-191.4240403535816
 30
0.0
 10
1270.906580809971
 20
-192.5128248759329
 30
0.0
 10
1252.796911380708
 20
-194.4710698256702
 30
0.0
 10
1219.472871652968
 20
-198.0385553058679
 30
0.0
 10
1162.444534139779
 20
-204.0701837632755
 30
0.0
 10
1049.044930950463
 20
-215.742229480235
 30
0.0
 10
922.8483045181518
 20
-227.9768733660194
 30
0.0
 10
799.2530636487085
 20
-239.0835620983551
 30
0.0
 10
683.6746214021208
 20
-248.9026010556152
 30
0.0
 10
546.4653626275193
 20
-259.4752662455455
 30
0.0
 10
414.5146413153145
 20
-268.0277283280409
 30
0.0
 10
314.8303378915798
 20
-273.4090825201317
 30
0.0
 10
221.8873688288647
 20
-277.6883751704918
 30
0.0
 10
114.0701823888003
 20
-281.2850414870511
 30
0.0
 10
30.45315677804797
 20
-282.3642681645154
 30
0.0
 10
-8.67999358201746
 20
-282.3651836238223
 30
0.0
  0
SPLINE
  5
534
330
1F
100
AcDbEntity
  8
Dibujo2D$visible$líneas
100
AcDbSpline
210
0.0
220
0.0
230
1.0
 70
     8
 71
     3
 72
    21
 73
    17
 74
     0
 42
0.000000001
 43
0.0000000001
 40
0.0
 40
0.0
 40
0.0
 40
0.0
 40
119.447911529434
 40
183.2544672677664
 40
249.121165840897
 40
393.1859707114911
 40
549.6668539062383
 40
718.4999294000678
 40
899.6438182033594
 40
1089.029687290443
 40
1191.984638610616
 40
1241.41574613569
 40
1267.161181222946
 40
1278.489187581507
 40
1290.847022746979
 40
1294.966298461369
 40
1294.966298461369
 40
1294.966298461369
 40
1294.966298461369
 10
-8.679993339926568
 20
-286.4922660226966
 30
0.0
 10
31.13619999259822
 20
-286.4909594076262
 30
0.0
 10
92.21947108233826
 20
-285.690262794787
 30
0.0
 10
175.2279992264403
 20
-283.367449547321
 30
0.0
 10
266.4119627074604
 20
-279.9710844780352
 30
0.0
 10
388.3993473299092
 20
-273.8435610974052
 30
0.0
 10
544.5366384531325
 20
-263.7538658199805
 30
0.0
 10
712.8609223994698
 20
-250.799592994895
 30
0.0
 10
891.9643743526502
 20
-235.1052036632177
 30
0.0
 10
1049.05882899927
 20
-219.888813344777
 30
0.0
 10
1162.384575194068
 20
-208.2275869734328
 30
0.0
 10
1221.432273068603
 20
-201.9807688475557
 30
0.0
 10
1250.102980726871
 20
-198.9085155344803
 30
0.0
 10
1266.485185440956
 20
-197.1427168847472
 30
0.0
 10
1275.69963836422
 20
-196.1444296799789
 30
0.0
 10
1281.160149257577
 20
-195.553709495593
 30
0.0
 10
1282.525377648334
 20
-195.4069667014867
 30
0.0
  0
LINE
  5
535
330
1F
100
AcDbEntity
  8
Dibujo2D$visible$líneas
100
AcDbLine
 10
-665.0013130040297
 20
-286.4924218920469
 30
0.0
 11
-8.679993339926568
 21
-286.4922660226966
 31
0.0
  0
LINE
  5
536
330
1F
100
AcDbEntity
  8
Dibujo2D$visible$líneas
100
AcDbLine
 10
1282.525377648333
 20
-195.2312603478863
 30
0.0
 11
1282.525377648333
 21
-195.4069667014869
 31
0.0
  0
LINE
  5
537
330
1F
100
AcDbEntity
  8
Dibujo2D$visible$líneas
100
AcDbLine
 10
-665.0013132596782
 20
-282.3654920976946
 30
0.0
 11
-665.0013130040297
 21
-286.4924218920469
 31
0.0
  0
LINE
  5
538
330
1F
100
AcDbEntity
  8
Dibujo2D$visible$líneas
100
AcDbLine
 10
-665.1307749846515
 20
-286.4924219227928
 30
0.0
 11
-665.0013130040297
 21
-286.4924218920469
 31
0.0
  0
LINE
  5
539
330
1F
100
AcDbEntity
  8
Dibujo2D$oculto$líneas
100
AcDbLine
 10
-1049.799271420986
 20
-281.6140900430728
 30
0.0
 11
-1049.799271420986
 21
-277.707821095983
 31
0.0
  0
LINE
  5
53A
330
1F
100
AcDbEntity
  8
Dibujo2D$visible$líneas
100
AcDbLine
 10
-1049.799271420986
 20
-281.7853117412096
 30
0.0
 11
-1049.799271420986
 21
-281.6140900430728
 31
0.0
  0
SPLINE
  5
53B
330
1F
100
AcDbEntity
  8
Dibujo2D$oculto$líneas
100
AcDbSpline
210
0.0
220
0.0
230
1.0
 70
     8
 71
     3
 72
    17
 73
    13
 74
     0
 42
0.000000001
 43
0.0000000001
 40
0.0
 40
0.0
 40
0.0
 40
0.0
 40
0.1877711423814492
 40
72.1478942830692
 40
354.7712972784843
 40
380.6938692310385
 40
380.844149097714
 40
380.975638139022
 40
381.1822662985434
 40
381.4452488242106
 40
382.5723167913568
 40
384.8264527256488
 40
384.8264527256488
 40
384.8264527256488
 40
384.8264527256488
 10
-665.0013132596782
 20
-282.3654920976946
 30
0.0
 10
-665.063908858422
 20
-282.3659862993925
 30
0.0
 10
-689.1114069215038
 20
-282.071751871596
 30
0.0
 10
-807.3596518664359
 20
-280.6246620305353
 30
0.0
 10
-934.1855231712085
 20
-279.0727535983572
 30
0.0
 10
-1037.076570452623
 20
-277.813592560796
 30
0.0
 10
-1045.810697582101
 20
-277.7067823734858
 30
0.0
 10
-1045.973506884797
 20
-277.7081669905567
 30
0.0
 10
-1046.173868489818
 20
-277.7077044385467
 30
0.0
 10
-1046.706096906857
 20
-277.7079027057521
 30
0.0
 10
-1047.920823859861
 20
-277.707735728575
 30
0.0
 10
-1049.047893221123
 20
-277.7078610958849
 30
0.0
 10
-1049.799271420986
 20
-277.707821095983
 30
0.0
  0
LINE
  5
53C
330
1F
100
AcDbEntity
  8
Dibujo2D$visible$líneas
100
AcDbLine
 10
-1049.799271420986
 20
-281.7853117412096
 30
0.0
 11
-665.1307749846515
 21
-286.4924219227928
 31
0.0
  0
LINE
  5
53D
330
1F
100
AcDbEntity
  8
Dibujo2D$oculto$líneas
100
AcDbLine
 10
1021.030694388565
 20
-174.7983176919035
 30
0.0
 11
1021.030694388565
 21
-145.1685823719617
 31
0.0
  0
LINE
  5
53E
330
1F
100
AcDbEntity
  8
Dibujo2D$visible$líneas
100
AcDbLine
 10
1021.030694388565
 20
-181.5941654693147
 30
0.0
 11
1021.030694388565
 21
-174.7983176919035
 31
0.0
  0
LINE
  5
53F
330
1F
100
AcDbEntity
  8
Dibujo2D$oculto$líneas
100
AcDbLine
 10
1021.030694388565
 20
-145.1685823719617
 30
0.0
 11
979.5880925413643
 21
-141.096887054289
 31
0.0
  0
LINE
  5
540
330
1F
100
AcDbEntity
  8
Dibujo2D$oculto$líneas
100
AcDbLine
 10
979.1140905556412
 20
-188.40124805495
 30
0.0
 11
979.1140905556412
 21
-222.1380141183458
 31
0.0
  0
LINE
  5
541
330
1F
100
AcDbEntity
  8
Dibujo2D$visible$líneas
100
AcDbLine
 10
979.1140905556412
 20
-174.8095704451268
 30
0.0
 11
979.1140905556412
 21
-188.40124805495
 31
0.0
  0
LINE
  5
542
330
1F
100
AcDbEntity
  8
Dibujo2D$oculto$líneas
100
AcDbLine
 10
979.1140905556412
 20
-141.0503168202831
 30
0.0
 11
979.1140905556412
 21
-174.8095704451268
 31
0.0
  0
LINE
  5
543
330
1F
100
AcDbEntity
  8
Dibujo2D$oculto$líneas
100
AcDbLine
 10
979.1140905556412
 20
-222.1380141183458
 30
0.0
 11
1021.030694388565
 21
-218.0197485666677
 31
0.0
  0
CIRCLE
  5
544
330
1F
100
AcDbEntity
  8
Dibujo2D$oculto$líneas
100
AcDbCircle
 10
1002.070362888264
 20
-211.4957635343054
 30
0.0
 40
3.39790887102194
  0
CIRCLE
  5
545
330
1F
100
AcDbEntity
  8
Dibujo2D$oculto$líneas
100
AcDbCircle
 10
1002.070362888264
 20
-151.6925674043235
 30
0.0
 40
3.397908871021968
  0
LINE
  5
546
330
1F
100
AcDbEntity
  8
Dibujo2D$visible$líneas
100
AcDbLine
 10
1021.030694388565
 20
-188.3899953017267
 30
0.0
 11
1021.030694388565
 21
-181.5941654693147
 31
0.0
  0
LINE
  5
547
330
1F
100
AcDbEntity
  8
Dibujo2D$oculto$líneas
100
AcDbLine
 10
1021.030694388565
 20
-218.0197485666677
 30
0.0
 11
1021.030694388565
 21
-188.3899953017267
 31
0.0
  0
LINE
  5
548
330
1F
100
AcDbEntity
  8
Dibujo2D$oculto$líneas
100
AcDbLine
 10
-1052.877580928817
 20
61.26588074167535
 30
0.0
 11
-1044.722599638364
 21
61.26588074167535
 31
0.0
  0
LINE
  5
549
330
1F
100
AcDbEntity
  8
Dibujo2D$oculto$líneas
100
AcDbLine
 10
-1044.722599638364
 20
34.08260977350142
 30
0.0
 11
-1052.877580928817
 21
34.08260977350142
 31
0.0
  0
LINE
  5
54A
330
1F
100
AcDbEntity
  8
Dibujo2D$oculto$líneas
100
AcDbLine
 10
226.7749021216587
 20
46.31507961870261
 30
0.0
 11
230.8523927668848
 21
46.31507961870261
 31
0.0
  0
LINE
  5
54B
330
1F
100
AcDbEntity
  8
Dibujo2D$oculto$líneas
100
AcDbLine
 10
230.8523927668848
 20
83.59768073134228
 30
0.0
 11
226.7749021216587
 21
83.59768073134228
 31
0.0
  0
LINE
  5
54C
330
1F
100
AcDbEntity
  8
Dibujo2D$oculto$líneas
100
AcDbLine
 10
230.8523927668848
 20
188.001441397179
 30
0.0
 11
226.7749021216587
 21
188.001441397179
 31
0.0
  0
LINE
  5
54D
330
1F
100
AcDbEntity
  8
Dibujo2D$oculto$líneas
100
AcDbLine
 10
230.8523927668848
 20
110.7809516995087
 30
0.0
 11
226.7749021216587
 21
110.7809516995087
 31
0.0
  0
LINE
  5
54E
330
1F
100
AcDbEntity
  8
Dibujo2D$oculto$líneas
100
AcDbLine
 10
-278.6904428937262
 20
81.5751383550762
 30
0.0
 11
-278.6904428937262
 21
77.49764770985007
 31
0.0
  0
LINE
  5
54F
330
1F
100
AcDbEntity
  8
Dibujo2D$oculto$líneas
100
AcDbLine
 10
-303.1553867650825
 20
77.49764770985007
 30
0.0
 11
-303.1553867650825
 21
81.5751383550762
 31
0.0
  0
LINE
  5
550
330
1F
100
AcDbEntity
  8
Dibujo2D$oculto$líneas
100
AcDbLine
 10
-259.6621532160043
 20
81.5751383550762
 30
0.0
 11
-259.6621532160043
 21
77.49764770985007
 31
0.0
  0
LINE
  5
551
330
1F
100
AcDbEntity
  8
Dibujo2D$oculto$líneas
100
AcDbLine
 10
-266.4579709580478
 20
77.49764770985007
 30
0.0
 11
-266.4579709580478
 21
81.5751383550762
 31
0.0
  0
LINE
  5
552
330
1F
100
AcDbEntity
  8
Dibujo2D$oculto$líneas
100
AcDbLine
 10
-315.3878587007608
 20
81.5751383550762
 30
0.0
 11
-315.3878587007608
 21
77.49764770985007
 31
0.0
  0
LINE
  5
553
330
1F
100
AcDbEntity
  8
Dibujo2D$oculto$líneas
100
AcDbLine
 10
-322.1836764428043
 20
77.49764770985007
 30
0.0
 11
-322.1836764428043
 21
81.5751383550762
 31
0.0
  0
LINE
  5
554
330
1F
100
AcDbEntity
  8
Dibujo2D$oculto$líneas
100
AcDbLine
 10
-95.854117495639
 20
77.49764770985007
 30
0.0
 11
-95.854117495639
 21
81.5751383550762
 31
0.0
  0
LINE
  5
555
330
1F
100
AcDbEntity
  8
Dibujo2D$oculto$líneas
100
AcDbLine
 10
-76.50155143390896
 20
77.49764770985007
 30
0.0
 11
-76.50155143390896
 21
81.5751383550762
 31
0.0
  0
LINE
  5
556
330
1F
100
AcDbEntity
  8
Dibujo2D$oculto$líneas
100
AcDbLine
 10
-84.43713033326469
 20
77.49764770985007
 30
0.0
 11
-84.43713033326469
 21
81.5751383550762
 31
0.0
  0
LINE
  5
557
330
1F
100
AcDbEntity
  8
Dibujo2D$oculto$líneas
100
AcDbLine
 10
-67.60684965305381
 20
77.49764770985016
 30
0.0
 11
-67.60684965305381
 21
81.57513835507613
 31
0.0
  0
LINE
  5
558
330
1F
100
AcDbEntity
  8
Dibujo2D$oculto$líneas
100
AcDbLine
 10
-44.39338909024445
 20
81.57513835507618
 30
0.0
 11
-44.39338909024445
 21
77.49764770985016
 31
0.0
  0
LINE
  5
559
330
1F
100
AcDbEntity
  8
Dibujo2D$oculto$líneas
100
AcDbLine
 10
-72.18948860241585
 20
77.49764770985017
 30
0.0
 11
-72.18948860241585
 21
81.57513835507626
 31
0.0
  0
LINE
  5
55A
330
1F
100
AcDbEntity
  8
Dibujo2D$oculto$líneas
100
AcDbLine
 10
-32.14575655811313
 20
81.5751383550762
 30
0.0
 11
-32.14575655811313
 21
77.49764770985007
 31
0.0
  0
LINE
  5
55B
330
1F
100
AcDbEntity
  8
Dibujo2D$oculto$líneas
100
AcDbLine
 10
-48.97602767651392
 20
77.4976477098501
 30
0.0
 11
-48.97602767651392
 21
81.57513835507613
 31
0.0
  0
LINE
  5
55C
330
1F
100
AcDbEntity
  8
Dibujo2D$oculto$líneas
100
AcDbLine
 10
-177.8443980161485
 20
77.49764770985007
 30
0.0
 11
-177.8443980161485
 21
81.5751383550762
 31
0.0
  0
LINE
  5
55D
330
1F
100
AcDbEntity
  8
Dibujo2D$oculto$líneas
100
AcDbLine
 10
-145.2534254535491
 20
77.49764770985007
 30
0.0
 11
-145.2534254535491
 21
81.5751383550762
 31
0.0
  0
LINE
  5
55E
330
1F
100
AcDbEntity
  8
Dibujo2D$oculto$líneas
100
AcDbLine
 10
-160.7324910292577
 20
77.49764770985007
 30
0.0
 11
-160.7324910292577
 21
81.5751383550762
 31
0.0
  0
LINE
  5
55F
330
1F
100
AcDbEntity
  8
Dibujo2D$oculto$líneas
100
AcDbLine
 10
-103.9518555558801
 20
77.49764770985007
 30
0.0
 11
-103.9518555558801
 21
81.5751383550762
 31
0.0
  0
LINE
  5
560
330
1F
100
AcDbEntity
  8
Dibujo2D$oculto$líneas
100
AcDbLine
 10
-175.3079418473366
 20
77.49764770985007
 30
0.0
 11
-175.3079418473366
 21
81.5751383550762
 31
0.0
  0
LINE
  5
561
330
1F
100
AcDbEntity
  8
Dibujo2D$oculto$líneas
100
AcDbLine
 10
-161.7163063632496
 20
77.49764770985007
 30
0.0
 11
-161.7163063632496
 21
81.5751383550762
 31
0.0
  0
LINE
  5
562
330
1F
100
AcDbEntity
  8
Dibujo2D$oculto$líneas
100
AcDbLine
 10
-233.0723926547061
 20
77.49764770985007
 30
0.0
 11
-233.0723926547061
 21
81.5751383550762
 31
0.0
  0
LINE
  5
563
330
1F
100
AcDbEntity
  8
Dibujo2D$oculto$líneas
100
AcDbLine
 10
-176.6671053957452
 20
77.49764770985007
 30
0.0
 11
-176.6671053957452
 21
81.5751383550762
 31
0.0
  0
LINE
  5
564
330
1F
100
AcDbEntity
  8
Dibujo2D$oculto$líneas
100
AcDbLine
 10
-223.3755316373849
 20
77.49764770985007
 30
0.0
 11
-223.3755316373849
 21
81.5751383550762
 31
0.0
  0
LINE
  5
565
330
1F
100
AcDbEntity
  8
Dibujo2D$oculto$líneas
100
AcDbLine
 10
-209.783896153298
 20
77.49764770985007
 30
0.0
 11
-209.783896153298
 21
81.5751383550762
 31
0.0
  0
LINE
  5
566
330
1F
100
AcDbEntity
  8
Dibujo2D$oculto$líneas
100
AcDbLine
 10
-127.2343271401212
 20
77.49764770985007
 30
0.0
 11
-127.2343271401212
 21
81.5751383550762
 31
0.0
  0
LINE
  5
567
330
1F
100
AcDbEntity
  8
Dibujo2D$oculto$líneas
100
AcDbLine
 10
-113.6426916560342
 20
77.49764770985007
 30
0.0
 11
-113.6426916560342
 21
81.5751383550762
 31
0.0
  0
LINE
  5
568
330
1F
100
AcDbEntity
  8
Dibujo2D$oculto$líneas
100
AcDbLine
 10
-103.6998240098336
 20
81.5751383550762
 30
0.0
 11
-103.6998240098336
 21
77.49764770985007
 31
0.0
  0
LINE
  5
569
330
1F
100
AcDbEntity
  8
Dibujo2D$oculto$líneas
100
AcDbLine
 10
-122.8455539129101
 20
77.49764770985007
 30
0.0
 11
-122.8455539129101
 21
81.5751383550762
 31
0.0
  0
LINE
  5
56A
330
1F
100
AcDbEntity
  8
Dibujo2D$oculto$líneas
100
AcDbLine
 10
-225.3788124050125
 20
81.5751383550762
 30
0.0
 11
-225.3788124050125
 21
77.49764770985007
 31
0.0
  0
LINE
  5
56B
330
1F
100
AcDbEntity
  8
Dibujo2D$oculto$líneas
100
AcDbLine
 10
-244.5245423080891
 20
77.49764770985007
 30
0.0
 11
-244.5245423080891
 21
81.5751383550762
 31
0.0
  0
LINE
  5
56C
330
1F
100
AcDbEntity
  8
Dibujo2D$oculto$líneas
100
AcDbLine
 10
-138.4613897018447
 20
77.49764770985007
 30
0.0
 11
-138.4613897018447
 21
81.5751383550762
 31
0.0
  0
LINE
  5
56D
330
1F
100
AcDbEntity
  8
Dibujo2D$oculto$líneas
100
AcDbLine
 10
-169.8278052334271
 20
77.49764770985007
 30
0.0
 11
-169.8278052334271
 21
81.5751383550762
 31
0.0
  0
LINE
  5
56E
330
1F
100
AcDbEntity
  8
Dibujo2D$oculto$líneas
100
AcDbLine
 10
-199.0498215137239
 20
77.49764770985007
 30
0.0
 11
-199.0498215137239
 21
81.5751383550762
 31
0.0
  0
LINE
  5
56F
330
1F
100
AcDbEntity
  8
Dibujo2D$oculto$líneas
100
AcDbLine
 10
755.6298486259464
 20
23.38265291417019
 30
0.0
 11
755.6298486259464
 21
19.30516226894406
 31
0.0
  0
LINE
  5
570
330
1F
100
AcDbEntity
  8
Dibujo2D$oculto$líneas
100
AcDbLine
 10
821.379177944887
 20
19.30516226894417
 30
0.0
 11
821.3791779448868
 21
23.38265291417019
 31
0.0
  0
LINE
  5
571
330
1F
100
AcDbEntity
  8
Dibujo2D$oculto$líneas
100
AcDbLine
 10
817.8081708601808
 20
19.30516226894338
 30
0.0
 11
817.8081708601806
 21
23.38265291416951
 31
0.0
  0
LINE
  5
572
330
1F
100
AcDbEntity
  8
Dibujo2D$oculto$líneas
100
AcDbLine
 10
757.836250854172
 20
19.30516226894423
 30
0.0
 11
757.8362508541718
 21
23.38265291417025
 31
0.0
  0
LINE
  5
573
330
1F
100
AcDbEntity
  8
Dibujo2D$oculto$líneas
100
AcDbLine
 10
817.8809062203738
 20
19.30516226894429
 30
0.0
 11
817.8809062203738
 21
23.38265291417042
 31
0.0
  0
LINE
  5
574
330
1F
100
AcDbEntity
  8
Dibujo2D$oculto$líneas
100
AcDbLine
 10
744.7565402386883
 20
19.30516226894423
 30
0.0
 11
744.7565402386881
 21
23.38265291417025
 31
0.0
  0
LINE
  5
575
330
1F
100
AcDbEntity
  8
Dibujo2D$oculto$líneas
100
AcDbLine
 10
817.1285890859765
 20
15.06890801577151
 30
0.0
 11
817.1285890859765
 21
19.14639866099765
 31
0.0
  0
LINE
  5
576
330
1F
100
AcDbEntity
  8
Dibujo2D$oculto$líneas
100
AcDbLine
 10
757.1566690799675
 20
15.06890801577242
 30
0.0
 11
757.1566690799675
 21
19.14639866099856
 31
0.0
  0
LINE
  5
577
330
1F
100
AcDbEntity
  8
Dibujo2D$oculto$líneas
100
AcDbLine
 10
817.2013244461693
 20
15.06890801577242
 30
0.0
 11
817.2013244461693
 21
19.14639866099856
 31
0.0
  0
LINE
  5
578
330
1F
100
AcDbEntity
  8
Dibujo2D$oculto$líneas
100
AcDbLine
 10
750.193194432318
 20
19.13181074100589
 30
0.0
 11
750.193194432318
 21
19.14639866099827
 31
0.0
  0
LINE
  5
579
330
1F
100
AcDbEntity
  8
Dibujo2D$visible$líneas
100
AcDbLine
 10
943.2134790157018
 20
98.04604534538134
 30
0.0
 11
943.478636768031
 21
98.04604534538134
 31
0.0
  0
LINE
  5
57A
330
1F
100
AcDbEntity
  8
Dibujo2D$oculto$líneas
100
AcDbLine
 10
943.4736226820137
 20
94.14411379898844
 30
0.0
 11
943.2133541971646
 21
94.14411379898844
 31
0.0
  0
LINE
  5
57B
330
1F
100
AcDbEntity
  8
Dibujo2D$oculto$líneas
100
AcDbLine
 10
943.213358462576
 20
96.31877547644226
 30
0.0
 11
943.4785119494936
 21
96.31877547644226
 31
0.0
  0
LINE
  5
57C
330
1F
100
AcDbEntity
  8
Dibujo2D$oculto$líneas
100
AcDbLine
 10
943.456663405889
 20
90.37255583352766
 30
0.0
 11
943.1963949210422
 21
90.37255583352766
 31
0.0
  0
LINE
  5
57D
330
1F
100
AcDbEntity
  8
Dibujo2D$oculto$líneas
100
AcDbLine
 10
943.1963991864543
 20
92.5472175109816
 30
0.0
 11
943.4615526733717
 21
92.5472175109816
 31
0.0
  0
LINE
  5
57E
330
1F
100
AcDbEntity
  8
Dibujo2D$oculto$líneas
100
AcDbLine
 10
943.4386707353044
 20
86.37118221573968
 30
0.0
 11
943.1784022504562
 21
86.37118221573968
 31
0.0
  0
LINE
  5
57F
330
1F
100
AcDbEntity
  8
Dibujo2D$oculto$líneas
100
AcDbLine
 10
943.1784065158688
 20
88.54584389319355
 30
0.0
 11
943.4435600027862
 21
88.54584389319355
 31
0.0
  0
LINE
  5
580
330
1F
100
AcDbEntity
  8
Dibujo2D$oculto$líneas
100
AcDbLine
 10
943.4220621163026
 20
82.67760656855063
 30
0.0
 11
943.1617936314569
 21
82.67760656855063
 31
0.0
  0
LINE
  5
581
330
1F
100
AcDbEntity
  8
Dibujo2D$oculto$líneas
100
AcDbLine
 10
943.1617978968688
 20
84.85226824600457
 30
0.0
 11
943.426951383786
 21
84.85226824600457
 31
0.0
  0
LINE
  5
582
330
1F
100
AcDbEntity
  8
Dibujo2D$oculto$líneas
100
AcDbLine
 10
943.405453497302
 20
78.98403092136154
 30
0.0
 11
943.1451850124567
 21
78.98403092136154
 31
0.0
  0
LINE
  5
583
330
1F
100
AcDbEntity
  8
Dibujo2D$oculto$líneas
100
AcDbLine
 10
943.1451892778687
 20
81.15869259881552
 30
0.0
 11
943.410342764786
 21
81.15869259881552
 31
0.0
  0
LINE
  5
584
330
1F
100
AcDbEntity
  8
Dibujo2D$oculto$líneas
100
AcDbLine
 10
942.7450983534095
 20
69.57537099874601
 30
0.0
 11
943.2133541971659
 21
69.57537099874601
 31
0.0
  0
LINE
  5
585
330
1F
100
AcDbEntity
  8
Dibujo2D$visible$líneas
100
AcDbLine
 10
943.5191772186088
 20
60.06122615988495
 30
0.0
 11
942.7450945068508
 21
60.06122615988495
 31
0.0
  0
LINE
  5
586
330
1F
100
AcDbEntity
  8
Dibujo2D$visible$líneas
100
AcDbLine
 10
942.480888557671
 20
55.3041537404541
 30
0.0
 11
942.3695076584661
 21
55.30415374045367
 31
0.0
  0
LINE
  5
587
330
1F
100
AcDbEntity
  8
Dibujo2D$oculto$líneas
100
AcDbLine
 10
942.480888557671
 20
74.33244341817695
 30
0.0
 11
942.3695076584661
 21
74.33244341817738
 31
0.0
  0
LINE
  5
588
330
1F
100
AcDbEntity
  8
Dibujo2D$oculto$líneas
100
AcDbLine
 10
897.6167452788889
 20
75.35851005084373
 30
0.0
 11
897.7914486954428
 21
75.3585100508438
 31
0.0
  0
LINE
  5
589
330
1F
100
AcDbEntity
  8
Dibujo2D$oculto$líneas
100
AcDbLine
 10
897.6167452788889
 20
71.28101940561737
 30
0.0
 11
897.7914486954428
 21
71.2810194056173
 31
0.0
  0
LINE
  5
58A
330
1F
100
AcDbEntity
  8
Dibujo2D$oculto$líneas
100
AcDbLine
 10
897.6167452788889
 20
58.27247578195443
 30
0.0
 11
897.7914486954428
 21
58.2724757819545
 31
0.0
  0
LINE
  5
58B
330
1F
100
AcDbEntity
  8
Dibujo2D$oculto$líneas
100
AcDbLine
 10
897.6167452788889
 20
54.19498513672806
 30
0.0
 11
897.7914486954428
 21
54.19498513672799
 31
0.0
  0
LINE
  5
58C
330
1F
100
AcDbEntity
  8
Dibujo2D$oculto$líneas
100
AcDbLine
 10
959.8021274732712
 20
58.27247578195409
 30
0.0
 11
959.9768308898256
 21
58.27247578195401
 31
0.0
  0
LINE
  5
58D
330
1F
100
AcDbEntity
  8
Dibujo2D$oculto$líneas
100
AcDbLine
 10
959.8021274732712
 20
54.19498513672841
 30
0.0
 11
959.9768308898256
 21
54.19498513672848
 31
0.0
  0
LINE
  5
58E
330
1F
100
AcDbEntity
  8
Dibujo2D$oculto$líneas
100
AcDbLine
 10
959.8021274732712
 20
75.35851005084339
 30
0.0
 11
959.9768308898256
 21
75.35851005084332
 31
0.0
  0
LINE
  5
58F
330
1F
100
AcDbEntity
  8
Dibujo2D$oculto$líneas
100
AcDbLine
 10
959.8021274732712
 20
71.28101940561771
 30
0.0
 11
959.9768308898256
 21
71.2810194056178
 31
0.0
  0
LINE
  5
590
330
1F
100
AcDbEntity
  8
Dibujo2D$oculto$líneas
100
AcDbLine
 10
731.1454031090407
 20
32.72344622509286
 30
0.0
 11
733.7429034480476
 21
32.72344622509286
 31
0.0
  0
LINE
  5
591
330
1F
100
AcDbEntity
  8
Dibujo2D$oculto$líneas
100
AcDbLine
 10
483.656810547212
 20
102.0367027800597
 30
0.0
 11
487.7343011924381
 21
102.0367027800597
 31
0.0
  0
LINE
  5
592
330
1F
100
AcDbEntity
  8
Dibujo2D$oculto$líneas
100
AcDbLine
 10
487.7343011924381
 20
81.64924955392901
 30
0.0
 11
483.656810547212
 21
81.64924955392901
 31
0.0
  0
LINE
  5
593
330
1F
100
AcDbEntity
  8
Dibujo2D$oculto$líneas
100
AcDbLine
 10
483.656810547212
 20
46.40539376390234
 30
0.0
 11
487.7343011924381
 21
46.40539376390234
 31
0.0
  0
LINE
  5
594
330
1F
100
AcDbEntity
  8
Dibujo2D$oculto$líneas
100
AcDbLine
 10
487.7343011924379
 20
83.68799487654223
 30
0.0
 11
483.6568105472118
 21
83.68799487654223
 31
0.0
  0
LINE
  5
595
330
1F
100
AcDbEntity
  8
Dibujo2D$oculto$líneas
100
AcDbLine
 10
483.656810547212
 20
99.99795745744643
 30
0.0
 11
487.7343011924381
 21
99.99795745744643
 31
0.0
  0
LINE
  5
596
330
1F
100
AcDbEntity
  8
Dibujo2D$oculto$líneas
100
AcDbLine
 10
487.7343011924381
 20
151.2827452545214
 30
0.0
 11
483.656810547212
 21
151.2827452545214
 31
0.0
  0
LINE
  5
597
330
1F
100
AcDbEntity
  8
Dibujo2D$oculto$líneas
100
AcDbLine
 10
-1036.566192345078
 20
61.26588074167603
 30
0.0
 11
-1044.72117363553
 21
61.26588074167603
 31
0.0
  0
LINE
  5
598
330
1F
100
AcDbEntity
  8
Dibujo2D$oculto$líneas
100
AcDbLine
 10
-1044.72117363553
 20
34.0826097735021
 30
0.0
 11
-1036.566192345078
 21
34.0826097735021
 31
0.0
  0
LINE
  5
599
330
1F
100
AcDbEntity
  8
Dibujo2D$oculto$líneas
100
AcDbLine
 10
-356.2516661603864
 20
61.1215340842765
 30
0.0
 11
-348.0966848699343
 21
61.1215340842765
 31
0.0
  0
LINE
  5
59A
330
1F
100
AcDbEntity
  8
Dibujo2D$oculto$líneas
100
AcDbLine
 10
-356.2516492827888
 20
185.1151684905381
 30
0.0
 11
-348.0966683763692
 21
185.1151684905381
 31
0.0
  0
LINE
  5
59B
330
1F
100
AcDbEntity
  8
Dibujo2D$oculto$líneas
100
AcDbLine
 10
-501.5231390850556
 20
73.35400601995491
 30
0.0
 11
-501.5231390850565
 21
77.43149666518104
 31
0.0
  0
LINE
  5
59C
330
1F
100
AcDbEntity
  8
Dibujo2D$oculto$líneas
100
AcDbLine
 10
-564.0064938916172
 20
73.35400601995491
 30
0.0
 11
-564.0064938916181
 21
77.43149666518104
 31
0.0
  0
LINE
  5
59D
330
1F
100
AcDbEntity
  8
Dibujo2D$oculto$líneas
100
AcDbLine
 10
-569.4526145594352
 20
77.43149666518093
 30
0.0
 11
-569.4526145594343
 21
73.35400601995491
 31
0.0
  0
LINE
  5
59E
330
1F
100
AcDbEntity
  8
Dibujo2D$oculto$líneas
100
AcDbLine
 10
-497.4141235867482
 20
73.35400601995491
 30
0.0
 11
-497.4141235867492
 21
77.43149666518093
 31
0.0
  0
LINE
  5
59F
330
1F
100
AcDbEntity
  8
Dibujo2D$oculto$líneas
100
AcDbLine
 10
-610.4314195327449
 20
81.50898731040671
 30
0.0
 11
-610.4314195327449
 21
77.43149666518076
 31
0.0
  0
LINE
  5
5A0
330
1F
100
AcDbEntity
  8
Dibujo2D$oculto$líneas
100
AcDbLine
 10
-428.2406766180299
 20
81.50898731040684
 30
0.0
 11
-428.2406766180299
 21
77.43149666518093
 31
0.0
  0
LINE
  5
5A1
330
1F
100
AcDbEntity
  8
Dibujo2D$oculto$líneas
100
AcDbLine
 10
-403.7757327466733
 20
77.43149666518093
 30
0.0
 11
-403.7757327466733
 21
81.50898731040684
 31
0.0
  0
LINE
  5
5A2
330
1F
100
AcDbEntity
  8
Dibujo2D$oculto$líneas
100
AcDbLine
 10
-447.2689662957515
 20
81.50898731040684
 30
0.0
 11
-447.2689662957515
 21
77.43149666518093
 31
0.0
  0
LINE
  5
5A3
330
1F
100
AcDbEntity
  8
Dibujo2D$oculto$líneas
100
AcDbLine
 10
-440.473148553708
 20
77.43149666518093
 30
0.0
 11
-440.473148553708
 21
81.50898731040684
 31
0.0
  0
LINE
  5
5A4
330
1F
100
AcDbEntity
  8
Dibujo2D$oculto$líneas
100
AcDbLine
 10
-391.543260810995
 20
81.50898731040684
 30
0.0
 11
-391.543260810995
 21
77.43149666518093
 31
0.0
  0
LINE
  5
5A5
330
1F
100
AcDbEntity
  8
Dibujo2D$oculto$líneas
100
AcDbLine
 10
-384.7474430689515
 20
77.43149666518093
 30
0.0
 11
-384.7474430689515
 21
81.50898731040684
 31
0.0
  0
LINE
  5
5A6
330
1F
100
AcDbEntity
  8
Dibujo2D$oculto$líneas
100
AcDbLine
 10
-501.5231390850566
 20
77.43149666518093
 30
0.0
 11
-501.5231390850566
 21
81.50898731040706
 31
0.0
  0
LINE
  5
5A7
330
1F
100
AcDbEntity
  8
Dibujo2D$oculto$líneas
100
AcDbLine
 10
-564.0064938916181
 20
77.43149666518093
 30
0.0
 11
-564.0064938916181
 21
81.50898731040706
 31
0.0
  0
LINE
  5
5A8
330
1F
100
AcDbEntity
  8
Dibujo2D$oculto$líneas
100
AcDbLine
 10
-484.8711066342544
 20
81.50898731040684
 30
0.0
 11
-484.8711066342544
 21
77.43149666518093
 31
0.0
  0
LINE
  5
5A9
330
1F
100
AcDbEntity
  8
Dibujo2D$oculto$líneas
100
AcDbLine
 10
-460.4061627628978
 20
77.43149666518093
 30
0.0
 11
-460.4061627628978
 21
81.50898731040684
 31
0.0
  0
LINE
  5
5AA
330
1F
100
AcDbEntity
  8
Dibujo2D$oculto$líneas
100
AcDbLine
 10
-599.8202565142906
 20
77.43149666518093
 30
0.0
 11
-599.8202565142906
 21
81.50898731040695
 31
0.0
  0
LINE
  5
5AB
330
1F
100
AcDbEntity
  8
Dibujo2D$oculto$líneas
100
AcDbLine
 10
-583.2319787446388
 20
81.5089873104068
 30
0.0
 11
-583.2319787446388
 21
77.43149666518082
 31
0.0
  0
LINE
  5
5AC
330
1F
100
AcDbEntity
  8
Dibujo2D$oculto$líneas
100
AcDbLine
 10
-625.162150224261
 20
77.43149666518083
 30
0.0
 11
-625.162150224261
 21
81.50898731040688
 31
0.0
  0
LINE
  5
5AD
330
1F
100
AcDbEntity
  8
Dibujo2D$oculto$líneas
100
AcDbLine
 10
-587.8013224629528
 20
77.43149666518093
 30
0.0
 11
-587.8013224629528
 21
81.50898731040695
 31
0.0
  0
LINE
  5
5AE
330
1F
100
AcDbEntity
  8
Dibujo2D$oculto$líneas
100
AcDbLine
 10
-505.9879642082677
 20
77.43149666518082
 30
0.0
 11
-505.9879642082677
 21
81.50898731040684
 31
0.0
  0
LINE
  5
5AF
330
1F
100
AcDbEntity
  8
Dibujo2D$oculto$líneas
100
AcDbLine
 10
-657.9859739071164
 20
77.4314966651808
 30
0.0
 11
-657.9859739071164
 21
81.50898731040684
 31
0.0
  0
LINE
  5
5B0
330
1F
100
AcDbEntity
  8
Dibujo2D$oculto$líneas
100
AcDbLine
 10
-668.2342966786453
 20
171.3581274838284
 30
0.0
 11
-676.3892779690973
 21
171.3581274838284
 31
0.0
  0
LINE
  5
5B1
330
1F
100
AcDbEntity
  8
Dibujo2D$oculto$líneas
100
AcDbLine
 10
-676.3892780135493
 20
36.80093685350596
 30
0.0
 11
-668.2342967230973
 21
36.80093685350596
 31
0.0
  0
LINE
  5
5B2
330
1F
100
AcDbEntity
  8
Dibujo2D$oculto$líneas
100
AcDbLine
 10
-668.2342967230973
 20
58.39804563772009
 30
0.0
 11
-676.3892780135493
 21
58.39804563772009
 31
0.0
  0
LINE
  5
5B3
330
1F
100
AcDbEntity
  8
Dibujo2D$oculto$líneas
100
AcDbLine
 10
-672.3117873683234
 20
81.50382596066788
 30
0.0
 11
-668.2342967230973
 21
81.50382596066788
 31
0.0
  0
LINE
  5
5B4
330
1F
100
AcDbEntity
  8
Dibujo2D$oculto$líneas
100
AcDbLine
 10
-597.0141267926658
 20
19.2167584627814
 30
0.0
 11
-597.0141267926658
 21
31.44923039845969
 31
0.0
  0
LINE
  5
5B5
330
1F
100
AcDbEntity
  8
Dibujo2D$oculto$líneas
100
AcDbLine
 10
-589.9464763409405
 20
19.2167584627814
 30
0.0
 11
-589.9464763409405
 21
31.44923039845969
 31
0.0
  0
LINE
  5
5B6
330
1F
100
AcDbEntity
  8
Dibujo2D$oculto$líneas
100
AcDbLine
 10
-651.3806687290135
 20
19.2167584627814
 30
0.0
 11
-651.3806687290135
 21
31.44923039845969
 31
0.0
  0
LINE
  5
5B7
330
1F
100
AcDbEntity
  8
Dibujo2D$oculto$líneas
100
AcDbLine
 10
-644.3130182772882
 20
19.2167584627814
 30
0.0
 11
-644.3130182772882
 21
31.44923039845969
 31
0.0
  0
LINE
  5
5B8
330
1F
100
AcDbEntity
  8
Dibujo2D$oculto$líneas
100
AcDbLine
 10
-617.4895948179562
 20
198.288813310247
 30
0.0
 11
-617.4895948179565
 21
186.0563413745688
 31
0.0
  0
LINE
  5
5B9
330
1F
100
AcDbEntity
  8
Dibujo2D$oculto$líneas
100
AcDbLine
 10
-625.6445761084085
 20
198.288813310247
 30
0.0
 11
-625.6445761084085
 21
186.0563413745688
 31
0.0
  0
LINE
  5
5BA
330
1F
100
AcDbEntity
  8
Dibujo2D$oculto$líneas
100
AcDbLine
 10
-600.6422468396677
 20
186.0563413745687
 30
0.0
 11
-600.6422468396681
 21
198.288813310247
 31
0.0
  0
LINE
  5
5BB
330
1F
100
AcDbEntity
  8
Dibujo2D$oculto$líneas
100
AcDbLine
 10
-93.77733849120295
 20
218.0063757199619
 30
0.0
 11
-93.77733849120295
 21
205.7739037842836
 31
0.0
  0
LINE
  5
5BC
330
1F
100
AcDbEntity
  8
Dibujo2D$oculto$líneas
100
AcDbLine
 10
-101.9323197816551
 20
218.0063757199619
 30
0.0
 11
-101.9323197816551
 21
205.7739037842836
 31
0.0
  0
LINE
  5
5BD
330
1F
100
AcDbEntity
  8
Dibujo2D$oculto$líneas
100
AcDbLine
 10
-101.7295314249142
 20
205.7739037842835
 30
0.0
 11
-101.7295314249142
 21
218.0063757199617
 31
0.0
  0
LINE
  5
5BE
330
1F
100
AcDbEntity
  8
Dibujo2D$oculto$líneas
100
AcDbLine
 10
-3.603322041625916
 20
81.55893749920642
 30
0.0
 11
729.6654128091857
 21
81.55893749920642
 31
0.0
  0
LINE
  5
5BF
330
1F
100
AcDbEntity
  8
Dibujo2D$oculto$líneas
100
AcDbLine
 10
-3.603322041481761
 20
101.9463907253369
 30
0.0
 11
729.6654128091857
 21
101.9463907253369
 31
0.0
  0
LINE
  5
5C0
330
1F
100
AcDbEntity
  8
Dibujo2D$oculto$líneas
100
AcDbLine
 10
-846.2367044987369
 20
81.50382596066767
 30
0.0
 11
-846.2367044987369
 21
77.42633531544153
 31
0.0
  0
LINE
  5
5C1
330
1F
100
AcDbEntity
  8
Dibujo2D$oculto$líneas
100
AcDbLine
 10
-883.8560797698395
 20
77.42633531544156
 30
0.0
 11
-883.8560797698395
 21
81.5038259606677
 31
0.0
  0
LINE
  5
5C2
330
1F
100
AcDbEntity
  8
Dibujo2D$oculto$líneas
100
AcDbLine
 10
-809.4494608232569
 20
77.42633531544152
 30
0.0
 11
-809.4494608232569
 21
81.50382596066765
 31
0.0
  0
LINE
  5
5C3
330
1F
100
AcDbEntity
  8
Dibujo2D$oculto$líneas
100
AcDbLine
 10
-951.9953021717836
 20
77.42633531544156
 30
0.0
 11
-951.9953021717836
 21
81.50382596066767
 31
0.0
  0
LINE
  5
5C4
330
1F
100
AcDbEntity
  8
Dibujo2D$oculto$líneas
100
AcDbLine
 10
-878.6380276183751
 20
77.42633531544152
 30
0.0
 11
-878.6380276183751
 21
81.50382596066765
 31
0.0
  0
LINE
  5
5C5
330
1F
100
AcDbEntity
  8
Dibujo2D$oculto$líneas
100
AcDbLine
 10
-851.4547566502013
 20
81.50382596066765
 30
0.0
 11
-851.4547566502013
 21
77.42633531544152
 31
0.0
  0
LINE
  5
5C6
330
1F
100
AcDbEntity
  8
Dibujo2D$oculto$líneas
100
AcDbLine
 10
-773.3705618117231
 20
81.50382596066765
 30
0.0
 11
-773.3705618117231
 21
77.42633531544146
 31
0.0
  0
LINE
  5
5C7
330
1F
100
AcDbEntity
  8
Dibujo2D$oculto$líneas
100
AcDbLine
 10
-896.1731467002153
 20
77.42633531544152
 30
0.0
 11
-896.1731467002153
 21
81.50382596066765
 31
0.0
  0
LINE
  5
5C8
330
1F
100
AcDbEntity
  8
Dibujo2D$oculto$líneas
100
AcDbLine
 10
-814.6233337956935
 20
77.42633531544152
 30
0.0
 11
-814.6233337956935
 21
81.50382596066765
 31
0.0
  0
LINE
  5
5C9
330
1F
100
AcDbEntity
  8
Dibujo2D$oculto$líneas
100
AcDbLine
 10
-733.0735208911719
 20
77.42633531544152
 30
0.0
 11
-733.0735208911719
 21
81.50382596066765
 31
0.0
  0
LINE
  5
5CA
330
1F
100
AcDbEntity
  8
Dibujo2D$oculto$líneas
100
AcDbLine
 10
-977.7229596047371
 20
77.42633531544152
 30
0.0
 11
-977.7229596047371
 21
81.50382596066765
 31
0.0
  0
LINE
  5
5CB
330
1F
100
AcDbEntity
  8
Dibujo2D$oculto$líneas
100
AcDbLine
 10
-1011.110485080158
 20
81.50382596066765
 30
0.0
 11
-1011.110485080158
 21
77.42633531544152
 31
0.0
  0
LINE
  5
5CC
330
1F
100
AcDbEntity
  8
Dibujo2D$oculto$líneas
100
AcDbLine
 10
-920.6433234453191
 20
77.42633531544152
 30
0.0
 11
-920.6433234453191
 21
81.50382596066765
 31
0.0
  0
LINE
  5
5CD
330
1F
100
AcDbEntity
  8
Dibujo2D$oculto$líneas
100
AcDbLine
 10
733.7429034544118
 20
81.55893749920642
 30
0.0
 11
729.6654128091857
 21
81.55893749920642
 31
0.0
  0
LINE
  5
5CE
330
1F
100
AcDbEntity
  8
Dibujo2D$oculto$líneas
100
AcDbLine
 10
733.7429034544118
 20
101.9463907253369
 30
0.0
 11
729.6654128091857
 21
101.9463907253369
 31
0.0
  0
LINE
  5
5CF
330
1F
100
AcDbEntity
  8
Dibujo2D$oculto$líneas
100
AcDbLine
 10
729.6654128091857
 20
123.2880902017268
 30
0.0
 11
733.7429034544118
 21
123.2880902017268
 31
0.0
  0
LINE
  5
5D0
330
1F
100
AcDbEntity
  8
Dibujo2D$oculto$líneas
100
AcDbLine
 10
733.7429034544118
 20
99.9076454027238
 30
0.0
 11
729.6654128091857
 21
99.9076454027238
 31
0.0
  0
LINE
  5
5D1
330
1F
100
AcDbEntity
  8
Dibujo2D$oculto$líneas
100
AcDbLine
 10
729.6654128091857
 20
83.59768282181949
 30
0.0
 11
733.7429034544118
 21
83.59768282181949
 31
0.0
  0
LINE
  5
5D2
330
1F
100
AcDbEntity
  8
Dibujo2D$oculto$líneas
100
AcDbLine
 10
733.7429034544118
 20
39.51926396713623
 30
0.0
 11
729.6654128091857
 21
39.51926396713623
 31
0.0
  0
LINE
  5
5D3
330
1F
100
AcDbEntity
  8
Dibujo2D$oculto$líneas
100
AcDbLine
 10
-863.047617516521
 20
235.7602888004258
 30
0.0
 11
-863.3207563840517
 21
239.8286207830631
 31
0.0
  0
LINE
  5
5D4
330
1F
100
AcDbEntity
  8
Dibujo2D$oculto$líneas
100
AcDbLine
 10
-858.3012302034441
 20
236.0789508125451
 30
0.0
 11
-858.5743690709749
 21
240.1472827951825
 31
0.0
  0
LINE
  5
5D5
330
1F
100
AcDbEntity
  8
Dibujo2D$oculto$líneas
100
AcDbLine
 10
-682.2529161200061
 20
247.8984476836631
 30
0.0
 11
-682.5260549875368
 21
251.9667796663005
 31
0.0
  0
LINE
  5
5D6
330
1F
100
AcDbEntity
  8
Dibujo2D$oculto$líneas
100
AcDbLine
 10
-677.5065288069293
 20
248.2171096957823
 30
0.0
 11
-677.7796676744599
 21
252.2854416784196
 31
0.0
  0
LINE
  5
5D7
330
1F
100
AcDbEntity
  8
Dibujo2D$oculto$líneas
100
AcDbLine
 10
-1043.8423192669
 20
223.6221298934311
 30
0.0
 11
-1044.115458134431
 21
227.6904618760684
 31
0.0
  0
LINE
  5
5D8
330
1F
100
AcDbEntity
  8
Dibujo2D$oculto$líneas
100
AcDbLine
 10
-1039.095931953823
 20
223.9407919055502
 30
0.0
 11
-1039.369070821354
 21
228.0091238881876
 31
0.0
  0
LINE
  5
5D9
330
1F
100
AcDbEntity
  8
Dibujo2D$oculto$líneas
100
AcDbLine
 10
-3.603322041485399
 20
185.1557485192438
 30
0.0
 11
-11.75830333193744
 21
185.1557485192438
 31
0.0
  0
LINE
  5
5DA
330
1F
100
AcDbEntity
  8
Dibujo2D$oculto$líneas
100
AcDbLine
 10
-3.603322041484944
 20
110.780953789993
 30
0.0
 11
-11.75830333193721
 21
110.780953789993
 31
0.0
  0
LINE
  5
5DB
330
1F
100
AcDbEntity
  8
Dibujo2D$oculto$líneas
100
AcDbLine
 10
-3.603322041485171
 20
101.9463907253369
 30
0.0
 11
-11.75830333193721
 21
101.9463907253369
 31
0.0
  0
LINE
  5
5DC
330
1F
100
AcDbEntity
  8
Dibujo2D$oculto$líneas
100
AcDbLine
 10
-3.603322041485171
 20
81.55893749920642
 30
0.0
 11
-11.75830333193721
 21
81.55893749920642
 31
0.0
  0
LINE
  5
5DD
330
1F
100
AcDbEntity
  8
Dibujo2D$oculto$líneas
100
AcDbLine
 10
-3.603322041485171
 20
61.26588074167535
 30
0.0
 11
-11.75830333193744
 21
61.26588074167535
 31
0.0
  0
LINE
  5
5DE
330
1F
100
AcDbEntity
  8
Dibujo2D$oculto$líneas
100
AcDbLine
 10
750.193194432318
 20
15.05432009577976
 30
0.0
 11
750.193194432318
 21
19.13181074100601
 31
0.0
  0
LINE
  5
5DF
330
1F
100
AcDbEntity
  8
Dibujo2D$oculto$líneas
100
AcDbLine
 10
-589.9464763409405
 20
19.13181074100578
 30
0.0
 11
-589.9464763409405
 21
15.05432009577964
 31
0.0
  0
LINE
  5
5E0
330
1F
100
AcDbEntity
  8
Dibujo2D$oculto$líneas
100
AcDbLine
 10
-597.0141267926658
 20
19.13181074100578
 30
0.0
 11
-597.0141267926658
 21
15.05432009577964
 31
0.0
  0
LINE
  5
5E1
330
1F
100
AcDbEntity
  8
Dibujo2D$oculto$líneas
100
AcDbLine
 10
-651.3806687290137
 20
15.05432009577967
 30
0.0
 11
-651.3806687290137
 21
19.13181074100572
 31
0.0
  0
LINE
  5
5E2
330
1F
100
AcDbEntity
  8
Dibujo2D$oculto$líneas
100
AcDbLine
 10
-644.3130182772883
 20
19.13181074100579
 30
0.0
 11
-644.3130182772883
 21
15.05432009577969
 31
0.0
  0
LINE
  5
5E3
330
1F
100
AcDbEntity
  8
Dibujo2D$oculto$líneas
100
AcDbLine
 10
-1039.839876081952
 20
219.8041752060302
 30
0.0
 11
-1040.113014949482
 21
223.8725071886676
 31
0.0
  0
LINE
  5
5E4
330
1F
100
AcDbEntity
  8
Dibujo2D$oculto$líneas
100
AcDbLine
 10
-1042.55209740371
 20
219.6220826276761
 30
0.0
 11
-1042.825236271241
 21
223.6904146103135
 31
0.0
  0
LINE
  5
5E5
330
1F
100
AcDbEntity
  8
Dibujo2D$oculto$líneas
100
AcDbLine
 10
-859.0451743315729
 20
231.942334113025
 30
0.0
 11
-859.3183131991036
 21
236.0106660956625
 31
0.0
  0
LINE
  5
5E6
330
1F
100
AcDbEntity
  8
Dibujo2D$oculto$líneas
100
AcDbLine
 10
-861.7573956533312
 20
231.7602415346712
 30
0.0
 11
-862.0305345208619
 21
235.8285735173087
 31
0.0
  0
LINE
  5
5E7
330
1F
100
AcDbEntity
  8
Dibujo2D$oculto$líneas
100
AcDbLine
 10
-678.2504729350578
 20
244.0804929962626
 30
0.0
 11
-678.5236118025887
 21
248.1488249789001
 31
0.0
  0
LINE
  5
5E8
330
1F
100
AcDbEntity
  8
Dibujo2D$oculto$líneas
100
AcDbLine
 10
-680.9626942568161
 20
243.8984004179088
 30
0.0
 11
-681.235833124347
 21
247.9667324005461
 31
0.0
  0
LINE
  5
5E9
330
1F
100
AcDbEntity
  8
Dibujo2D$oculto$líneas
100
AcDbLine
 10
-691.4066630809405
 20
247.2838852317199
 30
0.0
 11
-691.13352421526
 21
243.2155532766425
 31
0.0
  0
LINE
  5
5EA
330
1F
100
AcDbEntity
  8
Dibujo2D$oculto$líneas
100
AcDbLine
 10
-1015.975656202596
 20
221.4063664775808
 30
0.0
 11
-1016.248795070127
 21
225.4746984602182
 31
0.0
  0
LINE
  5
5EB
330
1F
100
AcDbEntity
  8
Dibujo2D$oculto$líneas
100
AcDbLine
 10
995.5941445094118
 20
29.09937805497361
 30
0.0
 11
995.5941445094118
 21
41.33184999065179
 31
0.0
  0
LINE
  5
5EC
330
1F
100
AcDbEntity
  8
Dibujo2D$oculto$líneas
100
AcDbLine
 10
1002.389962251455
 20
29.09937805497361
 30
0.0
 11
1002.389962251455
 21
41.33184999065179
 31
0.0
  0
LINE
  5
5ED
330
1F
100
AcDbEntity
  8
Dibujo2D$visible$líneas
100
AcDbLine
 10
-573.0928483406728
 20
110.280716206164
 30
0.0
 11
-641.0510257611074
 21
110.280716206164
 31
0.0
  0
LINE
  5
5EE
330
1F
100
AcDbEntity
  8
Dibujo2D$visible$líneas
100
AcDbLine
 10
-641.0510257611074
 20
110.280716206164
 30
0.0
 11
-668.2342967050147
 21
110.280716206164
 31
0.0
  0
SPLINE
  5
5EF
330
1F
100
AcDbEntity
  8
Dibujo2D$visible$líneas
100
AcDbSpline
210
0.0
220
0.0
230
1.0
 70
    28
 71
     2
 72
     8
 73
     5
 74
     0
 42
0.000000001
 43
0.0000000001
 40
83.85594152412784
 40
83.85594152412784
 40
83.85594152412784
 40
102.0310933742273
 40
102.0310933742273
 40
119.9727581106279
 40
119.9727581106279
 40
119.9727581106279
 10
-515.4280593037869
 20
27.37173975323367
 30
0.0
 41
1.0
 10
-515.4279619458271
 20
27.37173975323383
 30
0.0
 41
0.7071067811865449
 10
-531.1543826533288
 20
27.3717397532339
 30
0.0
 41
1.0
 10
-599.694339691305
 20
27.37173975323378
 30
0.0
 41
1.0
 10
-668.2342967292814
 20
27.37173975323367
 30
0.0
 41
1.0
  0
LINE
  5
5F0
330
1F
100
AcDbEntity
  8
Dibujo2D$visible$líneas
100
AcDbLine
 10
-458.1407074256847
 20
31.44923039845958
 30
0.0
 11
-362.9992590370762
 21
31.44923039845958
 31
0.0
  0
LINE
  5
5F1
330
1F
100
AcDbEntity
  8
Dibujo2D$visible$líneas
100
AcDbLine
 10
-709.0361016723691
 20
246.1002834724191
 30
0.0
 11
-668.3527818459952
 21
248.8316721477269
 31
0.0
  0
LINE
  5
5F2
330
1F
100
AcDbEntity
  8
Dibujo2D$visible$líneas
100
AcDbLine
 10
-725.3094296029185
 20
245.0077280022961
 30
0.0
 11
-709.0361016723691
 21
246.1002834724191
 31
0.0
  0
LINE
  5
5F3
330
1F
100
AcDbEntity
  8
Dibujo2D$visible$líneas
100
AcDbLine
 10
-852.5377571124454
 20
236.4658977283424
 30
0.0
 11
-725.3094296029185
 21
245.0077280022961
 31
0.0
  0
LINE
  5
5F4
330
1F
100
AcDbEntity
  8
Dibujo2D$visible$líneas
100
AcDbLine
 10
-868.8110850429948
 20
235.3733422582192
 30
0.0
 11
-852.5377571124454
 21
236.4658977283423
 31
0.0
  0
LINE
  5
5F5
330
1F
100
AcDbEntity
  8
Dibujo2D$visible$líneas
100
AcDbLine
 10
-996.0394184709107
 20
226.8315115869175
 30
0.0
 11
-868.8110850429948
 21
235.3733422582193
 31
0.0
  0
LINE
  5
5F6
330
1F
100
AcDbEntity
  8
Dibujo2D$visible$líneas
100
AcDbLine
 10
-1012.31274640146
 20
225.7389561167944
 30
0.0
 11
-996.0394184709107
 21
226.8315115869175
 31
0.0
  0
LINE
  5
5F7
330
1F
100
AcDbEntity
  8
Dibujo2D$visible$líneas
100
AcDbLine
 10
-1052.996066227834
 20
223.0075674414866
 30
0.0
 11
-1012.31274640146
 21
225.7389561167944
 31
0.0
  0
LINE
  5
5F8
330
1F
100
AcDbEntity
  8
Dibujo2D$visible$líneas
100
AcDbLine
 10
832.2524863320552
 20
23.38265291417031
 30
0.0
 11
744.7580491253684
 21
23.38265291417031
 31
0.0
  0
LINE
  5
5F9
330
1F
100
AcDbEntity
  8
Dibujo2D$visible$líneas
100
AcDbLine
 10
826.8158321384751
 20
19.1463986609985
 30
0.0
 11
750.1931944323176
 21
19.14639866099822
 31
0.0
  0
LINE
  5
5FA
330
1F
100
AcDbEntity
  8
Dibujo2D$visible$líneas
100
AcDbLine
 10
-1052.877580928817
 20
19.13181074100584
 30
0.0
 11
976.5097807566885
 21
19.13181074100555
 31
0.0
  0
LINE
  5
5FB
330
1F
100
AcDbEntity
  8
Dibujo2D$visible$líneas
100
AcDbLine
 10
-672.3117873683234
 20
81.50382596066765
 30
0.0
 11
-676.3892780135495
 21
81.50382596066777
 31
0.0
  0
LINE
  5
5FC
330
1F
100
AcDbEntity
  8
Dibujo2D$visible$líneas
100
AcDbLine
 10
-676.3892780135495
 20
81.50382596066765
 30
0.0
 11
-1051.88539153242
 21
81.50382596066765
 31
0.0
  0
LINE
  5
5FD
330
1F
100
AcDbEntity
  8
Dibujo2D$visible$líneas
100
AcDbLine
 10
-253.9095436441451
 20
81.50898731040695
 30
0.0
 11
-573.9925592943928
 21
81.50898731040684
 31
0.0
  0
LINE
  5
5FE
330
1F
100
AcDbEntity
  8
Dibujo2D$visible$líneas
100
AcDbLine
 10
-64.56394351382505
 20
81.57513835507609
 30
0.0
 11
141.657744072867
 21
81.5751383550762
 31
0.0
  0
LINE
  5
5FF
330
1F
100
AcDbEntity
  8
Dibujo2D$visible$líneas
100
AcDbLine
 10
-206.600731935893
 20
81.5751383550762
 30
0.0
 11
-78.11477148023187
 21
81.57513835507609
 31
0.0
  0
LINE
  5
600
330
1F
100
AcDbEntity
  8
Dibujo2D$visible$líneas
100
AcDbLine
 10
-64.56394351598681
 20
81.57513835507609
 30
0.0
 11
-74.71686260921001
 21
81.57513835507609
 31
0.0
  0
LINE
  5
601
330
1F
100
AcDbEntity
  8
Dibujo2D$visible$líneas
100
AcDbLine
 10
-74.71686260921001
 20
81.57513835507609
 30
0.0
 11
-78.11477148023187
 21
81.57513835507608
 31
0.0
  0
LINE
  5
602
330
1F
100
AcDbEntity
  8
Dibujo2D$visible$líneas
100
AcDbLine
 10
-102.8222610753568
 20
218.0063757199619
 30
0.0
 11
-123.2097143014871
 21
218.0063757199619
 31
0.0
  0
LINE
  5
603
330
1F
100
AcDbEntity
  8
Dibujo2D$visible$líneas
100
AcDbLine
 10
-76.99815365559141
 20
218.0063757199619
 30
0.0
 11
-102.8222610753568
 21
218.0063757199619
 31
0.0
  0
LINE
  5
604
330
1F
100
AcDbEntity
  8
Dibujo2D$visible$líneas
100
AcDbLine
 10
-57.96986397786975
 20
218.0063757199619
 30
0.0
 11
-76.99815365559141
 21
218.0063757199619
 31
0.0
  0
LINE
  5
605
330
1F
100
AcDbEntity
  8
Dibujo2D$visible$líneas
100
AcDbLine
 10
-32.14575655810472
 20
218.0063757199619
 30
0.0
 11
-57.96986397786975
 21
218.0063757199617
 31
0.0
  0
LINE
  5
606
330
1F
100
AcDbEntity
  8
Dibujo2D$visible$líneas
100
AcDbLine
 10
-11.75830333197428
 20
218.0063757199619
 30
0.0
 11
-32.14575655810472
 21
218.0063757199619
 31
0.0
  0
LINE
  5
607
330
1F
100
AcDbEntity
  8
Dibujo2D$visible$líneas
100
AcDbLine
 10
-2.244158493113446
 20
218.0063757199616
 30
0.0
 11
-11.75830333197428
 21
218.0063757199619
 31
0.0
  0
LINE
  5
608
330
1F
100
AcDbEntity
  8
Dibujo2D$visible$líneas
100
AcDbLine
 10
-668.234296699686
 20
198.288813310247
 30
0.0
 11
-677.7484415385468
 21
198.288813310247
 31
0.0
  0
LINE
  5
609
330
1F
100
AcDbEntity
  8
Dibujo2D$visible$líneas
100
AcDbLine
 10
-651.9243341188569
 20
198.288813310247
 30
0.0
 11
-668.234296699686
 21
198.288813310247
 31
0.0
  0
LINE
  5
60A
330
1F
100
AcDbEntity
  8
Dibujo2D$visible$líneas
100
AcDbLine
 10
-632.89604444106
 20
198.288813310247
 30
0.0
 11
-651.9243341188569
 21
198.288813310247
 31
0.0
  0
LINE
  5
60B
330
1F
100
AcDbEntity
  8
Dibujo2D$visible$líneas
100
AcDbLine
 10
-616.5860818601554
 20
198.288813310247
 30
0.0
 11
-632.89604444106
 21
198.288813310247
 31
0.0
  0
LINE
  5
60C
330
1F
100
AcDbEntity
  8
Dibujo2D$visible$líneas
100
AcDbLine
 10
-597.5577921824336
 20
198.288813310247
 30
0.0
 11
-616.5860818601554
 21
198.288813310247
 31
0.0
  0
LINE
  5
60D
330
1F
100
AcDbEntity
  8
Dibujo2D$visible$líneas
100
AcDbLine
 10
-581.2478296015292
 20
198.288813310247
 30
0.0
 11
-597.5577921824336
 21
198.288813310247
 31
0.0
  0
LINE
  5
60E
330
1F
100
AcDbEntity
  8
Dibujo2D$oculto$líneas
100
AcDbLine
 10
-676.3892766757456
 20
157.7731965759878
 30
0.0
 11
-668.2090847803588
 21
157.7731965759878
 31
0.0
  0
LINE
  5
60F
330
1F
100
AcDbEntity
  8
Dibujo2D$visible$líneas
100
AcDbLine
 10
483.6568105471169
 20
19.02828967772177
 30
0.0
 11
483.656810547212
 21
0.0
 31
0.0
  0
LINE
  5
610
330
1F
100
AcDbEntity
  8
Dibujo2D$visible$líneas
100
AcDbLine
 10
-1077.582693931049
 20
19.13181074100584
 30
0.0
 11
-1077.582693931049
 21
220.0238675126832
 31
0.0
  0
SPLINE
  5
611
330
1F
100
AcDbEntity
  8
Dibujo2D$visible$líneas
100
AcDbSpline
210
0.0
220
0.0
230
1.0
 70
    31
 71
     2
 72
     8
 73
     5
 74
     0
 42
0.000000001
 43
0.0000000001
 40
6.0
 40
6.0
 40
6.0
 40
12.0
 40
12.0
 40
38.61752351852875
 40
38.61752351852875
 40
38.61752351852875
 10
-1077.582693931049
 20
19.13181074100584
 30
0.0
 41
1.0
 10
-1077.582693931049
 20
19.13181074100584
 30
0.0
 41
1.0
 10
-1077.582693931049
 20
19.13181074100584
 30
0.0
 41
1.0
 10
-1077.582693931049
 20
19.13181074100584
 30
0.0
 41
1.0
 10
-1077.582693931049
 20
19.13181074100584
 30
0.0
 41
1.0
  0
LINE
  5
612
330
1F
100
AcDbEntity
  8
Dibujo2D$visible$líneas
100
AcDbLine
 10
-1077.582693931049
 20
36.5922020249727
 30
0.0
 11
-1077.582693931049
 21
34.23225218133287
 31
0.0
  0
LINE
  5
613
330
1F
100
AcDbEntity
  8
Dibujo2D$oculto$líneas
100
AcDbLine
 10
975.830198982484
 20
19.13181074100549
 30
0.0
 11
975.830198982484
 21
32.7234462250924
 31
0.0
  0
LINE
  5
614
330
1F
100
AcDbEntity
  8
Dibujo2D$oculto$líneas
100
AcDbLine
 10
975.830198982484
 20
32.7234462250924
 30
0.0
 11
975.8301989824845
 21
57.5343342893525
 31
0.0
  0
LINE
  5
615
330
1F
100
AcDbEntity
  8
Dibujo2D$visible$líneas
100
AcDbLine
 10
975.830198982484
 20
57.5343342893525
 30
0.0
 11
975.830198982484
 21
71.12596977343946
 31
0.0
  0
LINE
  5
616
330
1F
100
AcDbEntity
  8
Dibujo2D$visible$líneas
100
AcDbLine
 10
967.6752176920318
 20
57.5343342893525
 30
0.0
 11
975.830198982484
 21
57.5343342893525
 31
0.0
  0
LINE
  5
617
330
1F
100
AcDbEntity
  8
Dibujo2D$visible$líneas
100
AcDbLine
 10
967.6752176920318
 20
71.12596977343946
 30
0.0
 11
975.830198982484
 21
71.12596977343946
 31
0.0
  0
LINE
  5
618
330
1F
100
AcDbEntity
  8
Dibujo2D$oculto$líneas
100
AcDbLine
 10
975.8301989824845
 20
71.12596977343946
 30
0.0
 11
975.8301989824845
 21
94.57769428929089
 31
0.0
  0
LINE
  5
619
330
1F
100
AcDbEntity
  8
Dibujo2D$oculto$líneas
100
AcDbLine
 10
967.675217692032
 20
94.57769428929089
 30
0.0
 11
975.8301989824845
 21
94.57769428929089
 31
0.0
  0
LINE
  5
61A
330
1F
100
AcDbEntity
  8
Dibujo2D$oculto$líneas
100
AcDbLine
 10
975.830198982484
 20
94.57769428929089
 30
0.0
 11
975.830198982484
 21
109.5284933217865
 31
0.0
  0
LINE
  5
61B
330
1F
100
AcDbEntity
  8
Dibujo2D$oculto$líneas
100
AcDbLine
 10
967.6752176920318
 20
109.5284933217865
 30
0.0
 11
975.830198982484
 21
109.5284933217865
 31
0.0
  0
LINE
  5
61C
330
1F
100
AcDbEntity
  8
Dibujo2D$oculto$líneas
100
AcDbLine
 10
967.6752176920318
 20
100.5580139022891
 30
0.0
 11
975.830198982484
 21
100.5580139022891
 31
0.0
  0
LINE
  5
61D
330
1F
100
AcDbEntity
  8
Dibujo2D$oculto$líneas
100
AcDbLine
 10
967.6752176920318
 20
94.57769428929089
 30
0.0
 11
967.6752176920318
 21
109.5284933217865
 31
0.0
  0
LINE
  5
61E
330
1F
100
AcDbEntity
  8
Dibujo2D$oculto$líneas
100
AcDbLine
 10
967.675217692032
 20
71.12596977343946
 30
0.0
 11
967.675217692032
 21
94.57769428929089
 31
0.0
  0
LINE
  5
61F
330
1F
100
AcDbEntity
  8
Dibujo2D$visible$líneas
100
AcDbLine
 10
967.6752176920318
 20
57.5343342893525
 30
0.0
 11
967.6752176920318
 21
71.12596977343946
 31
0.0
  0
LINE
  5
620
330
1F
100
AcDbEntity
  8
Dibujo2D$oculto$líneas
100
AcDbLine
 10
967.6752176920318
 20
32.7234462250924
 30
0.0
 11
967.675217692032
 21
57.5343342893525
 31
0.0
  0
LINE
  5
621
330
1F
100
AcDbEntity
  8
Dibujo2D$oculto$líneas
100
AcDbLine
 10
967.6752176920318
 20
19.13181074100549
 30
0.0
 11
967.6752176920318
 21
32.7234462250924
 31
0.0
  0
LINE
  5
622
330
1F
100
AcDbEntity
  8
Dibujo2D$visible$líneas
100
AcDbLine
 10
1232.847058856533
 20
78.3263970536243
 30
0.0
 11
1279.447068140503
 21
71.75334311251709
 31
0.0
  0
LINE
  5
623
330
1F
100
AcDbEntity
  8
Dibujo2D$visible$líneas
100
AcDbLine
 10
1279.447068140503
 20
71.75334311251709
 30
0.0
 11
1279.447068140503
 21
70.78002558053622
 31
0.0
  0
LINE
  5
624
330
1F
100
AcDbEntity
  8
Dibujo2D$oculto$líneas
100
AcDbLine
 10
1232.847058856533
 20
77.35307952164327
 30
0.0
 11
1232.847058856533
 21
74.24890640836998
 31
0.0
  0
LINE
  5
625
330
1F
100
AcDbEntity
  8
Dibujo2D$visible$líneas
100
AcDbLine
 10
1232.847058856533
 20
78.3263970536243
 30
0.0
 11
1232.847058856533
 21
77.35307952164325
 31
0.0
  0
LINE
  5
626
330
1F
100
AcDbEntity
  8
Dibujo2D$oculto$líneas
100
AcDbLine
 10
1232.850819960868
 20
78.32586653996032
 30
0.0
 11
1232.850819960868
 21
74.24837589470576
 31
0.0
  0
LINE
  5
627
330
1F
100
AcDbEntity
  8
Dibujo2D$oculto$líneas
100
AcDbLine
 10
1279.447068140502
 20
67.67585246726117
 30
0.0
 11
1232.847058856533
 21
74.24890640836998
 31
0.0
  0
LINE
  5
628
330
1F
100
AcDbEntity
  8
Dibujo2D$visible$líneas
100
AcDbLine
 10
-1052.877580928817
 20
218.9288523570763
 30
0.0
 11
-1052.877580928817
 21
220.0238675126832
 31
0.0
  0
LINE
  5
629
330
1F
100
AcDbEntity
  8
Dibujo2D$visible$líneas
100
AcDbLine
 10
-1052.795747172486
 20
220.0238675126832
 30
0.0
 11
-1052.877580928817
 21
220.0238675126832
 31
0.0
  0
LINE
  5
62A
330
1F
100
AcDbEntity
  8
Dibujo2D$oculto$líneas
100
AcDbLine
 10
-1044.722599638365
 20
220.0238675126832
 30
0.0
 11
-1052.795747172486
 21
220.0238675126832
 31
0.0
  0
LINE
  5
62B
330
1F
100
AcDbEntity
  8
Dibujo2D$oculto$líneas
100
AcDbLine
 10
-1044.722599638365
 20
205.0730684801881
 30
0.0
 11
-1044.722599638365
 21
220.0238675126832
 31
0.0
  0
LINE
  5
62C
330
1F
100
AcDbEntity
  8
Dibujo2D$oculto$líneas
100
AcDbLine
 10
-1044.722599638365
 20
63.8346998481685
 30
0.0
 11
-1044.722599638364
 21
77.42633532384843
 31
0.0
  0
LINE
  5
62D
330
1F
100
AcDbEntity
  8
Dibujo2D$oculto$líneas
100
AcDbLine
 10
-1044.722599638365
 20
19.13181074100584
 30
0.0
 11
-1044.722599638365
 21
32.72344622509343
 31
0.0
  0
LINE
  5
62E
330
1F
100
AcDbEntity
  8
Dibujo2D$visible$líneas
100
AcDbLine
 10
226.7749021216589
 20
220.6213665589875
 30
0.0
 11
226.7749021216589
 21
219.2622047874047
 31
0.0
  0
LINE
  5
62F
330
1F
100
AcDbEntity
  8
Dibujo2D$visible$líneas
100
AcDbLine
 10
230.8523927668848
 20
220.6213665589875
 30
0.0
 11
226.7749021216589
 21
220.6213665589875
 31
0.0
  0
LINE
  5
630
330
1F
100
AcDbEntity
  8
Dibujo2D$oculto$líneas
100
AcDbLine
 10
226.7749021216589
 20
215.1847123653525
 30
0.0
 11
226.7749021216587
 21
201.4556380293254
 31
0.0
  0
LINE
  5
631
330
1F
100
AcDbEntity
  8
Dibujo2D$oculto$líneas
100
AcDbLine
 10
230.8523927668848
 20
215.1847123653525
 30
0.0
 11
226.7749021216589
 21
215.1847123653525
 31
0.0
  0
LINE
  5
632
330
1F
100
AcDbEntity
  8
Dibujo2D$oculto$líneas
100
AcDbLine
 10
226.7749021216589
 20
201.4556371582463
 30
0.0
 11
226.7749018663553
 21
125.7717806586747
 31
0.0
  0
LINE
  5
633
330
1F
100
AcDbEntity
  8
Dibujo2D$oculto$líneas
100
AcDbLine
 10
230.8523927668848
 20
201.4556371582464
 30
0.0
 11
226.7749022445269
 21
201.4556371582464
 31
0.0
  0
LINE
  5
634
330
1F
100
AcDbEntity
  8
Dibujo2D$visible$líneas
100
AcDbLine
 10
226.7749021216587
 20
125.7717806586747
 30
0.0
 11
226.7749015524766
 21
109.4618180777704
 31
0.0
  0
LINE
  5
635
330
1F
100
AcDbEntity
  8
Dibujo2D$visible$líneas
100
AcDbLine
 10
230.8523927668848
 20
125.7717806586747
 30
0.0
 11
226.7749021216587
 21
125.7717806586747
 31
0.0
  0
LINE
  5
636
330
1F
100
AcDbEntity
  8
Dibujo2D$visible$líneas
100
AcDbLine
 10
230.8523921977028
 20
109.4618180777704
 30
0.0
 11
226.7749015524766
 21
109.4618180777704
 31
0.0
  0
LINE
  5
637
330
1F
100
AcDbEntity
  8
Dibujo2D$oculto$líneas
100
AcDbLine
 10
226.774901966498
 20
109.4618180777704
 30
0.0
 11
226.7749018793629
 21
57.80001160275606
 31
0.0
  0
LINE
  5
638
330
1F
100
AcDbEntity
  8
Dibujo2D$visible$líneas
100
AcDbLine
 10
226.7749015524766
 20
57.80001160275606
 30
0.0
 11
226.7749021216587
 21
41.49004902185175
 31
0.0
  0
LINE
  5
639
330
1F
100
AcDbEntity
  8
Dibujo2D$visible$líneas
100
AcDbLine
 10
230.8523921977028
 20
57.80001160275606
 30
0.0
 11
226.7749015524766
 21
57.80001160275606
 31
0.0
  0
LINE
  5
63A
330
1F
100
AcDbEntity
  8
Dibujo2D$visible$líneas
100
AcDbLine
 10
230.8523927668848
 20
41.49004902185175
 30
0.0
 11
226.7749021216587
 21
41.49004902185175
 31
0.0
  0
LINE
  5
63B
330
1F
100
AcDbEntity
  8
Dibujo2D$oculto$líneas
100
AcDbLine
 10
226.7749015820489
 20
41.49004902185175
 30
0.0
 11
226.7749015524769
 21
32.72344517985424
 31
0.0
  0
LINE
  5
63C
330
1F
100
AcDbEntity
  8
Dibujo2D$oculto$líneas
100
AcDbLine
 10
226.7749021216587
 20
32.72344413461565
 30
0.0
 11
226.7749021216587
 21
19.13181074100583
 31
0.0
  0
LINE
  5
63D
330
1F
100
AcDbEntity
  8
Dibujo2D$visible$líneas
100
AcDbLine
 10
226.7749021216587
 20
15.05432009577978
 30
0.0
 11
226.7749021216587
 21
13.69515445689387
 31
0.0
  0
LINE
  5
63E
330
1F
100
AcDbEntity
  8
Dibujo2D$visible$líneas
100
AcDbLine
 10
230.8523927668848
 20
13.69515445689387
 30
0.0
 11
226.7749021216587
 21
13.69515445689387
 31
0.0
  0
LINE
  5
63F
330
1F
100
AcDbEntity
  8
Dibujo2D$oculto$líneas
100
AcDbLine
 10
230.8523927668848
 20
99.91220760697456
 30
0.0
 11
226.7749021216587
 21
99.91220760697456
 31
0.0
  0
LINE
  5
640
330
1F
100
AcDbEntity
  8
Dibujo2D$visible$líneas
100
AcDbLine
 10
230.8523927668848
 20
15.05432009577978
 30
0.0
 11
230.8523927668848
 21
13.69515445689387
 31
0.0
  0
LINE
  5
641
330
1F
100
AcDbEntity
  8
Dibujo2D$oculto$líneas
100
AcDbLine
 10
230.8523927668848
 20
32.72344413461565
 30
0.0
 11
230.8523927668848
 21
19.13181074100583
 31
0.0
  0
LINE
  5
642
330
1F
100
AcDbEntity
  8
Dibujo2D$oculto$líneas
100
AcDbLine
 10
230.852392227275
 20
41.49004902185175
 30
0.0
 11
230.8523921977028
 21
32.72344517985424
 31
0.0
  0
LINE
  5
643
330
1F
100
AcDbEntity
  8
Dibujo2D$visible$líneas
100
AcDbLine
 10
230.8523921977028
 20
57.80001160275606
 30
0.0
 11
230.8523927668848
 21
41.49004902185175
 31
0.0
  0
LINE
  5
644
330
1F
100
AcDbEntity
  8
Dibujo2D$oculto$líneas
100
AcDbLine
 10
230.8523926117241
 20
109.4618180777704
 30
0.0
 11
230.852392524589
 21
57.80001160275606
 31
0.0
  0
LINE
  5
645
330
1F
100
AcDbEntity
  8
Dibujo2D$visible$líneas
100
AcDbLine
 10
230.8523927668848
 20
125.7717806586747
 30
0.0
 11
230.8523921977028
 21
109.4618180777704
 31
0.0
  0
LINE
  5
646
330
1F
100
AcDbEntity
  8
Dibujo2D$oculto$líneas
100
AcDbLine
 10
230.8523927668848
 20
201.4556371582463
 30
0.0
 11
230.8523925115815
 21
125.7717806586747
 31
0.0
  0
LINE
  5
647
330
1F
100
AcDbEntity
  8
Dibujo2D$oculto$líneas
100
AcDbLine
 10
230.8523927668848
 20
215.1847123653525
 30
0.0
 11
230.8523927668848
 21
201.4556371582463
 31
0.0
  0
LINE
  5
648
330
1F
100
AcDbEntity
  8
Dibujo2D$visible$líneas
100
AcDbLine
 10
230.8523927668848
 20
220.6213665589875
 30
0.0
 11
230.8523927668848
 21
218.6870640016569
 31
0.0
  0
LINE
  5
649
330
1F
100
AcDbEntity
  8
Dibujo2D$oculto$líneas
100
AcDbLine
 10
-351.8614920930463
 20
81.5751383550762
 30
0.0
 11
-347.7840014478204
 21
81.57513835507609
 31
0.0
  0
LINE
  5
64A
330
1F
100
AcDbEntity
  8
Dibujo2D$oculto$líneas
100
AcDbLine
 10
-351.8614920930463
 20
77.49764770985007
 30
0.0
 11
-351.8614920930463
 21
81.5751383550762
 31
0.0
  0
LINE
  5
64B
330
1F
100
AcDbEntity
  8
Dibujo2D$oculto$líneas
100
AcDbLine
 10
-347.7840014478204
 20
81.57513835507609
 30
0.0
 11
-206.6007319358928
 21
81.57513835507609
 31
0.0
  0
LINE
  5
64C
330
1F
100
AcDbEntity
  8
Dibujo2D$oculto$líneas
100
AcDbLine
 10
-347.7840014478204
 20
77.49764770985007
 30
0.0
 11
-347.7840014478204
 21
81.57513835507609
 31
0.0
  0
LINE
  5
64D
330
1F
100
AcDbEntity
  8
Dibujo2D$oculto$líneas
100
AcDbLine
 10
-205.8494212461067
 20
77.49764770985007
 30
0.0
 11
-205.8494212461067
 21
81.5751383550762
 31
0.0
  0
LINE
  5
64E
330
1F
100
AcDbEntity
  8
Dibujo2D$oculto$líneas
100
AcDbLine
 10
-173.2584486835074
 20
77.49764770985007
 30
0.0
 11
-173.2584486835074
 21
81.5751383550762
 31
0.0
  0
LINE
  5
64F
330
1F
100
AcDbEntity
  8
Dibujo2D$oculto$líneas
100
AcDbLine
 10
-152.0530251859317
 20
77.49764770985007
 30
0.0
 11
-152.0530251859317
 21
81.57513835507609
 31
0.0
  0
LINE
  5
650
330
1F
100
AcDbEntity
  8
Dibujo2D$oculto$líneas
100
AcDbLine
 10
-183.419440717514
 20
77.49764770985007
 30
0.0
 11
-183.419440717514
 21
81.57513835507609
 31
0.0
  0
LINE
  5
651
330
1F
100
AcDbEntity
  8
Dibujo2D$oculto$líneas
100
AcDbLine
 10
-212.6414569978109
 20
77.49764770985007
 30
0.0
 11
-212.6414569978109
 21
81.57513835507609
 31
0.0
  0
LINE
  5
652
330
1F
100
AcDbEntity
  8
Dibujo2D$oculto$líneas
100
AcDbLine
 10
-347.7840014478204
 20
77.49764770985007
 30
0.0
 11
-11.75830333198292
 21
77.49764770985007
 31
0.0
  0
LINE
  5
653
330
1F
100
AcDbEntity
  8
Dibujo2D$oculto$líneas
100
AcDbLine
 10
-351.8614920930463
 20
77.49764770985007
 30
0.0
 11
-347.7840014478204
 21
77.49764770985007
 31
0.0
  0
LINE
  5
654
330
1F
100
AcDbEntity
  8
Dibujo2D$oculto$líneas
100
AcDbLine
 10
820.5264979569981
 20
19.30516226894349
 30
0.0
 11
820.5264979569981
 21
23.38265291416957
 31
0.0
  0
LINE
  5
655
330
1F
100
AcDbEntity
  8
Dibujo2D$oculto$líneas
100
AcDbLine
 10
760.5545779509891
 20
19.30516226894423
 30
0.0
 11
760.5545779509891
 21
23.38265291417031
 31
0.0
  0
LINE
  5
656
330
1F
100
AcDbEntity
  8
Dibujo2D$oculto$líneas
100
AcDbLine
 10
820.5992333171912
 20
19.3051622689444
 30
0.0
 11
820.5992333171912
 21
23.38265291417048
 31
0.0
  0
LINE
  5
657
330
1F
100
AcDbEntity
  8
Dibujo2D$oculto$líneas
100
AcDbLine
 10
832.2524863320552
 20
19.30516226894423
 30
0.0
 11
832.2524863320552
 21
23.38265291417031
 31
0.0
  0
LINE
  5
658
330
1F
100
AcDbEntity
  8
Dibujo2D$oculto$líneas
100
AcDbLine
 10
832.2524863320552
 20
19.30516226894423
 30
0.0
 11
744.7580491253684
 21
19.30516226894423
 31
0.0
  0
LINE
  5
659
330
1F
100
AcDbEntity
  8
Dibujo2D$oculto$líneas
100
AcDbLine
 10
821.2060797312026
 20
15.06890801577151
 30
0.0
 11
821.2060797312026
 21
19.14639866099759
 31
0.0
  0
LINE
  5
65A
330
1F
100
AcDbEntity
  8
Dibujo2D$oculto$líneas
100
AcDbLine
 10
761.2341597251936
 20
15.06890801577242
 30
0.0
 11
761.2341597251936
 21
19.1463986609985
 31
0.0
  0
LINE
  5
65B
330
1F
100
AcDbEntity
  8
Dibujo2D$oculto$líneas
100
AcDbLine
 10
821.2788150913955
 20
15.06890801577242
 30
0.0
 11
821.2788150913955
 21
19.1463986609985
 31
0.0
  0
LINE
  5
65C
330
1F
100
AcDbEntity
  8
Dibujo2D$oculto$líneas
100
AcDbLine
 10
826.8158321384753
 20
19.1318107410059
 30
0.0
 11
826.8158321384753
 21
19.1463986609985
 31
0.0
  0
LINE
  5
65D
330
1F
100
AcDbEntity
  8
Dibujo2D$oculto$líneas
100
AcDbLine
 10
826.8158321384751
 20
15.06890801577242
 30
0.0
 11
750.1931944323176
 21
15.06890801577208
 31
0.0
  0
SPLINE
  5
65E
330
1F
100
AcDbEntity
  8
Dibujo2D$oculto$líneas
100
AcDbSpline
210
0.0
220
0.0
230
1.0
 70
    12
 71
     3
 72
     8
 73
     4
 74
     0
 42
0.000000001
 43
0.0000000001
 40
-36.10543248024979
 40
-36.10543248024979
 40
-36.10543248024979
 40
-36.10543248024979
 40
-30.10543248058885
 40
-30.10543248058885
 40
-30.10543248058885
 40
-30.10543248058885
 10
-348.0966848672518
 20
157.7955748627046
 30
0.0
 41
1.0
 10
-348.096677516962
 20
160.51390195983
 30
0.0
 41
1.0
 10
-348.0966772763841
 20
163.2322290564935
 30
0.0
 41
1.0
 10
-348.0966770358061
 20
165.9505561531569
 30
0.0
 41
1.0
  0
LINE
  5
65F
330
1F
100
AcDbEntity
  8
Dibujo2D$oculto$líneas
100
AcDbLine
 10
-348.0966770358061
 20
165.9505561531569
 30
0.0
 11
-356.251652903522
 21
165.9505561531569
 31
0.0
  0
SPLINE
  5
660
330
1F
100
AcDbEntity
  8
Dibujo2D$oculto$líneas
100
AcDbSpline
210
0.0
220
0.0
230
1.0
 70
    12
 71
     3
 72
     8
 73
     4
 74
     0
 42
0.000000001
 43
0.0000000001
 40
-36.10582342914553
 40
-36.10582342914553
 40
-36.10582342914553
 40
-36.10582342914553
 40
-30.10543248058877
 40
-30.10543248058877
 40
-30.10543248058877
 40
-30.10543248058877
 10
-356.2516661577041
 20
157.7950434992218
 30
0.0
 41
1.0
 10
-356.2516588074457
 20
160.5135477175043
 30
0.0
 41
1.0
 10
-356.2516585668519
 20
163.2320519353306
 30
0.0
 41
1.0
 10
-356.2516583262584
 20
165.9505561531569
 30
0.0
 41
1.0
  0
LINE
  5
661
330
1F
100
AcDbEntity
  8
Dibujo2D$oculto$líneas
100
AcDbLine
 10
-356.2516661603739
 20
157.7940561663257
 30
0.0
 11
-668.2090847481302
 21
157.7737295659426
 31
0.0
  0
SPLINE
  5
662
330
1F
100
AcDbEntity
  8
Dibujo2D$oculto$líneas
100
AcDbSpline
210
0.0
220
0.0
230
1.0
 70
    12
 71
     3
 72
     8
 73
     4
 74
     0
 42
0.000000001
 43
0.0000000001
 40
89.74542120175916
 40
89.74542120175916
 40
89.74542120175916
 40
89.74542120175916
 40
90.197371955113
 40
90.197371955113
 40
90.197371955113
 40
90.197371955113
 10
-559.1427267264065
 20
198.9851317674079
 30
0.0
 41
1.0
 10
-558.9378695764315
 20
198.9637899444297
 30
0.0
 41
1.0
 10
-558.7329924325306
 20
198.9426308831139
 30
0.0
 41
1.0
 10
-558.5280951544971
 20
198.9216510402852
 30
0.0
 41
1.0
  0
SPLINE
  5
663
330
1F
100
AcDbEntity
  8
Dibujo2D$oculto$líneas
100
AcDbSpline
210
0.0
220
0.0
230
1.0
 70
    12
 71
     3
 72
     8
 73
     4
 74
     0
 42
0.000000001
 43
0.0000000001
 40
84.43389985818808
 40
84.43389985818808
 40
84.43389985818808
 40
84.43389985818808
 40
84.95281249592821
 40
84.95281249592821
 40
84.95281249592821
 40
84.95281249592821
 10
-566.3563945637868
 20
199.8186113899603
 30
0.0
 41
1.0
 10
-566.1218101384115
 20
199.7886860147626
 30
0.0
 41
1.0
 10
-565.8871931027177
 20
199.7590407701398
 30
0.0
 41
1.0
 10
-565.6525424977852
 20
199.729675222153
 30
0.0
 41
1.0
  0
SPLINE
  5
664
330
1F
100
AcDbEntity
  8
Dibujo2D$oculto$líneas
100
AcDbSpline
210
0.0
220
0.0
230
1.0
 70
    12
 71
     3
 72
     8
 73
     4
 74
     0
 42
0.000000001
 43
0.0000000001
 40
83.03873326287751
 40
83.03873326287751
 40
83.03873326287751
 40
83.03873326287751
 40
83.99577969048252
 40
83.99577969048252
 40
83.99577969048252
 40
83.99577969048252
 10
-568.2476637641023
 20
200.0663602467053
 30
0.0
 41
1.0
 10
-567.8154042325783
 20
200.0082493542393
 30
0.0
 41
1.0
 10
-567.3830150046589
 20
199.9511434636001
 30
0.0
 41
1.0
 10
-566.9504897038663
 20
199.8950371438694
 30
0.0
 41
1.0
  0
SPLINE
  5
665
330
1F
100
AcDbEntity
  8
Dibujo2D$oculto$líneas
100
AcDbSpline
210
0.0
220
0.0
230
1.0
 70
    12
 71
     3
 72
     8
 73
     4
 74
     0
 42
0.000000001
 43
0.0000000001
 40
79.64635265313174
 40
79.64635265313174
 40
79.64635265313174
 40
79.64635265313174
 40
80.16737031745681
 40
80.16737031745681
 40
80.16737031745681
 40
80.16737031745681
 10
-572.838797091636
 20
200.72342194406
 30
0.0
 41
1.0
 10
-572.6040579869389
 20
200.6877279111629
 30
0.0
 41
1.0
 10
-572.3692695167945
 20
200.6523585761584
 30
0.0
 41
1.0
 10
-572.134431057467
 20
200.6173089759591
 30
0.0
 41
1.0
  0
LINE
  5
666
330
1F
100
AcDbEntity
  8
Dibujo2D$oculto$líneas
100
AcDbLine
 10
-11.75830310340552
 20
238.9906754179876
 30
0.0
 11
-11.75830335104183
 21
233.9536478092205
 31
0.0
  0
LINE
  5
667
330
1F
100
AcDbEntity
  8
Dibujo2D$oculto$líneas
100
AcDbLine
 10
-11.75830335104183
 20
233.9536478092205
 30
0.0
 11
-3.603322041485171
 21
233.9536478092185
 31
0.0
  0
LINE
  5
668
330
1F
100
AcDbEntity
  8
Dibujo2D$oculto$líneas
100
AcDbLine
 10
-3.603321812939839
 20
233.9536478092185
 30
0.0
 11
63.44440115629163
 21
224.4967329646508
 31
0.0
  0
LINE
  5
669
330
1F
100
AcDbEntity
  8
Dibujo2D$oculto$líneas
100
AcDbLine
 10
63.44440115629163
 20
224.4967329646508
 30
0.0
 11
-3.602828335800268
 21
157.8175248847891
 31
0.0
  0
LINE
  5
66A
330
1F
100
AcDbEntity
  8
Dibujo2D$oculto$líneas
100
AcDbLine
 10
-11.75830314400127
 20
157.8165027519902
 30
0.0
 11
-348.0966848056457
 21
157.7945875306562
 31
0.0
  0
SPLINE
  5
66B
330
1F
100
AcDbEntity
  8
Dibujo2D$oculto$líneas
100
AcDbSpline
210
0.0
220
0.0
230
1.0
 70
    12
 71
     3
 72
     8
 73
     4
 74
     0
 42
0.000000001
 43
0.0000000001
 40
0.000012622209343
 40
0.000012622209343
 40
0.000012622209343
 40
0.000012622209343
 40
9.999383293117347
 40
9.999383293117347
 40
9.999383293117347
 40
9.999383293117347
 10
-668.2096783278982
 20
231.1637021819719
 30
0.0
 41
1.0
 10
-668.2115712746622
 20
235.6939051339699
 30
0.0
 41
1.0
 10
-668.2128706659851
 20
240.224108085968
 30
0.0
 41
1.0
 10
-668.2141700498526
 20
244.7543110379661
 30
0.0
 41
1.0
  0
LINE
  5
66C
330
1F
100
AcDbEntity
  8
Dibujo2D$oculto$líneas
100
AcDbLine
 10
-676.3900338367687
 20
157.7738887023392
 30
0.0
 11
-750.4431927215126
 21
225.6114014497065
 31
0.0
  0
SPLINE
  5
66D
330
1F
100
AcDbEntity
  8
Dibujo2D$oculto$líneas
100
AcDbSpline
210
0.0
220
0.0
230
1.0
 70
    12
 71
     3
 72
     8
 73
     4
 74
     0
 42
0.000000001
 43
0.0000000001
 40
-60.64486695256736
 40
-60.64486695256736
 40
-60.64486695256736
 40
-60.64486695256736
 40
0.0
 40
0.0
 40
0.0
 40
0.0
 10
-750.443192786257
 20
225.6114015090166
 30
0.0
 41
1.0
 10
-723.0322191552812
 20
227.4621626815248
 30
0.0
 41
1.0
 10
-695.6212455243053
 20
229.3129238540331
 30
0.0
 41
1.0
 10
-668.2096783207298
 20
231.1636850265412
 30
0.0
 41
1.0
  0
SPLINE
  5
66E
330
1F
100
AcDbEntity
  8
Dibujo2D$oculto$líneas
100
AcDbSpline
210
0.0
220
0.0
230
1.0
 70
    12
 71
     3
 72
     8
 73
     4
 74
     0
 42
0.000000001
 43
0.0000000001
 40
89.42242307451116
 40
89.42242307451116
 40
89.42242307451116
 40
89.42242307451116
 40
89.58908736404157
 40
89.58908736404157
 40
89.58908736404157
 40
89.58908736404157
 10
-558.7547643300496
 20
198.9449317855299
 30
0.0
 41
1.0
 10
-558.6792106443644
 20
198.9371460492088
 30
0.0
 41
1.0
 10
-558.6036543117374
 20
198.9293853041723
 30
0.0
 41
1.0
 10
-558.5280953096363
 20
198.9216495252286
 30
0.0
 41
1.0
  0
ARC
  5
66F
330
1F
100
AcDbEntity
  8
Dibujo2D$oculto$líneas
100
AcDbCircle
 10
-528.3136097598475
 20
498.1681589057332
 30
0.0
 40
300.765223805131
100
AcDbArc
 50
262.8685335543144
 51
263.2330925855779
  0
SPLINE
  5
670
330
1F
100
AcDbEntity
  8
Dibujo2D$oculto$líneas
100
AcDbSpline
210
0.0
220
0.0
230
1.0
 70
    12
 71
     3
 72
     8
 73
     4
 74
     0
 42
0.000000001
 43
0.0000000001
 40
83.38752707175597
 40
83.38752707175597
 40
83.38752707175597
 40
83.38752707175597
 40
83.82564906294306
 40
83.82564906294306
 40
83.82564906294306
 40
83.82564906294306
 10
-566.9504877037905
 20
199.8950525510037
 30
0.0
 41
1.0
 10
-566.7524832862179
 20
199.8693685920775
 30
0.0
 41
1.0
 10
-566.5544519628108
 20
199.8438920912567
 30
0.0
 41
1.0
 10
-566.3563934185719
 20
199.8186203656304
 30
0.0
 41
1.0
  0
SPLINE
  5
671
330
1F
100
AcDbEntity
  8
Dibujo2D$oculto$líneas
100
AcDbSpline
210
0.0
220
0.0
230
1.0
 70
    12
 71
     3
 72
     8
 73
     4
 74
     0
 42
0.000000001
 43
0.0000000001
 40
82.56261281861829
 40
82.56261281861829
 40
82.56261281861829
 40
82.56261281861829
 40
82.86748489885765
 40
82.86748489885765
 40
82.86748489885765
 40
82.86748489885765
 10
-568.0686364402583
 20
200.0423533020265
 30
0.0
 41
1.0
 10
-567.9309225818822
 20
200.0239305922665
 30
0.0
 41
1.0
 10
-567.7931959822771
 20
200.0056107844929
 30
0.0
 41
1.0
 10
-567.6554565353035
 20
199.987392974694
 30
0.0
 41
1.0
  0
ARC
  5
672
330
1F
100
AcDbEntity
  8
Dibujo2D$oculto$líneas
100
AcDbCircle
 10
-532.8542253197602
 20
463.7602575212892
 30
0.0
 40
266.0584776490371
100
AcDbArc
 50
261.5099615978359
 51
262.2019087444102
  0
SPLINE
  5
673
330
1F
100
AcDbEntity
  8
Dibujo2D$oculto$líneas
100
AcDbSpline
210
0.0
220
0.0
230
1.0
 70
    12
 71
     3
 72
     8
 73
     4
 74
     0
 42
0.000000001
 43
0.0000000001
 40
78.60049925620748
 40
78.60049925620748
 40
78.60049925620748
 40
78.60049925620748
 40
79.03807328864437
 40
79.03807328864437
 40
79.03807328864437
 40
79.03807328864437
 10
-573.4300593435487
 20
200.8141525380525
 30
0.0
 41
1.0
 10
-573.2330019809615
 20
200.7837166274269
 30
0.0
 41
1.0
 10
-573.03590967234
 20
200.7535069992261
 30
0.0
 41
1.0
 10
-572.8387817154779
 20
200.7235230343068
 30
0.0
 41
1.0
  0
SPLINE
  5
674
330
1F
100
AcDbEntity
  8
Dibujo2D$oculto$líneas
100
AcDbSpline
210
0.0
220
0.0
230
1.0
 70
    12
 71
     3
 72
     8
 73
     4
 74
     0
 42
0.000000001
 43
0.0000000001
 40
77.11852994038104
 40
77.11852994038104
 40
77.11852994038104
 40
77.11852994038104
 40
78.08111036390822
 40
78.08111036390822
 40
78.08111036390822
 40
78.08111036390822
 10
-575.4310570534773
 20
201.1312028694689
 30
0.0
 41
1.0
 10
-574.9980709830943
 20
201.0608622390961
 30
0.0
 41
1.0
 10
-574.5649273115042
 20
200.9916267753501
 30
0.0
 41
1.0
 10
-574.1316185635322
 20
200.9234898872878
 30
0.0
 41
1.0
  0
SPLINE
  5
675
330
1F
100
AcDbEntity
  8
Dibujo2D$oculto$líneas
100
AcDbSpline
210
0.0
220
0.0
230
1.0
 70
    12
 71
     3
 72
     8
 73
     4
 74
     0
 42
0.000000001
 43
0.0000000001
 40
76.15602807220704
 40
76.15602807220704
 40
76.15602807220704
 40
76.15602807220704
 40
76.68324428043147
 40
76.68324428043147
 40
76.68324428043147
 40
76.68324428043147
 10
-576.7294039734614
 20
201.3455375951881
 30
0.0
 41
1.0
 10
-576.4924475705045
 20
201.3057928345983
 30
0.0
 41
1.0
 10
-576.2554332763226
 20
201.2663816095012
 30
0.0
 41
1.0
 10
-576.01835912969
 20
201.2273070578066
 30
0.0
 41
1.0
  0
LINE
  5
676
330
1F
100
AcDbEntity
  8
Dibujo2D$oculto$líneas
100
AcDbLine
 10
1277.527891862947
 20
53.24416459258737
 30
0.0
 11
1279.426528966558
 21
66.70253493528048
 31
0.0
  0
SPLINE
  5
677
330
1F
100
AcDbEntity
  8
Dibujo2D$oculto$líneas
100
AcDbSpline
210
0.0
220
0.0
230
1.0
 70
     8
 71
     3
 72
     8
 73
     4
 74
     0
 42
0.000000001
 43
0.0000000001
 40
0.0
 40
0.0
 40
0.0
 40
0.0
 40
1303.986920292404
 40
1303.986920292404
 40
1303.986920292404
 40
1303.986920292404
 10
-13.67747936740307
 20
235.3720800793816
 30
0.0
 10
416.7243110523866
 20
174.6627749856591
 30
0.0
 10
847.1261014508605
 20
113.9534697408851
 30
0.0
 10
1277.527891862947
 20
53.24416459258736
 30
0.0
  0
SPLINE
  5
678
330
1F
100
AcDbEntity
  8
Dibujo2D$oculto$líneas
100
AcDbSpline
210
0.0
220
0.0
230
1.0
 70
     8
 71
     3
 72
     8
 73
     4
 74
     0
 42
0.000000001
 43
0.0000000001
 40
0.0
 40
0.0
 40
0.0
 40
0.0
 40
1303.966177558171
 40
1303.966177558171
 40
1303.966177558171
 40
1303.966177558171
 10
-11.75830284775657
 20
248.8275532834177
 30
0.0
 10
418.6366411000101
 20
188.11921390253
 30
0.0
 10
849.0315850264833
 20
127.4108743707022
 30
0.0
 10
1279.426528966558
 20
66.70253493528048
 30
0.0
  0
LINE
  5
679
330
1F
100
AcDbEntity
  8
Dibujo2D$visible$líneas
100
AcDbLine
 10
-11.77884226379183
 20
248.8304504220746
 30
0.0
 11
-11.75830284775657
 21
248.8275532834176
 31
0.0
  0
LINE
  5
67A
330
1F
100
AcDbEntity
  8
Dibujo2D$visible$líneas
100
AcDbLine
 10
-13.18532914263005
 20
238.8606561620024
 30
0.0
 11
-11.77884226379183
 21
248.8304504220746
 31
0.0
  0
LINE
  5
67B
330
1F
100
AcDbEntity
  8
Dibujo2D$oculto$líneas
100
AcDbLine
 10
-13.67747936740307
 20
235.3720800793816
 30
0.0
 11
-13.18532914263005
 21
238.8606561620024
 31
0.0
  0
LINE
  5
67C
330
1F
100
AcDbEntity
  8
Dibujo2D$oculto$líneas
100
AcDbLine
 10
1271.292086850051
 20
41.33631187486571
 30
0.0
 11
1279.447068140502
 21
41.33631187486571
 31
0.0
  0
LINE
  5
67D
330
1F
100
AcDbEntity
  8
Dibujo2D$oculto$líneas
100
AcDbLine
 10
1271.29208685005
 20
28.80556076688879
 30
0.0
 11
1271.29208685005
 21
67.85281650677575
 31
0.0
  0
LINE
  5
67E
330
1F
100
AcDbEntity
  8
Dibujo2D$visible$líneas
100
AcDbLine
 10
940.6830049670396
 20
95.41045801522091
 30
0.0
 11
938.7797541637522
 21
65.40081184412384
 31
0.0
  0
SPLINE
  5
67F
330
1F
100
AcDbEntity
  8
Dibujo2D$visible$líneas
100
AcDbSpline
210
0.0
220
0.0
230
1.0
 70
    12
 71
     2
 72
    10
 73
     7
 74
     0
 42
0.000000001
 43
0.0000000001
 40
7.846955208307064
 40
7.846955208307064
 40
7.846955208307064
 40
29.56926630710789
 40
29.56926630710789
 40
33.80090016990682
 40
33.80090016990682
 40
38.03253287680623
 40
38.03253287680623
 40
38.03253287680623
 10
948.1400925774019
 20
65.94563244400473
 30
0.0
 41
1.0
 10
947.207063687797
 20
80.67792006655445
 30
0.0
 41
1.0
 10
946.2740347981917
 20
95.41020768910414
 30
0.0
 41
1.0
 10
946.1134922025744
 20
98.0401741730349
 30
0.0
 41
0.7290933229540947
 10
943.4786367680313
 20
98.04604534538211
 30
0.0
 41
1.0
 10
940.8437804981103
 20
98.0404105893613
 30
0.0
 41
0.7290929245691895
 10
940.6830049670391
 20
95.41045801522114
 30
0.0
 41
1.0
  0
LINE
  5
680
330
1F
100
AcDbEntity
  8
Dibujo2D$oculto$líneas
100
AcDbLine
 10
948.171950140231
 20
65.44260967185039
 30
0.0
 11
948.1400925774017
 21
65.94563244400473
 31
0.0
  0
SPLINE
  5
681
330
1F
100
AcDbEntity
  8
Dibujo2D$oculto$líneas
100
AcDbSpline
210
0.0
220
0.0
230
1.0
 70
    12
 71
     2
 72
    10
 73
     7
 74
     0
 42
0.000000001
 43
0.0000000001
 40
0.0
 40
0.0
 40
0.0
 40
0.1378052873943488
 40
0.1378052873943488
 40
1.841732838498695
 40
1.841732838498695
 40
3.540729183607837
 40
3.540729183607837
 40
3.540729183607837
 10
943.3459330733397
 20
94.15230500702005
 30
0.0
 41
1.0
 10
943.2774610143296
 20
94.14381178192691
 30
0.0
 41
0.9979543910859474
 10
943.2084649296839
 20
94.14412489712744
 30
0.0
 41
1.0
 10
942.1237656950856
 20
94.15165755507593
 30
0.0
 41
0.7071324168420479
 10
942.1312197015836
 20
95.23635733301522
 30
0.0
 41
1.0
 10
942.133508757559
 20
96.31620766532959
 30
0.0
 41
0.70869517460125
 10
943.213358462991
 20
96.31877547643387
 30
0.0
 41
1.0
  0
SPLINE
  5
682
330
1F
100
AcDbEntity
  8
Dibujo2D$visible$líneas
100
AcDbSpline
210
0.0
220
0.0
230
1.0
 70
    12
 71
     2
 72
     8
 73
     5
 74
     0
 42
0.000000001
 43
0.0000000001
 40
0.0
 40
0.0
 40
0.0
 40
1.575882956100397
 40
1.575882956100397
 40
3.141940824440304
 40
3.141940824440304
 40
3.141940824440304
 10
943.3459330733274
 20
96.3105842684116
 30
0.0
 41
1.0
 10
944.3017049409893
 20
96.18987596958196
 30
0.0
 41
0.7479620078319599
 10
944.2954886927491
 20
95.2265319424148
 30
0.0
 41
1.0
 10
944.2930523782727
 20
94.27189541111116
 30
0.0
 41
0.7509342147439427
 10
943.3459330733397
 20
94.15230500701998
 30
0.0
 41
1.0
  0
ARC
  5
683
330
1F
100
AcDbEntity
  8
Dibujo2D$oculto$líneas
100
AcDbCircle
 10
943.2133521256311
 20
95.2417191474334
 30
0.0
 40
1.077056337679569
100
AcDbArc
 50
82.92920488467311
 51
89.73979629902024
  0
SPLINE
  5
684
330
1F
100
AcDbEntity
  8
Dibujo2D$oculto$líneas
100
AcDbSpline
210
0.0
220
0.0
230
1.0
 70
    12
 71
     2
 72
    10
 73
     7
 74
     0
 42
0.000000001
 43
0.0000000001
 40
0.0
 40
0.0
 40
0.0
 40
0.1378052873943514
 40
0.1378052873943514
 40
1.841732838499241
 40
1.841732838499241
 40
3.540729183611577
 40
3.540729183611577
 40
3.540729183611577
 10
943.3289737972152
 20
90.38074704155947
 30
0.0
 41
1.0
 10
943.2605017382051
 20
90.37225381646637
 30
0.0
 41
0.9979543910859632
 10
943.1915056535595
 20
90.37256693166681
 30
0.0
 41
1.0
 10
942.1068064189603
 20
90.38009958961446
 30
0.0
 41
0.707132416841751
 10
942.1142604254585
 20
91.4647993675544
 30
0.0
 41
1.0
 10
942.1165494814335
 20
92.54464969987218
 30
0.0
 41
0.7086951745999794
 10
943.1963991868693
 20
92.54721751097287
 30
0.0
 41
1.0
  0
SPLINE
  5
685
330
1F
100
AcDbEntity
  8
Dibujo2D$visible$líneas
100
AcDbSpline
210
0.0
220
0.0
230
1.0
 70
    12
 71
     2
 72
     8
 73
     5
 74
     0
 42
0.000000001
 43
0.0000000001
 40
0.0
 40
0.0
 40
0.0
 40
1.5758829561013
 40
1.5758829561013
 40
3.141940824441495
 40
3.141940824441495
 40
3.141940824441495
 10
943.328973797202
 20
92.53902630295113
 30
0.0
 41
1.0
 10
944.2847456648653
 20
92.41831800412257
 30
0.0
 41
0.7479620078316142
 10
944.2785294166251
 20
91.45497397695453
 30
0.0
 41
1.0
 10
944.2760931021494
 20
90.5003374456502
 30
0.0
 41
0.7509342147433548
 10
943.3289737972154
 20
90.38074704155962
 30
0.0
 41
1.0
  0
ARC
  5
686
330
1F
100
AcDbEntity
  8
Dibujo2D$oculto$líneas
100
AcDbCircle
 10
943.1963928495078
 20
91.4701611819912
 30
0.0
 40
1.077056337661159
100
AcDbArc
 50
82.92920488466136
 51
89.73979629910046
  0
SPLINE
  5
687
330
1F
100
AcDbEntity
  8
Dibujo2D$oculto$líneas
100
AcDbSpline
210
0.0
220
0.0
230
1.0
 70
    12
 71
     2
 72
    10
 73
     7
 74
     0
 42
0.000000001
 43
0.0000000001
 40
0.0
 40
0.0
 40
0.0
 40
0.1378052873950416
 40
0.1378052873950416
 40
1.841732838499544
 40
1.841732838499544
 40
3.540729183610616
 40
3.540729183610616
 40
3.540729183610616
 10
943.3109811266318
 20
86.37937342377151
 30
0.0
 41
1.0
 10
943.2425090676213
 20
86.37088019867828
 30
0.0
 41
0.9979543910859465
 10
943.1735129829754
 20
86.3711933138787
 30
0.0
 41
1.0
 10
942.0888137483768
 20
86.37872597182658
 30
0.0
 41
0.7071324168419365
 10
942.0962677548744
 20
87.46342574976609
 30
0.0
 41
1.0
 10
942.0985568108493
 20
88.54327608208247
 30
0.0
 41
0.708695174600506
 10
943.1784065162838
 20
88.54584389318475
 30
0.0
 41
1.0
  0
SPLINE
  5
688
330
1F
100
AcDbEntity
  8
Dibujo2D$visible$líneas
100
AcDbSpline
210
0.0
220
0.0
230
1.0
 70
    12
 71
     2
 72
     8
 73
     5
 74
     0
 42
0.000000001
 43
0.0000000001
 40
0.0
 40
0.0
 40
0.0
 40
1.575882956101173
 40
1.575882956101173
 40
3.141940824440055
 40
3.141940824440055
 40
3.141940824440055
 10
943.310981126617
 20
88.53765268516298
 30
0.0
 41
1.0
 10
944.2667529942798
 20
88.41694438633417
 30
0.0
 41
0.7479620078320035
 10
944.2605367460405
 20
87.45360035916656
 30
0.0
 41
1.0
 10
944.2581004315642
 20
86.49896382786375
 30
0.0
 41
0.7509342147441541
 10
943.310981126632
 20
86.37937342377165
 30
0.0
 41
1.0
  0
ARC
  5
689
330
1F
100
AcDbEntity
  8
Dibujo2D$oculto$líneas
100
AcDbCircle
 10
943.1784001789222
 20
87.46878756417598
 30
0.0
 40
1.077056337688178
100
AcDbArc
 50
82.9292048847969
 51
89.73979629905257
  0
SPLINE
  5
68A
330
1F
100
AcDbEntity
  8
Dibujo2D$oculto$líneas
100
AcDbSpline
210
0.0
220
0.0
230
1.0
 70
    12
 71
     2
 72
    10
 73
     7
 74
     0
 42
0.000000001
 43
0.0000000001
 40
0.0
 40
0.0
 40
0.0
 40
0.1378052873938911
 40
0.1378052873938911
 40
1.841732838498878
 40
1.841732838498878
 40
3.540729183611559
 40
3.540729183611559
 40
3.540729183611559
 10
943.2943725076289
 20
82.68579777658226
 30
0.0
 41
1.0
 10
943.225900448619
 20
82.67730455148921
 30
0.0
 41
0.9979543910859789
 10
943.1569043639736
 20
82.67761766668968
 30
0.0
 41
1.0
 10
942.072205129374
 20
82.6851503246371
 30
0.0
 41
0.7071324168416023
 10
942.0796591358726
 20
83.76985010257727
 30
0.0
 41
1.0
 10
942.0819481918478
 20
84.84970043489514
 30
0.0
 41
0.7086951746000991
 10
943.161797897284
 20
84.85226824599582
 30
0.0
 41
1.0
  0
SPLINE
  5
68B
330
1F
100
AcDbEntity
  8
Dibujo2D$visible$líneas
100
AcDbSpline
210
0.0
220
0.0
230
1.0
 70
    12
 71
     2
 72
     8
 73
     5
 74
     0
 42
0.000000001
 43
0.0000000001
 40
0.0
 40
0.0
 40
0.0
 40
1.575882956101735
 40
1.575882956101735
 40
3.141940824442507
 40
3.141940824442507
 40
3.141940824442507
 10
943.2943725076157
 20
84.84407703797392
 30
0.0
 41
1.0
 10
944.2501443752792
 20
84.7233687391457
 30
0.0
 41
0.7479620078314746
 10
944.243928127039
 20
83.76002471197728
 30
0.0
 41
1.0
 10
944.241491812563
 20
82.80538818067252
 30
0.0
 41
0.7509342147432795
 10
943.2943725076289
 20
82.6857977765823
 30
0.0
 41
1.0
  0
ARC
  5
68C
330
1F
100
AcDbEntity
  8
Dibujo2D$oculto$líneas
100
AcDbCircle
 10
943.1617915599204
 20
83.77521191699579
 30
0.0
 40
1.077056337679327
100
AcDbArc
 50
82.92920488472629
 51
89.73979629902624
  0
SPLINE
  5
68D
330
1F
100
AcDbEntity
  8
Dibujo2D$oculto$líneas
100
AcDbSpline
210
0.0
220
0.0
230
1.0
 70
    12
 71
     2
 72
    10
 73
     7
 74
     0
 42
0.000000001
 43
0.0000000001
 40
0.0
 40
0.0
 40
0.0
 40
0.137805287393666
 40
0.137805287393666
 40
1.841732838498507
 40
1.841732838498507
 40
3.54072918361194
 40
3.54072918361194
 40
3.54072918361194
 10
943.277763888628
 20
78.99222212939301
 30
0.0
 41
1.0
 10
943.2092918296183
 20
78.98372890429997
 30
0.0
 41
0.9979543910859932
 10
943.140295744973
 20
78.9840420195004
 30
0.0
 41
1.0
 10
942.055596510374
 20
78.99157467744804
 30
0.0
 41
0.7071324168418248
 10
942.0630505168717
 20
80.07627445538787
 30
0.0
 41
1.0
 10
942.065339572847
 20
81.1561247877066
 30
0.0
 41
0.7086951745997386
 10
943.1451892782839
 20
81.1586925988064
 30
0.0
 41
1.0
  0
SPLINE
  5
68E
330
1F
100
AcDbEntity
  8
Dibujo2D$visible$líneas
100
AcDbSpline
210
0.0
220
0.0
230
1.0
 70
    12
 71
     2
 72
     8
 73
     5
 74
     0
 42
0.000000001
 43
0.0000000001
 40
0.0
 40
0.0
 40
0.0
 40
1.575882956101021
 40
1.575882956101021
 40
3.141940824441585
 40
3.141940824441585
 40
3.141940824441585
 10
943.2777638886155
 20
81.15050139078465
 30
0.0
 41
1.0
 10
944.2335357562789
 20
81.02979309195669
 30
0.0
 41
0.7479620078310734
 10
944.2273195080379
 20
80.06644906478834
 30
0.0
 41
1.0
 10
944.2248831935623
 20
79.11181253348394
 30
0.0
 41
0.7509342147435423
 10
943.2777638886284
 20
78.99222212939303
 30
0.0
 41
1.0
  0
ARC
  5
68F
330
1F
100
AcDbEntity
  8
Dibujo2D$oculto$líneas
100
AcDbCircle
 10
943.1451829409228
 20
80.08163626983833
 30
0.0
 40
1.077056337647607
100
AcDbArc
 50
82.9292048846206
 51
89.73979629920605
  0
ARC
  5
690
330
1F
100
AcDbEntity
  8
Dibujo2D$visible$líneas
100
AcDbCircle
 10
943.2194816054091
 20
95.23918714841487
 30
0.0
 40
2.806864615360753
100
AcDbArc
 50
90.12252935771534
 51
176.5017202983812
  0
ARC
  5
691
330
1F
100
AcDbEntity
  8
Dibujo2D$oculto$líneas
100
AcDbCircle
 10
943.2133539944757
 20
95.2582035338745
 30
0.0
 40
2.787841814310729
100
AcDbArc
 50
87.51472444568184
 51
89.9974305613108
  0
SPLINE
  5
692
330
1F
100
AcDbEntity
  8
Dibujo2D$oculto$líneas
100
AcDbSpline
210
0.0
220
0.0
230
1.0
 70
    12
 71
     2
 72
     8
 73
     5
 74
     0
 42
0.000000001
 43
0.0000000001
 40
7.476109300785146
 40
7.476109300785146
 40
7.476109300785146
 40
29.56926630710789
 40
29.56926630710789
 40
33.65648766708883
 40
33.65648766708883
 40
33.65648766708883
 10
947.9067923879018
 20
65.4426096718505
 30
0.0
 41
1.0
 10
946.9578347168824
 20
80.42640868047738
 30
0.0
 41
1.0
 10
946.0088770458631
 20
95.41020768910414
 30
0.0
 41
1.0
 10
945.8559975465844
 20
97.9073672422546
 30
0.0
 41
0.746609321215031
 10
943.3578040038069
 20
98.04230055176338
 30
0.0
 41
1.0
  0
LINE
  5
693
330
1F
100
AcDbEntity
  8
Dibujo2D$visible$líneas
100
AcDbLine
 10
940.4178472147103
 20
95.41045801522091
 30
0.0
 11
938.5145964114229
 21
65.40081184412384
 31
0.0
  0
SPLINE
  5
694
330
1F
100
AcDbEntity
  8
Dibujo2D$visible$líneas
100
AcDbSpline
210
0.0
220
0.0
230
1.0
 70
    15
 71
     2
 72
    16
 73
    13
 74
     0
 42
0.000000001
 43
0.0000000001
 40
0.0
 40
0.0
 40
0.0
 40
1.703927551104852
 40
1.703927551104852
 40
2.55586874689394
 40
2.55586874689394
 40
3.407809942683028
 40
3.407809942683028
 40
5.111737493787303
 40
5.111737493787303
 40
5.963678689576395
 40
5.963678689576395
 40
6.815619885365487
 40
6.815619885365487
 40
6.815619885365487
 10
943.4834012169777
 20
96.31876437830272
 30
0.0
 41
1.0
 10
944.5681004515769
 20
96.31123172035551
 30
0.0
 41
0.7071324168415287
 10
944.5606464450786
 20
95.22653194241536
 30
0.0
 41
1.0
 10
944.5597014386954
 20
94.77722346564387
 30
0.0
 41
0.9238747811352522
 10
944.2413162749974
 20
94.46019052118434
 30
0.0
 41
1.0
 10
943.9229311112991
 20
94.14315757672482
 30
0.0
 41
0.9238747811352522
 10
943.4736226820137
 20
94.14412489712772
 30
0.0
 41
1.0
 10
942.3889234474151
 20
94.15165755507552
 30
0.0
 41
0.7071324168420111
 10
942.3963774539129
 20
95.23635733301477
 30
0.0
 41
1.0
 10
942.3973224602958
 20
95.68566580978622
 30
0.0
 41
0.9238747811353463
 10
942.7157076239941
 20
96.00269875424578
 30
0.0
 41
1.0
 10
943.0340927876922
 20
96.31973169870535
 30
0.0
 41
0.9238747811353463
 10
943.4834012169777
 20
96.31876437830272
 30
0.0
 41
1.0
  0
SPLINE
  5
695
330
1F
100
AcDbEntity
  8
Dibujo2D$visible$líneas
100
AcDbSpline
210
0.0
220
0.0
230
1.0
 70
    15
 71
     2
 72
    16
 73
    13
 74
     0
 42
0.000000001
 43
0.0000000001
 40
0.0
 40
0.0
 40
0.0
 40
1.703927551105048
 40
1.703927551105048
 40
2.555868746894306
 40
2.555868746894306
 40
3.407809942683564
 40
3.407809942683564
 40
5.11173749378791
 40
5.11173749378791
 40
5.96367868957717
 40
5.96367868957717
 40
6.815619885366432
 40
6.815619885366432
 40
6.815619885366432
 10
943.466441940853
 20
92.54720641284212
 30
0.0
 41
1.0
 10
944.5511411754525
 20
92.53967375489495
 30
0.0
 41
0.7071324168416395
 10
944.5436871689544
 20
91.45497397695476
 30
0.0
 41
1.0
 10
944.5427421625712
 20
91.00566550018316
 30
0.0
 41
0.9238747811352221
 10
944.224356998873
 20
90.68863255572359
 30
0.0
 41
1.0
 10
943.9059718351748
 20
90.371599611264
 30
0.0
 41
0.9238747811352221
 10
943.456663405889
 20
90.37256693166701
 30
0.0
 41
1.0
 10
942.3719641712913
 20
90.38009958961537
 30
0.0
 41
0.7071324168424552
 10
942.3794181777878
 20
91.46479936755418
 30
0.0
 41
1.0
 10
942.3803631841708
 20
91.91410784432576
 30
0.0
 41
0.9238747811352849
 10
942.6987483478692
 20
92.23114078878534
 30
0.0
 41
1.0
 10
943.0171335115673
 20
92.54817373324495
 30
0.0
 41
0.9238747811352849
 10
943.466441940853
 20
92.54720641284213
 30
0.0
 41
1.0
  0
SPLINE
  5
696
330
1F
100
AcDbEntity
  8
Dibujo2D$visible$líneas
100
AcDbSpline
210
0.0
220
0.0
230
1.0
 70
    15
 71
     2
 72
    16
 73
    13
 74
     0
 42
0.000000001
 43
0.0000000001
 40
0.0
 40
0.0
 40
0.0
 40
1.703927551104756
 40
1.703927551104756
 40
2.555868746894013
 40
2.555868746894013
 40
3.40780994268327
 40
3.40780994268327
 40
5.111737493788063
 40
5.111737493788063
 40
5.963678689577112
 40
5.963678689577112
 40
6.815619885366162
 40
6.815619885366162
 40
6.815619885366162
 10
943.4484492702684
 20
88.54583279505391
 30
0.0
 41
1.0
 10
944.5331485048675
 20
88.53830013710649
 30
0.0
 41
0.7071324168416774
 10
944.5256944983694
 20
87.45360035916657
 30
0.0
 41
1.0
 10
944.5247494919868
 20
87.00429188239495
 30
0.0
 41
0.9238747811351908
 10
944.2063643282881
 20
86.68725893793538
 30
0.0
 41
1.0
 10
943.8879791645902
 20
86.37022599347581
 30
0.0
 41
0.9238747811351908
 10
943.4386707353044
 20
86.3711933138789
 30
0.0
 41
1.0
 10
942.3539715007055
 20
86.37872597182637
 30
0.0
 41
0.7071324168418992
 10
942.3614255072032
 20
87.46342574976609
 30
0.0
 41
1.0
 10
942.3623705135867
 20
87.91273422653752
 30
0.0
 41
0.9238747811353538
 10
942.6807556772849
 20
88.22976717099698
 30
0.0
 41
1.0
 10
942.9991408409829
 20
88.54680011545643
 30
0.0
 41
0.9238747811353538
 10
943.4484492702684
 20
88.54583279505371
 30
0.0
 41
1.0
  0
SPLINE
  5
697
330
1F
100
AcDbEntity
  8
Dibujo2D$visible$líneas
100
AcDbSpline
210
0.0
220
0.0
230
1.0
 70
    15
 71
     2
 72
    16
 73
    13
 74
     0
 42
0.000000001
 43
0.0000000001
 40
0.0
 40
0.0
 40
0.0
 40
1.703927551104919
 40
1.703927551104919
 40
2.555868746894067
 40
2.555868746894067
 40
3.407809942683214
 40
3.407809942683214
 40
5.11173749378804
 40
5.11173749378804
 40
5.963678689577186
 40
5.963678689577186
 40
6.815619885366332
 40
6.815619885366332
 40
6.815619885366332
 10
943.4318406512673
 20
84.85225714786486
 30
0.0
 41
1.0
 10
944.5165398858667
 20
84.84472448991744
 30
0.0
 41
0.707132416841566
 10
944.5090858793683
 20
83.76002471197728
 30
0.0
 41
1.0
 10
944.508140872985
 20
83.31071623520577
 30
0.0
 41
0.9238747811353049
 10
944.1897557092868
 20
82.99368329074632
 30
0.0
 41
1.0
 10
943.8713705455885
 20
82.67665034628689
 30
0.0
 41
0.9238747811353049
 10
943.4220621163029
 20
82.67761766668978
 30
0.0
 41
1.0
 10
942.3373628817037
 20
82.68515032463732
 30
0.0
 41
0.7071324168417137
 10
942.3448168882019
 20
83.76985010257727
 30
0.0
 41
1.0
 10
942.3457618945853
 20
84.2191585793488
 30
0.0
 41
0.9238747811352735
 10
942.6641470582836
 20
84.53619152380828
 30
0.0
 41
1.0
 10
942.9825322219817
 20
84.85322446826781
 30
0.0
 41
0.9238747811352735
 10
943.4318406512673
 20
84.85225714786489
 30
0.0
 41
1.0
  0
SPLINE
  5
698
330
1F
100
AcDbEntity
  8
Dibujo2D$visible$líneas
100
AcDbSpline
210
0.0
220
0.0
230
1.0
 70
    15
 71
     2
 72
    16
 73
    13
 74
     0
 42
0.000000001
 43
0.0000000001
 40
0.0
 40
0.0
 40
0.0
 40
1.703927551105081
 40
1.703927551105081
 40
2.555868746894289
 40
2.555868746894289
 40
3.407809942683496
 40
3.407809942683496
 40
5.111737493788275
 40
5.111737493788275
 40
5.963678689577438
 40
5.963678689577438
 40
6.815619885366601
 40
6.815619885366601
 40
6.815619885366601
 10
943.4152320322662
 20
81.1586815006757
 30
0.0
 41
1.0
 10
944.4999312668659
 20
81.15114884272849
 30
0.0
 41
0.7071324168414541
 10
944.4924772603672
 20
80.06644906478812
 30
0.0
 41
1.0
 10
944.4915322539838
 20
79.61714058801654
 30
0.0
 41
0.9238747811351996
 10
944.1731470902857
 20
79.30010764355701
 30
0.0
 41
1.0
 10
943.8547619265873
 20
78.98307469909747
 30
0.0
 41
0.9238747811351996
 10
943.4054534973018
 20
78.98404201950056
 30
0.0
 41
1.0
 10
942.3207542627025
 20
78.99157467744826
 30
0.0
 41
0.707132416841788
 10
942.328208269201
 20
80.0762744553881
 30
0.0
 41
1.0
 10
942.3291532755843
 20
80.52558293215961
 30
0.0
 41
0.9238747811353336
 10
942.6475384392825
 20
80.84261587661915
 30
0.0
 41
1.0
 10
942.9659236029805
 20
81.15964882107868
 30
0.0
 41
0.9238747811353336
 10
943.4152320322662
 20
81.15868150067595
 30
0.0
 41
1.0
  0
LINE
  5
699
330
1F
100
AcDbEntity
  8
Dibujo2D$visible$líneas
100
AcDbLine
 10
938.7797541637522
 20
65.40081184412384
 30
0.0
 11
938.5145964114229
 21
65.40081184412384
 31
0.0
  0
SPLINE
  5
69A
330
1F
100
AcDbEntity
  8
Dibujo2D$visible$líneas
100
AcDbSpline
210
0.0
220
0.0
230
1.0
 70
    12
 71
     2
 72
     6
 73
     3
 74
     0
 42
0.000000001
 43
0.0000000001
 40
-5.376367902220462
 40
-5.376367902220462
 40
-5.376367902220462
 40
-0.4482510389121038
 40
-0.4482510389121038
 40
-0.4482510389121038
 10
943.350844134545
 20
69.57364108628107
 30
0.0
 41
0.9883855760821403
 10
939.2785912729712
 20
69.46326209454183
 30
0.0
 41
0.7535992639487965
 10
938.7797541637519
 20
65.40081184412372
 30
0.0
 41
1.0
  0
SPLINE
  5
69B
330
1F
100
AcDbEntity
  8
Dibujo2D$visible$líneas
100
AcDbSpline
210
0.0
220
0.0
230
1.0
 70
    12
 71
     2
 72
    12
 73
     9
 74
     0
 42
0.000000001
 43
0.0000000001
 40
0.0
 40
0.0
 40
0.0
 40
5.497787143782138
 40
5.497787143782138
 40
10.99557428756428
 40
10.99557428756428
 40
16.49336143134641
 40
16.49336143134641
 40
21.99113514846118
 40
21.99113514846118
 40
21.99113514846118
 10
943.5619583090736
 20
69.57532244438642
 30
0.0
 41
1.0
 10
948.2962967272497
 20
69.5538294024512
 30
0.0
 41
0.7071067811865476
 10
948.2749061820175
 20
64.79680553738024
 30
0.0
 41
1.0
 10
948.253515636785
 20
60.03978167230934
 30
0.0
 41
0.7071067811865476
 10
943.5191772186088
 20
60.06127471424463
 30
0.0
 41
1.0
 10
938.7848388004327
 20
60.08276775617986
 30
0.0
 41
0.7071067811865476
 10
938.8062293456649
 20
64.8397916212507
 30
0.0
 41
1.0
 10
938.8276198170191
 20
69.59679905660032
 30
0.0
 41
0.7071074964888541
 10
943.5619419576745
 20
69.57532251859045
 30
0.0
 41
0.9999985693988808
  0
SPLINE
  5
69C
330
1F
100
AcDbEntity
  8
Dibujo2D$oculto$líneas
100
AcDbSpline
210
0.0
220
0.0
230
1.0
 70
    12
 71
     2
 72
     6
 73
     3
 74
     0
 42
0.000000001
 43
0.0000000001
 40
0.5147293920205189
 40
0.5147293920205189
 40
0.5147293920205189
 40
5.339674589764609
 40
5.339674589764609
 40
5.339674589764609
 10
948.1719501402313
 20
65.4426096718505
 30
0.0
 41
1.0
 10
947.6521765565196
 20
69.38769424664298
 30
0.0
 41
0.7612647429340824
 10
943.6958245322147
 20
69.5703570373632
 30
0.0
 41
0.9850790464333801
  0
LINE
  5
69D
330
1F
100
AcDbEntity
  8
Dibujo2D$oculto$líneas
100
AcDbLine
 10
947.9067923879018
 20
65.4426096718505
 30
0.0
 11
948.171950140231
 21
65.44260967185039
 31
0.0
  0
SPLINE
  5
69E
330
1F
100
AcDbEntity
  8
Dibujo2D$oculto$líneas
100
AcDbSpline
210
0.0
220
0.0
230
1.0
 70
    12
 71
     2
 72
     6
 73
     3
 74
     0
 42
0.000000001
 43
0.0000000001
 40
-5.402757305972641
 40
-5.402757305972641
 40
-5.402757305972641
 40
-0.5147293920204715
 40
-0.5147293920204715
 40
-0.5147293920204715
 10
943.3509303699477
 20
69.57336208883001
 30
0.0
 41
0.9910105379390297
 10
947.3780552382738
 20
69.45572776496478
 30
0.0
 41
0.7581434497684384
 10
947.9067923879018
 20
65.44260967185062
 30
0.0
 41
1.0
  0
ARC
  5
69F
330
1F
100
AcDbEntity
  8
Dibujo2D$oculto$líneas
100
AcDbCircle
 10
943.2133541325794
 20
64.86355202427262
 30
0.0
 40
4.711818974668795
100
AcDbArc
 50
88.92249015272952
 51
89.73988901517885
  0
SPLINE
  5
6A0
330
1F
100
AcDbEntity
  8
Dibujo2D$oculto$líneas
100
AcDbSpline
210
0.0
220
0.0
230
1.0
 70
    12
 71
     2
 72
     8
 73
     5
 74
     0
 42
0.000000001
 43
0.0000000001
 40
-10.97802948319168
 40
-10.97802948319168
 40
-10.97802948319168
 40
-5.497787143782138
 40
-5.497787143782138
 40
0.0
 40
0.0
 40
0.0
 10
942.7450906353729
 20
60.06122615988668
 30
0.0
 41
0.9981365756617975
 10
947.4581387901693
 20
60.06122228738826
 30
0.0
 41
0.7080414761996047
 10
947.4794329250296
 20
64.79680553737921
 30
0.0
 41
1.0
 10
947.5008234702628
 20
69.55382940245006
 30
0.0
 41
0.7071067811865476
 10
942.7664850520869
 20
69.57532244438642
 30
0.0
 41
1.0
  0
SPLINE
  5
6A1
330
1F
100
AcDbEntity
  8
Dibujo2D$visible$líneas
100
AcDbSpline
210
0.0
220
0.0
230
1.0
 70
    12
 71
     2
 72
    10
 73
     7
 74
     0
 42
0.000000001
 43
0.0000000001
 40
0.0
 40
0.0
 40
0.0
 40
2.430764947453466
 40
2.430764947453466
 40
7.928552091235604
 40
7.928552091235604
 40
7.946096895608202
 40
7.946096895608202
 40
7.946096895608202
 10
938.6264351344125
 20
67.16423708443153
 30
0.0
 41
1.0
 10
938.0162037800156
 20
66.08210929041847
 30
0.0
 41
0.9677791107899528
 10
938.0107560886772
 20
64.83979162125183
 30
0.0
 41
1.0
 10
937.989365543444
 20
60.08276775618091
 30
0.0
 41
0.7071067811865476
 10
942.72370396162
 20
60.06127471424463
 30
0.0
 41
1.0
 10
942.7343972439244
 20
60.06122616867297
 30
0.0
 41
0.9990653049869429
 10
942.7450906353729
 20
60.06122615988668
 30
0.0
 41
0.9981365756617975
  0
ARC
  5
6A2
330
1F
100
AcDbEntity
  8
Dibujo2D$oculto$líneas
100
AcDbCircle
 10
942.7491563916724
 20
64.84515242504018
 30
0.0
 40
4.730220314371021
100
AcDbArc
 50
90.049153538477
 51
150.6416768764435
  0
SPLINE
  5
6A3
330
1F
100
AcDbEntity
  8
Dibujo2D$oculto$líneas
100
AcDbSpline
210
0.0
220
0.0
230
1.0
 70
    12
 71
     2
 72
     6
 73
     3
 74
     0
 42
0.000000001
 43
0.0000000001
 40
0.4482510389120803
 40
0.4482510389120803
 40
0.4482510389120803
 40
5.495317983240228
 40
5.495317983240228
 40
5.495317983240228
 10
938.5145964114229
 20
65.40081184412384
 30
0.0
 41
1.0
 10
939.0295378656688
 20
69.59441332462531
 30
0.0
 41
0.7476518831683532
 10
943.2347447424002
 20
69.57532244438653
 30
0.0
 41
1.0
  0
LINE
  5
6A4
330
1F
100
AcDbEntity
  8
Dibujo2D$visible$líneas
100
AcDbLine
 10
939.3390536393254
 20
78.40050142498
 30
0.0
 11
904.4750606229381
 21
78.40050142498
 31
0.0
  0
LINE
  5
6A5
330
1F
100
AcDbEntity
  8
Dibujo2D$oculto$líneas
100
AcDbLine
 10
947.3512977316973
 20
78.40050142498
 30
0.0
 11
939.3390536393254
 21
78.40050142498
 31
0.0
  0
LINE
  5
6A6
330
1F
100
AcDbEntity
  8
Dibujo2D$visible$líneas
100
AcDbLine
 10
955.8769738108087
 20
78.40050142498
 30
0.0
 11
947.3512977316975
 21
78.40050142498
 31
0.0
  0
LINE
  5
6A7
330
1F
100
AcDbEntity
  8
Dibujo2D$visible$líneas
100
AcDbLine
 10
903.2619206510412
 20
78.40074236342707
 30
0.0
 11
904.4750606229381
 21
78.40050142498
 31
0.0
  0
LINE
  5
6A8
330
1F
100
AcDbEntity
  8
Dibujo2D$visible$líneas
100
AcDbLine
 10
955.8769738108087
 20
51.21736478036962
 30
0.0
 11
955.8769738108087
 21
78.40050142498
 31
0.0
  0
LINE
  5
6A9
330
1F
100
AcDbEntity
  8
Dibujo2D$oculto$líneas
100
AcDbLine
 10
951.1041342688836
 20
51.21723045680608
 30
0.0
 11
951.1041342688836
 21
78.40050142498
 31
0.0
  0
LINE
  5
6AA
330
1F
100
AcDbEntity
  8
Dibujo2D$visible$líneas
100
AcDbLine
 10
904.4750606229381
 20
78.40050142498
 30
0.0
 11
904.4750606229381
 21
51.217347871279
 31
0.0
  0
LINE
  5
6AB
330
1F
100
AcDbEntity
  8
Dibujo2D$oculto$líneas
100
AcDbLine
 10
899.7022210810135
 20
78.40050142498
 30
0.0
 11
899.7022210810135
 21
51.21738863670475
 31
0.0
  0
LINE
  5
6AC
330
1F
100
AcDbEntity
  8
Dibujo2D$visible$líneas
100
AcDbLine
 10
903.2619206510412
 20
51.21747139525314
 30
0.0
 11
904.4750606002101
 21
51.2172304568106
 31
0.0
  0
LINE
  5
6AD
330
1F
100
AcDbEntity
  8
Dibujo2D$visible$líneas
100
AcDbLine
 10
904.4750606229381
 20
51.21723045680608
 30
0.0
 11
955.8769738108087
 21
51.21723045680608
 31
0.0
  0
SPLINE
  5
6AE
330
1F
100
AcDbEntity
  8
Dibujo2D$visible$líneas
100
AcDbSpline
210
0.0
220
0.0
230
1.0
 70
    12
 71
     2
 72
    10
 73
     7
 74
     0
 42
0.000000001
 43
0.0000000001
 40
0.0
 40
0.0
 40
0.0
 40
9.628346773921262
 40
9.628346773921262
 40
20.62392106148554
 40
20.62392106148554
 40
31.61949534904981
 40
31.61949534904981
 40
31.61949534904981
 10
947.7001551228075
 20
72.89213237475626
 30
0.0
 41
1.0
 10
952.1638289778057
 20
70.08910068887197
 30
0.0
 41
0.8749742503082332
 10
952.1598242601942
 20
64.81829857931552
 30
0.0
 41
1.0
 10
952.1598242601941
 20
55.30415374045468
 30
0.0
 41
0.7071067811865476
 10
942.6910507782179
 20
55.30415374045469
 30
0.0
 41
1.0
 10
933.2222772962416
 20
55.30415374045468
 30
0.0
 41
0.7071067811865476
 10
933.2222772962418
 20
64.81829857931552
 30
0.0
 41
1.0
  0
SPLINE
  5
6AF
330
1F
100
AcDbEntity
  8
Dibujo2D$oculto$líneas
100
AcDbSpline
210
0.0
220
0.0
230
1.0
 70
    12
 71
     2
 72
     8
 73
     5
 74
     0
 42
0.000000001
 43
0.0000000001
 40
0.0
 40
0.0
 40
0.0
 40
3.755335180832578
 40
3.755335180832578
 40
9.036054921537296
 40
9.036054921537296
 40
9.036054921537296
 10
939.0342381498644
 20
73.59430079882281
 30
0.0
 41
1.0
 10
940.7881662320486
 20
74.3323427276546
 30
0.0
 41
0.9802400787303565
 10
942.6910507782179
 20
74.33244341817641
 30
0.0
 41
1.0
 10
945.4025643888002
 20
74.33205703551889
 30
0.0
 41
0.9610988105058521
 10
947.7001551228072
 20
72.89213237475629
 30
0.0
 41
1.0
  0
SPLINE
  5
6B0
330
1F
100
AcDbEntity
  8
Dibujo2D$visible$líneas
100
AcDbSpline
210
0.0
220
0.0
230
1.0
 70
    12
 71
     2
 72
     6
 73
     3
 74
     0
 42
0.000000001
 43
0.0000000001
 40
0.0
 40
0.0
 40
0.0
 40
8.11166893944379
 40
8.11166893944379
 40
8.11166893944379
 10
933.2222772962418
 20
64.81829857931552
 30
0.0
 41
1.0
 10
933.2222772962422
 20
71.1492903076345
 30
0.0
 41
0.7839264449961629
 10
939.0342381498646
 20
73.59430079882281
 30
0.0
 41
0.8866570013413992
  0
SPLINE
  5
6B1
330
1F
100
AcDbEntity
  8
Dibujo2D$visible$líneas
100
AcDbSpline
210
0.0
220
0.0
230
1.0
 70
    12
 71
     2
 72
     6
 73
     3
 74
     0
 42
0.000000001
 43
0.0000000001
 40
35.60763050465381
 40
35.60763050465381
 40
35.60763050465381
 40
43.97784953400878
 40
43.97784953400878
 40
43.97784953400878
 10
939.0425801250059
 20
73.72583348525475
 30
0.0
 41
0.893553289341434
 10
932.9007341764893
 20
71.40984289606646
 30
0.0
 41
0.7770168009888212
 10
932.9007341764889
 20
64.81829857931552
 30
0.0
 41
1.0
  0
ARC
  5
6B2
330
1F
100
AcDbEntity
  8
Dibujo2D$oculto$líneas
100
AcDbCircle
 10
942.3698805700243
 20
64.90389378333735
 30
0.0
 40
9.428549642213572
100
AcDbArc
 50
90.00226612355931
 51
110.6645694860643
  0
SPLINE
  5
6B3
330
1F
100
AcDbEntity
  8
Dibujo2D$oculto$líneas
100
AcDbSpline
210
0.0
220
0.0
230
1.0
 70
    12
 71
     2
 72
     8
 73
     5
 74
     0
 42
0.000000001
 43
0.0000000001
 40
11.16625085824441
 40
11.16625085824441
 40
11.16625085824441
 40
21.98892476700439
 40
21.98892476700439
 40
32.81159867576436
 40
32.81159867576436
 40
32.81159867576436
 10
942.5796760221625
 20
55.30649764809267
 30
0.0
 41
0.9909901011790783
 10
951.8382811404413
 20
55.51303671707396
 30
0.0
 41
0.7116832377305078
 10
951.8382811404415
 20
64.81829857931552
 30
0.0
 41
1.0
 10
951.8382811404413
 20
74.12356044155725
 30
0.0
 41
0.7116832377305078
 10
942.5796760221625
 20
74.33009951053842
 30
0.0
 41
0.9909901011790783
  0
SPLINE
  5
6B4
330
1F
100
AcDbEntity
  8
Dibujo2D$visible$líneas
100
AcDbSpline
210
0.0
220
0.0
230
1.0
 70
    12
 71
     2
 72
     6
 73
     3
 74
     0
 42
0.000000001
 43
0.0000000001
 40
0.0
 40
0.0
 40
0.0
 40
10.99446238350219
 40
10.99446238350219
 40
10.99446238350219
 10
932.9007341764889
 20
64.81829857931552
 30
0.0
 41
1.0
 10
932.9007341764891
 20
55.30415374045468
 30
0.0
 41
0.7071067811865476
 10
942.3695076584652
 20
55.30415374045469
 30
0.0
 41
1.0
  0
SPLINE
  5
6B5
330
1F
100
AcDbEntity
  8
Dibujo2D$visible$líneas
100
AcDbSpline
210
0.0
220
0.0
230
1.0
 70
    15
 71
     2
 72
    12
 73
     9
 74
     0
 42
0.000000001
 43
0.0000000001
 40
0.0
 40
0.0
 40
0.0
 40
3.194821821096046
 40
3.194821821096046
 40
6.389643642192731
 40
6.389643642192731
 40
9.584465463289103
 40
9.584465463289103
 40
12.77928728438508
 40
12.77928728438508
 40
12.77928728438508
 10
895.8528801422228
 20
73.31976472823055
 30
0.0
 41
1.0
 10
895.8480305719839
 20
75.35363724300427
 30
0.0
 41
0.7071108206281121
 10
897.8819030312175
 20
75.35851005084359
 30
0.0
 41
1.0
 10
899.9157754904513
 20
75.35363724300524
 30
0.0
 41
0.7071108206278552
 10
899.9109259202123
 20
73.31976472823055
 30
0.0
 41
1.0
 10
899.915775490451
 20
71.28589221345636
 30
0.0
 41
0.7071108206279936
 10
897.8819030312175
 20
71.28101940561751
 30
0.0
 41
1.0
 10
895.8480305719849
 20
71.28589221345723
 30
0.0
 41
0.70711082062829
 10
895.8528801422226
 20
73.31976472823055
 30
0.0
 41
1.0
  0
SPLINE
  5
6B6
330
1F
100
AcDbEntity
  8
Dibujo2D$visible$líneas
100
AcDbSpline
210
0.0
220
0.0
230
1.0
 70
    15
 71
     2
 72
    12
 73
     9
 74
     0
 42
0.000000001
 43
0.0000000001
 40
0.0
 40
0.0
 40
0.0
 40
3.194821821096062
 40
3.194821821096062
 40
6.389643642192488
 40
6.389643642192488
 40
9.584465463288975
 40
9.584465463288975
 40
12.77928728438485
 40
12.77928728438485
 40
12.77928728438485
 10
895.8528801422228
 20
56.23373045934125
 30
0.0
 41
1.0
 10
895.8480305719846
 20
58.26760297411487
 30
0.0
 41
0.7071108206281715
 10
897.8819030312175
 20
58.27247578195439
 30
0.0
 41
1.0
 10
899.915775490451
 20
58.26760297411546
 30
0.0
 41
0.7071108206279936
 10
899.9109259202123
 20
56.23373045934125
 30
0.0
 41
1.0
 10
899.9157754904516
 20
54.19985794456694
 30
0.0
 41
0.7071108206279738
 10
897.8819030312175
 20
54.1949851367281
 30
0.0
 41
1.0
 10
895.8480305719847
 20
54.19985794456771
 30
0.0
 41
0.7071108206281518
 10
895.8528801422231
 20
56.23373045934125
 30
0.0
 41
1.0
  0
LINE
  5
6B7
330
1F
100
AcDbEntity
  8
Dibujo2D$visible$líneas
100
AcDbLine
 10
903.2619206510412
 20
51.21747139525314
 30
0.0
 11
903.2619206510412
 21
78.40074236342707
 31
0.0
  0
ARC
  5
6B8
330
1F
100
AcDbEntity
  8
Dibujo2D$oculto$líneas
100
AcDbCircle
 10
897.6216181424021
 20
73.32461435387609
 30
0.0
 40
2.033901534229686
100
AcDbArc
 50
90.13727054916924
 51
180.1366159277246
  0
SPLINE
  5
6B9
330
1F
100
AcDbEntity
  8
Dibujo2D$oculto$líneas
100
AcDbSpline
210
0.0
220
0.0
230
1.0
 70
    12
 71
     2
 72
     6
 73
     3
 74
     0
 42
0.000000001
 43
0.0000000001
 40
-2.463189799298846
 40
-2.463189799298846
 40
-2.463189799298846
 40
-2.429304516922612
 40
-2.429304516922612
 40
-2.429304516922612
 10
897.74932416094
 20
75.35415320602753
 30
0.0
 41
0.9744878627401905
 10
897.7282739419653
 20
75.35553820402643
 30
0.0
 41
0.9783164436180996
 10
897.7071996146636
 20
75.35648314391504
 30
0.0
 41
0.9822662308921541
  0
SPLINE
  5
6BA
330
1F
100
AcDbEntity
  8
Dibujo2D$visible$líneas
100
AcDbSpline
210
0.0
220
0.0
230
1.0
 70
    12
 71
     2
 72
     8
 73
     5
 74
     0
 42
0.000000001
 43
0.0000000001
 40
0.0
 40
0.0
 40
0.0
 40
3.062124912323704
 40
3.062124912323704
 40
6.124249824646812
 40
6.124249824646812
 40
6.124249824646812
 10
897.7493241609388
 20
71.28537625043353
 30
0.0
 41
1.0
 10
899.649861530509
 20
71.41482815866681
 30
0.0
 41
0.7300040618104865
 10
899.6457681678833
 20
73.31976472823055
 30
0.0
 41
1.0
 10
899.64986153051
 20
75.22470129779403
 30
0.0
 41
0.7300040618104181
 10
897.7493241609398
 20
75.35415320602756
 30
0.0
 41
1.0
  0
SPLINE
  5
6BB
330
1F
100
AcDbEntity
  8
Dibujo2D$oculto$líneas
100
AcDbSpline
210
0.0
220
0.0
230
1.0
 70
    12
 71
     2
 72
     6
 73
     3
 74
     0
 42
0.000000001
 43
0.0000000001
 40
-6.993452397201457
 40
-6.993452397201457
 40
-6.993452397201457
 40
-6.959567114825832
 40
-6.959567114825832
 40
-6.959567114825832
 10
897.7071996146634
 20
71.28304631254609
 30
0.0
 41
0.9822662308921541
 10
897.7282739419649
 20
71.28399125243469
 30
0.0
 41
0.9783164436181706
 10
897.7493241609392
 20
71.28537625043356
 30
0.0
 41
0.9744878627403282
  0
ARC
  5
6BC
330
1F
100
AcDbEntity
  8
Dibujo2D$oculto$líneas
100
AcDbCircle
 10
897.6216181424026
 20
73.31491510258542
 30
0.0
 40
2.033901534230214
100
AcDbArc
 50
179.8633840722867
 51
269.862729450818
  0
ARC
  5
6BD
330
1F
100
AcDbEntity
  8
Dibujo2D$oculto$líneas
100
AcDbCircle
 10
897.6216181424022
 20
56.23858008498661
 30
0.0
 40
2.033901534229857
100
AcDbArc
 50
90.13727054917243
 51
180.1366159277198
  0
SPLINE
  5
6BE
330
1F
100
AcDbEntity
  8
Dibujo2D$oculto$líneas
100
AcDbSpline
210
0.0
220
0.0
230
1.0
 70
    12
 71
     2
 72
     6
 73
     3
 74
     0
 42
0.000000001
 43
0.0000000001
 40
-2.46318979930094
 40
-2.46318979930094
 40
-2.46318979930094
 40
-2.429304516922612
 40
-2.429304516922612
 40
-2.429304516922612
 10
897.7493241609419
 20
58.26811893713803
 30
0.0
 41
0.9744878627397174
 10
897.7282739419661
 20
58.26950393513703
 30
0.0
 41
0.9783164436178556
 10
897.7071996146633
 20
58.27044887502571
 30
0.0
 41
0.9822662308921544
  0
SPLINE
  5
6BF
330
1F
100
AcDbEntity
  8
Dibujo2D$visible$líneas
100
AcDbSpline
210
0.0
220
0.0
230
1.0
 70
    12
 71
     2
 72
     8
 73
     5
 74
     0
 42
0.000000001
 43
0.0000000001
 40
0.0
 40
0.0
 40
0.0
 40
3.062124912322464
 40
3.062124912322464
 40
6.124249824642861
 40
6.124249824642861
 40
6.124249824642861
 10
897.7493241609404
 20
54.19934198154434
 30
0.0
 41
1.0
 10
899.6498615305102
 20
54.32879388977827
 30
0.0
 41
0.7300040618104772
 10
899.6457681678833
 20
56.23373045934125
 30
0.0
 41
1.0
 10
899.6498615305096
 20
58.13866702890208
 30
0.0
 41
0.7300040618109308
 10
897.7493241609423
 20
58.26811893713797
 30
0.0
 41
1.0
  0
SPLINE
  5
6C0
330
1F
100
AcDbEntity
  8
Dibujo2D$oculto$líneas
100
AcDbSpline
210
0.0
220
0.0
230
1.0
 70
    12
 71
     2
 72
     6
 73
     3
 74
     0
 42
0.000000001
 43
0.0000000001
 40
-6.993452397201459
 40
-6.993452397201459
 40
-6.993452397201459
 40
-6.959567114824437
 40
-6.959567114824437
 40
-6.959567114824437
 10
897.7071996146631
 20
54.19701204365677
 30
0.0
 41
0.9822662308921543
 10
897.7282739419654
 20
54.19795698354542
 30
0.0
 41
0.9783164436180078
 10
897.7493241609404
 20
54.19934198154434
 30
0.0
 41
0.9744878627400126
  0
ARC
  5
6C1
330
1F
100
AcDbEntity
  8
Dibujo2D$oculto$líneas
100
AcDbCircle
 10
897.6216181424026
 20
56.22888083369622
 30
0.0
 40
2.033901534230214
100
AcDbArc
 50
179.8633840722899
 51
269.862729450818
  0
LINE
  5
6C2
330
1F
100
AcDbEntity
  8
Dibujo2D$oculto$líneas
100
AcDbLine
 10
902.9967628987122
 20
78.40074236342707
 30
0.0
 11
902.9967628987122
 21
51.21747139525314
 31
0.0
  0
LINE
  5
6C3
330
1F
100
AcDbEntity
  8
Dibujo2D$visible$líneas
100
AcDbLine
 10
892.4721331515732
 20
78.40098330187402
 30
0.0
 11
903.2619206510412
 21
78.40074236342707
 31
0.0
  0
LINE
  5
6C4
330
1F
100
AcDbEntity
  8
Dibujo2D$visible$líneas
100
AcDbLine
 10
892.2069753992444
 20
51.21771233370009
 30
0.0
 11
892.2069753992444
 21
78.40098330187402
 31
0.0
  0
LINE
  5
6C5
330
1F
100
AcDbEntity
  8
Dibujo2D$visible$líneas
100
AcDbLine
 10
892.2069753992444
 20
78.40098330187402
 30
0.0
 11
892.4721331515732
 21
78.40098330187402
 31
0.0
  0
LINE
  5
6C6
330
1F
100
AcDbEntity
  8
Dibujo2D$visible$líneas
100
AcDbLine
 10
892.4721331515732
 20
51.21771233370009
 30
0.0
 11
892.4721331515732
 21
78.40098330187402
 31
0.0
  0
LINE
  5
6C7
330
1F
100
AcDbEntity
  8
Dibujo2D$visible$líneas
100
AcDbLine
 10
892.2069753992444
 20
51.21771233370009
 30
0.0
 11
892.4721331515732
 21
51.21771233370009
 31
0.0
  0
LINE
  5
6C8
330
1F
100
AcDbEntity
  8
Dibujo2D$visible$líneas
100
AcDbLine
 10
903.2619206510412
 20
51.21747139525314
 30
0.0
 11
892.4721331515732
 21
51.21771233370009
 31
0.0
  0
SPLINE
  5
6C9
330
1F
100
AcDbEntity
  8
Dibujo2D$visible$líneas
100
AcDbSpline
210
0.0
220
0.0
230
1.0
 70
    15
 71
     2
 72
    12
 73
     9
 74
     0
 42
0.000000001
 43
0.0000000001
 40
0.0
 40
0.0
 40
0.0
 40
3.194821821095736
 40
3.194821821095736
 40
6.38964364219187
 40
6.38964364219187
 40
9.584465463288144
 40
9.584465463288144
 40
12.77928728438411
 40
12.77928728438411
 40
12.77928728438411
 10
958.0382623366056
 20
56.23373045934125
 30
0.0
 41
1.0
 10
958.0334127663676
 20
58.26760297411441
 30
0.0
 41
0.70711082062829
 10
960.0672852256002
 20
58.27247578195416
 30
0.0
 41
1.0
 10
962.101157684834
 20
58.26760297411524
 30
0.0
 41
0.7071108206280134
 10
962.0963081145946
 20
56.23373045934125
 30
0.0
 41
1.0
 10
962.1011576848337
 20
54.19985794456729
 30
0.0
 41
0.7071108206280728
 10
960.0672852256002
 20
54.19498513672799
 30
0.0
 41
1.0
 10
958.0334127663672
 20
54.19985794456747
 30
0.0
 41
0.7071108206280728
 10
958.0382623366058
 20
56.23373045934125
 30
0.0
 41
1.0
  0
SPLINE
  5
6CA
330
1F
100
AcDbEntity
  8
Dibujo2D$visible$líneas
100
AcDbSpline
210
0.0
220
0.0
230
1.0
 70
    15
 71
     2
 72
    12
 73
     9
 74
     0
 42
0.000000001
 43
0.0000000001
 40
0.0
 40
0.0
 40
0.0
 40
3.194821821095948
 40
3.194821821095948
 40
6.389643642192082
 40
6.389643642192082
 40
9.584465463287946
 40
9.584465463287946
 40
12.77928728438392
 40
12.77928728438392
 40
12.77928728438392
 10
958.0382623366056
 20
73.31976472823055
 30
0.0
 41
1.0
 10
958.0334127663671
 20
75.35363724300407
 30
0.0
 41
0.7071108206281912
 10
960.0672852256002
 20
75.35851005084359
 30
0.0
 41
1.0
 10
962.101157684834
 20
75.35363724300457
 30
0.0
 41
0.7071108206280134
 10
962.0963081145946
 20
73.31976472823055
 30
0.0
 41
1.0
 10
962.101157684833
 20
71.28589221345739
 30
0.0
 41
0.7071108206283296
 10
960.0672852256002
 20
71.2810194056174
 30
0.0
 41
1.0
 10
958.0334127663672
 20
71.28589221345679
 30
0.0
 41
0.7071108206280728
 10
958.0382623366058
 20
73.31976472823055
 30
0.0
 41
1.0
  0
LINE
  5
6CB
330
1F
100
AcDbEntity
  8
Dibujo2D$oculto$líneas
100
AcDbLine
 10
954.6638338389118
 20
78.40074236342707
 30
0.0
 11
954.6638338389118
 21
51.21747139525314
 31
0.0
  0
ARC
  5
6CC
330
1F
100
AcDbEntity
  8
Dibujo2D$oculto$líneas
100
AcDbCircle
 10
959.8070003367856
 20
56.23858008498627
 30
0.0
 40
2.0339015342302
100
AcDbArc
 50
90.13727054919482
 51
180.1366159277101
  0
SPLINE
  5
6CD
330
1F
100
AcDbEntity
  8
Dibujo2D$oculto$líneas
100
AcDbSpline
210
0.0
220
0.0
230
1.0
 70
    12
 71
     2
 72
     6
 73
     3
 74
     0
 42
0.000000001
 43
0.0000000001
 40
-2.463189799299736
 40
-2.463189799299736
 40
-2.463189799299736
 40
-2.429304516922614
 40
-2.429304516922614
 40
-2.429304516922614
 10
959.9347063553237
 20
58.26811893713815
 30
0.0
 41
0.97448786273999
 10
959.9136561363487
 20
58.26950393513709
 30
0.0
 41
0.9783164436179961
 10
959.8925818090462
 20
58.27044887502573
 30
0.0
 41
0.9822662308921541
  0
SPLINE
  5
6CE
330
1F
100
AcDbEntity
  8
Dibujo2D$visible$líneas
100
AcDbSpline
210
0.0
220
0.0
230
1.0
 70
    12
 71
     2
 72
     8
 73
     5
 74
     0
 42
0.000000001
 43
0.0000000001
 40
0.0
 40
0.0
 40
0.0
 40
3.062124912322368
 40
3.062124912322368
 40
6.12424982464483
 40
6.12424982464483
 40
6.12424982464483
 10
959.9347063553232
 20
54.19934198154434
 30
0.0
 41
1.0
 10
961.8352437248927
 20
54.32879388977865
 30
0.0
 41
0.7300040618106427
 10
961.8311503622663
 20
56.23373045934125
 30
0.0
 41
1.0
 10
961.8352437248923
 20
58.1386670289038
 30
0.0
 41
0.7300040618106988
 10
959.9347063553232
 20
58.2681189371383
 30
0.0
 41
1.0
  0
SPLINE
  5
6CF
330
1F
100
AcDbEntity
  8
Dibujo2D$oculto$líneas
100
AcDbSpline
210
0.0
220
0.0
230
1.0
 70
    12
 71
     2
 72
     6
 73
     3
 74
     0
 42
0.000000001
 43
0.0000000001
 40
-6.993452397201465
 40
-6.993452397201465
 40
-6.993452397201465
 40
-6.959567114824344
 40
-6.959567114824344
 40
-6.959567114824344
 10
959.8925818090455
 20
54.19701204365677
 30
0.0
 41
0.9822662308921544
 10
959.913656136348
 20
54.19795698354541
 30
0.0
 41
0.9783164436179963
 10
959.9347063553232
 20
54.19934198154434
 30
0.0
 41
0.97448786273999
  0
ARC
  5
6D0
330
1F
100
AcDbEntity
  8
Dibujo2D$oculto$líneas
100
AcDbCircle
 10
959.8070003367845
 20
56.22888083369526
 30
0.0
 40
2.033901534229193
100
AcDbArc
 50
179.8633840722626
 51
269.862729450834
  0
ARC
  5
6D1
330
1F
100
AcDbEntity
  8
Dibujo2D$oculto$líneas
100
AcDbCircle
 10
959.8070003367851
 20
73.32461435387631
 30
0.0
 40
2.03390153422946
100
AcDbArc
 50
90.13727054918206
 51
180.136615927731
  0
SPLINE
  5
6D2
330
1F
100
AcDbEntity
  8
Dibujo2D$oculto$líneas
100
AcDbSpline
210
0.0
220
0.0
230
1.0
 70
    12
 71
     2
 72
     6
 73
     3
 74
     0
 42
0.000000001
 43
0.0000000001
 40
-2.463189799301558
 40
-2.463189799301558
 40
-2.463189799301558
 40
-2.429304516922615
 40
-2.429304516922615
 40
-2.429304516922615
 10
959.9347063553253
 20
75.3541532060273
 30
0.0
 41
0.9744878627395784
 10
959.9136561363492
 20
75.35553820402633
 30
0.0
 41
0.9783164436177838
 10
959.8925818090457
 20
75.35648314391503
 30
0.0
 41
0.9822662308921541
  0
SPLINE
  5
6D3
330
1F
100
AcDbEntity
  8
Dibujo2D$visible$líneas
100
AcDbSpline
210
0.0
220
0.0
230
1.0
 70
    12
 71
     2
 72
     8
 73
     5
 74
     0
 42
0.000000001
 43
0.0000000001
 40
0.0
 40
0.0
 40
0.0
 40
3.062124912322274
 40
3.062124912322274
 40
6.124249824641677
 40
6.124249824641677
 40
6.124249824641677
 10
959.934706355323
 20
71.28537625043364
 30
0.0
 41
1.0
 10
961.8352437248914
 20
71.41482815866864
 30
0.0
 41
0.7300040618109912
 10
961.8311503622665
 20
73.31976472823055
 30
0.0
 41
1.0
 10
961.835243724892
 20
75.22470129779035
 30
0.0
 41
0.7300040618111548
 10
959.9347063553259
 20
75.35415320602698
 30
0.0
 41
1.0
  0
SPLINE
  5
6D4
330
1F
100
AcDbEntity
  8
Dibujo2D$oculto$líneas
100
AcDbSpline
210
0.0
220
0.0
230
1.0
 70
    12
 71
     2
 72
     6
 73
     3
 74
     0
 42
0.000000001
 43
0.0000000001
 40
-6.993452397201466
 40
-6.993452397201466
 40
-6.993452397201466
 40
-6.959567114824345
 40
-6.959567114824345
 40
-6.959567114824345
 10
959.8925818090455
 20
71.28304631254606
 30
0.0
 41
0.9822662308921543
 10
959.913656136348
 20
71.28399125243472
 30
0.0
 41
0.9783164436179963
 10
959.934706355323
 20
71.28537625043364
 30
0.0
 41
0.9744878627399902
  0
ARC
  5
6D5
330
1F
100
AcDbEntity
  8
Dibujo2D$oculto$líneas
100
AcDbCircle
 10
959.8070003367837
 20
73.3149151025836
 30
0.0
 40
2.033901534228399
100
AcDbArc
 50
179.8633840722353
 51
269.8627294508563
  0
LINE
  5
6D6
330
1F
100
AcDbEntity
  8
Dibujo2D$oculto$líneas
100
AcDbLine
 10
954.3986760865826
 20
51.21747139525314
 30
0.0
 11
954.3986760865826
 21
78.40074236342707
 31
0.0
  0
LINE
  5
6D7
330
1F
100
AcDbEntity
  8
Dibujo2D$visible$líneas
100
AcDbLine
 10
955.8769738047631
 20
78.40076939268863
 30
0.0
 11
965.4777459630752
 21
78.40098330187402
 31
0.0
  0
LINE
  5
6D8
330
1F
100
AcDbEntity
  8
Dibujo2D$visible$líneas
100
AcDbLine
 10
965.4777459630752
 20
51.21771233370009
 30
0.0
 11
955.8769738047631
 21
51.2174984245147
 31
0.0
  0
LINE
  5
6D9
330
1F
100
AcDbEntity
  8
Dibujo2D$oculto$líneas
100
AcDbLine
 10
965.2125882107466
 20
78.40098330187402
 30
0.0
 11
965.2125882107466
 21
51.21771233370009
 31
0.0
  0
LINE
  5
6DA
330
1F
100
AcDbEntity
  8
Dibujo2D$visible$líneas
100
AcDbLine
 10
965.4777459630752
 20
78.40098330187402
 30
0.0
 11
965.4777459630752
 21
51.21771233370009
 31
0.0
  0
LINE
  5
6DB
330
1F
100
AcDbEntity
  8
Dibujo2D$oculto$líneas
100
AcDbLine
 10
976.5097807566885
 20
20.1736597354834
 30
0.0
 11
976.5097807566885
 21
32.72344622509252
 31
0.0
  0
LINE
  5
6DC
330
1F
100
AcDbEntity
  8
Dibujo2D$oculto$líneas
100
AcDbLine
 10
733.7429034480476
 20
32.72344622509286
 30
0.0
 11
976.5097807566885
 21
32.72344622509252
 31
0.0
  0
LINE
  5
6DD
330
1F
100
AcDbEntity
  8
Dibujo2D$oculto$líneas
100
AcDbLine
 10
-3.603322041484944
 20
32.72344622509286
 30
0.0
 11
731.1454031090407
 21
32.72344622509286
 31
0.0
  0
LINE
  5
6DE
330
1F
100
AcDbEntity
  8
Dibujo2D$oculto$líneas
100
AcDbLine
 10
-668.2342966575225
 20
32.72344622509286
 30
0.0
 11
-11.75830333193744
 21
32.72344622509286
 31
0.0
  0
LINE
  5
6DF
330
1F
100
AcDbEntity
  8
Dibujo2D$oculto$líneas
100
AcDbLine
 10
-1036.566192345078
 20
32.72344622509286
 30
0.0
 11
-676.3892779479745
 21
32.72344622509286
 31
0.0
  0
LINE
  5
6E0
330
1F
100
AcDbEntity
  8
Dibujo2D$oculto$líneas
100
AcDbLine
 10
-1052.877580928817
 20
32.72344622509286
 30
0.0
 11
-1044.72117363553
 21
32.72344622509286
 31
0.0
  0
LINE
  5
6E1
330
1F
100
AcDbEntity
  8
Dibujo2D$oculto$líneas
100
AcDbLine
 10
-3.603322041534057
 20
63.83986118111386
 30
0.0
 11
-2.322309966010835
 21
63.83986118111386
 31
0.0
  0
LINE
  5
6E2
330
1F
100
AcDbEntity
  8
Dibujo2D$oculto$líneas
100
AcDbLine
 10
-2.322309966010835
 20
63.83986118111386
 30
0.0
 11
-2.322309966010835
 21
77.43149666520083
 31
0.0
  0
LINE
  5
6E3
330
1F
100
AcDbEntity
  8
Dibujo2D$oculto$líneas
100
AcDbLine
 10
-3.603322041484262
 20
77.43149666520083
 30
0.0
 11
-2.322309966010835
 21
77.43149666520083
 31
0.0
  0
LINE
  5
6E4
330
1F
100
AcDbEntity
  8
Dibujo2D$oculto$líneas
100
AcDbLine
 10
-348.096684869935
 20
63.83986118111386
 30
0.0
 11
-11.75830333193744
 21
63.83986118111386
 31
0.0
  0
LINE
  5
6E5
330
1F
100
AcDbEntity
  8
Dibujo2D$oculto$líneas
100
AcDbLine
 10
-1052.877580928817
 20
63.83986118111386
 30
0.0
 11
-356.2516661603872
 21
63.83986118111386
 31
0.0
  0
LINE
  5
6E6
330
1F
100
AcDbEntity
  8
Dibujo2D$oculto$líneas
100
AcDbLine
 10
-348.096684869935
 20
77.43149666520083
 30
0.0
 11
-11.75830333193744
 21
77.43149666520083
 31
0.0
  0
LINE
  5
6E7
330
1F
100
AcDbEntity
  8
Dibujo2D$oculto$líneas
100
AcDbLine
 10
-1052.877580928817
 20
77.43149666520083
 30
0.0
 11
-356.2516661603864
 21
77.43149666520083
 31
0.0
  0
LINE
  5
6E8
330
1F
100
AcDbEntity
  8
Dibujo2D$oculto$líneas
100
AcDbLine
 10
483.656810547212
 20
178.9508449537204
 30
0.0
 11
483.656810547212
 21
178.4660162226952
 31
0.0
  0
LINE
  5
6E9
330
1F
100
AcDbEntity
  8
Dibujo2D$oculto$líneas
100
AcDbLine
 10
483.656810547212
 20
183.028335598958
 30
0.0
 11
483.656810547212
 21
182.9293528843491
 31
0.0
  0
LINE
  5
6EA
330
1F
100
AcDbEntity
  8
Dibujo2D$visible$líneas
100
AcDbLine
 10
483.656810547212
 20
183.90267041633
 30
0.0
 11
483.656810547212
 21
183.028335598958
 31
0.0
  0
LINE
  5
6EB
330
1F
100
AcDbEntity
  8
Dibujo2D$visible$líneas
100
AcDbLine
 10
487.7343011924381
 20
183.90267041633
 30
0.0
 11
483.656810547212
 21
183.90267041633
 31
0.0
  0
LINE
  5
6EC
330
1F
100
AcDbEntity
  8
Dibujo2D$oculto$líneas
100
AcDbLine
 10
483.656810547212
 20
178.4660162226952
 30
0.0
 11
483.656810547212
 21
164.7369410155891
 31
0.0
  0
LINE
  5
6ED
330
1F
100
AcDbEntity
  8
Dibujo2D$oculto$líneas
100
AcDbLine
 10
487.7343011924379
 20
178.4660162226952
 30
0.0
 11
483.6568105472118
 21
178.4660162226952
 31
0.0
  0
LINE
  5
6EE
330
1F
100
AcDbEntity
  8
Dibujo2D$oculto$líneas
100
AcDbLine
 10
483.656810547212
 20
164.7369410155891
 30
0.0
 11
483.6568105470894
 21
125.8620948038747
 31
0.0
  0
LINE
  5
6EF
330
1F
100
AcDbEntity
  8
Dibujo2D$oculto$líneas
100
AcDbLine
 10
487.7343011924381
 20
164.7369410155891
 30
0.0
 11
483.656810547212
 21
164.7369410155891
 31
0.0
  0
LINE
  5
6F0
330
1F
100
AcDbEntity
  8
Dibujo2D$visible$líneas
100
AcDbLine
 10
483.656810547212
 20
125.8620948038747
 30
0.0
 11
483.6568105467959
 21
109.5521322229704
 31
0.0
  0
LINE
  5
6F1
330
1F
100
AcDbEntity
  8
Dibujo2D$visible$líneas
100
AcDbLine
 10
487.7343011924381
 20
125.8620948038747
 30
0.0
 11
483.656810547212
 21
125.8620948038747
 31
0.0
  0
LINE
  5
6F2
330
1F
100
AcDbEntity
  8
Dibujo2D$visible$líneas
100
AcDbLine
 10
487.734301192022
 20
109.5521322229704
 30
0.0
 11
483.6568105467959
 21
109.5521322229704
 31
0.0
  0
LINE
  5
6F3
330
1F
100
AcDbEntity
  8
Dibujo2D$oculto$líneas
100
AcDbLine
 10
483.656810547038
 20
109.5521322229704
 30
0.0
 11
483.6568105470435
 21
57.89032574795579
 31
0.0
  0
LINE
  5
6F4
330
1F
100
AcDbEntity
  8
Dibujo2D$visible$líneas
100
AcDbLine
 10
483.656810547212
 20
57.89032574795579
 30
0.0
 11
483.656810547212
 21
41.58036316705147
 31
0.0
  0
LINE
  5
6F5
330
1F
100
AcDbEntity
  8
Dibujo2D$visible$líneas
100
AcDbLine
 10
487.7343011924381
 20
57.89032574795579
 30
0.0
 11
483.656810547212
 21
57.89032574795579
 31
0.0
  0
LINE
  5
6F6
330
1F
100
AcDbEntity
  8
Dibujo2D$visible$líneas
100
AcDbLine
 10
487.7343011924381
 20
41.58036316705147
 30
0.0
 11
483.656810547212
 21
41.58036316705147
 31
0.0
  0
LINE
  5
6F7
330
1F
100
AcDbEntity
  8
Dibujo2D$oculto$líneas
100
AcDbLine
 10
483.6568105468236
 20
41.58036316705147
 30
0.0
 11
483.6568105467959
 21
32.81375827981549
 31
0.0
  0
LINE
  5
6F8
330
1F
100
AcDbEntity
  8
Dibujo2D$oculto$líneas
100
AcDbLine
 10
487.734301192022
 20
32.81375827981549
 30
0.0
 11
483.6568105467959
 21
32.81375827981549
 31
0.0
  0
LINE
  5
6F9
330
1F
100
AcDbEntity
  8
Dibujo2D$oculto$líneas
100
AcDbLine
 10
483.656810547212
 20
32.81375827981549
 30
0.0
 11
483.656810547212
 21
19.22212279572852
 31
0.0
  0
LINE
  5
6FA
330
1F
100
AcDbEntity
  8
Dibujo2D$oculto$líneas
100
AcDbLine
 10
487.7343011924381
 20
19.22212279572852
 30
0.0
 11
483.656810547212
 21
19.22212279572852
 31
0.0
  0
LINE
  5
6FB
330
1F
100
AcDbEntity
  8
Dibujo2D$visible$líneas
100
AcDbLine
 10
483.656810547212
 20
15.05432009577972
 30
0.0
 11
483.656810547212
 21
13.78546860209372
 31
0.0
  0
LINE
  5
6FC
330
1F
100
AcDbEntity
  8
Dibujo2D$oculto$líneas
100
AcDbLine
 10
483.656810547212
 20
19.22212279572852
 30
0.0
 11
483.656810547212
 21
19.13181074100583
 31
0.0
  0
LINE
  5
6FD
330
1F
100
AcDbEntity
  8
Dibujo2D$visible$líneas
100
AcDbLine
 10
487.7343011924381
 20
13.78546860209372
 30
0.0
 11
483.656810547212
 21
13.78546860209372
 31
0.0
  0
LINE
  5
6FE
330
1F
100
AcDbEntity
  8
Dibujo2D$visible$líneas
100
AcDbLine
 10
487.7343011924381
 20
15.05432009577972
 30
0.0
 11
487.7343011924381
 21
13.78546860209372
 31
0.0
  0
LINE
  5
6FF
330
1F
100
AcDbEntity
  8
Dibujo2D$oculto$líneas
100
AcDbLine
 10
487.7343011924381
 20
19.22212279572852
 30
0.0
 11
487.7343011924381
 21
19.13181074100583
 31
0.0
  0
LINE
  5
700
330
1F
100
AcDbEntity
  8
Dibujo2D$oculto$líneas
100
AcDbLine
 10
487.7343011924381
 20
32.81375827981549
 30
0.0
 11
487.7343011924381
 21
19.22212279572852
 31
0.0
  0
LINE
  5
701
330
1F
100
AcDbEntity
  8
Dibujo2D$oculto$líneas
100
AcDbLine
 10
487.7343011920495
 20
41.58036316705147
 30
0.0
 11
487.734301192022
 21
32.81375827981549
 31
0.0
  0
LINE
  5
702
330
1F
100
AcDbEntity
  8
Dibujo2D$visible$líneas
100
AcDbLine
 10
487.7343011924381
 20
57.89032574795579
 30
0.0
 11
487.7343011924381
 21
41.58036316705147
 31
0.0
  0
LINE
  5
703
330
1F
100
AcDbEntity
  8
Dibujo2D$oculto$líneas
100
AcDbLine
 10
487.7343011922642
 20
109.5521322229704
 30
0.0
 11
487.7343011922696
 21
57.89032574795579
 31
0.0
  0
LINE
  5
704
330
1F
100
AcDbEntity
  8
Dibujo2D$visible$líneas
100
AcDbLine
 10
487.7343011924381
 20
125.8620948038747
 30
0.0
 11
487.734301192022
 21
109.5521322229704
 31
0.0
  0
LINE
  5
705
330
1F
100
AcDbEntity
  8
Dibujo2D$oculto$líneas
100
AcDbLine
 10
487.7343011924381
 20
164.7369410155891
 30
0.0
 11
487.7343011923156
 21
125.8620948038747
 31
0.0
  0
LINE
  5
706
330
1F
100
AcDbEntity
  8
Dibujo2D$oculto$líneas
100
AcDbLine
 10
487.7343011924381
 20
178.4660162226952
 30
0.0
 11
487.7343011924381
 21
164.7369410155891
 31
0.0
  0
LINE
  5
707
330
1F
100
AcDbEntity
  8
Dibujo2D$visible$líneas
100
AcDbLine
 10
487.7343011924381
 20
183.90267041633
 30
0.0
 11
487.7343011924381
 21
182.4531948132104
 31
0.0
  0
LINE
  5
708
330
1F
100
AcDbEntity
  8
Dibujo2D$oculto$líneas
100
AcDbLine
 10
-1044.72117363553
 20
40.12409174617881
 30
0.0
 11
-1036.566192345078
 21
40.12409174617881
 31
0.0
  0
LINE
  5
709
330
1F
100
AcDbEntity
  8
Dibujo2D$visible$líneas
100
AcDbLine
 10
-1036.566192345078
 20
13.69515654737171
 30
0.0
 11
-1036.566192345078
 21
15.05432009577975
 31
0.0
  0
LINE
  5
70A
330
1F
100
AcDbEntity
  8
Dibujo2D$visible$líneas
100
AcDbLine
 10
-1044.72117363553
 20
13.69515654737171
 30
0.0
 11
-1036.566192345078
 21
13.69515654737171
 31
0.0
  0
LINE
  5
70B
330
1F
100
AcDbEntity
  8
Dibujo2D$oculto$líneas
100
AcDbLine
 10
-1036.566192345078
 20
19.13181074100652
 30
0.0
 11
-1036.566192345078
 21
32.72344622509343
 31
0.0
  0
LINE
  5
70C
330
1F
100
AcDbEntity
  8
Dibujo2D$oculto$líneas
100
AcDbLine
 10
-1036.566192345078
 20
32.72344622509343
 30
0.0
 11
-1036.566192345078
 21
40.16582719224004
 31
0.0
  0
LINE
  5
70D
330
1F
100
AcDbEntity
  8
Dibujo2D$oculto$líneas
100
AcDbLine
 10
-1044.72117363553
 20
32.72344622509343
 30
0.0
 11
-1036.566192345078
 21
32.72344622509343
 31
0.0
  0
LINE
  5
70E
330
1F
100
AcDbEntity
  8
Dibujo2D$visible$líneas
100
AcDbLine
 10
-1036.566192345078
 20
40.16582719224004
 30
0.0
 11
-1036.566192345078
 21
56.43405432708312
 31
0.0
  0
LINE
  5
70F
330
1F
100
AcDbEntity
  8
Dibujo2D$visible$líneas
100
AcDbLine
 10
-1044.72117363553
 20
40.16582719224004
 30
0.0
 11
-1036.566192345078
 21
40.16582719224004
 31
0.0
  0
LINE
  5
710
330
1F
100
AcDbEntity
  8
Dibujo2D$visible$líneas
100
AcDbLine
 10
-1044.72117363553
 20
56.43405432708312
 30
0.0
 11
-1036.566192345078
 21
56.43405432708312
 31
0.0
  0
LINE
  5
711
330
1F
100
AcDbEntity
  8
Dibujo2D$oculto$líneas
100
AcDbLine
 10
-1036.566192345078
 20
56.43405432708312
 30
0.0
 11
-1036.566192345078
 21
63.8346998481685
 31
0.0
  0
LINE
  5
712
330
1F
100
AcDbEntity
  8
Dibujo2D$oculto$líneas
100
AcDbLine
 10
-1044.72117363553
 20
63.8346998481685
 30
0.0
 11
-1036.566192345078
 21
63.8346998481685
 31
0.0
  0
LINE
  5
713
330
1F
100
AcDbEntity
  8
Dibujo2D$oculto$líneas
100
AcDbLine
 10
-1036.566192345078
 20
63.8346998481685
 30
0.0
 11
-1036.566192345078
 21
77.42633533225546
 31
0.0
  0
LINE
  5
714
330
1F
100
AcDbEntity
  8
Dibujo2D$oculto$líneas
100
AcDbLine
 10
-1036.566192345078
 20
77.42633533225546
 30
0.0
 11
-1036.566192345078
 21
161.6458720293123
 31
0.0
  0
LINE
  5
715
330
1F
100
AcDbEntity
  8
Dibujo2D$oculto$líneas
100
AcDbLine
 10
-1044.72117363553
 20
77.42633533225546
 30
0.0
 11
-1036.566192345078
 21
77.42633533225546
 31
0.0
  0
LINE
  5
716
330
1F
100
AcDbEntity
  8
Dibujo2D$visible$líneas
100
AcDbLine
 10
-1036.566192345078
 20
161.6458720293123
 30
0.0
 11
-1036.566192345078
 21
177.9558346102166
 31
0.0
  0
LINE
  5
717
330
1F
100
AcDbEntity
  8
Dibujo2D$visible$líneas
100
AcDbLine
 10
-1044.72117363553
 20
161.6458720293123
 30
0.0
 11
-1036.566192345078
 21
161.6458720293123
 31
0.0
  0
LINE
  5
718
330
1F
100
AcDbEntity
  8
Dibujo2D$visible$líneas
100
AcDbLine
 10
-1044.72117363553
 20
177.9558346102166
 30
0.0
 11
-1036.566192345078
 21
177.9558346102166
 31
0.0
  0
LINE
  5
719
330
1F
100
AcDbEntity
  8
Dibujo2D$oculto$líneas
100
AcDbLine
 10
-1036.566192345078
 20
177.9558346102166
 30
0.0
 11
-1036.566192345078
 21
205.0730684801881
 31
0.0
  0
LINE
  5
71A
330
1F
100
AcDbEntity
  8
Dibujo2D$oculto$líneas
100
AcDbLine
 10
-1044.72117363553
 20
205.0730684801881
 30
0.0
 11
-1036.566192345078
 21
205.0730684801881
 31
0.0
  0
LINE
  5
71B
330
1F
100
AcDbEntity
  8
Dibujo2D$oculto$líneas
100
AcDbLine
 10
-1036.566192345078
 20
205.0730684801881
 30
0.0
 11
-1036.566192345078
 21
220.0238675126839
 31
0.0
  0
LINE
  5
71C
330
1F
100
AcDbEntity
  8
Dibujo2D$oculto$líneas
100
AcDbLine
 10
-1044.72117363553
 20
220.0238675126839
 30
0.0
 11
-1036.566195542367
 21
220.0238675126839
 31
0.0
  0
LINE
  5
71D
330
1F
100
AcDbEntity
  8
Dibujo2D$oculto$líneas
100
AcDbLine
 10
-1044.72117363553
 20
177.9558346102166
 30
0.0
 11
-1044.72117363553
 21
205.0730684801881
 31
0.0
  0
LINE
  5
71E
330
1F
100
AcDbEntity
  8
Dibujo2D$visible$líneas
100
AcDbLine
 10
-1044.72117363553
 20
161.6458720293123
 30
0.0
 11
-1044.72117363553
 21
177.9558346102166
 31
0.0
  0
LINE
  5
71F
330
1F
100
AcDbEntity
  8
Dibujo2D$oculto$líneas
100
AcDbLine
 10
-1044.72117363553
 20
77.42633533225546
 30
0.0
 11
-1044.72117363553
 21
161.6458720293123
 31
0.0
  0
LINE
  5
720
330
1F
100
AcDbEntity
  8
Dibujo2D$oculto$líneas
100
AcDbLine
 10
-1044.72117363553
 20
56.43405432708312
 30
0.0
 11
-1044.72117363553
 21
63.8346998481685
 31
0.0
  0
LINE
  5
721
330
1F
100
AcDbEntity
  8
Dibujo2D$visible$líneas
100
AcDbLine
 10
-1044.72117363553
 20
40.16582719224004
 30
0.0
 11
-1044.72117363553
 21
56.43405432708312
 31
0.0
  0
LINE
  5
722
330
1F
100
AcDbEntity
  8
Dibujo2D$oculto$líneas
100
AcDbLine
 10
-1044.72117363553
 20
32.72344622509343
 30
0.0
 11
-1044.72117363553
 21
40.16582719224004
 31
0.0
  0
LINE
  5
723
330
1F
100
AcDbEntity
  8
Dibujo2D$visible$líneas
100
AcDbLine
 10
-1044.72117363553
 20
13.69515654737171
 30
0.0
 11
-1044.72117363553
 21
15.05432009577975
 31
0.0
  0
LINE
  5
724
330
1F
100
AcDbEntity
  8
Dibujo2D$oculto$líneas
100
AcDbLine
 10
-573.0928483406728
 20
32.80839394686836
 30
0.0
 11
-573.0928483406727
 21
31.44923039845959
 31
0.0
  0
LINE
  5
725
330
1F
100
AcDbEntity
  8
Dibujo2D$oculto$líneas
100
AcDbLine
 10
-573.0928483406728
 20
19.2167584627814
 30
0.0
 11
-515.4280593037869
 21
19.2167584627814
 31
0.0
  0
SPLINE
  5
726
330
1F
100
AcDbEntity
  8
Dibujo2D$oculto$líneas
100
AcDbSpline
210
0.0
220
0.0
230
1.0
 70
    12
 71
     2
 72
    10
 73
     7
 74
     0
 42
0.000000001
 43
0.0000000001
 40
155.4266741882534
 40
155.4266741882534
 40
155.4266741882534
 40
186.8559415241278
 40
186.8559415241278
 40
211.5589454055759
 40
211.5589454055759
 40
229.5006101068732
 40
229.5006101068732
 40
229.5006101068732
 10
-515.4280593037869
 20
19.2167584627814
 30
0.0
 41
1.0
 10
-515.4280593037869
 20
40.57551572083764
 30
0.0
 41
1.0
 10
-515.4280593037869
 20
61.934272978894
 30
0.0
 41
1.0
 10
-515.4279619458272
 20
77.66069368639559
 30
0.0
 41
0.7071067811865444
 10
-531.1543826533288
 20
77.6607910443552
 30
0.0
 41
1.0
 10
-599.694339557205
 20
77.66079104435516
 30
0.0
 41
1.0
 10
-668.2342964610812
 20
77.66079104435516
 30
0.0
 41
1.0
  0
LINE
  5
727
330
1F
100
AcDbEntity
  8
Dibujo2D$oculto$líneas
100
AcDbLine
 10
-668.2342966940837
 20
32.80839394686836
 30
0.0
 11
-573.0928483406728
 21
32.80839394686836
 31
0.0
  0
LINE
  5
728
330
1F
100
AcDbEntity
  8
Dibujo2D$oculto$líneas
100
AcDbLine
 10
-586.574674250613
 20
58.04930450057714
 30
0.0
 11
-641.0510257611074
 21
77.66079104435516
 31
0.0
  0
ARC
  5
729
330
1F
100
AcDbEntity
  8
Dibujo2D$oculto$líneas
100
AcDbCircle
 10
-593.4803015668041
 20
38.86700640004815
 30
0.0
 40
20.38745322613124
100
AcDbArc
 50
0.0000000000015176
 51
70.20112364547334
  0
LINE
  5
72A
330
1F
100
AcDbEntity
  8
Dibujo2D$oculto$líneas
100
AcDbLine
 10
-573.0928483406728
 20
46.40002943095521
 30
0.0
 11
-573.0928483406728
 21
32.80839394686836
 31
0.0
  0
LINE
  5
72B
330
1F
100
AcDbEntity
  8
Dibujo2D$oculto$líneas
100
AcDbLine
 10
-668.2342967292814
 20
46.40002943095521
 30
0.0
 11
-573.0928483406728
 21
46.40002943095521
 31
0.0
  0
LINE
  5
72C
330
1F
100
AcDbEntity
  8
Dibujo2D$oculto$líneas
100
AcDbLine
 10
-356.2516661603872
 20
77.43149666519878
 30
0.0
 11
-356.2516661603925
 21
109.4585541471993
 31
0.0
  0
LINE
  5
72D
330
1F
100
AcDbEntity
  8
Dibujo2D$oculto$líneas
100
AcDbLine
 10
-348.0966848699351
 20
77.43149666519878
 30
0.0
 11
-356.2516661603872
 21
77.43149666519878
 31
0.0
  0
LINE
  5
72E
330
1F
100
AcDbEntity
  8
Dibujo2D$visible$líneas
100
AcDbLine
 10
-356.25166616039
 20
109.4585541471993
 30
0.0
 11
-356.25166616039
 21
125.7685167281037
 31
0.0
  0
LINE
  5
72F
330
1F
100
AcDbEntity
  8
Dibujo2D$visible$líneas
100
AcDbLine
 10
-348.0966848699377
 20
109.4585541471993
 30
0.0
 11
-356.25166616039
 21
109.4585541471993
 31
0.0
  0
LINE
  5
730
330
1F
100
AcDbEntity
  8
Dibujo2D$visible$líneas
100
AcDbLine
 10
-348.0966848699377
 20
125.7685167281037
 30
0.0
 11
-356.25166616039
 21
125.7685167281037
 31
0.0
  0
LINE
  5
731
330
1F
100
AcDbEntity
  8
Dibujo2D$oculto$líneas
100
AcDbLine
 10
-356.2516661603918
 20
125.7685167281037
 30
0.0
 11
-356.2516661603786
 21
157.7945875306521
 31
0.0
  0
LINE
  5
732
330
1F
100
AcDbEntity
  8
Dibujo2D$visible$líneas
100
AcDbLine
 10
-356.2516659930768
 20
206.1124605837115
 30
0.0
 11
-356.2516659851715
 21
206.8617852650775
 31
0.0
  0
SPLINE
  5
733
330
1F
100
AcDbEntity
  8
Dibujo2D$oculto$líneas
100
AcDbSpline
210
0.0
220
0.0
230
1.0
 70
    12
 71
     3
 72
     8
 73
     4
 74
     0
 42
0.000000001
 43
0.0000000001
 40
65.61290116352973
 40
65.61290116352973
 40
65.61290116352973
 40
65.61290116352973
 40
95.16188815156666
 40
95.16188815156666
 40
95.16188815156666
 40
95.16188815156666
 10
-356.2516661599993
 20
165.9505561531568
 30
0.0
 41
1.0
 10
-356.2516661556276
 20
179.3378576300096
 30
0.0
 41
1.0
 10
-356.2516661321456
 20
192.7251591068571
 30
0.0
 41
1.0
 10
-356.2516659930768
 20
206.1124605837115
 30
0.0
 41
1.0
  0
LINE
  5
734
330
1F
100
AcDbEntity
  8
Dibujo2D$visible$líneas
100
AcDbLine
 10
-348.0966846947173
 20
206.8619667721081
 30
0.0
 11
-356.2516492827888
 21
206.8619667721081
 31
0.0
  0
LINE
  5
735
330
1F
100
AcDbEntity
  8
Dibujo2D$visible$líneas
100
AcDbLine
 10
-356.2516576339789
 20
13.69515654737103
 30
0.0
 11
-356.2516586997799
 21
15.05432009577979
 31
0.0
  0
LINE
  5
736
330
1F
100
AcDbEntity
  8
Dibujo2D$visible$líneas
100
AcDbLine
 10
-348.0966848699351
 20
13.69515654737103
 30
0.0
 11
-356.2516661603872
 21
13.69515654737103
 31
0.0
  0
LINE
  5
737
330
1F
100
AcDbEntity
  8
Dibujo2D$oculto$líneas
100
AcDbLine
 10
-356.2516661603872
 20
19.13181074100578
 30
0.0
 11
-356.2516661603872
 21
32.72344622509286
 31
0.0
  0
LINE
  5
738
330
1F
100
AcDbEntity
  8
Dibujo2D$oculto$líneas
100
AcDbLine
 10
-356.2516661603877
 20
32.72344622509274
 30
0.0
 11
-356.2516661603875
 21
41.48583596105914
 31
0.0
  0
LINE
  5
739
330
1F
100
AcDbEntity
  8
Dibujo2D$visible$líneas
100
AcDbLine
 10
-356.251666160383
 20
41.48583596105914
 30
0.0
 11
-356.251666160383
 21
55.07747144514599
 31
0.0
  0
LINE
  5
73A
330
1F
100
AcDbEntity
  8
Dibujo2D$visible$líneas
100
AcDbLine
 10
-348.0966848699309
 20
41.48583596105914
 30
0.0
 11
-356.251666160383
 21
41.48583596105914
 31
0.0
  0
LINE
  5
73B
330
1F
100
AcDbEntity
  8
Dibujo2D$visible$líneas
100
AcDbLine
 10
-348.0966848699309
 20
55.07747144514599
 30
0.0
 11
-356.251666160383
 21
55.07747144514599
 31
0.0
  0
LINE
  5
73C
330
1F
100
AcDbEntity
  8
Dibujo2D$oculto$líneas
100
AcDbLine
 10
-356.2516661603873
 20
55.07747144514599
 30
0.0
 11
-356.2516661603872
 21
63.83986118111238
 31
0.0
  0
LINE
  5
73D
330
1F
100
AcDbEntity
  8
Dibujo2D$oculto$líneas
100
AcDbLine
 10
-348.0966848699351
 20
63.83986118111238
 30
0.0
 11
-356.2516661603872
 21
63.83986118111238
 31
0.0
  0
LINE
  5
73E
330
1F
100
AcDbEntity
  8
Dibujo2D$oculto$líneas
100
AcDbLine
 10
-356.2516661603872
 20
63.83986118111386
 30
0.0
 11
-356.2516661603872
 21
77.43149666520083
 31
0.0
  0
LINE
  5
73F
330
1F
100
AcDbEntity
  8
Dibujo2D$oculto$líneas
100
AcDbLine
 10
-348.0966848699351
 20
33.93310178317643
 30
0.0
 11
-356.2516661603872
 21
33.93310178317643
 31
0.0
  0
LINE
  5
740
330
1F
100
AcDbEntity
  8
Dibujo2D$oculto$líneas
100
AcDbLine
 10
-348.0966848699351
 20
63.83986118111386
 30
0.0
 11
-348.0966848699351
 21
77.43149666520083
 31
0.0
  0
LINE
  5
741
330
1F
100
AcDbEntity
  8
Dibujo2D$oculto$líneas
100
AcDbLine
 10
-348.0966848699352
 20
55.07747144514599
 30
0.0
 11
-348.0966848699351
 21
63.83986118111238
 31
0.0
  0
LINE
  5
742
330
1F
100
AcDbEntity
  8
Dibujo2D$visible$líneas
100
AcDbLine
 10
-348.0966848699309
 20
41.48583596105914
 30
0.0
 11
-348.0966848699309
 21
55.07747144514599
 31
0.0
  0
LINE
  5
743
330
1F
100
AcDbEntity
  8
Dibujo2D$oculto$líneas
100
AcDbLine
 10
-348.0966848699355
 20
32.72344622509274
 30
0.0
 11
-348.0966848699353
 21
41.48583596105914
 31
0.0
  0
LINE
  5
744
330
1F
100
AcDbEntity
  8
Dibujo2D$oculto$líneas
100
AcDbLine
 10
-348.0966848699351
 20
19.13181074100578
 30
0.0
 11
-348.0966848699351
 21
32.72344622509286
 31
0.0
  0
LINE
  5
745
330
1F
100
AcDbEntity
  8
Dibujo2D$visible$líneas
100
AcDbLine
 10
-348.0966763435267
 20
13.69515654737103
 30
0.0
 11
-348.0966774093278
 21
15.05432009578234
 31
0.0
  0
SPLINE
  5
746
330
1F
100
AcDbEntity
  8
Dibujo2D$oculto$líneas
100
AcDbSpline
210
0.0
220
0.0
230
1.0
 70
    12
 71
     3
 72
     8
 73
     4
 74
     0
 42
0.000000001
 43
0.0000000001
 40
65.61290116352973
 40
65.61290116352973
 40
65.61290116352973
 40
65.61290116352973
 40
95.71318858675414
 40
95.71318858675414
 40
95.71318858675414
 40
95.71318858675414
 10
-348.0966848695473
 20
165.9505561531568
 30
0.0
 41
1.0
 10
-348.0966848650939
 20
179.587626772118
 30
0.0
 41
1.0
 10
-348.0966848408106
 20
193.2246973910738
 30
0.0
 41
1.0
 10
-348.0966846947197
 20
206.8617680100368
 30
0.0
 41
1.0
  0
LINE
  5
747
330
1F
100
AcDbEntity
  8
Dibujo2D$oculto$líneas
100
AcDbLine
 10
-348.0966848699395
 20
125.7685167281037
 30
0.0
 11
-348.0966848699263
 21
157.7945875306521
 31
0.0
  0
LINE
  5
748
330
1F
100
AcDbEntity
  8
Dibujo2D$visible$líneas
100
AcDbLine
 10
-348.0966848699377
 20
109.4585541471993
 30
0.0
 11
-348.0966848699377
 21
125.7685167281037
 31
0.0
  0
LINE
  5
749
330
1F
100
AcDbEntity
  8
Dibujo2D$oculto$líneas
100
AcDbLine
 10
-348.0966848699351
 20
77.43149666519878
 30
0.0
 11
-348.0966848699403
 21
109.4585541471993
 31
0.0
  0
SPLINE
  5
74A
330
1F
100
AcDbEntity
  8
Dibujo2D$oculto$líneas
100
AcDbSpline
210
0.0
220
0.0
230
1.0
 70
    15
 71
     2
 72
    28
 73
    25
 74
     0
 42
0.000000001
 43
0.0000000001
 40
53.05394551588957
 40
53.05394551588957
 40
53.05394551588957
 40
71.05394551588957
 40
71.05394551588957
 40
75.32388373459735
 40
75.32388373459735
 40
134.3238837345973
 40
134.3238837345973
 40
138.5938219533052
 40
138.5938219533052
 40
153.5938219533051
 40
153.5938219533051
 40
157.8637601720127
 40
157.8637601720127
 40
167.2286699750882
 40
167.2286699750882
 40
168.9003024516181
 40
168.9003024516181
 40
172.8301781831273
 40
172.8301781831273
 40
174.5018106596573
 40
174.5018106596573
 40
218.6192996327614
 40
218.6192996327614
 40
222.8892378514692
 40
222.8892378514692
 40
222.8892378514692
 10
-214.0197464665271
 20
110.0618036673827
 30
0.0
 41
1.0
 10
-214.0197464665271
 20
97.82933173170443
 30
0.0
 41
1.0
 10
-214.0197464665271
 20
85.59685979602614
 30
0.0
 41
1.0
 10
-214.0197464665271
 20
82.87853269920873
 30
0.0
 41
0.7071067811865401
 10
-211.3014193697097
 20
82.87853269920873
 30
0.0
 41
1.0
 10
-171.2060946916532
 20
82.87853269920879
 30
0.0
 41
1.0
 10
-131.1107700135967
 20
82.87853269920879
 30
0.0
 41
1.0
 10
-128.3924429167795
 20
82.878532699209
 30
0.0
 41
0.7071067811865845
 10
-128.3924429167794
 20
85.59685979602637
 30
0.0
 41
1.0
 10
-128.3924429167794
 20
95.79058640909147
 30
0.0
 41
1.0
 10
-128.3924429167794
 20
105.9843130221566
 30
0.0
 41
1.0
 10
-128.3924429167795
 20
108.7026401189739
 30
0.0
 41
0.7071067811865549
 10
-131.1107700135967
 20
108.7026401189739
 30
0.0
 41
1.0
 10
-137.4749920328345
 20
108.7026401189739
 30
0.0
 41
1.0
 10
-143.8392140520722
 20
108.7026401189739
 30
0.0
 41
1.0
 10
-144.7024054976837
 20
108.702640118974
 30
0.0
 41
0.9531009605602775
 10
-145.4074627582129
 20
109.2006298087787
 30
0.0
 41
1.0
 10
-147.5888752811081
 20
110.741385441587
 30
0.0
 41
1.0
 10
-149.7702878040034
 20
112.2821410743952
 30
0.0
 41
1.0
 10
-150.4753450645325
 20
112.7801307642003
 30
0.0
 41
0.9531009605601724
 10
-151.3385365101441
 20
112.7801307642001
 30
0.0
 41
1.0
 10
-181.319977939927
 20
112.7801307642001
 30
0.0
 41
1.0
 10
-211.3014193697097
 20
112.7801307642001
 30
0.0
 41
1.0
 10
-214.0197464665273
 20
112.7801307642001
 30
0.0
 41
0.7071067811865254
 10
-214.0197464665271
 20
110.0618036673826
 30
0.0
 41
1.0
  0
LINE
  5
74B
330
1F
100
AcDbEntity
  8
Dibujo2D$oculto$líneas
100
AcDbLine
 10
-440.2226214103184
 20
124.1322107656611
 30
0.0
 11
-440.2226214103184
 21
83.35730431340028
 31
0.0
  0
LINE
  5
74C
330
1F
100
AcDbEntity
  8
Dibujo2D$oculto$líneas
100
AcDbLine
 10
-392.651897216014
 20
124.1322107656611
 30
0.0
 11
-440.2226214103184
 21
124.1322107656611
 31
0.0
  0
LINE
  5
74D
330
1F
100
AcDbEntity
  8
Dibujo2D$oculto$líneas
100
AcDbLine
 10
-392.651897216014
 20
83.35730431340028
 30
0.0
 11
-392.651897216014
 21
124.1322107656611
 31
0.0
  0
LINE
  5
74E
330
1F
100
AcDbEntity
  8
Dibujo2D$oculto$líneas
100
AcDbLine
 10
-440.2226214103184
 20
83.35730431340028
 30
0.0
 11
-392.651897216014
 21
83.35730431340028
 31
0.0
  0
LINE
  5
74F
330
1F
100
AcDbEntity
  8
Dibujo2D$oculto$líneas
100
AcDbLine
 10
-506.2486866514048
 20
73.3540060199548
 30
0.0
 11
-506.2486866514057
 21
77.43149666518093
 31
0.0
  0
LINE
  5
750
330
1F
100
AcDbEntity
  8
Dibujo2D$oculto$líneas
100
AcDbLine
 10
-502.8823026334644
 20
73.35400601995468
 30
0.0
 11
-502.8823026334653
 21
77.4314966651807
 31
0.0
  0
LINE
  5
751
330
1F
100
AcDbEntity
  8
Dibujo2D$oculto$líneas
100
AcDbLine
 10
-560.6180514947781
 20
73.3540060199548
 30
0.0
 11
-560.618051494779
 21
77.43149666518093
 31
0.0
  0
LINE
  5
752
330
1F
100
AcDbEntity
  8
Dibujo2D$oculto$líneas
100
AcDbLine
 10
-565.3656574400259
 20
73.35400601995468
 30
0.0
 11
-565.3656574400269
 21
77.4314966651807
 31
0.0
  0
LINE
  5
753
330
1F
100
AcDbEntity
  8
Dibujo2D$oculto$líneas
100
AcDbLine
 10
-569.4526145594346
 20
73.3540060199548
 30
0.0
 11
-497.4159543703714
 21
73.3540060199548
 31
0.0
  0
LINE
  5
754
330
1F
100
AcDbEntity
  8
Dibujo2D$oculto$líneas
100
AcDbLine
 10
-560.618051494779
 20
77.43149666518093
 30
0.0
 11
-560.618051494779
 21
81.50898731040695
 31
0.0
  0
LINE
  5
755
330
1F
100
AcDbEntity
  8
Dibujo2D$oculto$líneas
100
AcDbLine
 10
-506.2486866514057
 20
77.43149666518093
 30
0.0
 11
-506.2486866514057
 21
81.50898731040695
 31
0.0
  0
LINE
  5
756
330
1F
100
AcDbEntity
  8
Dibujo2D$oculto$líneas
100
AcDbLine
 10
-352.1741755151605
 20
77.43149666518082
 30
0.0
 11
-352.1741755151605
 21
81.50898731040695
 31
0.0
  0
LINE
  5
757
330
1F
100
AcDbEntity
  8
Dibujo2D$oculto$líneas
100
AcDbLine
 10
-573.9925592943928
 20
81.50898731040684
 30
0.0
 11
-668.179700520182
 21
81.50898731040684
 31
0.0
  0
LINE
  5
758
330
1F
100
AcDbEntity
  8
Dibujo2D$oculto$líneas
100
AcDbLine
 10
-668.179700520182
 20
77.4314966651807
 30
0.0
 11
-668.179700520182
 21
81.50898731040684
 31
0.0
  0
LINE
  5
759
330
1F
100
AcDbEntity
  8
Dibujo2D$oculto$líneas
100
AcDbLine
 10
-668.179700520182
 20
81.50898731040684
 30
0.0
 11
-672.2571911654081
 21
81.50898731040684
 31
0.0
  0
LINE
  5
75A
330
1F
100
AcDbEntity
  8
Dibujo2D$oculto$líneas
100
AcDbLine
 10
-672.2571911654081
 20
77.4314966651807
 30
0.0
 11
-672.2571911654081
 21
81.50898731040684
 31
0.0
  0
LINE
  5
75B
330
1F
100
AcDbEntity
  8
Dibujo2D$oculto$líneas
100
AcDbLine
 10
-502.8823026334653
 20
77.4314966651807
 30
0.0
 11
-502.8823026334653
 21
81.50898731040684
 31
0.0
  0
LINE
  5
75C
330
1F
100
AcDbEntity
  8
Dibujo2D$oculto$líneas
100
AcDbLine
 10
-565.3656574400269
 20
77.4314966651807
 30
0.0
 11
-565.3656574400269
 21
81.50898731040684
 31
0.0
  0
LINE
  5
75D
330
1F
100
AcDbEntity
  8
Dibujo2D$oculto$líneas
100
AcDbLine
 10
-652.2522054060012
 20
77.43149666518093
 30
0.0
 11
-652.2522054060012
 21
81.50898731040695
 31
0.0
  0
LINE
  5
75E
330
1F
100
AcDbEntity
  8
Dibujo2D$oculto$líneas
100
AcDbLine
 10
-559.1563785980867
 20
77.43149666518082
 30
0.0
 11
-559.1563785980867
 21
81.50898731040695
 31
0.0
  0
LINE
  5
75F
330
1F
100
AcDbEntity
  8
Dibujo2D$oculto$líneas
100
AcDbLine
 10
-647.7922472940513
 20
77.4314966651807
 30
0.0
 11
-647.7922472940513
 21
81.50898731040684
 31
0.0
  0
LINE
  5
760
330
1F
100
AcDbEntity
  8
Dibujo2D$visible$líneas
100
AcDbLine
 10
-668.2342967230973
 20
109.4618201514347
 30
0.0
 11
-676.3892779665521
 21
109.4618201514347
 31
0.0
  0
LINE
  5
761
330
1F
100
AcDbEntity
  8
Dibujo2D$oculto$líneas
100
AcDbLine
 10
-676.3892775777397
 20
109.4618201514347
 30
0.0
 11
-676.3892774510493
 21
77.42633531544175
 31
0.0
  0
LINE
  5
762
330
1F
100
AcDbEntity
  8
Dibujo2D$oculto$líneas
100
AcDbLine
 10
-668.2342961605973
 20
77.42633531544175
 30
0.0
 11
-676.3892774510493
 21
77.42633531544175
 31
0.0
  0
LINE
  5
763
330
1F
100
AcDbEntity
  8
Dibujo2D$oculto$líneas
100
AcDbLine
 10
-676.3892774510493
 20
77.42633531544175
 30
0.0
 11
-676.3892774510493
 21
63.83469983135478
 31
0.0
  0
LINE
  5
764
330
1F
100
AcDbEntity
  8
Dibujo2D$oculto$líneas
100
AcDbLine
 10
-676.3892775166241
 20
63.83469983136195
 30
0.0
 11
-676.3892778069214
 21
57.80001367642024
 31
0.0
  0
LINE
  5
765
330
1F
100
AcDbEntity
  8
Dibujo2D$oculto$líneas
100
AcDbLine
 10
-668.2342962261719
 20
63.83469983136195
 30
0.0
 11
-676.3892775166241
 21
63.83469983136195
 31
0.0
  0
LINE
  5
766
330
1F
100
AcDbEntity
  8
Dibujo2D$visible$líneas
100
AcDbLine
 10
-676.3892780135495
 20
57.80001367642024
 30
0.0
 11
-676.3892780135495
 21
41.49005109551592
 31
0.0
  0
LINE
  5
767
330
1F
100
AcDbEntity
  8
Dibujo2D$visible$líneas
100
AcDbLine
 10
-668.2342967230973
 20
57.80001367642024
 30
0.0
 11
-676.3892779912667
 21
57.80001367642024
 31
0.0
  0
LINE
  5
768
330
1F
100
AcDbEntity
  8
Dibujo2D$visible$líneas
100
AcDbLine
 10
-668.2342967230973
 20
41.49005109551592
 30
0.0
 11
-676.3892780135495
 21
41.49005109551592
 31
0.0
  0
LINE
  5
769
330
1F
100
AcDbEntity
  8
Dibujo2D$oculto$líneas
100
AcDbLine
 10
-676.3892778264276
 20
41.49005109551592
 30
0.0
 11
-676.3892779479747
 21
32.72344620827982
 31
0.0
  0
LINE
  5
76A
330
1F
100
AcDbEntity
  8
Dibujo2D$oculto$líneas
100
AcDbLine
 10
-668.2342966575225
 20
32.72344620827982
 30
0.0
 11
-676.3892779479747
 21
32.72344620827982
 31
0.0
  0
LINE
  5
76B
330
1F
100
AcDbEntity
  8
Dibujo2D$oculto$líneas
100
AcDbLine
 10
-676.3892780135495
 20
32.72344620827982
 30
0.0
 11
-676.3892780135495
 21
19.13181072419292
 31
0.0
  0
LINE
  5
76C
330
1F
100
AcDbEntity
  8
Dibujo2D$visible$líneas
100
AcDbLine
 10
-676.3892780135495
 20
15.05432009577979
 30
0.0
 11
-676.3892780135495
 21
13.69515653055811
 31
0.0
  0
LINE
  5
76D
330
1F
100
AcDbEntity
  8
Dibujo2D$visible$líneas
100
AcDbLine
 10
-668.2342967230973
 20
13.69515653055811
 30
0.0
 11
-676.3892780135495
 21
13.69515653055811
 31
0.0
  0
LINE
  5
76E
330
1F
100
AcDbEntity
  8
Dibujo2D$oculto$líneas
100
AcDbLine
 10
-676.3892779246453
 20
250.1896132915326
 30
0.0
 11
-676.38927796493
 21
244.7529593761717
 31
0.0
  0
LINE
  5
76F
330
1F
100
AcDbEntity
  8
Dibujo2D$oculto$líneas
100
AcDbLine
 10
-668.4439510297725
 20
250.1896132915326
 30
0.0
 11
-676.3892779246453
 21
250.1896132915326
 31
0.0
  0
LINE
  5
770
330
1F
100
AcDbEntity
  8
Dibujo2D$visible$líneas
100
AcDbLine
 10
-668.2342966786453
 20
250.1896132915326
 30
0.0
 11
-668.4439510297725
 21
250.1896132915326
 31
0.0
  0
LINE
  5
771
330
1F
100
AcDbEntity
  8
Dibujo2D$oculto$líneas
100
AcDbLine
 10
-668.2673899688759
 20
244.7529593761717
 30
0.0
 11
-676.38927796493
 21
244.7529593761717
 31
0.0
  0
LINE
  5
772
330
1F
100
AcDbEntity
  8
Dibujo2D$oculto$líneas
100
AcDbLine
 10
-676.3892779690973
 20
244.7529590978978
 30
0.0
 11
-676.3892780135495
 21
231.1307253390069
 31
0.0
  0
LINE
  5
773
330
1F
100
AcDbEntity
  8
Dibujo2D$oculto$líneas
100
AcDbLine
 10
-676.3892780135495
 20
231.1307253390069
 30
0.0
 11
-676.3892780135495
 21
157.7747152384139
 31
0.0
  0
LINE
  5
774
330
1F
100
AcDbEntity
  8
Dibujo2D$oculto$líneas
100
AcDbLine
 10
-668.2342967622099
 20
231.1307253390069
 30
0.0
 11
-676.3892780135495
 21
231.1307253390069
 31
0.0
  0
LINE
  5
775
330
1F
100
AcDbEntity
  8
Dibujo2D$oculto$líneas
100
AcDbLine
 10
-676.3892766757456
 20
157.774715238621
 30
0.0
 11
-676.38927749905
 21
125.771782732339
 31
0.0
  0
LINE
  5
776
330
1F
100
AcDbEntity
  8
Dibujo2D$visible$líneas
100
AcDbLine
 10
-676.3892779479747
 20
125.771782732339
 30
0.0
 11
-676.3892780135495
 21
109.4618201514347
 31
0.0
  0
LINE
  5
777
330
1F
100
AcDbEntity
  8
Dibujo2D$visible$líneas
100
AcDbLine
 10
-668.2342966575225
 20
125.771782732339
 30
0.0
 11
-676.389277899563
 21
125.771782732339
 31
0.0
  0
LINE
  5
778
330
1F
100
AcDbEntity
  8
Dibujo2D$visible$líneas
100
AcDbLine
 10
-668.2342966575225
 20
125.771782732339
 30
0.0
 11
-668.2342967230973
 21
109.4618201514347
 31
0.0
  0
LINE
  5
779
330
1F
100
AcDbEntity
  8
Dibujo2D$oculto$líneas
100
AcDbLine
 10
-668.2342953852933
 20
157.774715238621
 30
0.0
 11
-668.2342962085977
 21
125.771782732339
 31
0.0
  0
LINE
  5
77A
330
1F
100
AcDbEntity
  8
Dibujo2D$oculto$líneas
100
AcDbLine
 10
-668.2342967230971
 20
186.0563413745685
 30
0.0
 11
-668.2342967230973
 21
157.7747152384139
 31
0.0
  0
LINE
  5
77B
330
1F
100
AcDbEntity
  8
Dibujo2D$oculto$líneas
100
AcDbLine
 10
-668.2342967230973
 20
231.1307253390069
 30
0.0
 11
-668.2342967230973
 21
198.2888133102469
 31
0.0
  0
LINE
  5
77C
330
1F
100
AcDbEntity
  8
Dibujo2D$oculto$líneas
100
AcDbLine
 10
-668.2342966786453
 20
244.7529590978978
 30
0.0
 11
-668.2342967230973
 21
231.130725921569
 31
0.0
  0
LINE
  5
77D
330
1F
100
AcDbEntity
  8
Dibujo2D$oculto$líneas
100
AcDbLine
 10
-668.2342966573322
 20
247.0668662566267
 30
0.0
 11
-668.234296674478
 21
244.7529597768112
 31
0.0
  0
LINE
  5
77E
330
1F
100
AcDbEntity
  8
Dibujo2D$visible$líneas
100
AcDbLine
 10
-668.2342966341932
 20
250.1896132915326
 30
0.0
 11
-668.2342966573322
 21
247.0668662566267
 31
0.0
  0
LINE
  5
77F
330
1F
100
AcDbEntity
  8
Dibujo2D$visible$líneas
100
AcDbLine
 10
-668.2342967230973
 20
15.05432009577979
 30
0.0
 11
-668.2342967230973
 21
13.69515653055811
 31
0.0
  0
LINE
  5
780
330
1F
100
AcDbEntity
  8
Dibujo2D$oculto$líneas
100
AcDbLine
 10
-668.2342967230973
 20
32.72344620827982
 30
0.0
 11
-668.2342967230973
 21
19.13181072419292
 31
0.0
  0
LINE
  5
781
330
1F
100
AcDbEntity
  8
Dibujo2D$oculto$líneas
100
AcDbLine
 10
-668.2342965359755
 20
41.49005109551592
 30
0.0
 11
-668.2342966575225
 21
32.72344620827982
 31
0.0
  0
LINE
  5
782
330
1F
100
AcDbEntity
  8
Dibujo2D$visible$líneas
100
AcDbLine
 10
-668.2342967230973
 20
57.80001367642024
 30
0.0
 11
-668.2342967230973
 21
41.49005109551592
 31
0.0
  0
LINE
  5
783
330
1F
100
AcDbEntity
  8
Dibujo2D$oculto$líneas
100
AcDbLine
 10
-668.2342962261719
 20
63.83469983136195
 30
0.0
 11
-668.2342965164694
 21
57.80001367642024
 31
0.0
  0
LINE
  5
784
330
1F
100
AcDbEntity
  8
Dibujo2D$oculto$líneas
100
AcDbLine
 10
-668.2342961605973
 20
77.42633531544175
 30
0.0
 11
-668.2342961605973
 21
63.83469983135478
 31
0.0
  0
LINE
  5
785
330
1F
100
AcDbEntity
  8
Dibujo2D$oculto$líneas
100
AcDbLine
 10
-668.2342962872876
 20
109.4618201514347
 30
0.0
 11
-668.2342961605973
 21
77.42633531544175
 31
0.0
  0
LINE
  5
786
330
1F
100
AcDbEntity
  8
Dibujo2D$oculto$líneas
100
AcDbLine
 10
-668.2342967292814
 20
31.44923039845958
 30
0.0
 11
-573.0928483406728
 21
31.44923039845958
 31
0.0
  0
LINE
  5
787
330
1F
100
AcDbEntity
  8
Dibujo2D$oculto$líneas
100
AcDbLine
 10
-573.0928483406728
 20
19.2167584627814
 30
0.0
 11
-573.0928483406728
 21
31.44923039845958
 31
0.0
  0
LINE
  5
788
330
1F
100
AcDbEntity
  8
Dibujo2D$oculto$líneas
100
AcDbLine
 10
-668.2342967292814
 20
19.2167584627814
 30
0.0
 11
-573.0928483406728
 21
19.2167584627814
 31
0.0
  0
LINE
  5
789
330
1F
100
AcDbEntity
  8
Dibujo2D$oculto$líneas
100
AcDbLine
 10
-102.8413713341811
 20
205.7739037842834
 30
0.0
 11
-102.8413713341811
 21
218.0063757199617
 31
0.0
  0
LINE
  5
78A
330
1F
100
AcDbEntity
  8
Dibujo2D$oculto$líneas
100
AcDbLine
 10
-123.2288245603118
 20
218.0063757199616
 30
0.0
 11
-123.2288245603118
 21
205.7739037842834
 31
0.0
  0
LINE
  5
78B
330
1F
100
AcDbEntity
  8
Dibujo2D$oculto$líneas
100
AcDbLine
 10
-57.98897423669439
 20
205.7739037842834
 30
0.0
 11
-57.98897423669439
 21
218.0063757199617
 31
0.0
  0
LINE
  5
78C
330
1F
100
AcDbEntity
  8
Dibujo2D$oculto$líneas
100
AcDbLine
 10
-77.01726391441616
 20
218.0063757199616
 30
0.0
 11
-77.01726391441616
 21
205.7739037842833
 31
0.0
  0
LINE
  5
78D
330
1F
100
AcDbEntity
  8
Dibujo2D$oculto$líneas
100
AcDbLine
 10
-11.77741359079891
 20
205.7739037842834
 30
0.0
 11
-11.77741359079891
 21
218.0063757199616
 31
0.0
  0
LINE
  5
78E
330
1F
100
AcDbEntity
  8
Dibujo2D$oculto$líneas
100
AcDbLine
 10
-32.16486681692891
 20
218.0063757199617
 30
0.0
 11
-32.16486681692891
 21
205.7739037842834
 31
0.0
  0
LINE
  5
78F
330
1F
100
AcDbEntity
  8
Dibujo2D$oculto$líneas
100
AcDbLine
 10
-3.60332216585175
 20
157.8180214483559
 30
0.0
 11
-3.588601475529231
 21
157.8180224075304
 31
0.0
  0
LINE
  5
790
330
1F
100
AcDbEntity
  8
Dibujo2D$oculto$líneas
100
AcDbLine
 10
-3.588601475529231
 20
157.8180224075304
 30
0.0
 11
63.45912149371543
 21
224.497721255855
 31
0.0
  0
LINE
  5
791
330
1F
100
AcDbEntity
  8
Dibujo2D$oculto$líneas
100
AcDbLine
 10
63.45912149371543
 20
224.497721255855
 30
0.0
 11
-3.588601475515816
 21
233.9546361004227
 31
0.0
  0
LINE
  5
792
330
1F
100
AcDbEntity
  8
Dibujo2D$oculto$líneas
100
AcDbLine
 10
-11.74358301361826
 20
233.9546361004245
 30
0.0
 11
-11.74358276598196
 21
238.9916637091918
 31
0.0
  0
LINE
  5
793
330
1F
100
AcDbEntity
  8
Dibujo2D$oculto$líneas
100
AcDbLine
 10
-668.199449712429
 20
244.7552993291695
 30
0.0
 11
-668.1955515559059
 21
231.1646733177454
 31
0.0
  0
LINE
  5
794
330
1F
100
AcDbEntity
  8
Dibujo2D$oculto$líneas
100
AcDbLine
 10
-668.1955515559059
 20
231.1646733177454
 30
0.0
 11
-668.2096806373025
 21
231.1637193364821
 31
0.0
  0
LINE
  5
795
330
1F
100
AcDbEntity
  8
Dibujo2D$oculto$líneas
100
AcDbLine
 10
-750.4284723196004
 20
225.6123896818351
 30
0.0
 11
-676.3745579378333
 21
157.7741848500283
 31
0.0
  0
LINE
  5
796
330
1F
100
AcDbEntity
  8
Dibujo2D$visible$líneas
100
AcDbLine
 10
-668.0796227675124
 20
244.7633442477333
 30
0.0
 11
-668.0649222029758
 21
244.7643312114302
 31
0.0
  0
SPLINE
  5
797
330
1F
100
AcDbEntity
  8
Dibujo2D$visible$líneas
100
AcDbSpline
210
0.0
220
0.0
230
1.0
 70
     8
 71
     3
 72
    30
 73
    26
 74
     0
 42
0.000000001
 43
0.0000000001
 40
0.0
 40
0.0
 40
0.0
 40
0.0
 40
15.75938696777633
 40
32.05139415168124
 40
40.85401082204024
 40
45.25953194911241
 40
49.28499083533124
 40
53.49897443474843
 40
55.60274517181593
 40
57.02644849645023
 40
61.25873430569806
 40
68.40526658175418
 40
76.35235997843336
 40
83.71960822357809
 40
87.08681502272944
 40
90.04680964635153
 40
92.41957571857806
 40
94.88616426147847
 40
96.39223965723333
 40
97.9023963472619
 40
100.1955642413813
 40
102.0553705509883
 40
103.668049509407
 40
105.0881034069301
 40
106.5099151358257
 40
106.5099151358257
 40
106.5099151358257
 40
106.5099151358257
 10
-574.3643580234711
 20
200.9633775231237
 30
0.0
 10
-579.5529505282193
 20
201.7845185352587
 30
0.0
 10
-590.0535994664068
 20
203.7793494372188
 30
0.0
 10
-603.268500635605
 20
207.0903774178159
 30
0.0
 10
-612.7013481760648
 20
209.8713368130961
 30
0.0
 10
-618.1743453895328
 20
211.6173775271267
 30
0.0
 10
-622.170098687678
 20
212.9593424816936
 30
0.0
 10
-625.416673526933
 20
214.1206546583733
 30
0.0
 10
-627.8224938367429
 20
215.0544406144862
 30
0.0
 10
-630.2183577467283
 20
216.0293269069603
 30
0.0
 10
-634.1221587306311
 20
217.7563237869726
 30
0.0
 10
-639.8629133421525
 20
220.6847172978466
 30
0.0
 10
-646.3726808296899
 20
224.385945850941
 30
0.0
 10
-651.6414076204128
 20
227.7092894776329
 30
0.0
 10
-655.3924477132364
 20
230.3118178407177
 30
0.0
 10
-657.7213030162452
 20
232.0407942911506
 30
0.0
 10
-659.7297279298987
 20
233.6931966384348
 30
0.0
 10
-661.2781687345293
 20
235.1355632436373
 30
0.0
 10
-662.5719368299752
 20
236.4262387464319
 30
0.0
 10
-663.8012424882239
 20
237.6996894802026
 30
0.0
 10
-665.056281159181
 20
239.1110601368578
 30
0.0
 10
-666.2125303035997
 20
240.6487909576686
 30
0.0
 10
-667.0643264952005
 20
242.0420076973793
 30
0.0
 10
-667.6901315457657
 20
243.3916558430108
 30
0.0
 10
-667.9669865415239
 20
244.3005197782604
 30
0.0
 10
-668.0649222029758
 20
244.7643312114302
 30
0.0
  0
ARC
  5
798
330
1F
100
AcDbEntity
  8
Dibujo2D$visible$líneas
100
AcDbCircle
 10
-533.2658577937515
 20
460.8228704663852
 30
0.0
 40
263.0894208698517
100
AcDbArc
 50
261.0151602000701
 51
262.154764957305
  0
SPLINE
  5
799
330
1F
100
AcDbEntity
  8
Dibujo2D$visible$líneas
100
AcDbSpline
210
0.0
220
0.0
230
1.0
 70
    12
 71
     3
 72
     8
 73
     4
 74
     0
 42
0.000000001
 43
0.0000000001
 40
-82.55399012106415
 40
-82.55399012106415
 40
-82.55399012106415
 40
-82.55399012106415
 40
-81.77900895008634
 40
-81.77900895008634
 40
-81.77900895008634
 40
-81.77900895008634
 10
-568.0682578708314
 20
200.0452304201422
 30
0.0
 41
1.0
 10
-568.4183265431013
 20
200.092076093302
 30
0.0
 41
1.0
 10
-568.7683002076485
 20
200.1395829089039
 30
0.0
 41
1.0
 10
-569.1181810288033
 20
200.187763993369
 30
0.0
 41
1.0
  0
ARC
  5
79A
330
1F
100
AcDbEntity
  8
Dibujo2D$visible$líneas
100
AcDbCircle
 10
-529.3142419612611
 20
489.9055787718035
 30
0.0
 40
292.4395781556375
100
AcDbArc
 50
262.4222043105231
 51
263.1929162636365
  0
SPLINE
  5
79B
330
1F
100
AcDbEntity
  8
Dibujo2D$visible$líneas
100
AcDbSpline
210
0.0
220
0.0
230
1.0
 70
    12
 71
     3
 72
     8
 73
     4
 74
     0
 42
0.000000001
 43
0.0000000001
 40
-86.25141248182442
 40
-86.25141248182442
 40
-86.25141248182442
 40
-86.25141248182442
 40
-85.65491071752542
 40
-85.65491071752542
 40
-85.65491071752542
 40
-85.65491071752542
 10
-563.0521992408394
 20
199.418489631663
 30
0.0
 41
1.0
 10
-563.3222212512021
 20
199.4499207787192
 30
0.0
 41
1.0
 10
-563.5922028366809
 20
199.4817053339835
 30
0.0
 41
1.0
 10
-563.8621445942902
 20
199.5138501524472
 30
0.0
 41
1.0
  0
SPLINE
  5
79C
330
1F
100
AcDbEntity
  8
Dibujo2D$visible$líneas
100
AcDbSpline
210
0.0
220
0.0
230
1.0
 70
    12
 71
     3
 72
     8
 73
     4
 74
     0
 42
0.000000001
 43
0.0000000001
 40
-90.08810382221994
 40
-90.08810382221994
 40
-90.08810382221994
 40
-90.08810382221994
 40
-89.53895277490409
 40
-89.53895277490409
 40
-89.53895277490409
 40
-89.53895277490409
 10
-557.837172240785
 20
198.8540755947495
 30
0.0
 41
1.0
 10
-558.0861875380944
 20
198.8790814629614
 30
0.0
 41
1.0
 10
-558.3351750049269
 20
198.9043501484416
 30
0.0
 41
1.0
 10
-558.5841349628541
 20
198.9298870564951
 30
0.0
 41
1.0
  0
LINE
  5
79D
330
1F
100
AcDbEntity
  8
Dibujo2D$oculto$líneas
100
AcDbLine
 10
-11.74358276598196
 20
238.9916637091918
 30
0.0
 11
-11.75827098123318
 21
238.9903256427956
 31
0.0
  0
ARC
  5
79E
330
1F
100
AcDbEntity
  8
Dibujo2D$oculto$líneas
100
AcDbCircle
 10
959.8270308934912
 20
154.5346467850439
 30
0.0
 40
103.3973844532258
100
AcDbArc
 50
193.7079133674885
 51
196.1377609536362
  0
ARC
  5
79F
330
1F
100
AcDbEntity
  8
Dibujo2D$oculto$líneas
100
AcDbCircle
 10
959.8251020195273
 20
154.533133483973
 30
0.0
 40
103.3914971184292
100
AcDbArc
 50
193.7081594279801
 51
196.1381511098391
  0
LINE
  5
7A0
330
1F
100
AcDbEntity
  8
Dibujo2D$oculto$líneas
100
AcDbLine
 10
731.0074279649341
 20
148.1388800895112
 30
0.0
 11
729.6654128091857
 21
148.1388800895112
 31
0.0
  0
LINE
  5
7A1
330
1F
100
AcDbEntity
  8
Dibujo2D$oculto$líneas
100
AcDbLine
 10
483.656810547212
 20
182.9293528843491
 30
0.0
 11
483.656810547212
 21
178.9508449537207
 31
0.0
  0
LINE
  5
7A2
330
1F
100
AcDbEntity
  8
Dibujo2D$oculto$líneas
100
AcDbLine
 10
484.3585536731723
 20
182.9293528843491
 30
0.0
 11
483.656810547212
 21
182.9293528843491
 31
0.0
  0
LINE
  5
7A3
330
1F
100
AcDbEntity
  8
Dibujo2D$oculto$líneas
100
AcDbLine
 10
487.7343011924381
 20
182.4531948132105
 30
0.0
 11
487.7343011924381
 21
178.4660162226952
 31
0.0
  0
LINE
  5
7A4
330
1F
100
AcDbEntity
  8
Dibujo2D$oculto$líneas
100
AcDbLine
 10
226.7749021216589
 20
219.2622047874047
 30
0.0
 11
226.7749021216587
 21
215.1847141421728
 31
0.0
  0
LINE
  5
7A5
330
1F
100
AcDbEntity
  8
Dibujo2D$oculto$líneas
100
AcDbLine
 10
230.852392766885
 20
218.6870640016571
 30
0.0
 11
230.8523927668848
 21
215.184712365353
 31
0.0
  0
LINE
  5
7A6
330
1F
100
AcDbEntity
  8
Dibujo2D$oculto$líneas
100
AcDbLine
 10
1232.847058856532
 20
77.35307952164335
 30
0.0
 11
1279.447068140502
 21
70.78002558053618
 31
0.0
  0
LINE
  5
7A7
330
1F
100
AcDbEntity
  8
Dibujo2D$visible$líneas
100
AcDbLine
 10
-11.75830284775702
 20
252.9079410673014
 30
0.0
 11
1232.847058856532
 21
77.35307952164335
 31
0.0
  0
LINE
  5
7A8
330
1F
100
AcDbEntity
  8
Dibujo2D$visible$líneas
100
AcDbLine
 10
1279.447068140502
 20
70.78002558053618
 30
0.0
 11
1279.447068140502
 21
66.70253493528048
 31
0.0
  0
LINE
  5
7A9
330
1F
100
AcDbEntity
  8
Dibujo2D$visible$líneas
100
AcDbLine
 10
-11.75830284775702
 20
248.8304504220746
 30
0.0
 11
-11.75830284775702
 21
252.9079410673014
 31
0.0
  0
LINE
  5
7AA
330
1F
100
AcDbEntity
  8
Dibujo2D$visible$líneas
100
AcDbLine
 10
-581.247829601529
 20
186.0563413745687
 30
0.0
 11
-581.2478296015292
 21
198.288813310247
 31
0.0
  0
LINE
  5
7AB
330
1F
100
AcDbEntity
  8
Dibujo2D$visible$líneas
100
AcDbLine
 10
-597.5577921824331
 20
186.0563413745687
 30
0.0
 11
-597.5577921824336
 21
198.288813310247
 31
0.0
  0
LINE
  5
7AC
330
1F
100
AcDbEntity
  8
Dibujo2D$visible$líneas
100
AcDbLine
 10
-616.5860818601552
 20
186.0563413745687
 30
0.0
 11
-616.5860818601554
 21
198.288813310247
 31
0.0
  0
LINE
  5
7AD
330
1F
100
AcDbEntity
  8
Dibujo2D$visible$líneas
100
AcDbLine
 10
-632.8960444410595
 20
186.0563413745687
 30
0.0
 11
-632.89604444106
 21
198.288813310247
 31
0.0
  0
LINE
  5
7AE
330
1F
100
AcDbEntity
  8
Dibujo2D$visible$líneas
100
AcDbLine
 10
-651.9243341188567
 20
186.0563413745687
 30
0.0
 11
-651.9243341188569
 21
198.288813310247
 31
0.0
  0
LINE
  5
7AF
330
1F
100
AcDbEntity
  8
Dibujo2D$visible$líneas
100
AcDbLine
 10
-668.2342966996857
 20
186.0563413745687
 30
0.0
 11
-668.234296699686
 21
198.288813310247
 31
0.0
  0
LINE
  5
7B0
330
1F
100
AcDbEntity
  8
Dibujo2D$oculto$líneas
100
AcDbLine
 10
-677.7484415385466
 20
186.0563413745687
 30
0.0
 11
-677.7484415385468
 21
198.288813310247
 31
0.0
  0
LINE
  5
7B1
330
1F
100
AcDbEntity
  8
Dibujo2D$oculto$líneas
100
AcDbLine
 10
-668.2342966996857
 20
186.0563413745687
 30
0.0
 11
-677.7484415385466
 21
186.0563413745687
 31
0.0
  0
LINE
  5
7B2
330
1F
100
AcDbEntity
  8
Dibujo2D$visible$líneas
100
AcDbLine
 10
-651.9243341188567
 20
186.0563413745687
 30
0.0
 11
-668.2342966996857
 21
186.0563413745687
 31
0.0
  0
LINE
  5
7B3
330
1F
100
AcDbEntity
  8
Dibujo2D$oculto$líneas
100
AcDbLine
 10
-632.8960444410595
 20
186.0563413745687
 30
0.0
 11
-651.7670671759993
 21
186.0563413745687
 31
0.0
  0
LINE
  5
7B4
330
1F
100
AcDbEntity
  8
Dibujo2D$visible$líneas
100
AcDbLine
 10
-616.5860818601552
 20
186.0563413745687
 30
0.0
 11
-632.8960444410595
 21
186.0563413745687
 31
0.0
  0
LINE
  5
7B5
330
1F
100
AcDbEntity
  8
Dibujo2D$oculto$líneas
100
AcDbLine
 10
-597.5577921824331
 20
186.0563413745687
 30
0.0
 11
-616.4288149172976
 21
186.0563413745687
 31
0.0
  0
LINE
  5
7B6
330
1F
100
AcDbEntity
  8
Dibujo2D$visible$líneas
100
AcDbLine
 10
-581.247829601529
 20
186.0563413745687
 30
0.0
 11
-597.5577921824331
 21
186.0563413745687
 31
0.0
  0
LINE
  5
7B7
330
1F
100
AcDbEntity
  8
Dibujo2D$oculto$líneas
100
AcDbLine
 10
-2.244158493113218
 20
205.7739037842834
 30
0.0
 11
-2.244158493113446
 21
218.0063757199616
 31
0.0
  0
LINE
  5
7B8
330
1F
100
AcDbEntity
  8
Dibujo2D$visible$líneas
100
AcDbLine
 10
-11.75830333197428
 20
205.7739037842837
 30
0.0
 11
-11.75830333197428
 21
218.0063757199619
 31
0.0
  0
LINE
  5
7B9
330
1F
100
AcDbEntity
  8
Dibujo2D$visible$líneas
100
AcDbLine
 10
-32.14575655810472
 20
205.7739037842836
 30
0.0
 11
-32.14575655810472
 21
218.0063757199619
 31
0.0
  0
LINE
  5
7BA
330
1F
100
AcDbEntity
  8
Dibujo2D$visible$líneas
100
AcDbLine
 10
-57.96986397786975
 20
205.7739037842836
 30
0.0
 11
-57.96986397786975
 21
218.0063757199619
 31
0.0
  0
LINE
  5
7BB
330
1F
100
AcDbEntity
  8
Dibujo2D$visible$líneas
100
AcDbLine
 10
-76.99815365559141
 20
205.7739037842836
 30
0.0
 11
-76.99815365559141
 21
218.0063757199619
 31
0.0
  0
LINE
  5
7BC
330
1F
100
AcDbEntity
  8
Dibujo2D$visible$líneas
100
AcDbLine
 10
-102.8222610753568
 20
205.7739037842836
 30
0.0
 11
-102.8222610753568
 21
218.0063757199619
 31
0.0
  0
LINE
  5
7BD
330
1F
100
AcDbEntity
  8
Dibujo2D$visible$líneas
100
AcDbLine
 10
-123.2097143014871
 20
205.7739037842837
 30
0.0
 11
-123.2097143014871
 21
218.0063757199619
 31
0.0
  0
LINE
  5
7BE
330
1F
100
AcDbEntity
  8
Dibujo2D$visible$líneas
100
AcDbLine
 10
-102.8222610753568
 20
205.7739037842836
 30
0.0
 11
-123.208060936685
 21
205.7739037842837
 31
0.0
  0
LINE
  5
7BF
330
1F
100
AcDbEntity
  8
Dibujo2D$oculto$líneas
100
AcDbLine
 10
-77.03330494219165
 20
205.7739037842836
 30
0.0
 11
-102.8222610753568
 21
205.7739037842837
 31
0.0
  0
LINE
  5
7C0
330
1F
100
AcDbEntity
  8
Dibujo2D$visible$líneas
100
AcDbLine
 10
-57.96986397786975
 20
205.7739037842836
 30
0.0
 11
-76.99815365559141
 21
205.7739037842836
 31
0.0
  0
LINE
  5
7C1
330
1F
100
AcDbEntity
  8
Dibujo2D$oculto$líneas
100
AcDbLine
 10
-32.18090784470473
 20
205.7739037842837
 30
0.0
 11
-57.96986397786975
 21
205.7739037842834
 31
0.0
  0
LINE
  5
7C2
330
1F
100
AcDbEntity
  8
Dibujo2D$visible$líneas
100
AcDbLine
 10
-11.75830333197428
 20
205.7739037842837
 30
0.0
 11
-32.14575655810472
 21
205.7739037842836
 31
0.0
  0
LINE
  5
7C3
330
1F
100
AcDbEntity
  8
Dibujo2D$oculto$líneas
100
AcDbLine
 10
-2.244158493113218
 20
205.7739037842834
 30
0.0
 11
-3.603322041507454
 21
205.7739037842834
 31
0.0
  0
LINE
  5
7C4
330
1F
100
AcDbEntity
  8
Dibujo2D$visible$líneas
100
AcDbLine
 10
-713.0866938205841
 20
77.42633531544152
 30
0.0
 11
-713.0866938205841
 21
81.50382596066765
 31
0.0
  0
LINE
  5
7C5
330
1F
100
AcDbEntity
  8
Dibujo2D$visible$líneas
100
AcDbLine
 10
-729.3966564014886
 20
77.42633531544152
 30
0.0
 11
-729.3966564014886
 21
81.50382596066765
 31
0.0
  0
LINE
  5
7C6
330
1F
100
AcDbEntity
  8
Dibujo2D$visible$líneas
100
AcDbLine
 10
-850.5456992888975
 20
77.42633531544152
 30
0.0
 11
-850.5456992888975
 21
81.50382596066765
 31
0.0
  0
LINE
  5
7C7
330
1F
100
AcDbEntity
  8
Dibujo2D$visible$líneas
100
AcDbLine
 10
-866.8556618698018
 20
77.42633531544152
 30
0.0
 11
-866.8556618698018
 21
81.50382596066765
 31
0.0
  0
LINE
  5
7C8
330
1F
100
AcDbEntity
  8
Dibujo2D$visible$líneas
100
AcDbLine
 10
-988.0047047572111
 20
77.42633531544163
 30
0.0
 11
-988.0047047572111
 21
81.50382596066765
 31
0.0
  0
LINE
  5
7C9
330
1F
100
AcDbEntity
  8
Dibujo2D$visible$líneas
100
AcDbLine
 10
-1004.314667338115
 20
77.42633531544152
 30
0.0
 11
-1004.314667338115
 21
81.50382596066765
 31
0.0
  0
LINE
  5
7CA
330
1F
100
AcDbEntity
  8
Dibujo2D$oculto$líneas
100
AcDbLine
 10
-1044.409992016172
 20
77.42633531544152
 30
0.0
 11
-1044.409992016172
 21
81.50382596066765
 31
0.0
  0
LINE
  5
7CB
330
1F
100
AcDbEntity
  8
Dibujo2D$oculto$líneas
100
AcDbLine
 10
-1051.88539153242
 20
77.42633531544152
 30
0.0
 11
-1051.88539153242
 21
81.50382596066765
 31
0.0
  0
LINE
  5
7CC
330
1F
100
AcDbEntity
  8
Dibujo2D$oculto$líneas
100
AcDbLine
 10
-672.3117873683234
 20
77.42633531544163
 30
0.0
 11
-672.3117873683234
 21
81.50382596066765
 31
0.0
  0
LINE
  5
7CD
330
1F
100
AcDbEntity
  8
Dibujo2D$oculto$líneas
100
AcDbLine
 10
-710.3683667237667
 20
77.42633531544152
 30
0.0
 11
-710.3683667237667
 21
81.50382596066765
 31
0.0
  0
LINE
  5
7CE
330
1F
100
AcDbEntity
  8
Dibujo2D$oculto$líneas
100
AcDbLine
 10
-909.7647821843022
 20
77.42633531544152
 30
0.0
 11
-909.7647821843022
 21
81.50382596066765
 31
0.0
  0
LINE
  5
7CF
330
1F
100
AcDbEntity
  8
Dibujo2D$oculto$líneas
100
AcDbLine
 10
-828.2149692797806
 20
77.42633531544152
 30
0.0
 11
-828.2149692797806
 21
81.50382596066765
 31
0.0
  0
LINE
  5
7D0
330
1F
100
AcDbEntity
  8
Dibujo2D$oculto$líneas
100
AcDbLine
 10
-746.6651563752589
 20
77.42633531544152
 30
0.0
 11
-746.6651563752589
 21
81.50382596066765
 31
0.0
  0
LINE
  5
7D1
330
1F
100
AcDbEntity
  8
Dibujo2D$oculto$líneas
100
AcDbLine
 10
-991.314595088824
 20
77.42633531544152
 30
0.0
 11
-991.314595088824
 21
81.50382596066765
 31
0.0
  0
LINE
  5
7D2
330
1F
100
AcDbEntity
  8
Dibujo2D$oculto$líneas
100
AcDbLine
 10
-1044.72117363553
 20
77.42633531544152
 30
0.0
 11
-1051.88539153242
 21
77.42633531544152
 31
0.0
  0
LINE
  5
7D3
330
1F
100
AcDbEntity
  8
Dibujo2D$oculto$líneas
100
AcDbLine
 10
-1004.314667338115
 20
77.42633531544152
 30
0.0
 11
-1036.566192345078
 21
77.42633531544152
 31
0.0
  0
LINE
  5
7D4
330
1F
100
AcDbEntity
  8
Dibujo2D$visible$líneas
100
AcDbLine
 10
-988.0047047572111
 20
77.42633531544163
 30
0.0
 11
-1004.314667338115
 21
77.42633531544152
 31
0.0
  0
LINE
  5
7D5
330
1F
100
AcDbEntity
  8
Dibujo2D$oculto$líneas
100
AcDbLine
 10
-866.8556618698018
 20
77.42633531544152
 30
0.0
 11
-988.0047047572109
 21
77.42633531544152
 31
0.0
  0
LINE
  5
7D6
330
1F
100
AcDbEntity
  8
Dibujo2D$visible$líneas
100
AcDbLine
 10
-850.5456992888975
 20
77.42633531544152
 30
0.0
 11
-866.8556618698018
 21
77.42633531544152
 31
0.0
  0
LINE
  5
7D7
330
1F
100
AcDbEntity
  8
Dibujo2D$oculto$líneas
100
AcDbLine
 10
-729.3966564014884
 20
77.42633531544152
 30
0.0
 11
-850.5456992888974
 21
77.42633531544152
 31
0.0
  0
LINE
  5
7D8
330
1F
100
AcDbEntity
  8
Dibujo2D$visible$líneas
100
AcDbLine
 10
-713.0866938205841
 20
77.42633531544152
 30
0.0
 11
-729.3966564014886
 21
77.42633531544152
 31
0.0
  0
LINE
  5
7D9
330
1F
100
AcDbEntity
  8
Dibujo2D$oculto$líneas
100
AcDbLine
 10
-676.3892780135495
 20
77.42633531544152
 30
0.0
 11
-713.0866938205841
 21
77.42633531544152
 31
0.0
  0
LINE
  5
7DA
330
1F
100
AcDbEntity
  8
Dibujo2D$visible$líneas
100
AcDbLine
 10
729.6654128091857
 20
13.69515654737108
 30
0.0
 11
729.6654128091857
 21
15.05432009577979
 31
0.0
  0
LINE
  5
7DB
330
1F
100
AcDbEntity
  8
Dibujo2D$visible$líneas
100
AcDbLine
 10
733.7429034544118
 20
13.69515654737108
 30
0.0
 11
729.6654128091857
 21
13.69515654737108
 31
0.0
  0
LINE
  5
7DC
330
1F
100
AcDbEntity
  8
Dibujo2D$oculto$líneas
100
AcDbLine
 10
729.6654128091857
 20
19.13181074100584
 30
0.0
 11
729.6654128091857
 21
32.72344622509286
 31
0.0
  0
LINE
  5
7DD
330
1F
100
AcDbEntity
  8
Dibujo2D$oculto$líneas
100
AcDbLine
 10
729.6654127956272
 20
32.72344622509286
 30
0.0
 11
729.6654127968498
 21
41.49005111232884
 31
0.0
  0
LINE
  5
7DE
330
1F
100
AcDbEntity
  8
Dibujo2D$visible$líneas
100
AcDbLine
 10
729.6654128091859
 20
41.49005111232884
 30
0.0
 11
729.6654128091859
 21
57.80001369323327
 31
0.0
  0
LINE
  5
7DF
330
1F
100
AcDbEntity
  8
Dibujo2D$visible$líneas
100
AcDbLine
 10
733.742903454412
 20
41.49005111232884
 30
0.0
 11
729.6654128091859
 21
41.49005111232884
 31
0.0
  0
LINE
  5
7E0
330
1F
100
AcDbEntity
  8
Dibujo2D$visible$líneas
100
AcDbLine
 10
733.742903454412
 20
57.80001369323327
 30
0.0
 11
729.6654128091859
 21
57.80001369323327
 31
0.0
  0
LINE
  5
7E1
330
1F
100
AcDbEntity
  8
Dibujo2D$oculto$líneas
100
AcDbLine
 10
729.6654127991244
 20
57.80001369323327
 30
0.0
 11
729.6654128077573
 21
109.4618201682476
 31
0.0
  0
LINE
  5
7E2
330
1F
100
AcDbEntity
  8
Dibujo2D$visible$líneas
100
AcDbLine
 10
729.6654128091859
 20
109.4618201682476
 30
0.0
 11
729.6654128091859
 21
125.771782749152
 31
0.0
  0
LINE
  5
7E3
330
1F
100
AcDbEntity
  8
Dibujo2D$visible$líneas
100
AcDbLine
 10
733.742903454412
 20
109.4618201682476
 30
0.0
 11
729.6654128091859
 21
109.4618201682476
 31
0.0
  0
LINE
  5
7E4
330
1F
100
AcDbEntity
  8
Dibujo2D$visible$líneas
100
AcDbLine
 10
733.742903454412
 20
125.771782749152
 30
0.0
 11
729.6654128091859
 21
125.771782749152
 31
0.0
  0
LINE
  5
7E5
330
1F
100
AcDbEntity
  8
Dibujo2D$oculto$líneas
100
AcDbLine
 10
729.6654128088946
 20
125.771782749152
 30
0.0
 11
729.6654128091859
 21
129.9464682207508
 31
0.0
  0
LINE
  5
7E6
330
1F
100
AcDbEntity
  8
Dibujo2D$oculto$líneas
100
AcDbLine
 10
733.742903454412
 20
129.9464682207508
 30
0.0
 11
729.6654128091859
 21
129.9464682207508
 31
0.0
  0
LINE
  5
7E7
330
1F
100
AcDbEntity
  8
Dibujo2D$oculto$líneas
100
AcDbLine
 10
729.6654128091857
 20
129.9464682207508
 30
0.0
 11
729.6654128091859
 21
143.6755434278571
 31
0.0
  0
LINE
  5
7E8
330
1F
100
AcDbEntity
  8
Dibujo2D$oculto$líneas
100
AcDbLine
 10
733.742903454412
 20
143.675543427857
 30
0.0
 11
729.6654128091859
 21
143.675543427857
 31
0.0
  0
LINE
  5
7E9
330
1F
100
AcDbEntity
  8
Dibujo2D$visible$líneas
100
AcDbLine
 10
729.6654128091857
 20
148.3281748588485
 30
0.0
 11
729.6654128091857
 21
149.112197621492
 31
0.0
  0
LINE
  5
7EA
330
1F
100
AcDbEntity
  8
Dibujo2D$oculto$líneas
100
AcDbLine
 10
729.6654128091857
 20
143.6755434278571
 30
0.0
 11
729.6654128091857
 21
148.3281748588485
 31
0.0
  0
LINE
  5
7EB
330
1F
100
AcDbEntity
  8
Dibujo2D$visible$líneas
100
AcDbLine
 10
733.7429034544118
 20
149.112197621492
 30
0.0
 11
729.6654128091857
 21
149.112197621492
 31
0.0
  0
LINE
  5
7EC
330
1F
100
AcDbEntity
  8
Dibujo2D$visible$líneas
100
AcDbLine
 10
733.7429034544118
 20
147.7530340731008
 30
0.0
 11
733.7429034544118
 21
149.112197621492
 31
0.0
  0
LINE
  5
7ED
330
1F
100
AcDbEntity
  8
Dibujo2D$oculto$líneas
100
AcDbLine
 10
733.7429034544118
 20
143.6755434278571
 30
0.0
 11
733.7429034544118
 21
147.7530340731008
 31
0.0
  0
LINE
  5
7EE
330
1F
100
AcDbEntity
  8
Dibujo2D$oculto$líneas
100
AcDbLine
 10
733.7429034544118
 20
129.9464682207508
 30
0.0
 11
733.742903454412
 21
143.6755434278571
 31
0.0
  0
LINE
  5
7EF
330
1F
100
AcDbEntity
  8
Dibujo2D$oculto$líneas
100
AcDbLine
 10
733.7429034541208
 20
125.771782749152
 30
0.0
 11
733.742903454412
 21
129.9464682207508
 31
0.0
  0
LINE
  5
7F0
330
1F
100
AcDbEntity
  8
Dibujo2D$visible$líneas
100
AcDbLine
 10
733.742903454412
 20
109.4618201682476
 30
0.0
 11
733.742903454412
 21
125.771782749152
 31
0.0
  0
LINE
  5
7F1
330
1F
100
AcDbEntity
  8
Dibujo2D$oculto$líneas
100
AcDbLine
 10
733.7429034443505
 20
57.80001369323327
 30
0.0
 11
733.7429034529835
 21
109.4618201682476
 31
0.0
  0
LINE
  5
7F2
330
1F
100
AcDbEntity
  8
Dibujo2D$visible$líneas
100
AcDbLine
 10
733.742903454412
 20
41.49005111232884
 30
0.0
 11
733.742903454412
 21
57.80001369323327
 31
0.0
  0
LINE
  5
7F3
330
1F
100
AcDbEntity
  8
Dibujo2D$oculto$líneas
100
AcDbLine
 10
733.7429034408533
 20
32.72344622509286
 30
0.0
 11
733.7429034420759
 21
41.49005111232884
 31
0.0
  0
LINE
  5
7F4
330
1F
100
AcDbEntity
  8
Dibujo2D$oculto$líneas
100
AcDbLine
 10
733.7429034544118
 20
19.13181074100584
 30
0.0
 11
733.7429034544118
 21
32.72344622509286
 31
0.0
  0
LINE
  5
7F5
330
1F
100
AcDbEntity
  8
Dibujo2D$visible$líneas
100
AcDbLine
 10
733.7429034544118
 20
13.69515654737108
 30
0.0
 11
733.7429034544118
 21
15.05432009577979
 31
0.0
  0
LINE
  5
7F6
330
1F
100
AcDbEntity
  8
Dibujo2D$visible$líneas
100
AcDbLine
 10
-668.352781845995
 20
248.8316721477264
 30
0.0
 11
-668.6259207135258
 21
252.9000041303639
 31
0.0
  0
LINE
  5
7F7
330
1F
100
AcDbEntity
  8
Dibujo2D$visible$líneas
100
AcDbLine
 10
-1053.269205095365
 20
227.0758994241243
 30
0.0
 11
-668.6259207135258
 21
252.9000041303639
 31
0.0
  0
LINE
  5
7F8
330
1F
100
AcDbEntity
  8
Dibujo2D$visible$líneas
100
AcDbLine
 10
-1052.996066227834
 20
223.0075674414868
 30
0.0
 11
-1053.269205095365
 21
227.0758994241243
 31
0.0
  0
LINE
  5
7F9
330
1F
100
AcDbEntity
  8
Dibujo2D$oculto$líneas
100
AcDbLine
 10
-3.603322041518823
 20
205.7739037842834
 30
0.0
 11
-11.75830333197086
 21
205.7739037842836
 31
0.0
  0
LINE
  5
7FA
330
1F
100
AcDbEntity
  8
Dibujo2D$oculto$líneas
100
AcDbLine
 10
-3.603322041628189
 20
81.50898731042696
 30
0.0
 11
-11.75830333208046
 21
81.50898731042696
 31
0.0
  0
LINE
  5
7FB
330
1F
100
AcDbEntity
  8
Dibujo2D$oculto$líneas
100
AcDbLine
 10
-11.75830333193721
 20
233.9536477911757
 30
0.0
 11
-11.75830333193721
 21
233.9510936205513
 31
0.0
  0
LINE
  5
7FC
330
1F
100
AcDbEntity
  8
Dibujo2D$oculto$líneas
100
AcDbLine
 10
-3.603322041485171
 20
247.6772717212308
 30
0.0
 11
-11.758303089847
 21
247.6772717212308
 31
0.0
  0
SPLINE
  5
7FD
330
1F
100
AcDbEntity
  8
Dibujo2D$oculto$líneas
100
AcDbSpline
210
0.0
220
0.0
230
1.0
 70
    12
 71
     3
 72
     8
 73
     4
 74
     0
 42
0.000000001
 43
0.0000000001
 40
-508.6772663975668
 40
-508.6772663975668
 40
-508.6772663975668
 40
-508.6772663975668
 40
-473.3930384472832
 40
-473.3930384472832
 40
-473.3930384472832
 40
-473.3930384472832
 10
-11.75830336387935
 20
205.7739036713726
 30
0.0
 41
1.0
 10
-11.75830333193744
 20
189.7882806727998
 30
0.0
 41
1.0
 10
-11.75830333193721
 20
173.802657674227
 30
0.0
 41
1.0
 10
-11.75830333193721
 20
157.8170346756541
 30
0.0
 41
1.0
  0
LINE
  5
7FE
330
1F
100
AcDbEntity
  8
Dibujo2D$oculto$líneas
100
AcDbLine
 10
-11.75830345974168
 20
233.9510936385784
 30
0.0
 11
-11.75830339508661
 21
218.0063756560686
 31
0.0
  0
LINE
  5
7FF
330
1F
100
AcDbEntity
  8
Dibujo2D$oculto$líneas
100
AcDbLine
 10
-3.603322169289413
 20
233.9510936385784
 30
0.0
 11
-11.75830345974168
 21
233.9510936385784
 31
0.0
  0
SPLINE
  5
800
330
1F
100
AcDbEntity
  8
Dibujo2D$oculto$líneas
100
AcDbSpline
210
0.0
220
0.0
230
1.0
 70
    12
 71
     3
 72
     8
 73
     4
 74
     0
 42
0.000000001
 43
0.0000000001
 40
-470.3565961000872
 40
-470.3565961000872
 40
-470.3565961000872
 40
-470.3565961000872
 40
-446.7794099961337
 40
-446.7794099961337
 40
-446.7794099961337
 40
-446.7794099961337
 10
-11.75830317866053
 20
157.8170346756541
 30
0.0
 41
1.0
 10
-11.75830319907914
 20
147.1352840334868
 30
0.0
 41
1.0
 10
-11.75830321949775
 20
136.4535333913194
 30
0.0
 41
1.0
 10
-11.75830328592679
 20
125.771782749152
 30
0.0
 41
1.0
  0
LINE
  5
801
330
1F
100
AcDbEntity
  8
Dibujo2D$oculto$líneas
100
AcDbLine
 10
-3.603322173663855
 20
157.8170346756541
 30
0.0
 11
-11.75830317866053
 21
157.8170346756541
 31
0.0
  0
LINE
  5
802
330
1F
100
AcDbEntity
  8
Dibujo2D$visible$líneas
100
AcDbLine
 10
-11.7583033319529
 20
125.771782749152
 30
0.0
 11
-11.7583033319529
 21
109.4618201682476
 31
0.0
  0
LINE
  5
803
330
1F
100
AcDbEntity
  8
Dibujo2D$visible$líneas
100
AcDbLine
 10
-3.603322041500633
 20
125.771782749152
 30
0.0
 11
-11.7583033319529
 21
125.771782749152
 31
0.0
  0
LINE
  5
804
330
1F
100
AcDbEntity
  8
Dibujo2D$visible$líneas
100
AcDbLine
 10
-3.603322041500633
 20
109.4618201682476
 30
0.0
 11
-11.7583033319529
 21
109.4618201682476
 31
0.0
  0
SPLINE
  5
805
330
1F
100
AcDbEntity
  8
Dibujo2D$oculto$líneas
100
AcDbSpline
210
0.0
220
0.0
230
1.0
 70
    12
 71
     3
 72
     8
 73
     4
 74
     0
 42
0.000000001
 43
0.0000000001
 40
-427.088091345962
 40
-427.088091345962
 40
-427.088091345962
 40
-427.088091345962
 40
-403.5218887792529
 40
-403.5218887792529
 40
-403.5218887792529
 40
-403.5218887792529
 10
-11.75830330151553
 20
109.4618201682476
 30
0.0
 41
1.0
 10
-11.75830329150267
 20
98.785045667232
 30
0.0
 41
1.0
 10
-11.75830331191173
 20
88.10827116621647
 30
0.0
 41
1.0
 10
-11.75830333232079
 20
77.43149666520083
 30
0.0
 41
1.0
  0
LINE
  5
806
330
1F
100
AcDbEntity
  8
Dibujo2D$oculto$líneas
100
AcDbLine
 10
-3.603322041868523
 20
77.43149666520083
 30
0.0
 11
-11.75830333232079
 21
77.43149666520083
 31
0.0
  0
LINE
  5
807
330
1F
100
AcDbEntity
  8
Dibujo2D$oculto$líneas
100
AcDbLine
 10
-11.75830333193721
 20
77.43149666520083
 30
0.0
 11
-11.75830333193721
 21
63.83986118111386
 31
0.0
  0
LINE
  5
808
330
1F
100
AcDbEntity
  8
Dibujo2D$oculto$líneas
100
AcDbLine
 10
-11.75830333211024
 20
63.83986118111386
 30
0.0
 11
-11.75830333200679
 21
56.44085014482448
 31
0.0
  0
LINE
  5
809
330
1F
100
AcDbEntity
  8
Dibujo2D$oculto$líneas
100
AcDbLine
 10
-3.603322041657975
 20
63.83986118111386
 30
0.0
 11
-11.75830333211024
 21
63.83986118111386
 31
0.0
  0
LINE
  5
80A
330
1F
100
AcDbEntity
  8
Dibujo2D$visible$líneas
100
AcDbLine
 10
-11.7583033319529
 20
56.44085014482448
 30
0.0
 11
-11.7583033319529
 21
40.13088756392017
 31
0.0
  0
LINE
  5
80B
330
1F
100
AcDbEntity
  8
Dibujo2D$visible$líneas
100
AcDbLine
 10
-3.603322041500633
 20
56.44085014482448
 30
0.0
 11
-11.7583033319529
 21
56.44085014482448
 31
0.0
  0
LINE
  5
80C
330
1F
100
AcDbEntity
  8
Dibujo2D$visible$líneas
100
AcDbLine
 10
-3.603322041500633
 20
40.13088756392017
 30
0.0
 11
-11.7583033319529
 21
40.13088756392017
 31
0.0
  0
LINE
  5
80D
330
1F
100
AcDbEntity
  8
Dibujo2D$oculto$líneas
100
AcDbLine
 10
-11.75830333196973
 20
40.13088756392017
 30
0.0
 11
-11.75830333196836
 21
32.72344622509286
 31
0.0
  0
LINE
  5
80E
330
1F
100
AcDbEntity
  8
Dibujo2D$oculto$líneas
100
AcDbLine
 10
-3.603322041516321
 20
32.72344622509286
 30
0.0
 11
-11.75830333196836
 21
32.72344622509286
 31
0.0
  0
LINE
  5
80F
330
1F
100
AcDbEntity
  8
Dibujo2D$oculto$líneas
100
AcDbLine
 10
-11.75830333193721
 20
32.72344622509286
 30
0.0
 11
-11.75830333193721
 21
19.13181074100589
 31
0.0
  0
LINE
  5
810
330
1F
100
AcDbEntity
  8
Dibujo2D$visible$líneas
100
AcDbLine
 10
-11.75830333193744
 20
15.05432009577977
 30
0.0
 11
-11.75830333193744
 21
13.69515654737108
 31
0.0
  0
LINE
  5
811
330
1F
100
AcDbEntity
  8
Dibujo2D$visible$líneas
100
AcDbLine
 10
-3.603322041485171
 20
13.69515654737108
 30
0.0
 11
-11.75830333193744
 21
13.69515654737108
 31
0.0
  0
LINE
  5
812
330
1F
100
AcDbEntity
  8
Dibujo2D$oculto$líneas
100
AcDbLine
 10
-3.603322041530646
 20
77.49764770985007
 30
0.0
 11
-11.75830333198292
 21
77.49764770985007
 31
0.0
  0
LINE
  5
813
330
1F
100
AcDbEntity
  8
Dibujo2D$visible$líneas
100
AcDbLine
 10
-3.603322041485171
 20
15.05432009577977
 30
0.0
 11
-3.603322041485171
 21
13.69515654737108
 31
0.0
  0
LINE
  5
814
330
1F
100
AcDbEntity
  8
Dibujo2D$oculto$líneas
100
AcDbLine
 10
-3.603322041485171
 20
32.72344622509286
 30
0.0
 11
-3.603322041485171
 21
19.13181074100589
 31
0.0
  0
LINE
  5
815
330
1F
100
AcDbEntity
  8
Dibujo2D$oculto$líneas
100
AcDbLine
 10
-3.603322041517458
 20
40.13088756392017
 30
0.0
 11
-3.603322041516321
 21
32.72344622509286
 31
0.0
  0
LINE
  5
816
330
1F
100
AcDbEntity
  8
Dibujo2D$visible$líneas
100
AcDbLine
 10
-3.603322041500633
 20
56.44085014482448
 30
0.0
 11
-3.603322041500633
 21
40.13088756392017
 31
0.0
  0
LINE
  5
817
330
1F
100
AcDbEntity
  8
Dibujo2D$oculto$líneas
100
AcDbLine
 10
-3.603322041657975
 20
63.83986118111386
 30
0.0
 11
-3.603322041554748
 21
56.44085014482448
 31
0.0
  0
LINE
  5
818
330
1F
100
AcDbEntity
  8
Dibujo2D$oculto$líneas
100
AcDbLine
 10
-3.603322041485171
 20
77.43149666520083
 30
0.0
 11
-3.603322041485171
 21
63.83986118111386
 31
0.0
  0
SPLINE
  5
819
330
1F
100
AcDbEntity
  8
Dibujo2D$oculto$líneas
100
AcDbSpline
210
0.0
220
0.0
230
1.0
 70
    12
 71
     3
 72
     8
 73
     4
 74
     0
 42
0.000000001
 43
0.0000000001
 40
-427.088091345962
 40
-427.088091345962
 40
-427.088091345962
 40
-427.088091345962
 40
-403.5218887792529
 40
-403.5218887792529
 40
-403.5218887792529
 40
-403.5218887792529
 10
-3.603322011063256
 20
109.4618201682476
 30
0.0
 41
1.0
 10
-3.603322001050401
 20
98.785045667232
 30
0.0
 41
1.0
 10
-3.603322021459462
 20
88.10827116621647
 30
0.0
 41
1.0
 10
-3.603322041868523
 20
77.43149666520083
 30
0.0
 41
1.0
  0
LINE
  5
81A
330
1F
100
AcDbEntity
  8
Dibujo2D$visible$líneas
100
AcDbLine
 10
-3.603322041500633
 20
125.771782749152
 30
0.0
 11
-3.603322041500633
 21
109.4618201682476
 31
0.0
  0
SPLINE
  5
81B
330
1F
100
AcDbEntity
  8
Dibujo2D$oculto$líneas
100
AcDbSpline
210
0.0
220
0.0
230
1.0
 70
    12
 71
     3
 72
     8
 73
     4
 74
     0
 42
0.000000001
 43
0.0000000001
 40
-470.3565961000872
 40
-470.3565961000872
 40
-470.3565961000872
 40
-470.3565961000872
 40
-446.7794099961337
 40
-446.7794099961337
 40
-446.7794099961337
 40
-446.7794099961337
 10
-3.603321888208484
 20
157.8170346756541
 30
0.0
 41
1.0
 10
-3.603321908627095
 20
147.1352840334868
 30
0.0
 41
1.0
 10
-3.603321929045705
 20
136.4535333913194
 30
0.0
 41
1.0
 10
-3.603321995474744
 20
125.771782749152
 30
0.0
 41
1.0
  0
SPLINE
  5
81C
330
1F
100
AcDbEntity
  8
Dibujo2D$oculto$líneas
100
AcDbSpline
210
0.0
220
0.0
230
1.0
 70
    12
 71
     3
 72
     8
 73
     4
 74
     0
 42
0.000000001
 43
0.0000000001
 40
-529.4086113460892
 40
-529.4086113460892
 40
-529.4086113460892
 40
-529.4086113460892
 40
-473.3937644645243
 40
-473.3937644645243
 40
-473.3937644645243
 40
-473.3937644645243
 10
-3.603322169289413
 20
233.9510936385784
 30
0.0
 41
1.0
 10
-3.60332204148699
 20
208.5734029085117
 30
0.0
 41
1.0
 10
-3.603322041485171
 20
183.1957121784448
 30
0.0
 41
1.0
 10
-3.603322041485171
 20
157.8180214483779
 30
0.0
 41
1.0
  0
LINE
  5
81D
330
1F
100
AcDbEntity
  8
Dibujo2D$oculto$líneas
100
AcDbLine
 10
-3.603322041485171
 20
247.6772717212308
 30
0.0
 11
-3.603322041484944
 21
233.951093643473
 31
0.0
  0
LINE
  5
81E
330
1F
100
AcDbEntity
  8
Dibujo2D$oculto$líneas
100
AcDbLine
 10
826.8158321384753
 20
15.05432009577976
 30
0.0
 11
826.8158321384753
 21
19.13181074100584
 31
0.0
  0
LINE
  5
81F
330
1F
100
AcDbEntity
  8
Dibujo2D$oculto$líneas
100
AcDbLine
 10
729.6654128091857
 20
15.05432009577976
 30
0.0
 11
729.6654128091857
 21
19.13181074100584
 31
0.0
  0
LINE
  5
820
330
1F
100
AcDbEntity
  8
Dibujo2D$oculto$líneas
100
AcDbLine
 10
733.7429034544118
 20
15.05432009577976
 30
0.0
 11
733.7429034544118
 21
19.13181074100584
 31
0.0
  0
LINE
  5
821
330
1F
100
AcDbEntity
  8
Dibujo2D$oculto$líneas
100
AcDbLine
 10
483.6568105472122
 20
19.13181074100578
 30
0.0
 11
483.6568105472122
 21
15.05432009577976
 31
0.0
  0
LINE
  5
822
330
1F
100
AcDbEntity
  8
Dibujo2D$oculto$líneas
100
AcDbLine
 10
487.7343011924381
 20
19.13181074100578
 30
0.0
 11
487.7343011924381
 21
15.05432009577976
 31
0.0
  0
LINE
  5
823
330
1F
100
AcDbEntity
  8
Dibujo2D$oculto$líneas
100
AcDbLine
 10
226.7749021216587
 20
19.13181074100584
 30
0.0
 11
226.7749021216587
 21
15.05432009577976
 31
0.0
  0
LINE
  5
824
330
1F
100
AcDbEntity
  8
Dibujo2D$oculto$líneas
100
AcDbLine
 10
230.8523927668848
 20
19.13181074100584
 30
0.0
 11
230.8523927668846
 21
15.05432009577976
 31
0.0
  0
LINE
  5
825
330
1F
100
AcDbEntity
  8
Dibujo2D$oculto$líneas
100
AcDbLine
 10
-11.75830333193721
 20
19.13181074100584
 30
0.0
 11
-11.75830333193744
 21
15.05432009577976
 31
0.0
  0
LINE
  5
826
330
1F
100
AcDbEntity
  8
Dibujo2D$oculto$líneas
100
AcDbLine
 10
-3.603322041485171
 20
19.13181074100584
 30
0.0
 11
-3.603322041485171
 21
15.05432009577976
 31
0.0
  0
LINE
  5
827
330
1F
100
AcDbEntity
  8
Dibujo2D$oculto$líneas
100
AcDbLine
 10
-676.3892780135495
 20
19.13181074100589
 30
0.0
 11
-676.3892780135495
 21
15.05432009577981
 31
0.0
  0
LINE
  5
828
330
1F
100
AcDbEntity
  8
Dibujo2D$oculto$líneas
100
AcDbLine
 10
-668.2342967230973
 20
19.13181074100589
 30
0.0
 11
-668.234296723097
 21
15.05432009577981
 31
0.0
  0
LINE
  5
829
330
1F
100
AcDbEntity
  8
Dibujo2D$oculto$líneas
100
AcDbLine
 10
-1036.566192345078
 20
15.05432009577976
 30
0.0
 11
-1036.566192345078
 21
19.13181074100584
 31
0.0
  0
LINE
  5
82A
330
1F
100
AcDbEntity
  8
Dibujo2D$oculto$líneas
100
AcDbLine
 10
-1044.721173635531
 20
15.05432009577976
 30
0.0
 11
-1044.72117363553
 21
19.13181074100584
 31
0.0
  0
LINE
  5
82B
330
1F
100
AcDbEntity
  8
Dibujo2D$oculto$líneas
100
AcDbLine
 10
-356.2516586997799
 20
15.05432009577976
 30
0.0
 11
-356.2516687762391
 21
19.13181074100584
 31
0.0
  0
LINE
  5
82C
330
1F
100
AcDbEntity
  8
Dibujo2D$oculto$líneas
100
AcDbLine
 10
-348.0966774093276
 20
15.05432009577976
 30
0.0
 11
-348.0966874857869
 21
19.13181074100584
 31
0.0
  0
LINE
  5
82D
330
1F
100
AcDbEntity
  8
Dibujo2D$visible$líneas
100
AcDbLine
 10
-1052.877580928817
 20
19.13181074100584
 30
0.0
 11
-1052.877580928817
 21
15.05432009577976
 31
0.0
  0
LINE
  5
82E
330
1F
100
AcDbEntity
  8
Dibujo2D$visible$líneas
100
AcDbLine
 10
976.5097807566885
 20
19.13181074100555
 30
0.0
 11
976.5097807566885
 21
15.05432009577976
 31
0.0
  0
LINE
  5
82F
330
1F
100
AcDbEntity
  8
Dibujo2D$visible$líneas
100
AcDbLine
 10
-668.2090844924819
 20
15.05432009577976
 30
0.0
 11
-1052.877580928817
 21
15.05432009577976
 31
0.0
  0
LINE
  5
830
330
1F
100
AcDbEntity
  8
Dibujo2D$visible$líneas
100
AcDbLine
 10
976.5097807566885
 20
15.05432009577976
 30
0.0
 11
-668.2090844924819
 21
15.05432009577976
 31
0.0
  0
LINE
  5
831
330
1F
100
AcDbEntity
  8
Dibujo2D$oculto$líneas
100
AcDbLine
 10
-1051.967342473623
 20
205.3677300168893
 30
0.0
 11
-1052.877580795522
 21
218.9288510358566
 31
0.0
  0
LINE
  5
832
330
1F
100
AcDbEntity
  8
Dibujo2D$oculto$líneas
100
AcDbLine
 10
-667.1694037851166
 20
231.2022199351018
 30
0.0
 11
-667.3240582739229
 21
231.1918367715418
 31
0.0
  0
LINE
  5
833
330
1F
100
AcDbEntity
  8
Dibujo2D$oculto$líneas
100
AcDbLine
 10
-667.1694037851166
 20
231.2022199351018
 30
0.0
 11
-668.0796421514565
 21
244.7633416161699
 31
0.0
  0
LINE
  5
834
330
1F
100
AcDbEntity
  8
Dibujo2D$visible$líneas
100
AcDbLine
 10
-1052.877580928817
 20
216.6140688491911
 30
0.0
 11
-1053.032254890465
 21
218.9184678861531
 31
0.0
  0
LINE
  5
835
330
1F
100
AcDbEntity
  8
Dibujo2D$oculto$líneas
100
AcDbLine
 10
-1052.122016524125
 20
205.3573462050849
 30
0.0
 11
-1052.877580928817
 21
216.6140688491911
 31
0.0
  0
LINE
  5
836
330
1F
100
AcDbEntity
  8
Dibujo2D$oculto$líneas
100
AcDbLine
 10
-750.4431927862569
 20
225.6114015090166
 30
0.0
 11
-1052.122016524125
 21
205.3573462050849
 31
0.0
  0
LINE
  5
837
330
1F
100
AcDbEntity
  8
Dibujo2D$oculto$líneas
100
AcDbLine
 10
-667.3240583628165
 20
231.1918380957429
 30
0.0
 11
-750.428472448833
 21
225.6123898002217
 31
0.0
  0
LINE
  5
838
330
1F
100
AcDbEntity
  8
Dibujo2D$visible$líneas
100
AcDbLine
 10
-1052.877580928817
 20
218.9288523570764
 30
0.0
 11
-1053.032254890465
 21
218.9184678861531
 31
0.0
  0
LINE
  5
839
330
1F
100
AcDbEntity
  8
Dibujo2D$oculto$líneas
100
AcDbLine
 10
-667.3240583628165
 20
231.1918380957429
 30
0.0
 11
-668.2342967291563
 21
244.7529597768111
 31
0.0
  0
LINE
  5
83A
330
1F
100
AcDbEntity
  8
Dibujo2D$visible$líneas
100
AcDbLine
 10
-1052.722927360303
 20
218.9392354588492
 30
0.0
 11
-1052.996066227834
 21
223.0075674414866
 31
0.0
  0
LINE
  5
83B
330
1F
100
AcDbEntity
  8
Dibujo2D$visible$líneas
100
AcDbLine
 10
-1012.039607543564
 20
221.6706242776587
 30
0.0
 11
-1012.31274640146
 21
225.7389561167944
 31
0.0
  0
LINE
  5
83C
330
1F
100
AcDbEntity
  8
Dibujo2D$visible$líneas
100
AcDbLine
 10
-995.766279616868
 20
222.7631798051825
 30
0.0
 11
-996.0394184709107
 21
226.8315115869175
 31
0.0
  0
LINE
  5
83D
330
1F
100
AcDbEntity
  8
Dibujo2D$visible$líneas
100
AcDbLine
 10
-868.5379462190816
 20
231.3050109252549
 30
0.0
 11
-868.8110850429948
 21
235.3733422582193
 31
0.0
  0
LINE
  5
83E
330
1F
100
AcDbEntity
  8
Dibujo2D$visible$líneas
100
AcDbLine
 10
-852.2646182923859
 20
232.3975664527786
 30
0.0
 11
-852.5377571124454
 21
236.4658977283424
 31
0.0
  0
LINE
  5
83F
330
1F
100
AcDbEntity
  8
Dibujo2D$visible$líneas
100
AcDbLine
 10
-725.0362908129887
 20
240.9393971755034
 30
0.0
 11
-725.3094296029185
 21
245.0077280022961
 31
0.0
  0
LINE
  5
840
330
1F
100
AcDbEntity
  8
Dibujo2D$visible$líneas
100
AcDbLine
 10
-708.7629628862928
 20
242.0319527030272
 30
0.0
 11
-709.0361016723691
 21
246.1002834724191
 31
0.0
  0
LINE
  5
841
330
1F
100
AcDbEntity
  8
Dibujo2D$visible$líneas
100
AcDbLine
 10
-668.0796431606425
 20
244.7633428785841
 30
0.0
 11
-668.3527818459952
 21
248.8316721477269
 31
0.0
  0
LINE
  5
842
330
1F
100
AcDbEntity
  8
Dibujo2D$oculto$líneas
100
AcDbLine
 10
-676.2163070329013
 20
244.2170637580748
 30
0.0
 11
-676.4894458112699
 21
248.2853944126653
 31
0.0
  0
LINE
  5
843
330
1F
100
AcDbEntity
  8
Dibujo2D$oculto$líneas
100
AcDbLine
 10
729.718722455516
 20
57.80001369323315
 30
0.0
 11
729.7187224555157
 21
41.49005111232884
 31
0.0
  0
LINE
  5
844
330
1F
100
AcDbEntity
  8
Dibujo2D$oculto$líneas
100
AcDbLine
 10
729.7187224555175
 20
125.771782749152
 30
0.0
 11
729.7187224555171
 21
109.4618201682476
 31
0.0
  0
LINE
  5
845
330
1F
100
AcDbEntity
  8
Dibujo2D$visible$líneas
100
AcDbLine
 10
-32.18090784470496
 20
205.7739037842837
 30
0.0
 11
-32.18090784470496
 21
218.0063757199619
 31
0.0
  0
LINE
  5
846
330
1F
100
AcDbEntity
  8
Dibujo2D$visible$líneas
100
AcDbLine
 10
-32.14575655810449
 20
205.7739037842837
 30
0.0
 11
-32.18090784470496
 21
205.7739037842837
 31
0.0
  0
LINE
  5
847
330
1F
100
AcDbEntity
  8
Dibujo2D$oculto$líneas
100
AcDbLine
 10
-11.79345461857451
 20
218.0063757199619
 30
0.0
 11
-11.79345461857451
 21
205.7739037842837
 31
0.0
  0
LINE
  5
848
330
1F
100
AcDbEntity
  8
Dibujo2D$oculto$líneas
100
AcDbLine
 10
-102.8574123619569
 20
218.0063757199619
 30
0.0
 11
-102.8574123619569
 21
205.7739037842837
 31
0.0
  0
LINE
  5
849
330
1F
100
AcDbEntity
  8
Dibujo2D$visible$líneas
100
AcDbLine
 10
-123.2097143014871
 20
218.0063757199619
 30
0.0
 11
-123.2448655880874
 21
218.0063757199619
 31
0.0
  0
LINE
  5
84A
330
1F
100
AcDbEntity
  8
Dibujo2D$visible$líneas
100
AcDbLine
 10
-123.2448655880874
 20
205.7739037842837
 30
0.0
 11
-123.2448655880874
 21
218.0063757199619
 31
0.0
  0
LINE
  5
84B
330
1F
100
AcDbEntity
  8
Dibujo2D$visible$líneas
100
AcDbLine
 10
-123.2080609366849
 20
205.7739037842837
 30
0.0
 11
-123.2448655880874
 21
205.7739037842837
 31
0.0
  0
LINE
  5
84C
330
1F
100
AcDbEntity
  8
Dibujo2D$visible$líneas
100
AcDbLine
 10
-77.03330494219165
 20
205.7739037842837
 30
0.0
 11
-77.03330494219165
 21
218.0063757199619
 31
0.0
  0
LINE
  5
84D
330
1F
100
AcDbEntity
  8
Dibujo2D$visible$líneas
100
AcDbLine
 10
-76.99815365559141
 20
205.7739037842837
 30
0.0
 11
-77.03330494219165
 21
205.7739037842837
 31
0.0
  0
LINE
  5
84E
330
1F
100
AcDbEntity
  8
Dibujo2D$oculto$líneas
100
AcDbLine
 10
-58.00501526446988
 20
218.0063757199619
 30
0.0
 11
-58.00501526446988
 21
205.7739037842837
 31
0.0
  0
LINE
  5
84F
330
1F
100
AcDbEntity
  8
Dibujo2D$visible$líneas
100
AcDbLine
 10
-651.7670671759995
 20
198.288813310247
 30
0.0
 11
-651.7670671759993
 21
186.0563413745685
 31
0.0
  0
LINE
  5
850
330
1F
100
AcDbEntity
  8
Dibujo2D$oculto$líneas
100
AcDbLine
 10
-668.0770297568283
 20
186.0563413745688
 30
0.0
 11
-668.0770297568283
 21
198.288813310247
 31
0.0
  0
LINE
  5
851
330
1F
100
AcDbEntity
  8
Dibujo2D$visible$líneas
100
AcDbLine
 10
-651.7670671759993
 20
186.0563413745685
 30
0.0
 11
-651.9243341188567
 21
186.0563413745685
 31
0.0
  0
LINE
  5
852
330
1F
100
AcDbEntity
  8
Dibujo2D$visible$líneas
100
AcDbLine
 10
-581.0905626586721
 20
198.2888133102468
 30
0.0
 11
-581.2478296015295
 21
198.2888133102468
 31
0.0
  0
LINE
  5
853
330
1F
100
AcDbEntity
  8
Dibujo2D$oculto$líneas
100
AcDbLine
 10
-597.4005252395759
 20
186.0563413745685
 30
0.0
 11
-597.4005252395762
 21
198.2888133102468
 31
0.0
  0
LINE
  5
854
330
1F
100
AcDbEntity
  8
Dibujo2D$visible$líneas
100
AcDbLine
 10
-581.0905626586714
 20
186.0563413745685
 30
0.0
 11
-581.247829601529
 21
186.0563413745685
 31
0.0
  0
LINE
  5
855
330
1F
100
AcDbEntity
  8
Dibujo2D$visible$líneas
100
AcDbLine
 10
-581.0905626586721
 20
198.2888133102468
 30
0.0
 11
-581.0905626586714
 21
186.0563413745685
 31
0.0
  0
LINE
  5
856
330
1F
100
AcDbEntity
  8
Dibujo2D$oculto$líneas
100
AcDbLine
 10
-632.7387774982024
 20
186.0563413745687
 30
0.0
 11
-632.7387774982026
 21
198.2888133102468
 31
0.0
  0
LINE
  5
857
330
1F
100
AcDbEntity
  8
Dibujo2D$visible$líneas
100
AcDbLine
 10
-616.4288149172976
 20
186.0563413745685
 30
0.0
 11
-616.5860818601552
 21
186.0563413745685
 31
0.0
  0
LINE
  5
858
330
1F
100
AcDbEntity
  8
Dibujo2D$visible$líneas
100
AcDbLine
 10
-616.4288149172983
 20
198.288813310247
 30
0.0
 11
-616.4288149172976
 21
186.0563413745685
 31
0.0
  0
LINE
  5
859
330
1F
100
AcDbEntity
  8
Dibujo2D$visible$líneas
100
AcDbLine
 10
-11.75830284775702
 20
248.8304504220746
 30
0.0
 11
1279.447068140502
 21
66.70253493528048
 31
0.0
  0
SPLINE
  5
85A
330
1F
100
AcDbEntity
  8
Dibujo2D$visible$líneas
100
AcDbSpline
210
0.0
220
0.0
230
1.0
 70
    12
 71
     3
 72
    18
 73
    14
 74
     0
 42
0.000000001
 43
0.0000000001
 40
0.0
 40
0.0
 40
0.0
 40
0.0
 40
3.017399937866327
 40
3.017399937866327
 40
3.017399937866327
 40
113.7169729587091
 40
217.5303986164204
 40
217.5303986164204
 40
217.5303986164204
 40
231.4076978272224
 40
231.4076978272224
 40
231.4076978272224
 40
232.0251268056612
 40
232.0251268056612
 40
232.0251268056612
 40
232.0251268056612
 10
1279.447068140502
 20
28.80556076688754
 30
0.0
 41
1.0
 10
1278.087904592094
 20
28.80556076688754
 30
0.0
 41
1.0
 10
1276.728741043685
 20
28.80556076688754
 30
0.0
 41
1.0
 10
1275.369577495277
 20
28.80556076688754
 30
0.0
 41
1.0
 10
1225.508894416633
 20
28.80556076688754
 30
0.0
 41
1.0
 10
1128.862038187557
 20
28.80556076688754
 30
0.0
 41
1.0
 10
1032.158363101843
 20
28.80556076688754
 30
0.0
 41
1.0
 10
985.3443438213449
 20
28.80556076688754
 30
0.0
 41
1.0
 10
980.1691765957064
 20
28.8055607668899
 30
0.0
 41
0.8047378541241421
 10
976.5097807566858
 20
25.1461649278678
 30
0.0
 41
0.8047378541241416
 10
976.5097807566885
 20
19.97099770223099
 30
0.0
 41
1.0
 10
976.5097807566885
 20
19.69126871515584
 30
0.0
 41
1.0
 10
976.5097807566885
 20
19.4115397280807
 30
0.0
 41
1.0
 10
976.5097807566885
 20
19.13181074100555
 30
0.0
 41
1.0
  0
SPLINE
  5
85B
330
1F
100
AcDbEntity
  8
Dibujo2D$visible$líneas
100
AcDbSpline
210
0.0
220
0.0
230
1.0
 70
     8
 71
     3
 72
    60
 73
    56
 74
     0
 42
0.000000001
 43
0.0000000001
 40
0.0
 40
0.0
 40
0.0
 40
0.0
 40
2.161834190098377
 40
4.643951889768921
 40
7.496869857772691
 40
9.161345639204503
 40
9.542057746048693
 40
11.19149217744515
 40
14.43941985208122
 40
16.07430661091338
 40
17.65576841788999
 40
21.98161786322237
 40
26.82319239294894
 40
32.05094731603211
 40
37.38118972264407
 40
42.36094086567201
 40
46.86787549392178
 40
50.91889925511949
 40
55.34551476602799
 40
60.92195237662467
 40
67.00082050058111
 40
79.07306331696768
 40
90.77620457630081
 40
102.2969363057539
 40
107.9377938349135
 40
113.5660272890991
 40
126.1696966488423
 40
140.5069733718995
 40
171.0881338220898
 40
181.7402092658636
 40
192.908756868865
 40
217.6031228829088
 40
245.9609168561157
 40
281.3633096367969
 40
323.3468224266406
 40
350.0072327228803
 40
370.7594406114134
 40
377.5833137958392
 40
384.9632075811638
 40
390.2570584741027
 40
396.097121346607
 40
407.8247283061415
 40
434.2719213020026
 40
439.9607404736412
 40
452.0596978980038
 40
471.9119125594949
 40
482.1547401653899
 40
506.8315886437801
 40
520.6078514298924
 40
535.3680622287692
 40
557.9525881362085
 40
569.8413168414378
 40
575.3139333108694
 40
615.8593538075698
 40
671.278283882582
 40
671.278283882582
 40
671.278283882582
 40
671.278283882582
 10
-668.0796225118602
 20
244.763344264898
 30
0.0
 10
-667.9308964263823
 20
244.0577630121125
 30
0.0
 10
-667.4094315718205
 20
242.590351611608
 30
0.0
 10
-666.1246103348881
 20
240.4367619653659
 30
0.0
 10
-664.6552784821326
 20
238.619363662787
 30
0.0
 10
-663.5455747256462
 20
237.4219722977893
 30
0.0
 10
-662.6909285350541
 20
236.5350022436121
 30
0.0
 10
-661.4552012780154
 20
235.2827975295895
 30
0.0
 10
-659.8630340128736
 20
233.7955660068884
 30
0.0
 10
-658.2009396957017
 20
232.4232629359413
 30
0.0
 10
-656.209313367318
 20
230.8887644418546
 30
0.0
 10
-653.2864978994617
 20
228.8146009577797
 30
0.0
 10
-649.2705719200123
 20
226.1873655823352
 30
0.0
 10
-644.8783118291515
 20
223.5290504637922
 30
0.0
 10
-640.367740158204
 20
220.9827935540523
 30
0.0
 10
-635.991896263
 20
218.6906974503119
 30
0.0
 10
-631.918171839639
 20
216.7473890939779
 30
0.0
 10
-627.9293089542487
 20
215.0643701629268
 30
0.0
 10
-623.5418008926274
 20
213.4205864898975
 30
0.0
 10
-618.4648685104246
 20
211.6981703930566
 30
0.0
 10
-610.9259641335126
 20
209.3056127727704
 30
0.0
 10
-601.3512347667836
 20
206.5856964132373
 30
0.0
 10
-589.9137327535527
 20
203.8182211976061
 30
0.0
 10
-580.4722619857731
 20
201.9526119370693
 30
0.0
 10
-572.9754825572229
 20
200.7230991019244
 30
0.0
 10
-565.0956145334693
 20
199.6091382687638
 30
0.0
 10
-554.300721602841
 20
198.4368000863807
 30
0.0
 10
-535.1769781304217
 20
197.0212021344483
 30
0.0
 10
-516.6590429154675
 20
196.3677242408936
 30
0.0
 10
-499.1907372260571
 20
196.3751414323456
 30
0.0
 10
-483.6878129091081
 20
196.6578743325801
 30
0.0
 10
-462.2977397963426
 20
197.5590090241293
 30
0.0
 10
-432.8747201997433
 20
199.4861450416909
 30
0.0
 10
-397.7437723924431
 20
202.3641541504833
 30
0.0
 10
-363.200324988231
 20
205.4618188718389
 30
0.0
 10
-333.5282935399056
 20
208.2074258413919
 30
0.0
 10
-315.5282644413957
 20
209.8931836034944
 30
0.0
 10
-303.9273712787087
 20
210.9833974147388
 30
0.0
 10
-297.4565087377558
 20
211.5896685747019
 30
0.0
 10
-291.3136658536437
 20
212.1813663826351
 30
0.0
 10
-283.7278980316194
 20
212.9081539482121
 30
0.0
 10
-269.1227303114708
 20
214.3030094405758
 30
0.0
 10
-254.5660887781229
 20
215.6755656815268
 30
0.0
 10
-239.8869019436407
 20
217.0670389633621
 30
0.0
 10
-227.3982227506674
 20
218.2719864301293
 30
0.0
 10
-213.4020574554149
 20
219.6585413370776
 30
0.0
 10
-195.2365844681915
 20
221.4873412360909
 30
0.0
 10
-179.0881689619181
 20
223.1323325351387
 30
0.0
 10
-161.438374008348
 20
224.8969157505358
 30
0.0
 10
-144.4778845970835
 20
226.5447005956269
 30
0.0
 10
-128.1416964480314
 20
228.1114954544838
 30
0.0
 10
-114.8881736154016
 20
229.3925458477902
 30
0.0
 10
-95.67465434763574
 20
231.2413686895779
 30
0.0
 10
-62.01001082953928
 20
234.3984094427543
 30
0.0
 10
-30.15504407255662
 20
237.3141520456775
 30
0.0
 10
-11.75830284775748
 20
238.9906754351512
 30
0.0
  0
LINE
  5
85C
330
1F
100
AcDbEntity
  8
Dibujo2D$visible$líneas
100
AcDbLine
 10
-11.75830284775702
 20
238.9906754351513
 30
0.0
 11
-11.75830284775702
 21
248.8304504220746
 31
0.0
  0
LINE
  5
85D
330
1F
100
AcDbEntity
  8
Dibujo2D$visible$líneas
100
AcDbLine
 10
1279.447068140502
 20
66.70253493528048
 30
0.0
 11
1279.447068140502
 21
28.80556076688754
 31
0.0
  0
LINE
  5
85E
330
1F
100
AcDbEntity
  8
Dibujo2D$visible$líneas
100
AcDbLine
 10
-668.2090844924819
 20
244.7546524711463
 30
0.0
 11
-668.0796227675087
 21
244.7633442477344
 31
0.0
  0
LINE
  5
85F
330
1F
100
AcDbEntity
  8
Dibujo2D$visible$líneas
100
AcDbLine
 10
-1052.877580928817
 20
218.9288523570763
 30
0.0
 11
-1052.877580928817
 21
19.13181074100584
 31
0.0
  0
LINE
  5
860
330
1F
100
AcDbEntity
  8
Dibujo2D$visible$líneas
100
AcDbLine
 10
-1052.877580928817
 20
218.9288523570763
 30
0.0
 11
-668.2090844924819
 21
244.7546524711463
 31
0.0
  0
LINE
  5
861
330
1F
100
AcDbEntity
  8
Dibujo2D$oculto$líneas
100
AcDbLine
 10
976.0357810478104
 20
41.33184999065179
 30
0.0
 11
1017.952384880735
 21
41.33184999065179
 31
0.0
  0
LINE
  5
862
330
1F
100
AcDbEntity
  8
Dibujo2D$oculto$líneas
100
AcDbLine
 10
976.0357810478104
 20
29.09937805497361
 30
0.0
 11
976.0357810478104
 21
41.33184999065179
 31
0.0
  0
LINE
  5
863
330
1F
100
AcDbEntity
  8
Dibujo2D$oculto$líneas
100
AcDbLine
 10
1017.952384880735
 20
29.09937805497361
 30
0.0
 11
1017.952384880735
 21
41.33184999065179
 31
0.0
  0
LINE
  5
864
330
1F
100
AcDbEntity
  8
Dibujo2D$oculto$líneas
100
AcDbLine
 10
976.0357810478104
 20
29.09937805497361
 30
0.0
 11
1017.952384880735
 21
29.09937805497361
 31
0.0
  0
ENDSEC
  0
SECTION
  2
OBJECTS
  0
DICTIONARY
  5
C
330
0
100
AcDbDictionary
281
     1
  3
ACAD_DETAILVIEWSTYLE
350
8A0
  3
ACAD_GROUP
350
D
  3
ACAD_LAYOUT
350
1A
  3
ACAD_MATERIAL
350
43
  3
ACAD_MLEADERSTYLE
350
89F
  3
ACAD_MLINESTYLE
350
17
  3
ACAD_PLOTSETTINGS
350
19
  3
ACAD_PLOTSTYLENAME
350
E
  3
ACAD_SCALELIST
350
47
  3
ACAD_SECTIONVIEWSTYLE
350
8A1
  3
ACAD_TABLESTYLE
350
89E
  3
ACAD_VISUALSTYLE
350
2A
  3
AcDbVariableDictionary
350
865
  0
DICTIONARY
  5
8A0
102
{ACAD_REACTORS
330
C
102
}
330
C
100
AcDbDictionary
281
     1
  0
DICTIONARY
  5
D
102
{ACAD_REACTORS
330
C
102
}
330
C
100
AcDbDictionary
281
     1
  0
DICTIONARY
  5
1A
102
{ACAD_REACTORS
330
C
102
}
330
C
100
AcDbDictionary
281
     1
  3
Layout1
350
1E
  3
Layout2
350
26
  3
Model
350
22
  0
DICTIONARY
  5
43
102
{ACAD_REACTORS
330
C
102
}
330
C
100
AcDbDictionary
281
     1
  3
ByBlock
350
45
  3
ByLayer
350
44
  3
Global
350
46
  0
DICTIONARY
  5
89F
102
{ACAD_REACTORS
330
C
102
}
330
C
100
AcDbDictionary
281
     1
  0
DICTIONARY
  5
17
102
{ACAD_REACTORS
330
C
102
}
330
C
100
AcDbDictionary
281
     1
  3
Standard
350
18
  0
DICTIONARY
  5
19
102
{ACAD_REACTORS
330
C
102
}
330
C
100
AcDbDictionary
281
     1
  0
ACDBDICTIONARYWDFLT
  5
E
102
{ACAD_REACTORS
330
C
102
}
330
C
100
AcDbDictionary
281
     1
  3
Normal
350
F
100
AcDbDictionaryWithDefault
340
F
  0
DICTIONARY
  5
47
102
{ACAD_REACTORS
330
C
102
}
330
C
100
AcDbDictionary
281
     1
  3
A0
350
48
  3
A1
350
49
  3
A2
350
4A
  3
A3
350
4B
  3
A4
350
4C
  3
A5
350
4D
  3
A6
350
4E
  3
A7
350
4F
  3
A8
350
50
  3
A9
350
51
  3
B0
350
52
  3
B1
350
53
  3
B2
350
54
  3
B3
350
55
  3
B4
350
56
  3
B5
350
57
  3
B6
350
58
  3
B7
350
59
  3
B8
350
5A
  3
B9
350
5B
  3
C0
350
5C
  3
C1
350
5D
  3
C2
350
5E
  3
C3
350
5F
  3
C4
350
60
  3
C5
350
61
  3
C6
350
62
  3
C7
350
63
  3
C8
350
64
  3
C9
350
65
  3
D0
350
66
  3
D1
350
67
  3
D2
350
68
  0
DICTIONARY
  5
8A1
102
{ACAD_REACTORS
330
C
102
}
330
C
100
AcDbDictionary
281
     1
  0
DICTIONARY
  5
89E
102
{ACAD_REACTORS
330
C
102
}
330
C
100
AcDbDictionary
281
     1
  0
DICTIONARY
  5
2A
102
{ACAD_REACTORS
330
C
102
}
330
C
100
AcDbDictionary
281
     1
  3
2dWireframe
350
2F
  3
Basic
350
32
  3
Brighten
350
36
  3
ColorChange
350
3A
  3
Conceptual
350
34
  3
Dim
350
35
  3
EdgeColorOff
350
3D
  3
Facepattern
350
39
  3
Flat
350
2B
  3
FlatWithEdges
350
2C
  3
Gouraud
350
2D
  3
GouraudWithEdges
350
2E
  3
Hidden
350
31
  3
JitterOff
350
3B
  3
Linepattern
350
38
  3
OverhangOff
350
3C
  3
Realistic
350
33
  3
Shaded
350
42
  3
Shaded with edges
350
41
  3
Shades of Gray
350
3E
  3
Sketchy
350
3F
  3
Thicken
350
37
  3
Wireframe
350
30
  3
X-Ray
350
40
  0
DICTIONARY
  5
865
102
{ACAD_REACTORS
330
C
102
}
330
C
100
AcDbDictionary
281
     1
  3
CANNOSCALE
350
866
  3
MSLTSCALE
350
867
  0
LAYOUT
  5
1E
102
{ACAD_REACTORS
330
1A
102
}
330
1A
100
AcDbPlotSettings
  1

  2
none_device
  4

  6

 40
0.0
 41
0.0
 42
0.0
 43
0.0
 44
0.0
 45
0.0
 46
0.0
 47
0.0
 48
0.0
 49
0.0
140
0.0
141
0.0
142
1.0
143
1.0
 70
   688
 72
     0
 73
     0
 74
     5
  7

 75
    16
 76
     0
 77
     2
 78
   300
147
1.0
148
0.0
149
0.0
100
AcDbLayout
  1
Layout1
 70
     1
 71
     1
 10
0.0
 20
0.0
 11
12.0
 21
9.0
 12
0.0
 22
0.0
 32
0.0
 14
1.000000000000000E+20
 24
1.000000000000000E+20
 34
1.000000000000000E+20
 15
-1.000000000000000E+20
 25
-1.000000000000000E+20
 35
-1.000000000000000E+20
146
0.0
 13
0.0
 23
0.0
 33
0.0
 16
1.0
 26
0.0
 36
0.0
 17
0.0
 27
1.0
 37
0.0
 76
     0
330
1B
  0
LAYOUT
  5
26
102
{ACAD_REACTORS
330
1A
102
}
330
1A
100
AcDbPlotSettings
  1

  2
none_device
  4

  6

 40
0.0
 41
0.0
 42
0.0
 43
0.0
 44
0.0
 45
0.0
 46
0.0
 47
0.0
 48
0.0
 49
0.0
140
0.0
141
0.0
142
1.0
143
1.0
 70
   688
 72
     0
 73
     0
 74
     5
  7

 75
    16
 76
     0
 77
     2
 78
   300
147
1.0
148
0.0
149
0.0
100
AcDbLayout
  1
Layout2
 70
     1
 71
     2
 10
0.0
 20
0.0
 11
0.0
 21
0.0
 12
0.0
 22
0.0
 32
0.0
 14
0.0
 24
0.0
 34
0.0
 15
0.0
 25
0.0
 35
0.0
146
0.0
 13
0.0
 23
0.0
 33
0.0
 16
1.0
 26
0.0
 36
0.0
 17
0.0
 27
1.0
 37
0.0
 76
     0
330
23
  0
LAYOUT
  5
22
102
{ACAD_REACTORS
330
1A
102
}
330
1A
100
AcDbPlotSettings
  1

  2
none_device
  4
Letter_(8.50_x_11.00_Inches)
  6

 40
6.35
 41
6.35
 42
6.35000508
 43
6.35000508
 44
215.9
 45
279.4
 46
0.0
 47
0.0
 48
0.0
 49
0.0
140
0.0
141
0.0
142
1.0
143
1.0
 70
  1712
 72
     0
 73
     0
 74
     0
  7

 75
     0
 76
     0
 77
     2
 78
   300
147
1.0
148
0.0
149
0.0
100
AcDbLayout
  1
Model
 70
     1
 71
     0
 10
0.0
 20
0.0
 11
12.0
 21
9.0
 12
0.0
 22
0.0
 32
0.0
 14
-1144.57212389764
 24
-287.7616987718147
 34
0.0
 15
1282.525377648334
 25
252.9079410673014
 35
0.0
146
0.0
 13
0.0
 23
0.0
 33
0.0
 16
1.0
 26
0.0
 36
0.0
 17
0.0
 27
1.0
 37
0.0
 76
     0
330
1F
331
29
  0
MATERIAL
  5
45
102
{ACAD_REACTORS
330
43
102
}
102
{ACAD_XDICTIONARY
360
89A
102
}
330
43
100
AcDbMaterial
  1
ByBlock
  0
MATERIAL
  5
44
102
{ACAD_REACTORS
330
43
102
}
102
{ACAD_XDICTIONARY
360
898
102
}
330
43
100
AcDbMaterial
  1
ByLayer
  0
MATERIAL
  5
46
102
{ACAD_REACTORS
330
43
102
}
102
{ACAD_XDICTIONARY
360
89C
102
}
330
43
100
AcDbMaterial
  1
Global
  0
MLINESTYLE
  5
18
102
{ACAD_REACTORS
330
17
102
}
330
17
100
AcDbMlineStyle
  2
Standard
 70
     0
  3

 62
   256
 51
90.0
 52
90.0
 71
     2
 49
0.5
 62
   256
  6
BYLAYER
 49
-0.5
 62
   256
  6
BYLAYER
  0
ACDBPLACEHOLDER
  5
F
102
{ACAD_REACTORS
330
E
102
}
330
E
  0
SCALE
  5
48
102
{ACAD_REACTORS
330
47
102
}
330
47
100
AcDbScale
 70
     0
300
1:1
140
1.0
141
1.0
290
     1
  0
SCALE
  5
49
102
{ACAD_REACTORS
330
47
102
}
330
47
100
AcDbScale
 70
     0
300
1:2
140
1.0
141
2.0
290
     0
  0
SCALE
  5
4A
102
{ACAD_REACTORS
330
47
102
}
330
47
100
AcDbScale
 70
     0
300
1:4
140
1.0
141
4.0
290
     0
  0
SCALE
  5
4B
102
{ACAD_REACTORS
330
47
102
}
330
47
100
AcDbScale
 70
     0
300
1:5
140
1.0
141
5.0
290
     0
  0
SCALE
  5
4C
102
{ACAD_REACTORS
330
47
102
}
330
47
100
AcDbScale
 70
     0
300
1:8
140
1.0
141
8.0
290
     0
  0
SCALE
  5
4D
102
{ACAD_REACTORS
330
47
102
}
330
47
100
AcDbScale
 70
     0
300
1:10
140
1.0
141
10.0
290
     0
  0
SCALE
  5
4E
102
{ACAD_REACTORS
330
47
102
}
330
47
100
AcDbScale
 70
     0
300
1:16
140
1.0
141
16.0
290
     0
  0
SCALE
  5
4F
102
{ACAD_REACTORS
330
47
102
}
330
47
100
AcDbScale
 70
     0
300
1:20
140
1.0
141
20.0
290
     0
  0
SCALE
  5
50
102
{ACAD_REACTORS
330
47
102
}
330
47
100
AcDbScale
 70
     0
300
1:30
140
1.0
141
30.0
290
     0
  0
SCALE
  5
51
102
{ACAD_REACTORS
330
47
102
}
330
47
100
AcDbScale
 70
     0
300
1:40
140
1.0
141
40.0
290
     0
  0
SCALE
  5
52
102
{ACAD_REACTORS
330
47
102
}
330
47
100
AcDbScale
 70
     0
300
1:50
140
1.0
141
50.0
290
     0
  0
SCALE
  5
53
102
{ACAD_REACTORS
330
47
102
}
330
47
100
AcDbScale
 70
     0
300
1:100
140
1.0
141
100.0
290
     0
  0
SCALE
  5
54
102
{ACAD_REACTORS
330
47
102
}
330
47
100
AcDbScale
 70
     0
300
2:1
140
2.0
141
1.0
290
     0
  0
SCALE
  5
55
102
{ACAD_REACTORS
330
47
102
}
330
47
100
AcDbScale
 70
     0
300
4:1
140
4.0
141
1.0
290
     0
  0
SCALE
  5
56
102
{ACAD_REACTORS
330
47
102
}
330
47
100
AcDbScale
 70
     0
300
8:1
140
8.0
141
1.0
290
     0
  0
SCALE
  5
57
102
{ACAD_REACTORS
330
47
102
}
330
47
100
AcDbScale
 70
     0
300
10:1
140
10.0
141
1.0
290
     0
  0
SCALE
  5
58
102
{ACAD_REACTORS
330
47
102
}
330
47
100
AcDbScale
 70
     0
300
100:1
140
100.0
141
1.0
290
     0
  0
SCALE
  5
59
102
{ACAD_REACTORS
330
47
102
}
330
47
100
AcDbScale
 70
     0
300
1/128" = 1'-0"
140
0.0078125
141
12.0
290
     0
  0
SCALE
  5
5A
102
{ACAD_REACTORS
330
47
102
}
330
47
100
AcDbScale
 70
     0
300
1/64" = 1'-0"
140
0.015625
141
12.0
290
     0
  0
SCALE
  5
5B
102
{ACAD_REACTORS
330
47
102
}
330
47
100
AcDbScale
 70
     0
300
1/32" = 1'-0"
140
0.03125
141
12.0
290
     0
  0
SCALE
  5
5C
102
{ACAD_REACTORS
330
47
102
}
330
47
100
AcDbScale
 70
     0
300
1/16" = 1'-0"
140
0.0625
141
12.0
290
     0
  0
SCALE
  5
5D
102
{ACAD_REACTORS
330
47
102
}
330
47
100
AcDbScale
 70
     0
300
3/32" = 1'-0"
140
0.09375
141
12.0
290
     0
  0
SCALE
  5
5E
102
{ACAD_REACTORS
330
47
102
}
330
47
100
AcDbScale
 70
     0
300
1/8" = 1'-0"
140
0.125
141
12.0
290
     0
  0
SCALE
  5
5F
102
{ACAD_REACTORS
330
47
102
}
330
47
100
AcDbScale
 70
     0
300
3/16" = 1'-0"
140
0.1875
141
12.0
290
     0
  0
SCALE
  5
60
102
{ACAD_REACTORS
330
47
102
}
330
47
100
AcDbScale
 70
     0
300
1/4" = 1'-0"
140
0.25
141
12.0
290
     0
  0
SCALE
  5
61
102
{ACAD_REACTORS
330
47
102
}
330
47
100
AcDbScale
 70
     0
300
3/8" = 1'-0"
140
0.375
141
12.0
290
     0
  0
SCALE
  5
62
102
{ACAD_REACTORS
330
47
102
}
330
47
100
AcDbScale
 70
     0
300
1/2" = 1'-0"
140
0.5
141
12.0
290
     0
  0
SCALE
  5
63
102
{ACAD_REACTORS
330
47
102
}
330
47
100
AcDbScale
 70
     0
300
3/4" = 1'-0"
140
0.75
141
12.0
290
     0
  0
SCALE
  5
64
102
{ACAD_REACTORS
330
47
102
}
330
47
100
AcDbScale
 70
     0
300
1" = 1'-0"
140
1.0
141
12.0
290
     0
  0
SCALE
  5
65
102
{ACAD_REACTORS
330
47
102
}
330
47
100
AcDbScale
 70
     0
300
1-1/2" = 1'-0"
140
1.5
141
12.0
290
     0
  0
SCALE
  5
66
102
{ACAD_REACTORS
330
47
102
}
330
47
100
AcDbScale
 70
     0
300
3" = 1'-0"
140
3.0
141
12.0
290
     0
  0
SCALE
  5
67
102
{ACAD_REACTORS
330
47
102
}
330
47
100
AcDbScale
 70
     0
300
6" = 1'-0"
140
6.0
141
12.0
290
     0
  0
SCALE
  5
68
102
{ACAD_REACTORS
330
47
102
}
330
47
100
AcDbScale
 70
     0
300
1'-0" = 1'-0"
140
12.0
141
12.0
290
     0
  0
VISUALSTYLE
  5
2F
102
{ACAD_REACTORS
330
2A
102
}
102
{ACAD_XDICTIONARY
360
870
102
}
330
2A
100
AcDbVisualStyle
  2
2dWireframe
 70
     4
 71
     0
 72
     2
 73
     0
 90
        0
 40
0.6
 41
30.0
 62
     5
 63
     7
421
 16777215
 74
     1
 91
        4
 64
     7
 65
   257
 75
     1
175
     1
 42
1.0
 92
        0
 66
   257
 43
1.0
 76
     1
 77
     6
 78
     2
 67
     7
 79
     5
170
     0
171
     0
290
     0
174
     0
 93
        1
 44
0.0
173
     0
291
     0
 45
0.0
1001
ACAD
1000
AcDbSavedByObjectVersion
1070
     0
  0
VISUALSTYLE
  5
32
102
{ACAD_REACTORS
330
2A
102
}
102
{ACAD_XDICTIONARY
360
876
102
}
330
2A
100
AcDbVisualStyle
  2
Basic
 70
     7
 71
     1
 72
     0
 73
     1
 90
        0
 40
0.6
 41
30.0
 62
     5
 63
     7
421
 16777215
 74
     0
 91
        4
 64
     7
 65
   257
 75
     1
175
     1
 42
1.0
 92
        8
 66
     7
 43
1.0
 76
     1
 77
     6
 78
     2
 67
     7
 79
     5
170
     0
171
     0
290
     0
174
     0
 93
        1
 44
0.0
173
     0
291
     1
 45
0.0
1001
ACAD
1000
AcDbSavedByObjectVersion
1070
     0
  0
VISUALSTYLE
  5
36
102
{ACAD_REACTORS
330
2A
102
}
102
{ACAD_XDICTIONARY
360
87E
102
}
330
2A
100
AcDbVisualStyle
  2
Brighten
 70
    12
 71
     2
 72
     2
 73
     0
 90
        0
 40
0.6
 41
30.0
 62
     5
 63
     7
421
 16777215
 74
     1
 91
        4
 64
     7
 65
   257
 75
     1
175
     1
 42
1.0
 92
        8
 66
     7
 43
1.0
 76
     1
 77
     6
 78
     2
 67
     7
 79
     5
170
     0
171
     0
290
     0
174
     0
 93
        1
 44
50.0
173
     0
291
     1
 45
0.0
1001
ACAD
1000
AcDbSavedByObjectVersion
1070
     0
  0
VISUALSTYLE
  5
3A
102
{ACAD_REACTORS
330
2A
102
}
102
{ACAD_XDICTIONARY
360
886
102
}
330
2A
100
AcDbVisualStyle
  2
ColorChange
 70
    16
 71
     2
 72
     2
 73
     3
 90
        0
 40
0.6
 41
30.0
 62
     5
 63
     8
421
  8421504
 74
     1
 91
        4
 64
     7
 65
   257
 75
     1
175
     1
 42
1.0
 92
        8
 66
     8
424
  8421504
 43
1.0
 76
     1
 77
     6
 78
     2
 67
     7
 79
     5
170
     0
171
     0
290
     0
174
     0
 93
        1
 44
0.0
173
     0
291
     1
 45
0.0
1001
ACAD
1000
AcDbSavedByObjectVersion
1070
     0
  0
VISUALSTYLE
  5
34
102
{ACAD_REACTORS
330
2A
102
}
102
{ACAD_XDICTIONARY
360
87A
102
}
330
2A
100
AcDbVisualStyle
  2
Conceptual
 70
     9
 71
     3
 72
     2
 73
     0
 90
        0
 40
0.6
 41
30.0
 62
     5
 63
     7
421
 16777215
 74
     2
 91
        2
 64
     7
 65
   257
 75
     1
175
     1
 42
179.0
 92
        8
 66
     7
 43
1.0
 76
     1
 77
     6
 78
     2
 67
     7
 79
     3
170
     0
171
     0
290
     0
174
     0
 93
        1
 44
0.0
173
     0
291
     0
 45
0.0
1001
ACAD
1000
AcDbSavedByObjectVersion
1070
     0
  0
VISUALSTYLE
  5
35
102
{ACAD_REACTORS
330
2A
102
}
102
{ACAD_XDICTIONARY
360
87C
102
}
330
2A
100
AcDbVisualStyle
  2
Dim
 70
    11
 71
     2
 72
     2
 73
     0
 90
        0
 40
0.6
 41
30.0
 62
     5
 63
     7
421
 16777215
 74
     1
 91
        4
 64
     7
 65
   257
 75
     1
175
     1
 42
1.0
 92
        8
 66
     7
 43
1.0
 76
     1
 77
     6
 78
     2
 67
     7
 79
     5
170
     0
171
     0
290
     0
174
     0
 93
        1
 44
-50.0
173
     0
291
     1
 45
0.0
1001
ACAD
1000
AcDbSavedByObjectVersion
1070
     0
  0
VISUALSTYLE
  5
3D
102
{ACAD_REACTORS
330
2A
102
}
102
{ACAD_XDICTIONARY
360
88C
102
}
330
2A
100
AcDbVisualStyle
  2
EdgeColorOff
 70
    22
 71
     2
 72
     2
 73
     0
 90
        0
 40
0.6
 41
30.0
 62
     5
 63
     7
421
 16777215
 74
     1
 91
        4
 64
     7
 65
   257
 75
     1
175
     1
 42
1.0
 92
        8
 66
     7
 43
1.0
 76
     1
 77
     6
 78
     2
 67
     7
 79
     5
170
     0
171
     0
290
     0
174
     0
 93
        1
 44
0.0
173
     0
291
     1
 45
0.0
1001
ACAD
1000
AcDbSavedByObjectVersion
1070
     0
  0
VISUALSTYLE
  5
39
102
{ACAD_REACTORS
330
2A
102
}
102
{ACAD_XDICTIONARY
360
884
102
}
330
2A
100
AcDbVisualStyle
  2
Facepattern
 70
    15
 71
     2
 72
     2
 73
     0
 90
        0
 40
0.6
 41
30.0
 62
     5
 63
     7
421
 16777215
 74
     1
 91
        4
 64
     7
 65
   257
 75
     1
175
     1
 42
1.0
 92
        8
 66
     7
 43
1.0
 76
     1
 77
     6
 78
     2
 67
     7
 79
     5
170
     0
171
     0
290
     0
174
     0
 93
        1
 44
0.0
173
     0
291
     1
 45
0.0
1001
ACAD
1000
AcDbSavedByObjectVersion
1070
     0
  0
VISUALSTYLE
  5
2B
102
{ACAD_REACTORS
330
2A
102
}
102
{ACAD_XDICTIONARY
360
868
102
}
330
2A
100
AcDbVisualStyle
  2
Flat
 70
     0
 71
     2
 72
     1
 73
     1
 90
        2
 40
0.6
 41
30.0
 62
     5
 63
     7
421
 16777215
 74
     0
 91
        0
 64
     7
 65
   257
 75
     1
175
     1
 42
1.0
 92
        8
 66
     7
 43
1.0
 76
     1
 77
     6
 78
     2
 67
     7
 79
     5
170
     0
171
     0
290
     0
174
     0
 93
       13
 44
0.0
173
     0
291
     1
 45
0.0
1001
ACAD
1000
AcDbSavedByObjectVersion
1070
     0
  0
VISUALSTYLE
  5
2C
102
{ACAD_REACTORS
330
2A
102
}
102
{ACAD_XDICTIONARY
360
86A
102
}
330
2A
100
AcDbVisualStyle
  2
FlatWithEdges
 70
     1
 71
     2
 72
     1
 73
     1
 90
        2
 40
0.6
 41
30.0
 62
     5
 63
     7
421
 16777215
 74
     1
 91
        0
 64
     7
 65
   257
 75
     1
175
     1
 42
1.0
 92
        0
 66
   257
 43
1.0
 76
     1
 77
     6
 78
     2
 67
     7
 79
     5
170
     0
171
     0
290
     0
174
     0
 93
       13
 44
0.0
173
     0
291
     1
 45
0.0
1001
ACAD
1000
AcDbSavedByObjectVersion
1070
     0
  0
VISUALSTYLE
  5
2D
102
{ACAD_REACTORS
330
2A
102
}
102
{ACAD_XDICTIONARY
360
86C
102
}
330
2A
100
AcDbVisualStyle
  2
Gouraud
 70
     2
 71
     2
 72
     2
 73
     1
 90
        2
 40
0.6
 41
30.0
 62
     5
 63
     7
421
 16777215
 74
     0
 91
        0
 64
     7
 65
   257
 75
     1
175
     1
 42
1.0
 92
        0
 66
     7
 43
1.0
 76
     1
 77
     6
 78
     2
 67
     7
 79
     5
170
     0
171
     0
290
     0
174
     0
 93
       13
 44
0.0
173
     0
291
     1
 45
0.0
1001
ACAD
1000
AcDbSavedByObjectVersion
1070
     0
  0
VISUALSTYLE
  5
2E
102
{ACAD_REACTORS
330
2A
102
}
102
{ACAD_XDICTIONARY
360
86E
102
}
330
2A
100
AcDbVisualStyle
  2
GouraudWithEdges
 70
     3
 71
     2
 72
     2
 73
     1
 90
        2
 40
0.6
 41
30.0
 62
     5
 63
     7
421
 16777215
 74
     1
 91
        0
 64
     7
 65
   257
 75
     1
175
     1
 42
1.0
 92
        0
 66
   257
 43
1.0
 76
     1
 77
     6
 78
     2
 67
     7
 79
     5
170
     0
171
     0
290
     0
174
     0
 93
       13
 44
0.0
173
     0
291
     1
 45
0.0
1001
ACAD
1000
AcDbSavedByObjectVersion
1070
     0
  0
VISUALSTYLE
  5
31
102
{ACAD_REACTORS
330
2A
102
}
102
{ACAD_XDICTIONARY
360
874
102
}
330
2A
100
AcDbVisualStyle
  2
Hidden
 70
     6
 71
     1
 72
     2
 73
     2
 90
        0
 40
0.6
 41
30.0
 62
     5
 63
     7
421
 16777215
 74
     2
 91
        2
 64
     7
 65
   257
 75
     2
175
     1
 42
40.0
 92
        0
 66
   257
 43
1.0
 76
     1
 77
     6
 78
     2
 67
     7
 79
     3
170
     0
171
     0
290
     0
174
     0
 93
        1
 44
0.0
173
     0
291
     0
 45
0.0
1001
ACAD
1000
AcDbSavedByObjectVersion
1070
     0
  0
VISUALSTYLE
  5
3B
102
{ACAD_REACTORS
330
2A
102
}
102
{ACAD_XDICTIONARY
360
888
102
}
330
2A
100
AcDbVisualStyle
  2
JitterOff
 70
    20
 71
     2
 72
     2
 73
     0
 90
        0
 40
0.6
 41
30.0
 62
     5
 63
     7
421
 16777215
 74
     1
 91
        4
 64
     7
 65
   257
 75
     1
175
     1
 42
1.0
 92
       10
 66
     7
 43
1.0
 76
     1
 77
     6
 78
     2
 67
     7
 79
     5
170
     0
171
     0
290
     0
174
     0
 93
        1
 44
0.0
173
     0
291
     1
 45
0.0
1001
ACAD
1000
AcDbSavedByObjectVersion
1070
     0
  0
VISUALSTYLE
  5
38
102
{ACAD_REACTORS
330
2A
102
}
102
{ACAD_XDICTIONARY
360
882
102
}
330
2A
100
AcDbVisualStyle
  2
Linepattern
 70
    14
 71
     2
 72
     2
 73
     0
 90
        0
 40
0.6
 41
30.0
 62
     5
 63
     7
421
 16777215
 74
     1
 91
        4
 64
     7
 65
   257
 75
     7
175
     7
 42
1.0
 92
        8
 66
     7
 43
1.0
 76
     1
 77
     6
 78
     2
 67
     7
 79
     5
170
     0
171
     0
290
     0
174
     0
 93
        1
 44
0.0
173
     0
291
     1
 45
0.0
1001
ACAD
1000
AcDbSavedByObjectVersion
1070
     0
  0
VISUALSTYLE
  5
3C
102
{ACAD_REACTORS
330
2A
102
}
102
{ACAD_XDICTIONARY
360
88A
102
}
330
2A
100
AcDbVisualStyle
  2
OverhangOff
 70
    21
 71
     2
 72
     2
 73
     0
 90
        0
 40
0.6
 41
30.0
 62
     5
 63
     7
421
 16777215
 74
     1
 91
        4
 64
     7
 65
   257
 75
     1
175
     1
 42
1.0
 92
        9
 66
     7
 43
1.0
 76
     1
 77
     6
 78
     2
 67
     7
 79
     5
170
     0
171
     0
290
     0
174
     0
 93
        1
 44
0.0
173
     0
291
     1
 45
0.0
1001
ACAD
1000
AcDbSavedByObjectVersion
1070
     0
  0
VISUALSTYLE
  5
33
102
{ACAD_REACTORS
330
2A
102
}
102
{ACAD_XDICTIONARY
360
878
102
}
330
2A
100
AcDbVisualStyle
  2
Realistic
 70
     8
 71
     2
 72
     3
 73
     0
 90
        2
 40
0.6
 41
30.0
 62
     5
 63
     7
421
 16777215
 74
     0
 91
        0
 64
     7
 65
   257
 75
     1
175
     1
 42
1.0
 92
        8
 66
   257
 43
1.0
 76
     1
 77
     6
 78
     2
 67
     7
 79
     3
170
     0
171
     0
290
     0
174
     0
 93
       13
 44
0.0
173
     0
291
     0
 45
0.0
1001
ACAD
1000
AcDbSavedByObjectVersion
1070
     0
  0
VISUALSTYLE
  5
42
102
{ACAD_REACTORS
330
2A
102
}
102
{ACAD_XDICTIONARY
360
896
102
}
330
2A
100
AcDbVisualStyle
  2
Shaded
 70
    27
 71
     2
 72
     2
 73
     1
 90
        2
 40
0.6
 41
30.0
 62
     5
 63
     7
421
 16777215
 74
     0
 91
        4
 64
     7
 65
   257
 75
     1
175
     1
 42
1.0
 92
        8
 66
   257
 43
1.0
 76
     1
 77
     6
 78
     2
 67
     8
425
  7895160
 79
     3
170
     0
171
     0
290
     0
174
     0
 93
        5
 44
0.0
173
     0
291
     0
 45
0.0
1001
ACAD
1000
AcDbSavedByObjectVersion
1070
     0
  0
VISUALSTYLE
  5
41
102
{ACAD_REACTORS
330
2A
102
}
102
{ACAD_XDICTIONARY
360
894
102
}
330
2A
100
AcDbVisualStyle
  2
Shaded with edges
 70
    26
 71
     2
 72
     2
 73
     1
 90
        2
 40
0.6
 41
30.0
 62
     5
 63
     7
421
 16777215
 74
     1
 91
       10
 64
     7
 65
   257
 75
     2
175
     1
 42
1.0
 92
        8
 66
   257
 43
1.0
 76
     1
 77
     6
 78
     2
 67
     7
 79
     3
170
     0
171
     0
290
     0
174
     0
 93
        5
 44
0.0
173
     0
291
     0
 45
0.0
1001
ACAD
1000
AcDbSavedByObjectVersion
1070
     0
  0
VISUALSTYLE
  5
3E
102
{ACAD_REACTORS
330
2A
102
}
102
{ACAD_XDICTIONARY
360
88E
102
}
330
2A
100
AcDbVisualStyle
  2
Shades of Gray
 70
    23
 71
     2
 72
     2
 73
     3
 90
        0
 40
0.6
 41
30.0
 62
     5
 63
     7
421
 16777215
 74
     2
 91
        2
 64
     7
 65
     7
 75
     1
175
     1
 42
40.0
 92
        8
 66
     7
 43
1.0
 76
     1
 77
     6
 78
     2
 67
     7
 79
     3
170
     0
171
     0
290
     0
174
     0
 93
        1
 44
0.0
173
     0
291
     0
 45
0.0
1001
ACAD
1000
AcDbSavedByObjectVersion
1070
     0
  0
VISUALSTYLE
  5
3F
102
{ACAD_REACTORS
330
2A
102
}
102
{ACAD_XDICTIONARY
360
890
102
}
330
2A
100
AcDbVisualStyle
  2
Sketchy
 70
    24
 71
     1
 72
     2
 73
     2
 90
        0
 40
0.6
 41
30.0
 62
     5
 63
     7
421
 16777215
 74
     2
 91
        2
 64
     7
 65
     7
 75
     1
175
     1
 42
40.0
 92
       11
 66
     7
 43
1.0
 76
     1
 77
     6
 78
     2
 67
     7
 79
     6
170
     0
171
     0
290
     0
174
     0
 93
        1
 44
0.0
173
     0
291
     0
 45
0.0
1001
ACAD
1000
AcDbSavedByObjectVersion
1070
     0
  0
VISUALSTYLE
  5
37
102
{ACAD_REACTORS
330
2A
102
}
102
{ACAD_XDICTIONARY
360
880
102
}
330
2A
100
AcDbVisualStyle
  2
Thicken
 70
    13
 71
     2
 72
     2
 73
     0
 90
        0
 40
0.6
 41
30.0
 62
     5
 63
     7
421
 16777215
 74
     1
 91
        4
 64
     7
 65
   257
 75
     1
175
     1
 42
1.0
 92
       12
 66
     7
 43
1.0
 76
     1
 77
     6
 78
     2
 67
     7
 79
     5
170
     0
171
     0
290
     0
174
     0
 93
        1
 44
0.0
173
     0
291
     1
 45
0.0
1001
ACAD
1000
AcDbSavedByObjectVersion
1070
     0
  0
VISUALSTYLE
  5
30
102
{ACAD_REACTORS
330
2A
102
}
102
{ACAD_XDICTIONARY
360
872
102
}
330
2A
100
AcDbVisualStyle
  2
Wireframe
 70
     5
 71
     0
 72
     2
 73
     0
 90
        0
 40
0.6
 41
30.0
 62
     5
 63
     7
421
 16777215
 74
     1
 91
        4
 64
     7
 65
   257
 75
     1
175
     1
 42
1.0
 92
        0
 66
   257
 43
1.0
 76
     1
 77
     6
 78
     2
 67
     7
 79
     3
170
     0
171
     0
290
     0
174
     0
 93
        1
 44
0.0
173
     0
291
     0
 45
0.0
1001
ACAD
1000
AcDbSavedByObjectVersion
1070
     0
  0
VISUALSTYLE
  5
40
102
{ACAD_REACTORS
330
2A
102
}
102
{ACAD_XDICTIONARY
360
892
102
}
330
2A
100
AcDbVisualStyle
  2
X-Ray
 70
    25
 71
     2
 72
     2
 73
     1
 90
        1
 40
0.5
 41
30.0
 62
     5
 63
     7
421
 16777215
 74
     1
 91
        0
 64
     7
 65
   257
 75
     1
175
     1
 42
1.0
 92
        8
 66
     7
 43
1.0
 76
     1
 77
     6
 78
     2
 67
     7
 79
     3
170
     0
171
     0
290
     0
174
     0
 93
       13
 44
0.0
173
     0
291
     0
 45
0.0
1001
ACAD
1000
AcDbSavedByObjectVersion
1070
     0
  0
DICTIONARYVAR
  5
866
102
{ACAD_REACTORS
330
865
102
}
330
865
100
DictionaryVariables
280
     0
  1
1:1
  0
DICTIONARYVAR
  5
867
102
{ACAD_REACTORS
330
865
102
}
330
865
100
DictionaryVariables
280
     0
  1
1
  0
DICTIONARY
  5
89A
330
45
100
AcDbDictionary
280
     1
281
     1
  3
ACAD_XREC_ROUNDTRIP
360
89B
  0
DICTIONARY
  5
898
330
44
100
AcDbDictionary
280
     1
281
     1
  3
ACAD_XREC_ROUNDTRIP
360
899
  0
DICTIONARY
  5
89C
330
46
100
AcDbDictionary
280
     1
281
     1
  3
ACAD_XREC_ROUNDTRIP
360
89D
  0
DICTIONARY
  5
870
330
2F
100
AcDbDictionary
280
     1
281
     1
  3
ACAD_XREC_ROUNDTRIP
360
871
  0
DICTIONARY
  5
876
330
32
100
AcDbDictionary
280
     1
281
     1
  3
ACAD_XREC_ROUNDTRIP
360
877
  0
DICTIONARY
  5
87E
330
36
100
AcDbDictionary
280
     1
281
     1
  3
ACAD_XREC_ROUNDTRIP
360
87F
  0
DICTIONARY
  5
886
330
3A
100
AcDbDictionary
280
     1
281
     1
  3
ACAD_XREC_ROUNDTRIP
360
887
  0
DICTIONARY
  5
87A
330
34
100
AcDbDictionary
280
     1
281
     1
  3
ACAD_XREC_ROUNDTRIP
360
87B
  0
DICTIONARY
  5
87C
330
35
100
AcDbDictionary
280
     1
281
     1
  3
ACAD_XREC_ROUNDTRIP
360
87D
  0
DICTIONARY
  5
88C
330
3D
100
AcDbDictionary
280
     1
281
     1
  3
ACAD_XREC_ROUNDTRIP
360
88D
  0
DICTIONARY
  5
884
330
39
100
AcDbDictionary
280
     1
281
     1
  3
ACAD_XREC_ROUNDTRIP
360
885
  0
DICTIONARY
  5
868
330
2B
100
AcDbDictionary
280
     1
281
     1
  3
ACAD_XREC_ROUNDTRIP
360
869
  0
DICTIONARY
  5
86A
330
2C
100
AcDbDictionary
280
     1
281
     1
  3
ACAD_XREC_ROUNDTRIP
360
86B
  0
DICTIONARY
  5
86C
330
2D
100
AcDbDictionary
280
     1
281
     1
  3
ACAD_XREC_ROUNDTRIP
360
86D
  0
DICTIONARY
  5
86E
330
2E
100
AcDbDictionary
280
     1
281
     1
  3
ACAD_XREC_ROUNDTRIP
360
86F
  0
DICTIONARY
  5
874
330
31
100
AcDbDictionary
280
     1
281
     1
  3
ACAD_XREC_ROUNDTRIP
360
875
  0
DICTIONARY
  5
888
330
3B
100
AcDbDictionary
280
     1
281
     1
  3
ACAD_XREC_ROUNDTRIP
360
889
  0
DICTIONARY
  5
882
330
38
100
AcDbDictionary
280
     1
281
     1
  3
ACAD_XREC_ROUNDTRIP
360
883
  0
DICTIONARY
  5
88A
330
3C
100
AcDbDictionary
280
     1
281
     1
  3
ACAD_XREC_ROUNDTRIP
360
88B
  0
DICTIONARY
  5
878
330
33
100
AcDbDictionary
280
     1
281
     1
  3
ACAD_XREC_ROUNDTRIP
360
879
  0
DICTIONARY
  5
896
330
42
100
AcDbDictionary
280
     1
281
     1
  3
ACAD_XREC_ROUNDTRIP
360
897
  0
DICTIONARY
  5
894
330
41
100
AcDbDictionary
280
     1
281
     1
  3
ACAD_XREC_ROUNDTRIP
360
895
  0
DICTIONARY
  5
88E
330
3E
100
AcDbDictionary
280
     1
281
     1
  3
ACAD_XREC_ROUNDTRIP
360
88F
  0
DICTIONARY
  5
890
330
3F
100
AcDbDictionary
280
     1
281
     1
  3
ACAD_XREC_ROUNDTRIP
360
891
  0
DICTIONARY
  5
880
330
37
100
AcDbDictionary
280
     1
281
     1
  3
ACAD_XREC_ROUNDTRIP
360
881
  0
DICTIONARY
  5
872
330
30
100
AcDbDictionary
280
     1
281
     1
  3
ACAD_XREC_ROUNDTRIP
360
873
  0
DICTIONARY
  5
892
330
40
100
AcDbDictionary
280
     1
281
     1
  3
ACAD_XREC_ROUNDTRIP
360
893
  0
XRECORD
  5
89B
102
{ACAD_REACTORS
330
89A
102
}
330
89A
100
AcDbXrecord
280
     1
102
MATERIAL
148
0.0
149
0.0
149
0.0
 93
        0
 94
      127
282
     0
 72
     1
 77
     1
171
     1
175
     1
179
     1
273
     0
  0
XRECORD
  5
899
102
{ACAD_REACTORS
330
898
102
}
330
898
100
AcDbXrecord
280
     1
102
MATERIAL
148
0.0
149
0.0
149
0.0
 93
        0
 94
      127
282
     0
 72
     1
 77
     1
171
     1
175
     1
179
     1
273
     0
  0
XRECORD
  5
89D
102
{ACAD_REACTORS
330
89C
102
}
330
89C
100
AcDbXrecord
280
     1
102
MATERIAL
148
0.0
149
0.0
149
0.0
 93
        0
 94
      127
282
     0
 72
     1
 77
     1
171
     1
175
     1
179
     1
273
     0
  0
XRECORD
  5
871
102
{ACAD_REACTORS
330
870
102
}
330
870
100
AcDbXrecord
280
     1
102
RTVSPropertyOp0
 70
     1
102
RTVSPropertyOp1
 70
     1
102
RTVSPropertyOp2
 70
     1
102
RTVSPropertyOp3
 70
     1
102
RTVSPropertyOp4
 70
     1
102
RTVSPropertyOp5
 70
     1
102
RTVSPropertyOp6
 70
     1
102
RTVSPropertyOp7
 70
     1
102
RTVSPropertyOp8
 70
     1
102
RTVSPropertyOp9
 70
     1
102
RTVSPropertyOp10
 70
     1
102
RTVSPropertyOp11
 70
     1
102
RTVSPropertyOp12
 70
     1
102
RTVSPropertyOp13
 70
     1
102
RTVSPropertyOp14
 70
     1
102
RTVSPropertyOp15
 70
     1
102
RTVSPropertyOp16
 70
     1
102
RTVSPropertyOp17
 70
     1
102
RTVSPropertyOp18
 70
     1
102
RTVSPropertyOp19
 70
     1
102
RTVSPropertyOp20
 70
     1
102
RTVSPropertyOp21
 70
     1
102
RTVSPropertyOp22
 70
     1
102
RTVSPropertyOp23
 70
     1
102
RTVSPropertyOp24
 70
     1
102
RTVSPropertyOp25
 70
     1
102
RTVSPropertyOp26
 70
     1
102
RTVSPropertyOp27
 70
     1
102
RTVSPropertyOp28
 70
     1
102
RTVSPropertyOp29
 70
     1
102
RTVSPropertyOp30
 70
     1
102
RTVSPropertyOp31
 70
     1
102
RTVSPropertyOp32
 70
     1
102
RTVSPropertyOp33
 70
     1
102
RTVSPropertyOp34
 70
     1
102
RTVSPropertyOp35
 70
     1
102
RTVSPropertyOp36
 70
     1
102
RTVSPropertyOp37
 70
     1
102
RTVSPropertyOp38
 70
     1
102
RTVSPropertyOp39
 70
     1
102
RTVSPropertyOp40
 70
     1
102
RTVSPropertyOp41
 70
     1
102
RTVSPropertyOp42
 70
     1
102
RTVSPropertyOp43
 70
     1
102
RTVSPropertyOp44
 70
     1
102
RTVSPropertyOp45
 70
     1
102
RTVSPropertyOp46
 70
     1
102
RTVSPropertyOp47
 70
     1
102
RTVSPropertyOp48
 70
     1
102
RTVSPropertyOp49
 70
     1
102
RTVSPropertyOp50
 70
     1
102
RTVSPropertyOp51
 70
     0
102
RTVSPropertyOp52
 70
     0
102
RTVSPropertyOp53
 70
     1
102
RTVSPropertyOp54
 70
     1
102
RTVSPropertyOp55
 70
     1
102
RTVSPropertyOp56
 70
     1
102
RTVSPropertyOp57
 70
     1
102
RTVSPost2010Prop28
280
     1
102
RTVSPost2010PropOp28
 70
     1
102
RTVSPost2010Prop29
280
     1
102
RTVSPost2010PropOp29
 70
     1
102
RTVSPost2010Prop30
280
     0
102
RTVSPost2010PropOp30
 70
     1
102
RTVSPost2010Prop31
280
     0
102
RTVSPost2010PropOp31
 70
     1
102
RTVSPost2010Prop32
280
     0
102
RTVSPost2010PropOp32
 70
     1
102
RTVSPost2010Prop33
280
     0
102
RTVSPost2010PropOp33
 70
     1
102
RTVSPost2010Prop34
280
     0
102
RTVSPost2010PropOp34
 70
     1
102
RTVSPost2010Prop35
280
     0
102
RTVSPost2010PropOp35
 70
     1
102
RTVSPost2010Prop36
280
     0
102
RTVSPost2010PropOp36
 70
     1
102
RTVSPost2010Prop37
 90
       50
102
RTVSPost2010PropOp37
 70
     1
102
RTVSPost2010Prop38
140
0.0
102
RTVSPost2010PropOp38
 70
     1
102
RTVSPost2010Prop39
140
1.0
102
RTVSPost2010PropOp39
 70
     1
102
RTVSPost2010Prop40
 90
        0
102
RTVSPost2010PropOp40
 70
     1
102
RTVSPost2010Prop41ColorIndex
 90
       18
102
RTVSPost2010Prop41ColorRGB
 90
        0
102
RTVSPost2010PropOp41
 70
     1
102
RTVSPost2010Prop42
 90
       50
102
RTVSPost2010PropOp42
 70
     1
102
RTVSPost2010Prop43
 90
        3
102
RTVSPost2010PropOp43
 70
     1
102
RTVSPost2010Prop44ColorIndex
 90
        5
102
RTVSPost2010Prop44ColorRGB
 90
      255
102
RTVSPost2010PropOp44
 70
     1
102
RTVSPost2010Prop45
280
     0
102
RTVSPost2010PropOp45
 70
     1
102
RTVSPost2010Prop46
 90
       50
102
RTVSPost2010PropOp46
 70
     1
102
RTVSPost2010Prop47
 90
       50
102
RTVSPost2010PropOp47
 70
     1
102
RTVSPost2010Prop48
 90
       50
102
RTVSPost2010PropOp48
 70
     1
102
RTVSPost2010Prop49
280
     0
102
RTVSPost2010PropOp49
 70
     1
102
RTVSPost2010Prop50
 90
       50
102
RTVSPost2010PropOp50
 70
     1
102
RTVSPost2010Prop51ColorIndex
 90
      256
102
RTVSPost2010Prop51ColorRGB
 90
-16777216
102
RTVSPost2010PropOp51
 70
     0
102
RTVSPost2010Prop52
140
1.0
102
RTVSPost2010PropOp52
 70
     0
102
RTVSPost2010Prop53
 90
        2
102
RTVSPost2010PropOp53
 70
     1
102
RTVSPost2010Prop54
  1
strokes_ogs.tif
102
RTVSPost2010PropOp54
 70
     1
102
RTVSPost2010Prop55
280
     0
102
RTVSPost2010PropOp55
 70
     1
102
RTVSPost2010Prop56
140
1.0
102
RTVSPost2010PropOp56
 70
     1
102
RTVSPost2010Prop57
140
1.0
102
RTVSPost2010PropOp57
 70
     1
  0
XRECORD
  5
877
102
{ACAD_REACTORS
330
876
102
}
330
876
100
AcDbXrecord
280
     1
102
RTVSPropertyOp0
 70
     1
102
RTVSPropertyOp1
 70
     1
102
RTVSPropertyOp2
 70
     1
102
RTVSPropertyOp3
 70
     1
102
RTVSPropertyOp4
 70
     1
102
RTVSPropertyOp5
 70
     1
102
RTVSPropertyOp6
 70
     1
102
RTVSPropertyOp7
 70
     1
102
RTVSPropertyOp8
 70
     1
102
RTVSPropertyOp9
 70
     1
102
RTVSPropertyOp10
 70
     1
102
RTVSPropertyOp11
 70
     1
102
RTVSPropertyOp12
 70
     1
102
RTVSPropertyOp13
 70
     1
102
RTVSPropertyOp14
 70
     1
102
RTVSPropertyOp15
 70
     1
102
RTVSPropertyOp16
 70
     1
102
RTVSPropertyOp17
 70
     1
102
RTVSPropertyOp18
 70
     1
102
RTVSPropertyOp19
 70
     1
102
RTVSPropertyOp20
 70
     1
102
RTVSPropertyOp21
 70
     1
102
RTVSPropertyOp22
 70
     1
102
RTVSPropertyOp23
 70
     1
102
RTVSPropertyOp24
 70
     1
102
RTVSPropertyOp25
 70
     1
102
RTVSPropertyOp26
 70
     1
102
RTVSPropertyOp27
 70
     1
102
RTVSPropertyOp28
 70
     1
102
RTVSPropertyOp29
 70
     1
102
RTVSPropertyOp30
 70
     1
102
RTVSPropertyOp31
 70
     1
102
RTVSPropertyOp32
 70
     1
102
RTVSPropertyOp33
 70
     1
102
RTVSPropertyOp34
 70
     1
102
RTVSPropertyOp35
 70
     1
102
RTVSPropertyOp36
 70
     1
102
RTVSPropertyOp37
 70
     1
102
RTVSPropertyOp38
 70
     1
102
RTVSPropertyOp39
 70
     1
102
RTVSPropertyOp40
 70
     1
102
RTVSPropertyOp41
 70
     1
102
RTVSPropertyOp42
 70
     1
102
RTVSPropertyOp43
 70
     1
102
RTVSPropertyOp44
 70
     1
102
RTVSPropertyOp45
 70
     1
102
RTVSPropertyOp46
 70
     1
102
RTVSPropertyOp47
 70
     1
102
RTVSPropertyOp48
 70
     1
102
RTVSPropertyOp49
 70
     1
102
RTVSPropertyOp50
 70
     1
102
RTVSPropertyOp51
 70
     0
102
RTVSPropertyOp52
 70
     0
102
RTVSPropertyOp53
 70
     1
102
RTVSPropertyOp54
 70
     1
102
RTVSPropertyOp55
 70
     1
102
RTVSPropertyOp56
 70
     1
102
RTVSPropertyOp57
 70
     1
102
RTVSPost2010Prop28
280
     0
102
RTVSPost2010PropOp28
 70
     1
102
RTVSPost2010Prop29
280
     1
102
RTVSPost2010PropOp29
 70
     1
102
RTVSPost2010Prop30
280
     1
102
RTVSPost2010PropOp30
 70
     1
102
RTVSPost2010Prop31
280
     0
102
RTVSPost2010PropOp31
 70
     1
102
RTVSPost2010Prop32
280
     0
102
RTVSPost2010PropOp32
 70
     1
102
RTVSPost2010Prop33
280
     0
102
RTVSPost2010PropOp33
 70
     1
102
RTVSPost2010Prop34
280
     0
102
RTVSPost2010PropOp34
 70
     1
102
RTVSPost2010Prop35
280
     0
102
RTVSPost2010PropOp35
 70
     1
102
RTVSPost2010Prop36
280
     0
102
RTVSPost2010PropOp36
 70
     1
102
RTVSPost2010Prop37
 90
       50
102
RTVSPost2010PropOp37
 70
     1
102
RTVSPost2010Prop38
140
0.0
102
RTVSPost2010PropOp38
 70
     1
102
RTVSPost2010Prop39
140
1.0
102
RTVSPost2010PropOp39
 70
     1
102
RTVSPost2010Prop40
 90
        0
102
RTVSPost2010PropOp40
 70
     1
102
RTVSPost2010Prop41ColorIndex
 90
       18
102
RTVSPost2010Prop41ColorRGB
 90
        0
102
RTVSPost2010PropOp41
 70
     1
102
RTVSPost2010Prop42
 90
       50
102
RTVSPost2010PropOp42
 70
     1
102
RTVSPost2010Prop43
 90
        3
102
RTVSPost2010PropOp43
 70
     1
102
RTVSPost2010Prop44ColorIndex
 90
        5
102
RTVSPost2010Prop44ColorRGB
 90
      255
102
RTVSPost2010PropOp44
 70
     1
102
RTVSPost2010Prop45
280
     0
102
RTVSPost2010PropOp45
 70
     1
102
RTVSPost2010Prop46
 90
       50
102
RTVSPost2010PropOp46
 70
     1
102
RTVSPost2010Prop47
 90
       50
102
RTVSPost2010PropOp47
 70
     1
102
RTVSPost2010Prop48
 90
       50
102
RTVSPost2010PropOp48
 70
     1
102
RTVSPost2010Prop49
280
     0
102
RTVSPost2010PropOp49
 70
     1
102
RTVSPost2010Prop50
 90
       50
102
RTVSPost2010PropOp50
 70
     1
102
RTVSPost2010Prop51ColorIndex
 90
      256
102
RTVSPost2010Prop51ColorRGB
 90
-16777216
102
RTVSPost2010PropOp51
 70
     0
102
RTVSPost2010Prop52
140
1.0
102
RTVSPost2010PropOp52
 70
     0
102
RTVSPost2010Prop53
 90
        2
102
RTVSPost2010PropOp53
 70
     1
102
RTVSPost2010Prop54
  1
strokes_ogs.tif
102
RTVSPost2010PropOp54
 70
     1
102
RTVSPost2010Prop55
280
     0
102
RTVSPost2010PropOp55
 70
     1
102
RTVSPost2010Prop56
140
1.0
102
RTVSPost2010PropOp56
 70
     1
102
RTVSPost2010Prop57
140
1.0
102
RTVSPost2010PropOp57
 70
     1
  0
XRECORD
  5
87F
102
{ACAD_REACTORS
330
87E
102
}
330
87E
100
AcDbXrecord
280
     1
102
RTVSPropertyOp0
 70
     1
102
RTVSPropertyOp1
 70
     1
102
RTVSPropertyOp2
 70
     1
102
RTVSPropertyOp3
 70
     1
102
RTVSPropertyOp4
 70
     1
102
RTVSPropertyOp5
 70
     1
102
RTVSPropertyOp6
 70
     1
102
RTVSPropertyOp7
 70
     1
102
RTVSPropertyOp8
 70
     1
102
RTVSPropertyOp9
 70
     1
102
RTVSPropertyOp10
 70
     1
102
RTVSPropertyOp11
 70
     1
102
RTVSPropertyOp12
 70
     1
102
RTVSPropertyOp13
 70
     1
102
RTVSPropertyOp14
 70
     1
102
RTVSPropertyOp15
 70
     1
102
RTVSPropertyOp16
 70
     1
102
RTVSPropertyOp17
 70
     1
102
RTVSPropertyOp18
 70
     1
102
RTVSPropertyOp19
 70
     1
102
RTVSPropertyOp20
 70
     1
102
RTVSPropertyOp21
 70
     1
102
RTVSPropertyOp22
 70
     1
102
RTVSPropertyOp23
 70
     1
102
RTVSPropertyOp24
 70
     1
102
RTVSPropertyOp25
 70
     1
102
RTVSPropertyOp26
 70
     1
102
RTVSPropertyOp27
 70
     1
102
RTVSPropertyOp28
 70
     1
102
RTVSPropertyOp29
 70
     1
102
RTVSPropertyOp30
 70
     1
102
RTVSPropertyOp31
 70
     1
102
RTVSPropertyOp32
 70
     1
102
RTVSPropertyOp33
 70
     1
102
RTVSPropertyOp34
 70
     1
102
RTVSPropertyOp35
 70
     1
102
RTVSPropertyOp36
 70
     1
102
RTVSPropertyOp37
 70
     1
102
RTVSPropertyOp38
 70
     1
102
RTVSPropertyOp39
 70
     1
102
RTVSPropertyOp40
 70
     1
102
RTVSPropertyOp41
 70
     1
102
RTVSPropertyOp42
 70
     1
102
RTVSPropertyOp43
 70
     1
102
RTVSPropertyOp44
 70
     1
102
RTVSPropertyOp45
 70
     1
102
RTVSPropertyOp46
 70
     1
102
RTVSPropertyOp47
 70
     1
102
RTVSPropertyOp48
 70
     1
102
RTVSPropertyOp49
 70
     1
102
RTVSPropertyOp50
 70
     1
102
RTVSPropertyOp51
 70
     0
102
RTVSPropertyOp52
 70
     0
102
RTVSPropertyOp53
 70
     1
102
RTVSPropertyOp54
 70
     1
102
RTVSPropertyOp55
 70
     1
102
RTVSPropertyOp56
 70
     1
102
RTVSPropertyOp57
 70
     1
102
RTVSPost2010Prop28
280
     0
102
RTVSPost2010PropOp28
 70
     1
102
RTVSPost2010Prop29
280
     1
102
RTVSPost2010PropOp29
 70
     1
102
RTVSPost2010Prop30
280
     1
102
RTVSPost2010PropOp30
 70
     1
102
RTVSPost2010Prop31
280
     0
102
RTVSPost2010PropOp31
 70
     1
102
RTVSPost2010Prop32
280
     0
102
RTVSPost2010PropOp32
 70
     1
102
RTVSPost2010Prop33
280
     0
102
RTVSPost2010PropOp33
 70
     1
102
RTVSPost2010Prop34
280
     0
102
RTVSPost2010PropOp34
 70
     1
102
RTVSPost2010Prop35
280
     0
102
RTVSPost2010PropOp35
 70
     1
102
RTVSPost2010Prop36
280
     0
102
RTVSPost2010PropOp36
 70
     1
102
RTVSPost2010Prop37
 90
       50
102
RTVSPost2010PropOp37
 70
     1
102
RTVSPost2010Prop38
140
0.0
102
RTVSPost2010PropOp38
 70
     1
102
RTVSPost2010Prop39
140
1.0
102
RTVSPost2010PropOp39
 70
     1
102
RTVSPost2010Prop40
 90
        0
102
RTVSPost2010PropOp40
 70
     1
102
RTVSPost2010Prop41ColorIndex
 90
       18
102
RTVSPost2010Prop41ColorRGB
 90
        0
102
RTVSPost2010PropOp41
 70
     1
102
RTVSPost2010Prop42
 90
       50
102
RTVSPost2010PropOp42
 70
     1
102
RTVSPost2010Prop43
 90
        3
102
RTVSPost2010PropOp43
 70
     1
102
RTVSPost2010Prop44ColorIndex
 90
        5
102
RTVSPost2010Prop44ColorRGB
 90
      255
102
RTVSPost2010PropOp44
 70
     1
102
RTVSPost2010Prop45
280
     0
102
RTVSPost2010PropOp45
 70
     1
102
RTVSPost2010Prop46
 90
       50
102
RTVSPost2010PropOp46
 70
     1
102
RTVSPost2010Prop47
 90
       50
102
RTVSPost2010PropOp47
 70
     1
102
RTVSPost2010Prop48
 90
       50
102
RTVSPost2010PropOp48
 70
     1
102
RTVSPost2010Prop49
280
     0
102
RTVSPost2010PropOp49
 70
     1
102
RTVSPost2010Prop50
 90
       50
102
RTVSPost2010PropOp50
 70
     1
102
RTVSPost2010Prop51ColorIndex
 90
      256
102
RTVSPost2010Prop51ColorRGB
 90
-16777216
102
RTVSPost2010PropOp51
 70
     0
102
RTVSPost2010Prop52
140
1.0
102
RTVSPost2010PropOp52
 70
     0
102
RTVSPost2010Prop53
 90
        2
102
RTVSPost2010PropOp53
 70
     1
102
RTVSPost2010Prop54
  1
strokes_ogs.tif
102
RTVSPost2010PropOp54
 70
     1
102
RTVSPost2010Prop55
280
     0
102
RTVSPost2010PropOp55
 70
     1
102
RTVSPost2010Prop56
140
1.0
102
RTVSPost2010PropOp56
 70
     1
102
RTVSPost2010Prop57
140
1.0
102
RTVSPost2010PropOp57
 70
     1
  0
XRECORD
  5
887
102
{ACAD_REACTORS
330
886
102
}
330
886
100
AcDbXrecord
280
     1
102
RTVSPropertyOp0
 70
     1
102
RTVSPropertyOp1
 70
     1
102
RTVSPropertyOp2
 70
     1
102
RTVSPropertyOp3
 70
     1
102
RTVSPropertyOp4
 70
     1
102
RTVSPropertyOp5
 70
     1
102
RTVSPropertyOp6
 70
     1
102
RTVSPropertyOp7
 70
     1
102
RTVSPropertyOp8
 70
     1
102
RTVSPropertyOp9
 70
     1
102
RTVSPropertyOp10
 70
     1
102
RTVSPropertyOp11
 70
     1
102
RTVSPropertyOp12
 70
     1
102
RTVSPropertyOp13
 70
     1
102
RTVSPropertyOp14
 70
     1
102
RTVSPropertyOp15
 70
     1
102
RTVSPropertyOp16
 70
     1
102
RTVSPropertyOp17
 70
     1
102
RTVSPropertyOp18
 70
     1
102
RTVSPropertyOp19
 70
     1
102
RTVSPropertyOp20
 70
     1
102
RTVSPropertyOp21
 70
     1
102
RTVSPropertyOp22
 70
     1
102
RTVSPropertyOp23
 70
     1
102
RTVSPropertyOp24
 70
     1
102
RTVSPropertyOp25
 70
     1
102
RTVSPropertyOp26
 70
     1
102
RTVSPropertyOp27
 70
     1
102
RTVSPropertyOp28
 70
     1
102
RTVSPropertyOp29
 70
     1
102
RTVSPropertyOp30
 70
     1
102
RTVSPropertyOp31
 70
     1
102
RTVSPropertyOp32
 70
     1
102
RTVSPropertyOp33
 70
     1
102
RTVSPropertyOp34
 70
     1
102
RTVSPropertyOp35
 70
     1
102
RTVSPropertyOp36
 70
     1
102
RTVSPropertyOp37
 70
     1
102
RTVSPropertyOp38
 70
     1
102
RTVSPropertyOp39
 70
     1
102
RTVSPropertyOp40
 70
     1
102
RTVSPropertyOp41
 70
     1
102
RTVSPropertyOp42
 70
     1
102
RTVSPropertyOp43
 70
     1
102
RTVSPropertyOp44
 70
     1
102
RTVSPropertyOp45
 70
     1
102
RTVSPropertyOp46
 70
     1
102
RTVSPropertyOp47
 70
     1
102
RTVSPropertyOp48
 70
     1
102
RTVSPropertyOp49
 70
     1
102
RTVSPropertyOp50
 70
     1
102
RTVSPropertyOp51
 70
     0
102
RTVSPropertyOp52
 70
     0
102
RTVSPropertyOp53
 70
     1
102
RTVSPropertyOp54
 70
     1
102
RTVSPropertyOp55
 70
     1
102
RTVSPropertyOp56
 70
     1
102
RTVSPropertyOp57
 70
     1
102
RTVSPost2010Prop28
280
     0
102
RTVSPost2010PropOp28
 70
     1
102
RTVSPost2010Prop29
280
     1
102
RTVSPost2010PropOp29
 70
     1
102
RTVSPost2010Prop30
280
     1
102
RTVSPost2010PropOp30
 70
     1
102
RTVSPost2010Prop31
280
     0
102
RTVSPost2010PropOp31
 70
     1
102
RTVSPost2010Prop32
280
     0
102
RTVSPost2010PropOp32
 70
     1
102
RTVSPost2010Prop33
280
     0
102
RTVSPost2010PropOp33
 70
     1
102
RTVSPost2010Prop34
280
     0
102
RTVSPost2010PropOp34
 70
     1
102
RTVSPost2010Prop35
280
     0
102
RTVSPost2010PropOp35
 70
     1
102
RTVSPost2010Prop36
280
     0
102
RTVSPost2010PropOp36
 70
     1
102
RTVSPost2010Prop37
 90
       50
102
RTVSPost2010PropOp37
 70
     1
102
RTVSPost2010Prop38
140
0.0
102
RTVSPost2010PropOp38
 70
     1
102
RTVSPost2010Prop39
140
1.0
102
RTVSPost2010PropOp39
 70
     1
102
RTVSPost2010Prop40
 90
        0
102
RTVSPost2010PropOp40
 70
     1
102
RTVSPost2010Prop41ColorIndex
 90
       18
102
RTVSPost2010Prop41ColorRGB
 90
        0
102
RTVSPost2010PropOp41
 70
     1
102
RTVSPost2010Prop42
 90
       50
102
RTVSPost2010PropOp42
 70
     1
102
RTVSPost2010Prop43
 90
        3
102
RTVSPost2010PropOp43
 70
     1
102
RTVSPost2010Prop44ColorIndex
 90
        5
102
RTVSPost2010Prop44ColorRGB
 90
      255
102
RTVSPost2010PropOp44
 70
     1
102
RTVSPost2010Prop45
280
     0
102
RTVSPost2010PropOp45
 70
     1
102
RTVSPost2010Prop46
 90
       50
102
RTVSPost2010PropOp46
 70
     1
102
RTVSPost2010Prop47
 90
       50
102
RTVSPost2010PropOp47
 70
     1
102
RTVSPost2010Prop48
 90
       50
102
RTVSPost2010PropOp48
 70
     1
102
RTVSPost2010Prop49
280
     0
102
RTVSPost2010PropOp49
 70
     1
102
RTVSPost2010Prop50
 90
       50
102
RTVSPost2010PropOp50
 70
     1
102
RTVSPost2010Prop51ColorIndex
 90
      256
102
RTVSPost2010Prop51ColorRGB
 90
-16777216
102
RTVSPost2010PropOp51
 70
     0
102
RTVSPost2010Prop52
140
1.0
102
RTVSPost2010PropOp52
 70
     0
102
RTVSPost2010Prop53
 90
        2
102
RTVSPost2010PropOp53
 70
     1
102
RTVSPost2010Prop54
  1
strokes_ogs.tif
102
RTVSPost2010PropOp54
 70
     1
102
RTVSPost2010Prop55
280
     0
102
RTVSPost2010PropOp55
 70
     1
102
RTVSPost2010Prop56
140
1.0
102
RTVSPost2010PropOp56
 70
     1
102
RTVSPost2010Prop57
140
1.0
102
RTVSPost2010PropOp57
 70
     1
  0
XRECORD
  5
87B
102
{ACAD_REACTORS
330
87A
102
}
330
87A
100
AcDbXrecord
280
     1
102
RTVSPropertyOp0
 70
     1
102
RTVSPropertyOp1
 70
     1
102
RTVSPropertyOp2
 70
     1
102
RTVSPropertyOp3
 70
     1
102
RTVSPropertyOp4
 70
     1
102
RTVSPropertyOp5
 70
     1
102
RTVSPropertyOp6
 70
     1
102
RTVSPropertyOp7
 70
     1
102
RTVSPropertyOp8
 70
     1
102
RTVSPropertyOp9
 70
     1
102
RTVSPropertyOp10
 70
     1
102
RTVSPropertyOp11
 70
     1
102
RTVSPropertyOp12
 70
     1
102
RTVSPropertyOp13
 70
     1
102
RTVSPropertyOp14
 70
     1
102
RTVSPropertyOp15
 70
     1
102
RTVSPropertyOp16
 70
     1
102
RTVSPropertyOp17
 70
     1
102
RTVSPropertyOp18
 70
     1
102
RTVSPropertyOp19
 70
     1
102
RTVSPropertyOp20
 70
     1
102
RTVSPropertyOp21
 70
     1
102
RTVSPropertyOp22
 70
     1
102
RTVSPropertyOp23
 70
     1
102
RTVSPropertyOp24
 70
     1
102
RTVSPropertyOp25
 70
     1
102
RTVSPropertyOp26
 70
     1
102
RTVSPropertyOp27
 70
     1
102
RTVSPropertyOp28
 70
     1
102
RTVSPropertyOp29
 70
     1
102
RTVSPropertyOp30
 70
     1
102
RTVSPropertyOp31
 70
     1
102
RTVSPropertyOp32
 70
     1
102
RTVSPropertyOp33
 70
     1
102
RTVSPropertyOp34
 70
     1
102
RTVSPropertyOp35
 70
     1
102
RTVSPropertyOp36
 70
     1
102
RTVSPropertyOp37
 70
     1
102
RTVSPropertyOp38
 70
     1
102
RTVSPropertyOp39
 70
     1
102
RTVSPropertyOp40
 70
     1
102
RTVSPropertyOp41
 70
     1
102
RTVSPropertyOp42
 70
     1
102
RTVSPropertyOp43
 70
     1
102
RTVSPropertyOp44
 70
     1
102
RTVSPropertyOp45
 70
     1
102
RTVSPropertyOp46
 70
     1
102
RTVSPropertyOp47
 70
     1
102
RTVSPropertyOp48
 70
     1
102
RTVSPropertyOp49
 70
     1
102
RTVSPropertyOp50
 70
     1
102
RTVSPropertyOp51
 70
     0
102
RTVSPropertyOp52
 70
     0
102
RTVSPropertyOp53
 70
     1
102
RTVSPropertyOp54
 70
     1
102
RTVSPropertyOp55
 70
     1
102
RTVSPropertyOp56
 70
     1
102
RTVSPropertyOp57
 70
     1
102
RTVSPost2010Prop28
280
     0
102
RTVSPost2010PropOp28
 70
     1
102
RTVSPost2010Prop29
280
     1
102
RTVSPost2010PropOp29
 70
     1
102
RTVSPost2010Prop30
280
     1
102
RTVSPost2010PropOp30
 70
     1
102
RTVSPost2010Prop31
280
     0
102
RTVSPost2010PropOp31
 70
     1
102
RTVSPost2010Prop32
280
     0
102
RTVSPost2010PropOp32
 70
     1
102
RTVSPost2010Prop33
280
     0
102
RTVSPost2010PropOp33
 70
     1
102
RTVSPost2010Prop34
280
     0
102
RTVSPost2010PropOp34
 70
     1
102
RTVSPost2010Prop35
280
     0
102
RTVSPost2010PropOp35
 70
     1
102
RTVSPost2010Prop36
280
     0
102
RTVSPost2010PropOp36
 70
     1
102
RTVSPost2010Prop37
 90
       50
102
RTVSPost2010PropOp37
 70
     1
102
RTVSPost2010Prop38
140
0.0
102
RTVSPost2010PropOp38
 70
     1
102
RTVSPost2010Prop39
140
1.0
102
RTVSPost2010PropOp39
 70
     1
102
RTVSPost2010Prop40
 90
        0
102
RTVSPost2010PropOp40
 70
     1
102
RTVSPost2010Prop41ColorIndex
 90
       18
102
RTVSPost2010Prop41ColorRGB
 90
        0
102
RTVSPost2010PropOp41
 70
     1
102
RTVSPost2010Prop42
 90
       50
102
RTVSPost2010PropOp42
 70
     1
102
RTVSPost2010Prop43
 90
        3
102
RTVSPost2010PropOp43
 70
     1
102
RTVSPost2010Prop44ColorIndex
 90
        5
102
RTVSPost2010Prop44ColorRGB
 90
      255
102
RTVSPost2010PropOp44
 70
     1
102
RTVSPost2010Prop45
280
     0
102
RTVSPost2010PropOp45
 70
     1
102
RTVSPost2010Prop46
 90
       50
102
RTVSPost2010PropOp46
 70
     1
102
RTVSPost2010Prop47
 90
       50
102
RTVSPost2010PropOp47
 70
     1
102
RTVSPost2010Prop48
 90
       50
102
RTVSPost2010PropOp48
 70
     1
102
RTVSPost2010Prop49
280
     0
102
RTVSPost2010PropOp49
 70
     1
102
RTVSPost2010Prop50
 90
       50
102
RTVSPost2010PropOp50
 70
     1
102
RTVSPost2010Prop51ColorIndex
 90
      256
102
RTVSPost2010Prop51ColorRGB
 90
-16777216
102
RTVSPost2010PropOp51
 70
     0
102
RTVSPost2010Prop52
140
1.0
102
RTVSPost2010PropOp52
 70
     0
102
RTVSPost2010Prop53
 90
        2
102
RTVSPost2010PropOp53
 70
     1
102
RTVSPost2010Prop54
  1
strokes_ogs.tif
102
RTVSPost2010PropOp54
 70
     1
102
RTVSPost2010Prop55
280
     0
102
RTVSPost2010PropOp55
 70
     1
102
RTVSPost2010Prop56
140
1.0
102
RTVSPost2010PropOp56
 70
     1
102
RTVSPost2010Prop57
140
1.0
102
RTVSPost2010PropOp57
 70
     1
  0
XRECORD
  5
87D
102
{ACAD_REACTORS
330
87C
102
}
330
87C
100
AcDbXrecord
280
     1
102
RTVSPropertyOp0
 70
     1
102
RTVSPropertyOp1
 70
     1
102
RTVSPropertyOp2
 70
     1
102
RTVSPropertyOp3
 70
     1
102
RTVSPropertyOp4
 70
     1
102
RTVSPropertyOp5
 70
     1
102
RTVSPropertyOp6
 70
     1
102
RTVSPropertyOp7
 70
     1
102
RTVSPropertyOp8
 70
     1
102
RTVSPropertyOp9
 70
     1
102
RTVSPropertyOp10
 70
     1
102
RTVSPropertyOp11
 70
     1
102
RTVSPropertyOp12
 70
     1
102
RTVSPropertyOp13
 70
     1
102
RTVSPropertyOp14
 70
     1
102
RTVSPropertyOp15
 70
     1
102
RTVSPropertyOp16
 70
     1
102
RTVSPropertyOp17
 70
     1
102
RTVSPropertyOp18
 70
     1
102
RTVSPropertyOp19
 70
     1
102
RTVSPropertyOp20
 70
     1
102
RTVSPropertyOp21
 70
     1
102
RTVSPropertyOp22
 70
     1
102
RTVSPropertyOp23
 70
     1
102
RTVSPropertyOp24
 70
     1
102
RTVSPropertyOp25
 70
     1
102
RTVSPropertyOp26
 70
     1
102
RTVSPropertyOp27
 70
     1
102
RTVSPropertyOp28
 70
     1
102
RTVSPropertyOp29
 70
     1
102
RTVSPropertyOp30
 70
     1
102
RTVSPropertyOp31
 70
     1
102
RTVSPropertyOp32
 70
     1
102
RTVSPropertyOp33
 70
     1
102
RTVSPropertyOp34
 70
     1
102
RTVSPropertyOp35
 70
     1
102
RTVSPropertyOp36
 70
     1
102
RTVSPropertyOp37
 70
     1
102
RTVSPropertyOp38
 70
     1
102
RTVSPropertyOp39
 70
     1
102
RTVSPropertyOp40
 70
     1
102
RTVSPropertyOp41
 70
     1
102
RTVSPropertyOp42
 70
     1
102
RTVSPropertyOp43
 70
     1
102
RTVSPropertyOp44
 70
     1
102
RTVSPropertyOp45
 70
     1
102
RTVSPropertyOp46
 70
     1
102
RTVSPropertyOp47
 70
     1
102
RTVSPropertyOp48
 70
     1
102
RTVSPropertyOp49
 70
     1
102
RTVSPropertyOp50
 70
     1
102
RTVSPropertyOp51
 70
     0
102
RTVSPropertyOp52
 70
     0
102
RTVSPropertyOp53
 70
     1
102
RTVSPropertyOp54
 70
     1
102
RTVSPropertyOp55
 70
     1
102
RTVSPropertyOp56
 70
     1
102
RTVSPropertyOp57
 70
     1
102
RTVSPost2010Prop28
280
     0
102
RTVSPost2010PropOp28
 70
     1
102
RTVSPost2010Prop29
280
     1
102
RTVSPost2010PropOp29
 70
     1
102
RTVSPost2010Prop30
280
     1
102
RTVSPost2010PropOp30
 70
     1
102
RTVSPost2010Prop31
280
     0
102
RTVSPost2010PropOp31
 70
     1
102
RTVSPost2010Prop32
280
     0
102
RTVSPost2010PropOp32
 70
     1
102
RTVSPost2010Prop33
280
     0
102
RTVSPost2010PropOp33
 70
     1
102
RTVSPost2010Prop34
280
     0
102
RTVSPost2010PropOp34
 70
     1
102
RTVSPost2010Prop35
280
     0
102
RTVSPost2010PropOp35
 70
     1
102
RTVSPost2010Prop36
280
     0
102
RTVSPost2010PropOp36
 70
     1
102
RTVSPost2010Prop37
 90
       50
102
RTVSPost2010PropOp37
 70
     1
102
RTVSPost2010Prop38
140
0.0
102
RTVSPost2010PropOp38
 70
     1
102
RTVSPost2010Prop39
140
1.0
102
RTVSPost2010PropOp39
 70
     1
102
RTVSPost2010Prop40
 90
        0
102
RTVSPost2010PropOp40
 70
     1
102
RTVSPost2010Prop41ColorIndex
 90
       18
102
RTVSPost2010Prop41ColorRGB
 90
        0
102
RTVSPost2010PropOp41
 70
     1
102
RTVSPost2010Prop42
 90
       50
102
RTVSPost2010PropOp42
 70
     1
102
RTVSPost2010Prop43
 90
        3
102
RTVSPost2010PropOp43
 70
     1
102
RTVSPost2010Prop44ColorIndex
 90
        5
102
RTVSPost2010Prop44ColorRGB
 90
      255
102
RTVSPost2010PropOp44
 70
     1
102
RTVSPost2010Prop45
280
     0
102
RTVSPost2010PropOp45
 70
     1
102
RTVSPost2010Prop46
 90
       50
102
RTVSPost2010PropOp46
 70
     1
102
RTVSPost2010Prop47
 90
       50
102
RTVSPost2010PropOp47
 70
     1
102
RTVSPost2010Prop48
 90
       50
102
RTVSPost2010PropOp48
 70
     1
102
RTVSPost2010Prop49
280
     0
102
RTVSPost2010PropOp49
 70
     1
102
RTVSPost2010Prop50
 90
       50
102
RTVSPost2010PropOp50
 70
     1
102
RTVSPost2010Prop51ColorIndex
 90
      256
102
RTVSPost2010Prop51ColorRGB
 90
-16777216
102
RTVSPost2010PropOp51
 70
     0
102
RTVSPost2010Prop52
140
1.0
102
RTVSPost2010PropOp52
 70
     0
102
RTVSPost2010Prop53
 90
        2
102
RTVSPost2010PropOp53
 70
     1
102
RTVSPost2010Prop54
  1
strokes_ogs.tif
102
RTVSPost2010PropOp54
 70
     1
102
RTVSPost2010Prop55
280
     0
102
RTVSPost2010PropOp55
 70
     1
102
RTVSPost2010Prop56
140
1.0
102
RTVSPost2010PropOp56
 70
     1
102
RTVSPost2010Prop57
140
1.0
102
RTVSPost2010PropOp57
 70
     1
  0
XRECORD
  5
88D
102
{ACAD_REACTORS
330
88C
102
}
330
88C
100
AcDbXrecord
280
     1
102
RTVSPropertyOp0
 70
     0
102
RTVSPropertyOp1
 70
     0
102
RTVSPropertyOp2
 70
     0
102
RTVSPropertyOp3
 70
     0
102
RTVSPropertyOp4
 70
     0
102
RTVSPropertyOp5
 70
     0
102
RTVSPropertyOp6
 70
     0
102
RTVSPropertyOp7
 70
     0
102
RTVSPropertyOp8
 70
     0
102
RTVSPropertyOp9
 70
     0
102
RTVSPropertyOp10
 70
     0
102
RTVSPropertyOp11
 70
     0
102
RTVSPropertyOp12
 70
     0
102
RTVSPropertyOp13
 70
     0
102
RTVSPropertyOp14
 70
     2
102
RTVSPropertyOp15
 70
     0
102
RTVSPropertyOp16
 70
     0
102
RTVSPropertyOp17
 70
     0
102
RTVSPropertyOp18
 70
     0
102
RTVSPropertyOp19
 70
     0
102
RTVSPropertyOp20
 70
     0
102
RTVSPropertyOp21
 70
     0
102
RTVSPropertyOp22
 70
     0
102
RTVSPropertyOp23
 70
     0
102
RTVSPropertyOp24
 70
     0
102
RTVSPropertyOp25
 70
     0
102
RTVSPropertyOp26
 70
     0
102
RTVSPropertyOp27
 70
     0
102
RTVSPropertyOp28
 70
     0
102
RTVSPropertyOp29
 70
     0
102
RTVSPropertyOp30
 70
     0
102
RTVSPropertyOp31
 70
     0
102
RTVSPropertyOp32
 70
     0
102
RTVSPropertyOp33
 70
     0
102
RTVSPropertyOp34
 70
     0
102
RTVSPropertyOp35
 70
     0
102
RTVSPropertyOp36
 70
     0
102
RTVSPropertyOp37
 70
     0
102
RTVSPropertyOp38
 70
     0
102
RTVSPropertyOp39
 70
     0
102
RTVSPropertyOp40
 70
     0
102
RTVSPropertyOp41
 70
     0
102
RTVSPropertyOp42
 70
     0
102
RTVSPropertyOp43
 70
     0
102
RTVSPropertyOp44
 70
     0
102
RTVSPropertyOp45
 70
     0
102
RTVSPropertyOp46
 70
     0
102
RTVSPropertyOp47
 70
     0
102
RTVSPropertyOp48
 70
     0
102
RTVSPropertyOp49
 70
     0
102
RTVSPropertyOp50
 70
     0
102
RTVSPropertyOp51
 70
     0
102
RTVSPropertyOp52
 70
     0
102
RTVSPropertyOp53
 70
     0
102
RTVSPropertyOp54
 70
     0
102
RTVSPropertyOp55
 70
     0
102
RTVSPropertyOp56
 70
     0
102
RTVSPropertyOp57
 70
     0
102
RTVSPost2010Prop28
280
     0
102
RTVSPost2010PropOp28
 70
     0
102
RTVSPost2010Prop29
280
     1
102
RTVSPost2010PropOp29
 70
     0
102
RTVSPost2010Prop30
280
     1
102
RTVSPost2010PropOp30
 70
     0
102
RTVSPost2010Prop31
280
     0
102
RTVSPost2010PropOp31
 70
     0
102
RTVSPost2010Prop32
280
     0
102
RTVSPost2010PropOp32
 70
     0
102
RTVSPost2010Prop33
280
     0
102
RTVSPost2010PropOp33
 70
     0
102
RTVSPost2010Prop34
280
     0
102
RTVSPost2010PropOp34
 70
     0
102
RTVSPost2010Prop35
280
     0
102
RTVSPost2010PropOp35
 70
     0
102
RTVSPost2010Prop36
280
     0
102
RTVSPost2010PropOp36
 70
     0
102
RTVSPost2010Prop37
 90
       50
102
RTVSPost2010PropOp37
 70
     0
102
RTVSPost2010Prop38
140
0.0
102
RTVSPost2010PropOp38
 70
     0
102
RTVSPost2010Prop39
140
1.0
102
RTVSPost2010PropOp39
 70
     0
102
RTVSPost2010Prop40
 90
        0
102
RTVSPost2010PropOp40
 70
     0
102
RTVSPost2010Prop41ColorIndex
 90
       18
102
RTVSPost2010Prop41ColorRGB
 90
        0
102
RTVSPost2010PropOp41
 70
     0
102
RTVSPost2010Prop42
 90
       50
102
RTVSPost2010PropOp42
 70
     0
102
RTVSPost2010Prop43
 90
        3
102
RTVSPost2010PropOp43
 70
     0
102
RTVSPost2010Prop44ColorIndex
 90
        5
102
RTVSPost2010Prop44ColorRGB
 90
      255
102
RTVSPost2010PropOp44
 70
     0
102
RTVSPost2010Prop45
280
     0
102
RTVSPost2010PropOp45
 70
     0
102
RTVSPost2010Prop46
 90
       50
102
RTVSPost2010PropOp46
 70
     0
102
RTVSPost2010Prop47
 90
       50
102
RTVSPost2010PropOp47
 70
     0
102
RTVSPost2010Prop48
 90
       50
102
RTVSPost2010PropOp48
 70
     0
102
RTVSPost2010Prop49
280
     0
102
RTVSPost2010PropOp49
 70
     0
102
RTVSPost2010Prop50
 90
       50
102
RTVSPost2010PropOp50
 70
     0
102
RTVSPost2010Prop51ColorIndex
 90
      256
102
RTVSPost2010Prop51ColorRGB
 90
-16777216
102
RTVSPost2010PropOp51
 70
     0
102
RTVSPost2010Prop52
140
1.0
102
RTVSPost2010PropOp52
 70
     0
102
RTVSPost2010Prop53
 90
        2
102
RTVSPost2010PropOp53
 70
     0
102
RTVSPost2010Prop54
  1
strokes_ogs.tif
102
RTVSPost2010PropOp54
 70
     0
102
RTVSPost2010Prop55
280
     0
102
RTVSPost2010PropOp55
 70
     0
102
RTVSPost2010Prop56
140
1.0
102
RTVSPost2010PropOp56
 70
     0
102
RTVSPost2010Prop57
140
1.0
102
RTVSPost2010PropOp57
 70
     0
  0
XRECORD
  5
885
102
{ACAD_REACTORS
330
884
102
}
330
884
100
AcDbXrecord
280
     1
102
RTVSPropertyOp0
 70
     1
102
RTVSPropertyOp1
 70
     1
102
RTVSPropertyOp2
 70
     1
102
RTVSPropertyOp3
 70
     1
102
RTVSPropertyOp4
 70
     1
102
RTVSPropertyOp5
 70
     1
102
RTVSPropertyOp6
 70
     1
102
RTVSPropertyOp7
 70
     1
102
RTVSPropertyOp8
 70
     1
102
RTVSPropertyOp9
 70
     1
102
RTVSPropertyOp10
 70
     1
102
RTVSPropertyOp11
 70
     1
102
RTVSPropertyOp12
 70
     1
102
RTVSPropertyOp13
 70
     1
102
RTVSPropertyOp14
 70
     1
102
RTVSPropertyOp15
 70
     1
102
RTVSPropertyOp16
 70
     1
102
RTVSPropertyOp17
 70
     1
102
RTVSPropertyOp18
 70
     1
102
RTVSPropertyOp19
 70
     1
102
RTVSPropertyOp20
 70
     1
102
RTVSPropertyOp21
 70
     1
102
RTVSPropertyOp22
 70
     1
102
RTVSPropertyOp23
 70
     1
102
RTVSPropertyOp24
 70
     1
102
RTVSPropertyOp25
 70
     1
102
RTVSPropertyOp26
 70
     1
102
RTVSPropertyOp27
 70
     1
102
RTVSPropertyOp28
 70
     1
102
RTVSPropertyOp29
 70
     1
102
RTVSPropertyOp30
 70
     1
102
RTVSPropertyOp31
 70
     1
102
RTVSPropertyOp32
 70
     1
102
RTVSPropertyOp33
 70
     1
102
RTVSPropertyOp34
 70
     1
102
RTVSPropertyOp35
 70
     1
102
RTVSPropertyOp36
 70
     1
102
RTVSPropertyOp37
 70
     1
102
RTVSPropertyOp38
 70
     1
102
RTVSPropertyOp39
 70
     1
102
RTVSPropertyOp40
 70
     1
102
RTVSPropertyOp41
 70
     1
102
RTVSPropertyOp42
 70
     1
102
RTVSPropertyOp43
 70
     1
102
RTVSPropertyOp44
 70
     1
102
RTVSPropertyOp45
 70
     1
102
RTVSPropertyOp46
 70
     1
102
RTVSPropertyOp47
 70
     1
102
RTVSPropertyOp48
 70
     1
102
RTVSPropertyOp49
 70
     1
102
RTVSPropertyOp50
 70
     1
102
RTVSPropertyOp51
 70
     0
102
RTVSPropertyOp52
 70
     0
102
RTVSPropertyOp53
 70
     1
102
RTVSPropertyOp54
 70
     1
102
RTVSPropertyOp55
 70
     1
102
RTVSPropertyOp56
 70
     1
102
RTVSPropertyOp57
 70
     1
102
RTVSPost2010Prop28
280
     0
102
RTVSPost2010PropOp28
 70
     1
102
RTVSPost2010Prop29
280
     1
102
RTVSPost2010PropOp29
 70
     1
102
RTVSPost2010Prop30
280
     1
102
RTVSPost2010PropOp30
 70
     1
102
RTVSPost2010Prop31
280
     0
102
RTVSPost2010PropOp31
 70
     1
102
RTVSPost2010Prop32
280
     0
102
RTVSPost2010PropOp32
 70
     1
102
RTVSPost2010Prop33
280
     0
102
RTVSPost2010PropOp33
 70
     1
102
RTVSPost2010Prop34
280
     0
102
RTVSPost2010PropOp34
 70
     1
102
RTVSPost2010Prop35
280
     0
102
RTVSPost2010PropOp35
 70
     1
102
RTVSPost2010Prop36
280
     0
102
RTVSPost2010PropOp36
 70
     1
102
RTVSPost2010Prop37
 90
       50
102
RTVSPost2010PropOp37
 70
     1
102
RTVSPost2010Prop38
140
0.0
102
RTVSPost2010PropOp38
 70
     1
102
RTVSPost2010Prop39
140
1.0
102
RTVSPost2010PropOp39
 70
     1
102
RTVSPost2010Prop40
 90
        0
102
RTVSPost2010PropOp40
 70
     1
102
RTVSPost2010Prop41ColorIndex
 90
       18
102
RTVSPost2010Prop41ColorRGB
 90
        0
102
RTVSPost2010PropOp41
 70
     1
102
RTVSPost2010Prop42
 90
       50
102
RTVSPost2010PropOp42
 70
     1
102
RTVSPost2010Prop43
 90
        3
102
RTVSPost2010PropOp43
 70
     1
102
RTVSPost2010Prop44ColorIndex
 90
        5
102
RTVSPost2010Prop44ColorRGB
 90
      255
102
RTVSPost2010PropOp44
 70
     1
102
RTVSPost2010Prop45
280
     0
102
RTVSPost2010PropOp45
 70
     1
102
RTVSPost2010Prop46
 90
       50
102
RTVSPost2010PropOp46
 70
     1
102
RTVSPost2010Prop47
 90
       50
102
RTVSPost2010PropOp47
 70
     1
102
RTVSPost2010Prop48
 90
       50
102
RTVSPost2010PropOp48
 70
     1
102
RTVSPost2010Prop49
280
     0
102
RTVSPost2010PropOp49
 70
     1
102
RTVSPost2010Prop50
 90
       50
102
RTVSPost2010PropOp50
 70
     1
102
RTVSPost2010Prop51ColorIndex
 90
      256
102
RTVSPost2010Prop51ColorRGB
 90
-16777216
102
RTVSPost2010PropOp51
 70
     0
102
RTVSPost2010Prop52
140
1.0
102
RTVSPost2010PropOp52
 70
     0
102
RTVSPost2010Prop53
 90
        2
102
RTVSPost2010PropOp53
 70
     1
102
RTVSPost2010Prop54
  1
strokes_ogs.tif
102
RTVSPost2010PropOp54
 70
     1
102
RTVSPost2010Prop55
280
     0
102
RTVSPost2010PropOp55
 70
     1
102
RTVSPost2010Prop56
140
1.0
102
RTVSPost2010PropOp56
 70
     1
102
RTVSPost2010Prop57
140
1.0
102
RTVSPost2010PropOp57
 70
     1
  0
XRECORD
  5
869
102
{ACAD_REACTORS
330
868
102
}
330
868
100
AcDbXrecord
280
     1
102
RTVSPropertyOp0
 70
     1
102
RTVSPropertyOp1
 70
     1
102
RTVSPropertyOp2
 70
     1
102
RTVSPropertyOp3
 70
     1
102
RTVSPropertyOp4
 70
     1
102
RTVSPropertyOp5
 70
     1
102
RTVSPropertyOp6
 70
     1
102
RTVSPropertyOp7
 70
     1
102
RTVSPropertyOp8
 70
     1
102
RTVSPropertyOp9
 70
     1
102
RTVSPropertyOp10
 70
     1
102
RTVSPropertyOp11
 70
     1
102
RTVSPropertyOp12
 70
     1
102
RTVSPropertyOp13
 70
     1
102
RTVSPropertyOp14
 70
     1
102
RTVSPropertyOp15
 70
     1
102
RTVSPropertyOp16
 70
     1
102
RTVSPropertyOp17
 70
     1
102
RTVSPropertyOp18
 70
     1
102
RTVSPropertyOp19
 70
     1
102
RTVSPropertyOp20
 70
     1
102
RTVSPropertyOp21
 70
     1
102
RTVSPropertyOp22
 70
     1
102
RTVSPropertyOp23
 70
     1
102
RTVSPropertyOp24
 70
     1
102
RTVSPropertyOp25
 70
     1
102
RTVSPropertyOp26
 70
     1
102
RTVSPropertyOp27
 70
     1
102
RTVSPropertyOp28
 70
     1
102
RTVSPropertyOp29
 70
     1
102
RTVSPropertyOp30
 70
     1
102
RTVSPropertyOp31
 70
     1
102
RTVSPropertyOp32
 70
     1
102
RTVSPropertyOp33
 70
     1
102
RTVSPropertyOp34
 70
     1
102
RTVSPropertyOp35
 70
     1
102
RTVSPropertyOp36
 70
     1
102
RTVSPropertyOp37
 70
     1
102
RTVSPropertyOp38
 70
     1
102
RTVSPropertyOp39
 70
     1
102
RTVSPropertyOp40
 70
     1
102
RTVSPropertyOp41
 70
     1
102
RTVSPropertyOp42
 70
     1
102
RTVSPropertyOp43
 70
     1
102
RTVSPropertyOp44
 70
     1
102
RTVSPropertyOp45
 70
     1
102
RTVSPropertyOp46
 70
     1
102
RTVSPropertyOp47
 70
     1
102
RTVSPropertyOp48
 70
     1
102
RTVSPropertyOp49
 70
     1
102
RTVSPropertyOp50
 70
     1
102
RTVSPropertyOp51
 70
     0
102
RTVSPropertyOp52
 70
     0
102
RTVSPropertyOp53
 70
     1
102
RTVSPropertyOp54
 70
     1
102
RTVSPropertyOp55
 70
     1
102
RTVSPropertyOp56
 70
     1
102
RTVSPropertyOp57
 70
     1
102
RTVSPost2010Prop28
280
     0
102
RTVSPost2010PropOp28
 70
     1
102
RTVSPost2010Prop29
280
     1
102
RTVSPost2010PropOp29
 70
     1
102
RTVSPost2010Prop30
280
     1
102
RTVSPost2010PropOp30
 70
     1
102
RTVSPost2010Prop31
280
     0
102
RTVSPost2010PropOp31
 70
     1
102
RTVSPost2010Prop32
280
     0
102
RTVSPost2010PropOp32
 70
     1
102
RTVSPost2010Prop33
280
     0
102
RTVSPost2010PropOp33
 70
     1
102
RTVSPost2010Prop34
280
     0
102
RTVSPost2010PropOp34
 70
     1
102
RTVSPost2010Prop35
280
     0
102
RTVSPost2010PropOp35
 70
     1
102
RTVSPost2010Prop36
280
     0
102
RTVSPost2010PropOp36
 70
     1
102
RTVSPost2010Prop37
 90
       50
102
RTVSPost2010PropOp37
 70
     1
102
RTVSPost2010Prop38
140
0.0
102
RTVSPost2010PropOp38
 70
     1
102
RTVSPost2010Prop39
140
1.0
102
RTVSPost2010PropOp39
 70
     1
102
RTVSPost2010Prop40
 90
        0
102
RTVSPost2010PropOp40
 70
     1
102
RTVSPost2010Prop41ColorIndex
 90
       18
102
RTVSPost2010Prop41ColorRGB
 90
        0
102
RTVSPost2010PropOp41
 70
     1
102
RTVSPost2010Prop42
 90
       50
102
RTVSPost2010PropOp42
 70
     1
102
RTVSPost2010Prop43
 90
        3
102
RTVSPost2010PropOp43
 70
     1
102
RTVSPost2010Prop44ColorIndex
 90
        5
102
RTVSPost2010Prop44ColorRGB
 90
      255
102
RTVSPost2010PropOp44
 70
     1
102
RTVSPost2010Prop45
280
     0
102
RTVSPost2010PropOp45
 70
     1
102
RTVSPost2010Prop46
 90
       50
102
RTVSPost2010PropOp46
 70
     1
102
RTVSPost2010Prop47
 90
       50
102
RTVSPost2010PropOp47
 70
     1
102
RTVSPost2010Prop48
 90
       50
102
RTVSPost2010PropOp48
 70
     1
102
RTVSPost2010Prop49
280
     0
102
RTVSPost2010PropOp49
 70
     1
102
RTVSPost2010Prop50
 90
       50
102
RTVSPost2010PropOp50
 70
     1
102
RTVSPost2010Prop51ColorIndex
 90
      256
102
RTVSPost2010Prop51ColorRGB
 90
-16777216
102
RTVSPost2010PropOp51
 70
     0
102
RTVSPost2010Prop52
140
1.0
102
RTVSPost2010PropOp52
 70
     0
102
RTVSPost2010Prop53
 90
        2
102
RTVSPost2010PropOp53
 70
     1
102
RTVSPost2010Prop54
  1
strokes_ogs.tif
102
RTVSPost2010PropOp54
 70
     1
102
RTVSPost2010Prop55
280
     0
102
RTVSPost2010PropOp55
 70
     1
102
RTVSPost2010Prop56
140
1.0
102
RTVSPost2010PropOp56
 70
     1
102
RTVSPost2010Prop57
140
1.0
102
RTVSPost2010PropOp57
 70
     1
  0
XRECORD
  5
86B
102
{ACAD_REACTORS
330
86A
102
}
330
86A
100
AcDbXrecord
280
     1
102
RTVSPropertyOp0
 70
     1
102
RTVSPropertyOp1
 70
     1
102
RTVSPropertyOp2
 70
     1
102
RTVSPropertyOp3
 70
     1
102
RTVSPropertyOp4
 70
     1
102
RTVSPropertyOp5
 70
     1
102
RTVSPropertyOp6
 70
     1
102
RTVSPropertyOp7
 70
     1
102
RTVSPropertyOp8
 70
     1
102
RTVSPropertyOp9
 70
     1
102
RTVSPropertyOp10
 70
     1
102
RTVSPropertyOp11
 70
     1
102
RTVSPropertyOp12
 70
     1
102
RTVSPropertyOp13
 70
     1
102
RTVSPropertyOp14
 70
     1
102
RTVSPropertyOp15
 70
     1
102
RTVSPropertyOp16
 70
     1
102
RTVSPropertyOp17
 70
     1
102
RTVSPropertyOp18
 70
     1
102
RTVSPropertyOp19
 70
     1
102
RTVSPropertyOp20
 70
     1
102
RTVSPropertyOp21
 70
     1
102
RTVSPropertyOp22
 70
     1
102
RTVSPropertyOp23
 70
     1
102
RTVSPropertyOp24
 70
     1
102
RTVSPropertyOp25
 70
     1
102
RTVSPropertyOp26
 70
     1
102
RTVSPropertyOp27
 70
     1
102
RTVSPropertyOp28
 70
     1
102
RTVSPropertyOp29
 70
     1
102
RTVSPropertyOp30
 70
     1
102
RTVSPropertyOp31
 70
     1
102
RTVSPropertyOp32
 70
     1
102
RTVSPropertyOp33
 70
     1
102
RTVSPropertyOp34
 70
     1
102
RTVSPropertyOp35
 70
     1
102
RTVSPropertyOp36
 70
     1
102
RTVSPropertyOp37
 70
     1
102
RTVSPropertyOp38
 70
     1
102
RTVSPropertyOp39
 70
     1
102
RTVSPropertyOp40
 70
     1
102
RTVSPropertyOp41
 70
     1
102
RTVSPropertyOp42
 70
     1
102
RTVSPropertyOp43
 70
     1
102
RTVSPropertyOp44
 70
     1
102
RTVSPropertyOp45
 70
     1
102
RTVSPropertyOp46
 70
     1
102
RTVSPropertyOp47
 70
     1
102
RTVSPropertyOp48
 70
     1
102
RTVSPropertyOp49
 70
     1
102
RTVSPropertyOp50
 70
     1
102
RTVSPropertyOp51
 70
     0
102
RTVSPropertyOp52
 70
     0
102
RTVSPropertyOp53
 70
     1
102
RTVSPropertyOp54
 70
     1
102
RTVSPropertyOp55
 70
     1
102
RTVSPropertyOp56
 70
     1
102
RTVSPropertyOp57
 70
     1
102
RTVSPost2010Prop28
280
     0
102
RTVSPost2010PropOp28
 70
     1
102
RTVSPost2010Prop29
280
     1
102
RTVSPost2010PropOp29
 70
     1
102
RTVSPost2010Prop30
280
     1
102
RTVSPost2010PropOp30
 70
     1
102
RTVSPost2010Prop31
280
     0
102
RTVSPost2010PropOp31
 70
     1
102
RTVSPost2010Prop32
280
     0
102
RTVSPost2010PropOp32
 70
     1
102
RTVSPost2010Prop33
280
     0
102
RTVSPost2010PropOp33
 70
     1
102
RTVSPost2010Prop34
280
     0
102
RTVSPost2010PropOp34
 70
     1
102
RTVSPost2010Prop35
280
     0
102
RTVSPost2010PropOp35
 70
     1
102
RTVSPost2010Prop36
280
     0
102
RTVSPost2010PropOp36
 70
     1
102
RTVSPost2010Prop37
 90
       50
102
RTVSPost2010PropOp37
 70
     1
102
RTVSPost2010Prop38
140
0.0
102
RTVSPost2010PropOp38
 70
     1
102
RTVSPost2010Prop39
140
1.0
102
RTVSPost2010PropOp39
 70
     1
102
RTVSPost2010Prop40
 90
        0
102
RTVSPost2010PropOp40
 70
     1
102
RTVSPost2010Prop41ColorIndex
 90
       18
102
RTVSPost2010Prop41ColorRGB
 90
        0
102
RTVSPost2010PropOp41
 70
     1
102
RTVSPost2010Prop42
 90
       50
102
RTVSPost2010PropOp42
 70
     1
102
RTVSPost2010Prop43
 90
        3
102
RTVSPost2010PropOp43
 70
     1
102
RTVSPost2010Prop44ColorIndex
 90
        5
102
RTVSPost2010Prop44ColorRGB
 90
      255
102
RTVSPost2010PropOp44
 70
     1
102
RTVSPost2010Prop45
280
     0
102
RTVSPost2010PropOp45
 70
     1
102
RTVSPost2010Prop46
 90
       50
102
RTVSPost2010PropOp46
 70
     1
102
RTVSPost2010Prop47
 90
       50
102
RTVSPost2010PropOp47
 70
     1
102
RTVSPost2010Prop48
 90
       50
102
RTVSPost2010PropOp48
 70
     1
102
RTVSPost2010Prop49
280
     0
102
RTVSPost2010PropOp49
 70
     1
102
RTVSPost2010Prop50
 90
       50
102
RTVSPost2010PropOp50
 70
     1
102
RTVSPost2010Prop51ColorIndex
 90
      256
102
RTVSPost2010Prop51ColorRGB
 90
-16777216
102
RTVSPost2010PropOp51
 70
     0
102
RTVSPost2010Prop52
140
1.0
102
RTVSPost2010PropOp52
 70
     0
102
RTVSPost2010Prop53
 90
        2
102
RTVSPost2010PropOp53
 70
     1
102
RTVSPost2010Prop54
  1
strokes_ogs.tif
102
RTVSPost2010PropOp54
 70
     1
102
RTVSPost2010Prop55
280
     0
102
RTVSPost2010PropOp55
 70
     1
102
RTVSPost2010Prop56
140
1.0
102
RTVSPost2010PropOp56
 70
     1
102
RTVSPost2010Prop57
140
1.0
102
RTVSPost2010PropOp57
 70
     1
  0
XRECORD
  5
86D
102
{ACAD_REACTORS
330
86C
102
}
330
86C
100
AcDbXrecord
280
     1
102
RTVSPropertyOp0
 70
     1
102
RTVSPropertyOp1
 70
     1
102
RTVSPropertyOp2
 70
     1
102
RTVSPropertyOp3
 70
     1
102
RTVSPropertyOp4
 70
     1
102
RTVSPropertyOp5
 70
     1
102
RTVSPropertyOp6
 70
     1
102
RTVSPropertyOp7
 70
     1
102
RTVSPropertyOp8
 70
     1
102
RTVSPropertyOp9
 70
     1
102
RTVSPropertyOp10
 70
     1
102
RTVSPropertyOp11
 70
     1
102
RTVSPropertyOp12
 70
     1
102
RTVSPropertyOp13
 70
     1
102
RTVSPropertyOp14
 70
     1
102
RTVSPropertyOp15
 70
     1
102
RTVSPropertyOp16
 70
     1
102
RTVSPropertyOp17
 70
     1
102
RTVSPropertyOp18
 70
     1
102
RTVSPropertyOp19
 70
     1
102
RTVSPropertyOp20
 70
     1
102
RTVSPropertyOp21
 70
     1
102
RTVSPropertyOp22
 70
     1
102
RTVSPropertyOp23
 70
     1
102
RTVSPropertyOp24
 70
     1
102
RTVSPropertyOp25
 70
     1
102
RTVSPropertyOp26
 70
     1
102
RTVSPropertyOp27
 70
     1
102
RTVSPropertyOp28
 70
     1
102
RTVSPropertyOp29
 70
     1
102
RTVSPropertyOp30
 70
     1
102
RTVSPropertyOp31
 70
     1
102
RTVSPropertyOp32
 70
     1
102
RTVSPropertyOp33
 70
     1
102
RTVSPropertyOp34
 70
     1
102
RTVSPropertyOp35
 70
     1
102
RTVSPropertyOp36
 70
     1
102
RTVSPropertyOp37
 70
     1
102
RTVSPropertyOp38
 70
     1
102
RTVSPropertyOp39
 70
     1
102
RTVSPropertyOp40
 70
     1
102
RTVSPropertyOp41
 70
     1
102
RTVSPropertyOp42
 70
     1
102
RTVSPropertyOp43
 70
     1
102
RTVSPropertyOp44
 70
     1
102
RTVSPropertyOp45
 70
     1
102
RTVSPropertyOp46
 70
     1
102
RTVSPropertyOp47
 70
     1
102
RTVSPropertyOp48
 70
     1
102
RTVSPropertyOp49
 70
     1
102
RTVSPropertyOp50
 70
     1
102
RTVSPropertyOp51
 70
     0
102
RTVSPropertyOp52
 70
     0
102
RTVSPropertyOp53
 70
     1
102
RTVSPropertyOp54
 70
     1
102
RTVSPropertyOp55
 70
     1
102
RTVSPropertyOp56
 70
     1
102
RTVSPropertyOp57
 70
     1
102
RTVSPost2010Prop28
280
     0
102
RTVSPost2010PropOp28
 70
     1
102
RTVSPost2010Prop29
280
     1
102
RTVSPost2010PropOp29
 70
     1
102
RTVSPost2010Prop30
280
     1
102
RTVSPost2010PropOp30
 70
     1
102
RTVSPost2010Prop31
280
     0
102
RTVSPost2010PropOp31
 70
     1
102
RTVSPost2010Prop32
280
     0
102
RTVSPost2010PropOp32
 70
     1
102
RTVSPost2010Prop33
280
     0
102
RTVSPost2010PropOp33
 70
     1
102
RTVSPost2010Prop34
280
     0
102
RTVSPost2010PropOp34
 70
     1
102
RTVSPost2010Prop35
280
     0
102
RTVSPost2010PropOp35
 70
     1
102
RTVSPost2010Prop36
280
     0
102
RTVSPost2010PropOp36
 70
     1
102
RTVSPost2010Prop37
 90
       50
102
RTVSPost2010PropOp37
 70
     1
102
RTVSPost2010Prop38
140
0.0
102
RTVSPost2010PropOp38
 70
     1
102
RTVSPost2010Prop39
140
1.0
102
RTVSPost2010PropOp39
 70
     1
102
RTVSPost2010Prop40
 90
        0
102
RTVSPost2010PropOp40
 70
     1
102
RTVSPost2010Prop41ColorIndex
 90
       18
102
RTVSPost2010Prop41ColorRGB
 90
        0
102
RTVSPost2010PropOp41
 70
     1
102
RTVSPost2010Prop42
 90
       50
102
RTVSPost2010PropOp42
 70
     1
102
RTVSPost2010Prop43
 90
        3
102
RTVSPost2010PropOp43
 70
     1
102
RTVSPost2010Prop44ColorIndex
 90
        5
102
RTVSPost2010Prop44ColorRGB
 90
      255
102
RTVSPost2010PropOp44
 70
     1
102
RTVSPost2010Prop45
280
     0
102
RTVSPost2010PropOp45
 70
     1
102
RTVSPost2010Prop46
 90
       50
102
RTVSPost2010PropOp46
 70
     1
102
RTVSPost2010Prop47
 90
       50
102
RTVSPost2010PropOp47
 70
     1
102
RTVSPost2010Prop48
 90
       50
102
RTVSPost2010PropOp48
 70
     1
102
RTVSPost2010Prop49
280
     0
102
RTVSPost2010PropOp49
 70
     1
102
RTVSPost2010Prop50
 90
       50
102
RTVSPost2010PropOp50
 70
     1
102
RTVSPost2010Prop51ColorIndex
 90
      256
102
RTVSPost2010Prop51ColorRGB
 90
-16777216
102
RTVSPost2010PropOp51
 70
     0
102
RTVSPost2010Prop52
140
1.0
102
RTVSPost2010PropOp52
 70
     0
102
RTVSPost2010Prop53
 90
        2
102
RTVSPost2010PropOp53
 70
     1
102
RTVSPost2010Prop54
  1
strokes_ogs.tif
102
RTVSPost2010PropOp54
 70
     1
102
RTVSPost2010Prop55
280
     0
102
RTVSPost2010PropOp55
 70
     1
102
RTVSPost2010Prop56
140
1.0
102
RTVSPost2010PropOp56
 70
     1
102
RTVSPost2010Prop57
140
1.0
102
RTVSPost2010PropOp57
 70
     1
  0
XRECORD
  5
86F
102
{ACAD_REACTORS
330
86E
102
}
330
86E
100
AcDbXrecord
280
     1
102
RTVSPropertyOp0
 70
     1
102
RTVSPropertyOp1
 70
     1
102
RTVSPropertyOp2
 70
     1
102
RTVSPropertyOp3
 70
     1
102
RTVSPropertyOp4
 70
     1
102
RTVSPropertyOp5
 70
     1
102
RTVSPropertyOp6
 70
     1
102
RTVSPropertyOp7
 70
     1
102
RTVSPropertyOp8
 70
     1
102
RTVSPropertyOp9
 70
     1
102
RTVSPropertyOp10
 70
     1
102
RTVSPropertyOp11
 70
     1
102
RTVSPropertyOp12
 70
     1
102
RTVSPropertyOp13
 70
     1
102
RTVSPropertyOp14
 70
     1
102
RTVSPropertyOp15
 70
     1
102
RTVSPropertyOp16
 70
     1
102
RTVSPropertyOp17
 70
     1
102
RTVSPropertyOp18
 70
     1
102
RTVSPropertyOp19
 70
     1
102
RTVSPropertyOp20
 70
     1
102
RTVSPropertyOp21
 70
     1
102
RTVSPropertyOp22
 70
     1
102
RTVSPropertyOp23
 70
     1
102
RTVSPropertyOp24
 70
     1
102
RTVSPropertyOp25
 70
     1
102
RTVSPropertyOp26
 70
     1
102
RTVSPropertyOp27
 70
     1
102
RTVSPropertyOp28
 70
     1
102
RTVSPropertyOp29
 70
     1
102
RTVSPropertyOp30
 70
     1
102
RTVSPropertyOp31
 70
     1
102
RTVSPropertyOp32
 70
     1
102
RTVSPropertyOp33
 70
     1
102
RTVSPropertyOp34
 70
     1
102
RTVSPropertyOp35
 70
     1
102
RTVSPropertyOp36
 70
     1
102
RTVSPropertyOp37
 70
     1
102
RTVSPropertyOp38
 70
     1
102
RTVSPropertyOp39
 70
     1
102
RTVSPropertyOp40
 70
     1
102
RTVSPropertyOp41
 70
     1
102
RTVSPropertyOp42
 70
     1
102
RTVSPropertyOp43
 70
     1
102
RTVSPropertyOp44
 70
     1
102
RTVSPropertyOp45
 70
     1
102
RTVSPropertyOp46
 70
     1
102
RTVSPropertyOp47
 70
     1
102
RTVSPropertyOp48
 70
     1
102
RTVSPropertyOp49
 70
     1
102
RTVSPropertyOp50
 70
     1
102
RTVSPropertyOp51
 70
     0
102
RTVSPropertyOp52
 70
     0
102
RTVSPropertyOp53
 70
     1
102
RTVSPropertyOp54
 70
     1
102
RTVSPropertyOp55
 70
     1
102
RTVSPropertyOp56
 70
     1
102
RTVSPropertyOp57
 70
     1
102
RTVSPost2010Prop28
280
     0
102
RTVSPost2010PropOp28
 70
     1
102
RTVSPost2010Prop29
280
     1
102
RTVSPost2010PropOp29
 70
     1
102
RTVSPost2010Prop30
280
     1
102
RTVSPost2010PropOp30
 70
     1
102
RTVSPost2010Prop31
280
     0
102
RTVSPost2010PropOp31
 70
     1
102
RTVSPost2010Prop32
280
     0
102
RTVSPost2010PropOp32
 70
     1
102
RTVSPost2010Prop33
280
     0
102
RTVSPost2010PropOp33
 70
     1
102
RTVSPost2010Prop34
280
     0
102
RTVSPost2010PropOp34
 70
     1
102
RTVSPost2010Prop35
280
     0
102
RTVSPost2010PropOp35
 70
     1
102
RTVSPost2010Prop36
280
     0
102
RTVSPost2010PropOp36
 70
     1
102
RTVSPost2010Prop37
 90
       50
102
RTVSPost2010PropOp37
 70
     1
102
RTVSPost2010Prop38
140
0.0
102
RTVSPost2010PropOp38
 70
     1
102
RTVSPost2010Prop39
140
1.0
102
RTVSPost2010PropOp39
 70
     1
102
RTVSPost2010Prop40
 90
        0
102
RTVSPost2010PropOp40
 70
     1
102
RTVSPost2010Prop41ColorIndex
 90
       18
102
RTVSPost2010Prop41ColorRGB
 90
        0
102
RTVSPost2010PropOp41
 70
     1
102
RTVSPost2010Prop42
 90
       50
102
RTVSPost2010PropOp42
 70
     1
102
RTVSPost2010Prop43
 90
        3
102
RTVSPost2010PropOp43
 70
     1
102
RTVSPost2010Prop44ColorIndex
 90
        5
102
RTVSPost2010Prop44ColorRGB
 90
      255
102
RTVSPost2010PropOp44
 70
     1
102
RTVSPost2010Prop45
280
     0
102
RTVSPost2010PropOp45
 70
     1
102
RTVSPost2010Prop46
 90
       50
102
RTVSPost2010PropOp46
 70
     1
102
RTVSPost2010Prop47
 90
       50
102
RTVSPost2010PropOp47
 70
     1
102
RTVSPost2010Prop48
 90
       50
102
RTVSPost2010PropOp48
 70
     1
102
RTVSPost2010Prop49
280
     0
102
RTVSPost2010PropOp49
 70
     1
102
RTVSPost2010Prop50
 90
       50
102
RTVSPost2010PropOp50
 70
     1
102
RTVSPost2010Prop51ColorIndex
 90
      256
102
RTVSPost2010Prop51ColorRGB
 90
-16777216
102
RTVSPost2010PropOp51
 70
     0
102
RTVSPost2010Prop52
140
1.0
102
RTVSPost2010PropOp52
 70
     0
102
RTVSPost2010Prop53
 90
        2
102
RTVSPost2010PropOp53
 70
     1
102
RTVSPost2010Prop54
  1
strokes_ogs.tif
102
RTVSPost2010PropOp54
 70
     1
102
RTVSPost2010Prop55
280
     0
102
RTVSPost2010PropOp55
 70
     1
102
RTVSPost2010Prop56
140
1.0
102
RTVSPost2010PropOp56
 70
     1
102
RTVSPost2010Prop57
140
1.0
102
RTVSPost2010PropOp57
 70
     1
  0
XRECORD
  5
875
102
{ACAD_REACTORS
330
874
102
}
330
874
100
AcDbXrecord
280
     1
102
RTVSPropertyOp0
 70
     1
102
RTVSPropertyOp1
 70
     1
102
RTVSPropertyOp2
 70
     1
102
RTVSPropertyOp3
 70
     1
102
RTVSPropertyOp4
 70
     1
102
RTVSPropertyOp5
 70
     1
102
RTVSPropertyOp6
 70
     1
102
RTVSPropertyOp7
 70
     1
102
RTVSPropertyOp8
 70
     1
102
RTVSPropertyOp9
 70
     1
102
RTVSPropertyOp10
 70
     1
102
RTVSPropertyOp11
 70
     1
102
RTVSPropertyOp12
 70
     1
102
RTVSPropertyOp13
 70
     1
102
RTVSPropertyOp14
 70
     1
102
RTVSPropertyOp15
 70
     1
102
RTVSPropertyOp16
 70
     1
102
RTVSPropertyOp17
 70
     1
102
RTVSPropertyOp18
 70
     1
102
RTVSPropertyOp19
 70
     1
102
RTVSPropertyOp20
 70
     1
102
RTVSPropertyOp21
 70
     1
102
RTVSPropertyOp22
 70
     1
102
RTVSPropertyOp23
 70
     1
102
RTVSPropertyOp24
 70
     1
102
RTVSPropertyOp25
 70
     1
102
RTVSPropertyOp26
 70
     1
102
RTVSPropertyOp27
 70
     1
102
RTVSPropertyOp28
 70
     1
102
RTVSPropertyOp29
 70
     1
102
RTVSPropertyOp30
 70
     1
102
RTVSPropertyOp31
 70
     1
102
RTVSPropertyOp32
 70
     1
102
RTVSPropertyOp33
 70
     1
102
RTVSPropertyOp34
 70
     1
102
RTVSPropertyOp35
 70
     1
102
RTVSPropertyOp36
 70
     1
102
RTVSPropertyOp37
 70
     1
102
RTVSPropertyOp38
 70
     1
102
RTVSPropertyOp39
 70
     1
102
RTVSPropertyOp40
 70
     1
102
RTVSPropertyOp41
 70
     1
102
RTVSPropertyOp42
 70
     1
102
RTVSPropertyOp43
 70
     1
102
RTVSPropertyOp44
 70
     1
102
RTVSPropertyOp45
 70
     1
102
RTVSPropertyOp46
 70
     1
102
RTVSPropertyOp47
 70
     1
102
RTVSPropertyOp48
 70
     1
102
RTVSPropertyOp49
 70
     1
102
RTVSPropertyOp50
 70
     1
102
RTVSPropertyOp51
 70
     0
102
RTVSPropertyOp52
 70
     0
102
RTVSPropertyOp53
 70
     1
102
RTVSPropertyOp54
 70
     1
102
RTVSPropertyOp55
 70
     1
102
RTVSPropertyOp56
 70
     1
102
RTVSPropertyOp57
 70
     1
102
RTVSPost2010Prop28
280
     0
102
RTVSPost2010PropOp28
 70
     1
102
RTVSPost2010Prop29
280
     1
102
RTVSPost2010PropOp29
 70
     1
102
RTVSPost2010Prop30
280
     1
102
RTVSPost2010PropOp30
 70
     1
102
RTVSPost2010Prop31
280
     0
102
RTVSPost2010PropOp31
 70
     1
102
RTVSPost2010Prop32
280
     0
102
RTVSPost2010PropOp32
 70
     1
102
RTVSPost2010Prop33
280
     0
102
RTVSPost2010PropOp33
 70
     1
102
RTVSPost2010Prop34
280
     0
102
RTVSPost2010PropOp34
 70
     1
102
RTVSPost2010Prop35
280
     0
102
RTVSPost2010PropOp35
 70
     1
102
RTVSPost2010Prop36
280
     0
102
RTVSPost2010PropOp36
 70
     1
102
RTVSPost2010Prop37
 90
       50
102
RTVSPost2010PropOp37
 70
     1
102
RTVSPost2010Prop38
140
0.0
102
RTVSPost2010PropOp38
 70
     1
102
RTVSPost2010Prop39
140
1.0
102
RTVSPost2010PropOp39
 70
     1
102
RTVSPost2010Prop40
 90
        0
102
RTVSPost2010PropOp40
 70
     1
102
RTVSPost2010Prop41ColorIndex
 90
       18
102
RTVSPost2010Prop41ColorRGB
 90
        0
102
RTVSPost2010PropOp41
 70
     1
102
RTVSPost2010Prop42
 90
       50
102
RTVSPost2010PropOp42
 70
     1
102
RTVSPost2010Prop43
 90
        3
102
RTVSPost2010PropOp43
 70
     1
102
RTVSPost2010Prop44ColorIndex
 90
        5
102
RTVSPost2010Prop44ColorRGB
 90
      255
102
RTVSPost2010PropOp44
 70
     1
102
RTVSPost2010Prop45
280
     0
102
RTVSPost2010PropOp45
 70
     1
102
RTVSPost2010Prop46
 90
       50
102
RTVSPost2010PropOp46
 70
     1
102
RTVSPost2010Prop47
 90
       50
102
RTVSPost2010PropOp47
 70
     1
102
RTVSPost2010Prop48
 90
       50
102
RTVSPost2010PropOp48
 70
     1
102
RTVSPost2010Prop49
280
     0
102
RTVSPost2010PropOp49
 70
     1
102
RTVSPost2010Prop50
 90
       50
102
RTVSPost2010PropOp50
 70
     1
102
RTVSPost2010Prop51ColorIndex
 90
      256
102
RTVSPost2010Prop51ColorRGB
 90
-16777216
102
RTVSPost2010PropOp51
 70
     0
102
RTVSPost2010Prop52
140
1.0
102
RTVSPost2010PropOp52
 70
     0
102
RTVSPost2010Prop53
 90
        2
102
RTVSPost2010PropOp53
 70
     1
102
RTVSPost2010Prop54
  1
strokes_ogs.tif
102
RTVSPost2010PropOp54
 70
     1
102
RTVSPost2010Prop55
280
     0
102
RTVSPost2010PropOp55
 70
     1
102
RTVSPost2010Prop56
140
1.0
102
RTVSPost2010PropOp56
 70
     1
102
RTVSPost2010Prop57
140
1.0
102
RTVSPost2010PropOp57
 70
     1
  0
XRECORD
  5
889
102
{ACAD_REACTORS
330
888
102
}
330
888
100
AcDbXrecord
280
     1
102
RTVSPropertyOp0
 70
     0
102
RTVSPropertyOp1
 70
     0
102
RTVSPropertyOp2
 70
     0
102
RTVSPropertyOp3
 70
     0
102
RTVSPropertyOp4
 70
     0
102
RTVSPropertyOp5
 70
     0
102
RTVSPropertyOp6
 70
     0
102
RTVSPropertyOp7
 70
     0
102
RTVSPropertyOp8
 70
     0
102
RTVSPropertyOp9
 70
     0
102
RTVSPropertyOp10
 70
     0
102
RTVSPropertyOp11
 70
     0
102
RTVSPropertyOp12
 70
     0
102
RTVSPropertyOp13
 70
     0
102
RTVSPropertyOp14
 70
     2
102
RTVSPropertyOp15
 70
     0
102
RTVSPropertyOp16
 70
     0
102
RTVSPropertyOp17
 70
     0
102
RTVSPropertyOp18
 70
     0
102
RTVSPropertyOp19
 70
     0
102
RTVSPropertyOp20
 70
     0
102
RTVSPropertyOp21
 70
     0
102
RTVSPropertyOp22
 70
     0
102
RTVSPropertyOp23
 70
     0
102
RTVSPropertyOp24
 70
     0
102
RTVSPropertyOp25
 70
     0
102
RTVSPropertyOp26
 70
     0
102
RTVSPropertyOp27
 70
     0
102
RTVSPropertyOp28
 70
     0
102
RTVSPropertyOp29
 70
     0
102
RTVSPropertyOp30
 70
     0
102
RTVSPropertyOp31
 70
     0
102
RTVSPropertyOp32
 70
     0
102
RTVSPropertyOp33
 70
     0
102
RTVSPropertyOp34
 70
     0
102
RTVSPropertyOp35
 70
     0
102
RTVSPropertyOp36
 70
     0
102
RTVSPropertyOp37
 70
     0
102
RTVSPropertyOp38
 70
     0
102
RTVSPropertyOp39
 70
     0
102
RTVSPropertyOp40
 70
     0
102
RTVSPropertyOp41
 70
     0
102
RTVSPropertyOp42
 70
     0
102
RTVSPropertyOp43
 70
     0
102
RTVSPropertyOp44
 70
     0
102
RTVSPropertyOp45
 70
     0
102
RTVSPropertyOp46
 70
     0
102
RTVSPropertyOp47
 70
     0
102
RTVSPropertyOp48
 70
     0
102
RTVSPropertyOp49
 70
     0
102
RTVSPropertyOp50
 70
     0
102
RTVSPropertyOp51
 70
     0
102
RTVSPropertyOp52
 70
     0
102
RTVSPropertyOp53
 70
     0
102
RTVSPropertyOp54
 70
     0
102
RTVSPropertyOp55
 70
     0
102
RTVSPropertyOp56
 70
     0
102
RTVSPropertyOp57
 70
     0
102
RTVSPost2010Prop28
280
     0
102
RTVSPost2010PropOp28
 70
     0
102
RTVSPost2010Prop29
280
     1
102
RTVSPost2010PropOp29
 70
     0
102
RTVSPost2010Prop30
280
     1
102
RTVSPost2010PropOp30
 70
     0
102
RTVSPost2010Prop31
280
     0
102
RTVSPost2010PropOp31
 70
     0
102
RTVSPost2010Prop32
280
     0
102
RTVSPost2010PropOp32
 70
     0
102
RTVSPost2010Prop33
280
     0
102
RTVSPost2010PropOp33
 70
     0
102
RTVSPost2010Prop34
280
     0
102
RTVSPost2010PropOp34
 70
     0
102
RTVSPost2010Prop35
280
     0
102
RTVSPost2010PropOp35
 70
     0
102
RTVSPost2010Prop36
280
     0
102
RTVSPost2010PropOp36
 70
     0
102
RTVSPost2010Prop37
 90
       50
102
RTVSPost2010PropOp37
 70
     0
102
RTVSPost2010Prop38
140
0.0
102
RTVSPost2010PropOp38
 70
     0
102
RTVSPost2010Prop39
140
1.0
102
RTVSPost2010PropOp39
 70
     0
102
RTVSPost2010Prop40
 90
        0
102
RTVSPost2010PropOp40
 70
     0
102
RTVSPost2010Prop41ColorIndex
 90
       18
102
RTVSPost2010Prop41ColorRGB
 90
        0
102
RTVSPost2010PropOp41
 70
     0
102
RTVSPost2010Prop42
 90
       50
102
RTVSPost2010PropOp42
 70
     0
102
RTVSPost2010Prop43
 90
        3
102
RTVSPost2010PropOp43
 70
     0
102
RTVSPost2010Prop44ColorIndex
 90
        5
102
RTVSPost2010Prop44ColorRGB
 90
      255
102
RTVSPost2010PropOp44
 70
     0
102
RTVSPost2010Prop45
280
     0
102
RTVSPost2010PropOp45
 70
     0
102
RTVSPost2010Prop46
 90
       50
102
RTVSPost2010PropOp46
 70
     0
102
RTVSPost2010Prop47
 90
       50
102
RTVSPost2010PropOp47
 70
     0
102
RTVSPost2010Prop48
 90
       50
102
RTVSPost2010PropOp48
 70
     0
102
RTVSPost2010Prop49
280
     0
102
RTVSPost2010PropOp49
 70
     0
102
RTVSPost2010Prop50
 90
       50
102
RTVSPost2010PropOp50
 70
     0
102
RTVSPost2010Prop51ColorIndex
 90
      256
102
RTVSPost2010Prop51ColorRGB
 90
-16777216
102
RTVSPost2010PropOp51
 70
     0
102
RTVSPost2010Prop52
140
1.0
102
RTVSPost2010PropOp52
 70
     0
102
RTVSPost2010Prop53
 90
        2
102
RTVSPost2010PropOp53
 70
     0
102
RTVSPost2010Prop54
  1
strokes_ogs.tif
102
RTVSPost2010PropOp54
 70
     0
102
RTVSPost2010Prop55
280
     0
102
RTVSPost2010PropOp55
 70
     0
102
RTVSPost2010Prop56
140
1.0
102
RTVSPost2010PropOp56
 70
     0
102
RTVSPost2010Prop57
140
1.0
102
RTVSPost2010PropOp57
 70
     0
  0
XRECORD
  5
883
102
{ACAD_REACTORS
330
882
102
}
330
882
100
AcDbXrecord
280
     1
102
RTVSPropertyOp0
 70
     1
102
RTVSPropertyOp1
 70
     1
102
RTVSPropertyOp2
 70
     1
102
RTVSPropertyOp3
 70
     1
102
RTVSPropertyOp4
 70
     1
102
RTVSPropertyOp5
 70
     1
102
RTVSPropertyOp6
 70
     1
102
RTVSPropertyOp7
 70
     1
102
RTVSPropertyOp8
 70
     1
102
RTVSPropertyOp9
 70
     1
102
RTVSPropertyOp10
 70
     1
102
RTVSPropertyOp11
 70
     1
102
RTVSPropertyOp12
 70
     1
102
RTVSPropertyOp13
 70
     1
102
RTVSPropertyOp14
 70
     1
102
RTVSPropertyOp15
 70
     1
102
RTVSPropertyOp16
 70
     1
102
RTVSPropertyOp17
 70
     1
102
RTVSPropertyOp18
 70
     1
102
RTVSPropertyOp19
 70
     1
102
RTVSPropertyOp20
 70
     1
102
RTVSPropertyOp21
 70
     1
102
RTVSPropertyOp22
 70
     1
102
RTVSPropertyOp23
 70
     1
102
RTVSPropertyOp24
 70
     1
102
RTVSPropertyOp25
 70
     1
102
RTVSPropertyOp26
 70
     1
102
RTVSPropertyOp27
 70
     1
102
RTVSPropertyOp28
 70
     1
102
RTVSPropertyOp29
 70
     1
102
RTVSPropertyOp30
 70
     1
102
RTVSPropertyOp31
 70
     1
102
RTVSPropertyOp32
 70
     1
102
RTVSPropertyOp33
 70
     1
102
RTVSPropertyOp34
 70
     1
102
RTVSPropertyOp35
 70
     1
102
RTVSPropertyOp36
 70
     1
102
RTVSPropertyOp37
 70
     1
102
RTVSPropertyOp38
 70
     1
102
RTVSPropertyOp39
 70
     1
102
RTVSPropertyOp40
 70
     1
102
RTVSPropertyOp41
 70
     1
102
RTVSPropertyOp42
 70
     1
102
RTVSPropertyOp43
 70
     1
102
RTVSPropertyOp44
 70
     1
102
RTVSPropertyOp45
 70
     1
102
RTVSPropertyOp46
 70
     1
102
RTVSPropertyOp47
 70
     1
102
RTVSPropertyOp48
 70
     1
102
RTVSPropertyOp49
 70
     1
102
RTVSPropertyOp50
 70
     1
102
RTVSPropertyOp51
 70
     0
102
RTVSPropertyOp52
 70
     0
102
RTVSPropertyOp53
 70
     1
102
RTVSPropertyOp54
 70
     1
102
RTVSPropertyOp55
 70
     1
102
RTVSPropertyOp56
 70
     1
102
RTVSPropertyOp57
 70
     1
102
RTVSPost2010Prop28
280
     0
102
RTVSPost2010PropOp28
 70
     1
102
RTVSPost2010Prop29
280
     1
102
RTVSPost2010PropOp29
 70
     1
102
RTVSPost2010Prop30
280
     1
102
RTVSPost2010PropOp30
 70
     1
102
RTVSPost2010Prop31
280
     0
102
RTVSPost2010PropOp31
 70
     1
102
RTVSPost2010Prop32
280
     0
102
RTVSPost2010PropOp32
 70
     1
102
RTVSPost2010Prop33
280
     0
102
RTVSPost2010PropOp33
 70
     1
102
RTVSPost2010Prop34
280
     0
102
RTVSPost2010PropOp34
 70
     1
102
RTVSPost2010Prop35
280
     0
102
RTVSPost2010PropOp35
 70
     1
102
RTVSPost2010Prop36
280
     0
102
RTVSPost2010PropOp36
 70
     1
102
RTVSPost2010Prop37
 90
       50
102
RTVSPost2010PropOp37
 70
     1
102
RTVSPost2010Prop38
140
0.0
102
RTVSPost2010PropOp38
 70
     1
102
RTVSPost2010Prop39
140
1.0
102
RTVSPost2010PropOp39
 70
     1
102
RTVSPost2010Prop40
 90
        0
102
RTVSPost2010PropOp40
 70
     1
102
RTVSPost2010Prop41ColorIndex
 90
       18
102
RTVSPost2010Prop41ColorRGB
 90
        0
102
RTVSPost2010PropOp41
 70
     1
102
RTVSPost2010Prop42
 90
       50
102
RTVSPost2010PropOp42
 70
     1
102
RTVSPost2010Prop43
 90
        3
102
RTVSPost2010PropOp43
 70
     1
102
RTVSPost2010Prop44ColorIndex
 90
        5
102
RTVSPost2010Prop44ColorRGB
 90
      255
102
RTVSPost2010PropOp44
 70
     1
102
RTVSPost2010Prop45
280
     0
102
RTVSPost2010PropOp45
 70
     1
102
RTVSPost2010Prop46
 90
       50
102
RTVSPost2010PropOp46
 70
     1
102
RTVSPost2010Prop47
 90
       50
102
RTVSPost2010PropOp47
 70
     1
102
RTVSPost2010Prop48
 90
       50
102
RTVSPost2010PropOp48
 70
     1
102
RTVSPost2010Prop49
280
     0
102
RTVSPost2010PropOp49
 70
     1
102
RTVSPost2010Prop50
 90
       50
102
RTVSPost2010PropOp50
 70
     1
102
RTVSPost2010Prop51ColorIndex
 90
      256
102
RTVSPost2010Prop51ColorRGB
 90
-16777216
102
RTVSPost2010PropOp51
 70
     0
102
RTVSPost2010Prop52
140
1.0
102
RTVSPost2010PropOp52
 70
     0
102
RTVSPost2010Prop53
 90
        2
102
RTVSPost2010PropOp53
 70
     1
102
RTVSPost2010Prop54
  1
strokes_ogs.tif
102
RTVSPost2010PropOp54
 70
     1
102
RTVSPost2010Prop55
280
     0
102
RTVSPost2010PropOp55
 70
     1
102
RTVSPost2010Prop56
140
1.0
102
RTVSPost2010PropOp56
 70
     1
102
RTVSPost2010Prop57
140
1.0
102
RTVSPost2010PropOp57
 70
     1
  0
XRECORD
  5
88B
102
{ACAD_REACTORS
330
88A
102
}
330
88A
100
AcDbXrecord
280
     1
102
RTVSPropertyOp0
 70
     0
102
RTVSPropertyOp1
 70
     0
102
RTVSPropertyOp2
 70
     0
102
RTVSPropertyOp3
 70
     0
102
RTVSPropertyOp4
 70
     0
102
RTVSPropertyOp5
 70
     0
102
RTVSPropertyOp6
 70
     0
102
RTVSPropertyOp7
 70
     0
102
RTVSPropertyOp8
 70
     0
102
RTVSPropertyOp9
 70
     0
102
RTVSPropertyOp10
 70
     0
102
RTVSPropertyOp11
 70
     0
102
RTVSPropertyOp12
 70
     0
102
RTVSPropertyOp13
 70
     0
102
RTVSPropertyOp14
 70
     2
102
RTVSPropertyOp15
 70
     0
102
RTVSPropertyOp16
 70
     0
102
RTVSPropertyOp17
 70
     0
102
RTVSPropertyOp18
 70
     0
102
RTVSPropertyOp19
 70
     0
102
RTVSPropertyOp20
 70
     0
102
RTVSPropertyOp21
 70
     0
102
RTVSPropertyOp22
 70
     0
102
RTVSPropertyOp23
 70
     0
102
RTVSPropertyOp24
 70
     0
102
RTVSPropertyOp25
 70
     0
102
RTVSPropertyOp26
 70
     0
102
RTVSPropertyOp27
 70
     0
102
RTVSPropertyOp28
 70
     0
102
RTVSPropertyOp29
 70
     0
102
RTVSPropertyOp30
 70
     0
102
RTVSPropertyOp31
 70
     0
102
RTVSPropertyOp32
 70
     0
102
RTVSPropertyOp33
 70
     0
102
RTVSPropertyOp34
 70
     0
102
RTVSPropertyOp35
 70
     0
102
RTVSPropertyOp36
 70
     0
102
RTVSPropertyOp37
 70
     0
102
RTVSPropertyOp38
 70
     0
102
RTVSPropertyOp39
 70
     0
102
RTVSPropertyOp40
 70
     0
102
RTVSPropertyOp41
 70
     0
102
RTVSPropertyOp42
 70
     0
102
RTVSPropertyOp43
 70
     0
102
RTVSPropertyOp44
 70
     0
102
RTVSPropertyOp45
 70
     0
102
RTVSPropertyOp46
 70
     0
102
RTVSPropertyOp47
 70
     0
102
RTVSPropertyOp48
 70
     0
102
RTVSPropertyOp49
 70
     0
102
RTVSPropertyOp50
 70
     0
102
RTVSPropertyOp51
 70
     0
102
RTVSPropertyOp52
 70
     0
102
RTVSPropertyOp53
 70
     0
102
RTVSPropertyOp54
 70
     0
102
RTVSPropertyOp55
 70
     0
102
RTVSPropertyOp56
 70
     0
102
RTVSPropertyOp57
 70
     0
102
RTVSPost2010Prop28
280
     0
102
RTVSPost2010PropOp28
 70
     0
102
RTVSPost2010Prop29
280
     1
102
RTVSPost2010PropOp29
 70
     0
102
RTVSPost2010Prop30
280
     1
102
RTVSPost2010PropOp30
 70
     0
102
RTVSPost2010Prop31
280
     0
102
RTVSPost2010PropOp31
 70
     0
102
RTVSPost2010Prop32
280
     0
102
RTVSPost2010PropOp32
 70
     0
102
RTVSPost2010Prop33
280
     0
102
RTVSPost2010PropOp33
 70
     0
102
RTVSPost2010Prop34
280
     0
102
RTVSPost2010PropOp34
 70
     0
102
RTVSPost2010Prop35
280
     0
102
RTVSPost2010PropOp35
 70
     0
102
RTVSPost2010Prop36
280
     0
102
RTVSPost2010PropOp36
 70
     0
102
RTVSPost2010Prop37
 90
       50
102
RTVSPost2010PropOp37
 70
     0
102
RTVSPost2010Prop38
140
0.0
102
RTVSPost2010PropOp38
 70
     0
102
RTVSPost2010Prop39
140
1.0
102
RTVSPost2010PropOp39
 70
     0
102
RTVSPost2010Prop40
 90
        0
102
RTVSPost2010PropOp40
 70
     0
102
RTVSPost2010Prop41ColorIndex
 90
       18
102
RTVSPost2010Prop41ColorRGB
 90
        0
102
RTVSPost2010PropOp41
 70
     0
102
RTVSPost2010Prop42
 90
       50
102
RTVSPost2010PropOp42
 70
     0
102
RTVSPost2010Prop43
 90
        3
102
RTVSPost2010PropOp43
 70
     0
102
RTVSPost2010Prop44ColorIndex
 90
        5
102
RTVSPost2010Prop44ColorRGB
 90
      255
102
RTVSPost2010PropOp44
 70
     0
102
RTVSPost2010Prop45
280
     0
102
RTVSPost2010PropOp45
 70
     0
102
RTVSPost2010Prop46
 90
       50
102
RTVSPost2010PropOp46
 70
     0
102
RTVSPost2010Prop47
 90
       50
102
RTVSPost2010PropOp47
 70
     0
102
RTVSPost2010Prop48
 90
       50
102
RTVSPost2010PropOp48
 70
     0
102
RTVSPost2010Prop49
280
     0
102
RTVSPost2010PropOp49
 70
     0
102
RTVSPost2010Prop50
 90
       50
102
RTVSPost2010PropOp50
 70
     0
102
RTVSPost2010Prop51ColorIndex
 90
      256
102
RTVSPost2010Prop51ColorRGB
 90
-16777216
102
RTVSPost2010PropOp51
 70
     0
102
RTVSPost2010Prop52
140
1.0
102
RTVSPost2010PropOp52
 70
     0
102
RTVSPost2010Prop53
 90
        2
102
RTVSPost2010PropOp53
 70
     0
102
RTVSPost2010Prop54
  1
strokes_ogs.tif
102
RTVSPost2010PropOp54
 70
     0
102
RTVSPost2010Prop55
280
     0
102
RTVSPost2010PropOp55
 70
     0
102
RTVSPost2010Prop56
140
1.0
102
RTVSPost2010PropOp56
 70
     0
102
RTVSPost2010Prop57
140
1.0
102
RTVSPost2010PropOp57
 70
     0
  0
XRECORD
  5
879
102
{ACAD_REACTORS
330
878
102
}
330
878
100
AcDbXrecord
280
     1
102
RTVSPropertyOp0
 70
     1
102
RTVSPropertyOp1
 70
     1
102
RTVSPropertyOp2
 70
     1
102
RTVSPropertyOp3
 70
     1
102
RTVSPropertyOp4
 70
     1
102
RTVSPropertyOp5
 70
     1
102
RTVSPropertyOp6
 70
     1
102
RTVSPropertyOp7
 70
     1
102
RTVSPropertyOp8
 70
     1
102
RTVSPropertyOp9
 70
     1
102
RTVSPropertyOp10
 70
     1
102
RTVSPropertyOp11
 70
     1
102
RTVSPropertyOp12
 70
     1
102
RTVSPropertyOp13
 70
     1
102
RTVSPropertyOp14
 70
     1
102
RTVSPropertyOp15
 70
     1
102
RTVSPropertyOp16
 70
     1
102
RTVSPropertyOp17
 70
     1
102
RTVSPropertyOp18
 70
     1
102
RTVSPropertyOp19
 70
     1
102
RTVSPropertyOp20
 70
     1
102
RTVSPropertyOp21
 70
     1
102
RTVSPropertyOp22
 70
     1
102
RTVSPropertyOp23
 70
     1
102
RTVSPropertyOp24
 70
     1
102
RTVSPropertyOp25
 70
     1
102
RTVSPropertyOp26
 70
     1
102
RTVSPropertyOp27
 70
     1
102
RTVSPropertyOp28
 70
     1
102
RTVSPropertyOp29
 70
     1
102
RTVSPropertyOp30
 70
     1
102
RTVSPropertyOp31
 70
     1
102
RTVSPropertyOp32
 70
     1
102
RTVSPropertyOp33
 70
     1
102
RTVSPropertyOp34
 70
     1
102
RTVSPropertyOp35
 70
     1
102
RTVSPropertyOp36
 70
     1
102
RTVSPropertyOp37
 70
     1
102
RTVSPropertyOp38
 70
     1
102
RTVSPropertyOp39
 70
     1
102
RTVSPropertyOp40
 70
     1
102
RTVSPropertyOp41
 70
     1
102
RTVSPropertyOp42
 70
     1
102
RTVSPropertyOp43
 70
     1
102
RTVSPropertyOp44
 70
     1
102
RTVSPropertyOp45
 70
     1
102
RTVSPropertyOp46
 70
     1
102
RTVSPropertyOp47
 70
     1
102
RTVSPropertyOp48
 70
     1
102
RTVSPropertyOp49
 70
     1
102
RTVSPropertyOp50
 70
     1
102
RTVSPropertyOp51
 70
     0
102
RTVSPropertyOp52
 70
     0
102
RTVSPropertyOp53
 70
     1
102
RTVSPropertyOp54
 70
     1
102
RTVSPropertyOp55
 70
     1
102
RTVSPropertyOp56
 70
     1
102
RTVSPropertyOp57
 70
     1
102
RTVSPost2010Prop28
280
     0
102
RTVSPost2010PropOp28
 70
     1
102
RTVSPost2010Prop29
280
     1
102
RTVSPost2010PropOp29
 70
     1
102
RTVSPost2010Prop30
280
     1
102
RTVSPost2010PropOp30
 70
     1
102
RTVSPost2010Prop31
280
     0
102
RTVSPost2010PropOp31
 70
     1
102
RTVSPost2010Prop32
280
     0
102
RTVSPost2010PropOp32
 70
     1
102
RTVSPost2010Prop33
280
     0
102
RTVSPost2010PropOp33
 70
     1
102
RTVSPost2010Prop34
280
     0
102
RTVSPost2010PropOp34
 70
     1
102
RTVSPost2010Prop35
280
     0
102
RTVSPost2010PropOp35
 70
     1
102
RTVSPost2010Prop36
280
     0
102
RTVSPost2010PropOp36
 70
     1
102
RTVSPost2010Prop37
 90
       50
102
RTVSPost2010PropOp37
 70
     1
102
RTVSPost2010Prop38
140
0.0
102
RTVSPost2010PropOp38
 70
     1
102
RTVSPost2010Prop39
140
1.0
102
RTVSPost2010PropOp39
 70
     1
102
RTVSPost2010Prop40
 90
        0
102
RTVSPost2010PropOp40
 70
     1
102
RTVSPost2010Prop41ColorIndex
 90
       18
102
RTVSPost2010Prop41ColorRGB
 90
        0
102
RTVSPost2010PropOp41
 70
     1
102
RTVSPost2010Prop42
 90
       50
102
RTVSPost2010PropOp42
 70
     1
102
RTVSPost2010Prop43
 90
        3
102
RTVSPost2010PropOp43
 70
     1
102
RTVSPost2010Prop44ColorIndex
 90
        5
102
RTVSPost2010Prop44ColorRGB
 90
      255
102
RTVSPost2010PropOp44
 70
     1
102
RTVSPost2010Prop45
280
     0
102
RTVSPost2010PropOp45
 70
     1
102
RTVSPost2010Prop46
 90
       50
102
RTVSPost2010PropOp46
 70
     1
102
RTVSPost2010Prop47
 90
       50
102
RTVSPost2010PropOp47
 70
     1
102
RTVSPost2010Prop48
 90
       50
102
RTVSPost2010PropOp48
 70
     1
102
RTVSPost2010Prop49
280
     0
102
RTVSPost2010PropOp49
 70
     1
102
RTVSPost2010Prop50
 90
       50
102
RTVSPost2010PropOp50
 70
     1
102
RTVSPost2010Prop51ColorIndex
 90
      256
102
RTVSPost2010Prop51ColorRGB
 90
-16777216
102
RTVSPost2010PropOp51
 70
     0
102
RTVSPost2010Prop52
140
1.0
102
RTVSPost2010PropOp52
 70
     0
102
RTVSPost2010Prop53
 90
        2
102
RTVSPost2010PropOp53
 70
     1
102
RTVSPost2010Prop54
  1
strokes_ogs.tif
102
RTVSPost2010PropOp54
 70
     1
102
RTVSPost2010Prop55
280
     0
102
RTVSPost2010PropOp55
 70
     1
102
RTVSPost2010Prop56
140
1.0
102
RTVSPost2010PropOp56
 70
     1
102
RTVSPost2010Prop57
140
1.0
102
RTVSPost2010PropOp57
 70
     1
  0
XRECORD
  5
897
102
{ACAD_REACTORS
330
896
102
}
330
896
100
AcDbXrecord
280
     1
102
RTVSPropertyOp0
 70
     1
102
RTVSPropertyOp1
 70
     1
102
RTVSPropertyOp2
 70
     1
102
RTVSPropertyOp3
 70
     1
102
RTVSPropertyOp4
 70
     1
102
RTVSPropertyOp5
 70
     1
102
RTVSPropertyOp6
 70
     1
102
RTVSPropertyOp7
 70
     1
102
RTVSPropertyOp8
 70
     1
102
RTVSPropertyOp9
 70
     1
102
RTVSPropertyOp10
 70
     1
102
RTVSPropertyOp11
 70
     1
102
RTVSPropertyOp12
 70
     1
102
RTVSPropertyOp13
 70
     1
102
RTVSPropertyOp14
 70
     1
102
RTVSPropertyOp15
 70
     1
102
RTVSPropertyOp16
 70
     1
102
RTVSPropertyOp17
 70
     1
102
RTVSPropertyOp18
 70
     1
102
RTVSPropertyOp19
 70
     1
102
RTVSPropertyOp20
 70
     1
102
RTVSPropertyOp21
 70
     1
102
RTVSPropertyOp22
 70
     1
102
RTVSPropertyOp23
 70
     1
102
RTVSPropertyOp24
 70
     1
102
RTVSPropertyOp25
 70
     1
102
RTVSPropertyOp26
 70
     1
102
RTVSPropertyOp27
 70
     1
102
RTVSPropertyOp28
 70
     1
102
RTVSPropertyOp29
 70
     1
102
RTVSPropertyOp30
 70
     1
102
RTVSPropertyOp31
 70
     1
102
RTVSPropertyOp32
 70
     1
102
RTVSPropertyOp33
 70
     1
102
RTVSPropertyOp34
 70
     1
102
RTVSPropertyOp35
 70
     1
102
RTVSPropertyOp36
 70
     1
102
RTVSPropertyOp37
 70
     1
102
RTVSPropertyOp38
 70
     1
102
RTVSPropertyOp39
 70
     1
102
RTVSPropertyOp40
 70
     1
102
RTVSPropertyOp41
 70
     1
102
RTVSPropertyOp42
 70
     1
102
RTVSPropertyOp43
 70
     1
102
RTVSPropertyOp44
 70
     1
102
RTVSPropertyOp45
 70
     1
102
RTVSPropertyOp46
 70
     1
102
RTVSPropertyOp47
 70
     1
102
RTVSPropertyOp48
 70
     1
102
RTVSPropertyOp49
 70
     1
102
RTVSPropertyOp50
 70
     1
102
RTVSPropertyOp51
 70
     0
102
RTVSPropertyOp52
 70
     0
102
RTVSPropertyOp53
 70
     1
102
RTVSPropertyOp54
 70
     1
102
RTVSPropertyOp55
 70
     1
102
RTVSPropertyOp56
 70
     1
102
RTVSPropertyOp57
 70
     1
102
RTVSPost2010Prop28
280
     0
102
RTVSPost2010PropOp28
 70
     1
102
RTVSPost2010Prop29
280
     1
102
RTVSPost2010PropOp29
 70
     1
102
RTVSPost2010Prop30
280
     1
102
RTVSPost2010PropOp30
 70
     1
102
RTVSPost2010Prop31
280
     0
102
RTVSPost2010PropOp31
 70
     1
102
RTVSPost2010Prop32
280
     0
102
RTVSPost2010PropOp32
 70
     1
102
RTVSPost2010Prop33
280
     0
102
RTVSPost2010PropOp33
 70
     1
102
RTVSPost2010Prop34
280
     0
102
RTVSPost2010PropOp34
 70
     1
102
RTVSPost2010Prop35
280
     0
102
RTVSPost2010PropOp35
 70
     1
102
RTVSPost2010Prop36
280
     0
102
RTVSPost2010PropOp36
 70
     1
102
RTVSPost2010Prop37
 90
       50
102
RTVSPost2010PropOp37
 70
     1
102
RTVSPost2010Prop38
140
0.0
102
RTVSPost2010PropOp38
 70
     1
102
RTVSPost2010Prop39
140
1.0
102
RTVSPost2010PropOp39
 70
     1
102
RTVSPost2010Prop40
 90
        0
102
RTVSPost2010PropOp40
 70
     1
102
RTVSPost2010Prop41ColorIndex
 90
       18
102
RTVSPost2010Prop41ColorRGB
 90
        0
102
RTVSPost2010PropOp41
 70
     1
102
RTVSPost2010Prop42
 90
       50
102
RTVSPost2010PropOp42
 70
     1
102
RTVSPost2010Prop43
 90
        3
102
RTVSPost2010PropOp43
 70
     1
102
RTVSPost2010Prop44ColorIndex
 90
        5
102
RTVSPost2010Prop44ColorRGB
 90
      255
102
RTVSPost2010PropOp44
 70
     1
102
RTVSPost2010Prop45
280
     0
102
RTVSPost2010PropOp45
 70
     1
102
RTVSPost2010Prop46
 90
       50
102
RTVSPost2010PropOp46
 70
     1
102
RTVSPost2010Prop47
 90
       50
102
RTVSPost2010PropOp47
 70
     1
102
RTVSPost2010Prop48
 90
       50
102
RTVSPost2010PropOp48
 70
     1
102
RTVSPost2010Prop49
280
     0
102
RTVSPost2010PropOp49
 70
     1
102
RTVSPost2010Prop50
 90
       50
102
RTVSPost2010PropOp50
 70
     1
102
RTVSPost2010Prop51ColorIndex
 90
      256
102
RTVSPost2010Prop51ColorRGB
 90
-16777216
102
RTVSPost2010PropOp51
 70
     0
102
RTVSPost2010Prop52
140
1.0
102
RTVSPost2010PropOp52
 70
     0
102
RTVSPost2010Prop53
 90
        2
102
RTVSPost2010PropOp53
 70
     1
102
RTVSPost2010Prop54
  1
strokes_ogs.tif
102
RTVSPost2010PropOp54
 70
     1
102
RTVSPost2010Prop55
280
     0
102
RTVSPost2010PropOp55
 70
     1
102
RTVSPost2010Prop56
140
1.0
102
RTVSPost2010PropOp56
 70
     1
102
RTVSPost2010Prop57
140
1.0
102
RTVSPost2010PropOp57
 70
     1
  0
XRECORD
  5
895
102
{ACAD_REACTORS
330
894
102
}
330
894
100
AcDbXrecord
280
     1
102
RTVSPropertyOp0
 70
     1
102
RTVSPropertyOp1
 70
     1
102
RTVSPropertyOp2
 70
     1
102
RTVSPropertyOp3
 70
     1
102
RTVSPropertyOp4
 70
     1
102
RTVSPropertyOp5
 70
     1
102
RTVSPropertyOp6
 70
     1
102
RTVSPropertyOp7
 70
     1
102
RTVSPropertyOp8
 70
     1
102
RTVSPropertyOp9
 70
     1
102
RTVSPropertyOp10
 70
     1
102
RTVSPropertyOp11
 70
     1
102
RTVSPropertyOp12
 70
     1
102
RTVSPropertyOp13
 70
     1
102
RTVSPropertyOp14
 70
     1
102
RTVSPropertyOp15
 70
     1
102
RTVSPropertyOp16
 70
     1
102
RTVSPropertyOp17
 70
     1
102
RTVSPropertyOp18
 70
     1
102
RTVSPropertyOp19
 70
     1
102
RTVSPropertyOp20
 70
     1
102
RTVSPropertyOp21
 70
     1
102
RTVSPropertyOp22
 70
     1
102
RTVSPropertyOp23
 70
     1
102
RTVSPropertyOp24
 70
     1
102
RTVSPropertyOp25
 70
     1
102
RTVSPropertyOp26
 70
     1
102
RTVSPropertyOp27
 70
     1
102
RTVSPropertyOp28
 70
     1
102
RTVSPropertyOp29
 70
     1
102
RTVSPropertyOp30
 70
     1
102
RTVSPropertyOp31
 70
     1
102
RTVSPropertyOp32
 70
     1
102
RTVSPropertyOp33
 70
     1
102
RTVSPropertyOp34
 70
     1
102
RTVSPropertyOp35
 70
     1
102
RTVSPropertyOp36
 70
     1
102
RTVSPropertyOp37
 70
     1
102
RTVSPropertyOp38
 70
     1
102
RTVSPropertyOp39
 70
     1
102
RTVSPropertyOp40
 70
     1
102
RTVSPropertyOp41
 70
     1
102
RTVSPropertyOp42
 70
     1
102
RTVSPropertyOp43
 70
     1
102
RTVSPropertyOp44
 70
     1
102
RTVSPropertyOp45
 70
     1
102
RTVSPropertyOp46
 70
     1
102
RTVSPropertyOp47
 70
     1
102
RTVSPropertyOp48
 70
     1
102
RTVSPropertyOp49
 70
     1
102
RTVSPropertyOp50
 70
     1
102
RTVSPropertyOp51
 70
     0
102
RTVSPropertyOp52
 70
     0
102
RTVSPropertyOp53
 70
     1
102
RTVSPropertyOp54
 70
     1
102
RTVSPropertyOp55
 70
     1
102
RTVSPropertyOp56
 70
     1
102
RTVSPropertyOp57
 70
     1
102
RTVSPost2010Prop28
280
     0
102
RTVSPost2010PropOp28
 70
     1
102
RTVSPost2010Prop29
280
     1
102
RTVSPost2010PropOp29
 70
     1
102
RTVSPost2010Prop30
280
     1
102
RTVSPost2010PropOp30
 70
     1
102
RTVSPost2010Prop31
280
     0
102
RTVSPost2010PropOp31
 70
     1
102
RTVSPost2010Prop32
280
     0
102
RTVSPost2010PropOp32
 70
     1
102
RTVSPost2010Prop33
280
     0
102
RTVSPost2010PropOp33
 70
     1
102
RTVSPost2010Prop34
280
     0
102
RTVSPost2010PropOp34
 70
     1
102
RTVSPost2010Prop35
280
     0
102
RTVSPost2010PropOp35
 70
     1
102
RTVSPost2010Prop36
280
     0
102
RTVSPost2010PropOp36
 70
     1
102
RTVSPost2010Prop37
 90
       50
102
RTVSPost2010PropOp37
 70
     1
102
RTVSPost2010Prop38
140
0.0
102
RTVSPost2010PropOp38
 70
     1
102
RTVSPost2010Prop39
140
1.0
102
RTVSPost2010PropOp39
 70
     1
102
RTVSPost2010Prop40
 90
        0
102
RTVSPost2010PropOp40
 70
     1
102
RTVSPost2010Prop41ColorIndex
 90
       18
102
RTVSPost2010Prop41ColorRGB
 90
        0
102
RTVSPost2010PropOp41
 70
     1
102
RTVSPost2010Prop42
 90
       50
102
RTVSPost2010PropOp42
 70
     1
102
RTVSPost2010Prop43
 90
        3
102
RTVSPost2010PropOp43
 70
     1
102
RTVSPost2010Prop44ColorIndex
 90
        5
102
RTVSPost2010Prop44ColorRGB
 90
      255
102
RTVSPost2010PropOp44
 70
     1
102
RTVSPost2010Prop45
280
     0
102
RTVSPost2010PropOp45
 70
     1
102
RTVSPost2010Prop46
 90
       50
102
RTVSPost2010PropOp46
 70
     1
102
RTVSPost2010Prop47
 90
       50
102
RTVSPost2010PropOp47
 70
     1
102
RTVSPost2010Prop48
 90
       50
102
RTVSPost2010PropOp48
 70
     1
102
RTVSPost2010Prop49
280
     0
102
RTVSPost2010PropOp49
 70
     1
102
RTVSPost2010Prop50
 90
       50
102
RTVSPost2010PropOp50
 70
     1
102
RTVSPost2010Prop51ColorIndex
 90
      256
102
RTVSPost2010Prop51ColorRGB
 90
-16777216
102
RTVSPost2010PropOp51
 70
     0
102
RTVSPost2010Prop52
140
1.0
102
RTVSPost2010PropOp52
 70
     0
102
RTVSPost2010Prop53
 90
        2
102
RTVSPost2010PropOp53
 70
     1
102
RTVSPost2010Prop54
  1
strokes_ogs.tif
102
RTVSPost2010PropOp54
 70
     1
102
RTVSPost2010Prop55
280
     0
102
RTVSPost2010PropOp55
 70
     1
102
RTVSPost2010Prop56
140
1.0
102
RTVSPost2010PropOp56
 70
     1
102
RTVSPost2010Prop57
140
1.0
102
RTVSPost2010PropOp57
 70
     1
  0
XRECORD
  5
88F
102
{ACAD_REACTORS
330
88E
102
}
330
88E
100
AcDbXrecord
280
     1
102
RTVSPropertyOp0
 70
     1
102
RTVSPropertyOp1
 70
     1
102
RTVSPropertyOp2
 70
     1
102
RTVSPropertyOp3
 70
     1
102
RTVSPropertyOp4
 70
     1
102
RTVSPropertyOp5
 70
     1
102
RTVSPropertyOp6
 70
     1
102
RTVSPropertyOp7
 70
     1
102
RTVSPropertyOp8
 70
     1
102
RTVSPropertyOp9
 70
     1
102
RTVSPropertyOp10
 70
     1
102
RTVSPropertyOp11
 70
     1
102
RTVSPropertyOp12
 70
     1
102
RTVSPropertyOp13
 70
     1
102
RTVSPropertyOp14
 70
     1
102
RTVSPropertyOp15
 70
     1
102
RTVSPropertyOp16
 70
     1
102
RTVSPropertyOp17
 70
     1
102
RTVSPropertyOp18
 70
     1
102
RTVSPropertyOp19
 70
     1
102
RTVSPropertyOp20
 70
     1
102
RTVSPropertyOp21
 70
     1
102
RTVSPropertyOp22
 70
     1
102
RTVSPropertyOp23
 70
     1
102
RTVSPropertyOp24
 70
     1
102
RTVSPropertyOp25
 70
     1
102
RTVSPropertyOp26
 70
     1
102
RTVSPropertyOp27
 70
     1
102
RTVSPropertyOp28
 70
     1
102
RTVSPropertyOp29
 70
     1
102
RTVSPropertyOp30
 70
     1
102
RTVSPropertyOp31
 70
     1
102
RTVSPropertyOp32
 70
     1
102
RTVSPropertyOp33
 70
     1
102
RTVSPropertyOp34
 70
     1
102
RTVSPropertyOp35
 70
     1
102
RTVSPropertyOp36
 70
     1
102
RTVSPropertyOp37
 70
     1
102
RTVSPropertyOp38
 70
     1
102
RTVSPropertyOp39
 70
     1
102
RTVSPropertyOp40
 70
     1
102
RTVSPropertyOp41
 70
     1
102
RTVSPropertyOp42
 70
     1
102
RTVSPropertyOp43
 70
     1
102
RTVSPropertyOp44
 70
     1
102
RTVSPropertyOp45
 70
     1
102
RTVSPropertyOp46
 70
     1
102
RTVSPropertyOp47
 70
     1
102
RTVSPropertyOp48
 70
     1
102
RTVSPropertyOp49
 70
     1
102
RTVSPropertyOp50
 70
     1
102
RTVSPropertyOp51
 70
     0
102
RTVSPropertyOp52
 70
     0
102
RTVSPropertyOp53
 70
     1
102
RTVSPropertyOp54
 70
     1
102
RTVSPropertyOp55
 70
     1
102
RTVSPropertyOp56
 70
     1
102
RTVSPropertyOp57
 70
     1
102
RTVSPost2010Prop28
280
     0
102
RTVSPost2010PropOp28
 70
     1
102
RTVSPost2010Prop29
280
     1
102
RTVSPost2010PropOp29
 70
     1
102
RTVSPost2010Prop30
280
     1
102
RTVSPost2010PropOp30
 70
     1
102
RTVSPost2010Prop31
280
     0
102
RTVSPost2010PropOp31
 70
     1
102
RTVSPost2010Prop32
280
     0
102
RTVSPost2010PropOp32
 70
     1
102
RTVSPost2010Prop33
280
     0
102
RTVSPost2010PropOp33
 70
     1
102
RTVSPost2010Prop34
280
     0
102
RTVSPost2010PropOp34
 70
     1
102
RTVSPost2010Prop35
280
     0
102
RTVSPost2010PropOp35
 70
     1
102
RTVSPost2010Prop36
280
     0
102
RTVSPost2010PropOp36
 70
     1
102
RTVSPost2010Prop37
 90
       50
102
RTVSPost2010PropOp37
 70
     1
102
RTVSPost2010Prop38
140
0.0
102
RTVSPost2010PropOp38
 70
     1
102
RTVSPost2010Prop39
140
1.0
102
RTVSPost2010PropOp39
 70
     1
102
RTVSPost2010Prop40
 90
        0
102
RTVSPost2010PropOp40
 70
     1
102
RTVSPost2010Prop41ColorIndex
 90
       18
102
RTVSPost2010Prop41ColorRGB
 90
        0
102
RTVSPost2010PropOp41
 70
     1
102
RTVSPost2010Prop42
 90
       50
102
RTVSPost2010PropOp42
 70
     1
102
RTVSPost2010Prop43
 90
        3
102
RTVSPost2010PropOp43
 70
     1
102
RTVSPost2010Prop44ColorIndex
 90
        5
102
RTVSPost2010Prop44ColorRGB
 90
      255
102
RTVSPost2010PropOp44
 70
     1
102
RTVSPost2010Prop45
280
     0
102
RTVSPost2010PropOp45
 70
     1
102
RTVSPost2010Prop46
 90
       50
102
RTVSPost2010PropOp46
 70
     1
102
RTVSPost2010Prop47
 90
       50
102
RTVSPost2010PropOp47
 70
     1
102
RTVSPost2010Prop48
 90
       50
102
RTVSPost2010PropOp48
 70
     1
102
RTVSPost2010Prop49
280
     0
102
RTVSPost2010PropOp49
 70
     1
102
RTVSPost2010Prop50
 90
       50
102
RTVSPost2010PropOp50
 70
     1
102
RTVSPost2010Prop51ColorIndex
 90
      256
102
RTVSPost2010Prop51ColorRGB
 90
-16777216
102
RTVSPost2010PropOp51
 70
     0
102
RTVSPost2010Prop52
140
1.0
102
RTVSPost2010PropOp52
 70
     0
102
RTVSPost2010Prop53
 90
        2
102
RTVSPost2010PropOp53
 70
     1
102
RTVSPost2010Prop54
  1
strokes_ogs.tif
102
RTVSPost2010PropOp54
 70
     1
102
RTVSPost2010Prop55
280
     0
102
RTVSPost2010PropOp55
 70
     1
102
RTVSPost2010Prop56
140
1.0
102
RTVSPost2010PropOp56
 70
     1
102
RTVSPost2010Prop57
140
1.0
102
RTVSPost2010PropOp57
 70
     1
  0
XRECORD
  5
891
102
{ACAD_REACTORS
330
890
102
}
330
890
100
AcDbXrecord
280
     1
102
RTVSPropertyOp0
 70
     1
102
RTVSPropertyOp1
 70
     1
102
RTVSPropertyOp2
 70
     1
102
RTVSPropertyOp3
 70
     1
102
RTVSPropertyOp4
 70
     1
102
RTVSPropertyOp5
 70
     1
102
RTVSPropertyOp6
 70
     1
102
RTVSPropertyOp7
 70
     1
102
RTVSPropertyOp8
 70
     1
102
RTVSPropertyOp9
 70
     1
102
RTVSPropertyOp10
 70
     1
102
RTVSPropertyOp11
 70
     1
102
RTVSPropertyOp12
 70
     1
102
RTVSPropertyOp13
 70
     1
102
RTVSPropertyOp14
 70
     1
102
RTVSPropertyOp15
 70
     1
102
RTVSPropertyOp16
 70
     1
102
RTVSPropertyOp17
 70
     1
102
RTVSPropertyOp18
 70
     1
102
RTVSPropertyOp19
 70
     1
102
RTVSPropertyOp20
 70
     1
102
RTVSPropertyOp21
 70
     1
102
RTVSPropertyOp22
 70
     1
102
RTVSPropertyOp23
 70
     1
102
RTVSPropertyOp24
 70
     1
102
RTVSPropertyOp25
 70
     1
102
RTVSPropertyOp26
 70
     1
102
RTVSPropertyOp27
 70
     1
102
RTVSPropertyOp28
 70
     1
102
RTVSPropertyOp29
 70
     1
102
RTVSPropertyOp30
 70
     1
102
RTVSPropertyOp31
 70
     1
102
RTVSPropertyOp32
 70
     1
102
RTVSPropertyOp33
 70
     1
102
RTVSPropertyOp34
 70
     1
102
RTVSPropertyOp35
 70
     1
102
RTVSPropertyOp36
 70
     1
102
RTVSPropertyOp37
 70
     1
102
RTVSPropertyOp38
 70
     1
102
RTVSPropertyOp39
 70
     1
102
RTVSPropertyOp40
 70
     1
102
RTVSPropertyOp41
 70
     1
102
RTVSPropertyOp42
 70
     1
102
RTVSPropertyOp43
 70
     1
102
RTVSPropertyOp44
 70
     1
102
RTVSPropertyOp45
 70
     1
102
RTVSPropertyOp46
 70
     1
102
RTVSPropertyOp47
 70
     1
102
RTVSPropertyOp48
 70
     1
102
RTVSPropertyOp49
 70
     1
102
RTVSPropertyOp50
 70
     1
102
RTVSPropertyOp51
 70
     0
102
RTVSPropertyOp52
 70
     0
102
RTVSPropertyOp53
 70
     1
102
RTVSPropertyOp54
 70
     1
102
RTVSPropertyOp55
 70
     1
102
RTVSPropertyOp56
 70
     1
102
RTVSPropertyOp57
 70
     1
102
RTVSPost2010Prop28
280
     0
102
RTVSPost2010PropOp28
 70
     1
102
RTVSPost2010Prop29
280
     1
102
RTVSPost2010PropOp29
 70
     1
102
RTVSPost2010Prop30
280
     1
102
RTVSPost2010PropOp30
 70
     1
102
RTVSPost2010Prop31
280
     0
102
RTVSPost2010PropOp31
 70
     1
102
RTVSPost2010Prop32
280
     0
102
RTVSPost2010PropOp32
 70
     1
102
RTVSPost2010Prop33
280
     0
102
RTVSPost2010PropOp33
 70
     1
102
RTVSPost2010Prop34
280
     0
102
RTVSPost2010PropOp34
 70
     1
102
RTVSPost2010Prop35
280
     0
102
RTVSPost2010PropOp35
 70
     1
102
RTVSPost2010Prop36
280
     0
102
RTVSPost2010PropOp36
 70
     1
102
RTVSPost2010Prop37
 90
       50
102
RTVSPost2010PropOp37
 70
     1
102
RTVSPost2010Prop38
140
0.0
102
RTVSPost2010PropOp38
 70
     1
102
RTVSPost2010Prop39
140
1.0
102
RTVSPost2010PropOp39
 70
     1
102
RTVSPost2010Prop40
 90
        0
102
RTVSPost2010PropOp40
 70
     1
102
RTVSPost2010Prop41ColorIndex
 90
       18
102
RTVSPost2010Prop41ColorRGB
 90
        0
102
RTVSPost2010PropOp41
 70
     1
102
RTVSPost2010Prop42
 90
       50
102
RTVSPost2010PropOp42
 70
     1
102
RTVSPost2010Prop43
 90
        3
102
RTVSPost2010PropOp43
 70
     1
102
RTVSPost2010Prop44ColorIndex
 90
        5
102
RTVSPost2010Prop44ColorRGB
 90
      255
102
RTVSPost2010PropOp44
 70
     1
102
RTVSPost2010Prop45
280
     0
102
RTVSPost2010PropOp45
 70
     1
102
RTVSPost2010Prop46
 90
       50
102
RTVSPost2010PropOp46
 70
     1
102
RTVSPost2010Prop47
 90
       50
102
RTVSPost2010PropOp47
 70
     1
102
RTVSPost2010Prop48
 90
       50
102
RTVSPost2010PropOp48
 70
     1
102
RTVSPost2010Prop49
280
     0
102
RTVSPost2010PropOp49
 70
     1
102
RTVSPost2010Prop50
 90
       50
102
RTVSPost2010PropOp50
 70
     1
102
RTVSPost2010Prop51ColorIndex
 90
      256
102
RTVSPost2010Prop51ColorRGB
 90
-16777216
102
RTVSPost2010PropOp51
 70
     0
102
RTVSPost2010Prop52
140
1.0
102
RTVSPost2010PropOp52
 70
     0
102
RTVSPost2010Prop53
 90
        2
102
RTVSPost2010PropOp53
 70
     1
102
RTVSPost2010Prop54
  1
strokes_ogs.tif
102
RTVSPost2010PropOp54
 70
     1
102
RTVSPost2010Prop55
280
     0
102
RTVSPost2010PropOp55
 70
     1
102
RTVSPost2010Prop56
140
1.0
102
RTVSPost2010PropOp56
 70
     1
102
RTVSPost2010Prop57
140
1.0
102
RTVSPost2010PropOp57
 70
     1
  0
XRECORD
  5
881
102
{ACAD_REACTORS
330
880
102
}
330
880
100
AcDbXrecord
280
     1
102
RTVSPropertyOp0
 70
     1
102
RTVSPropertyOp1
 70
     1
102
RTVSPropertyOp2
 70
     1
102
RTVSPropertyOp3
 70
     1
102
RTVSPropertyOp4
 70
     1
102
RTVSPropertyOp5
 70
     1
102
RTVSPropertyOp6
 70
     1
102
RTVSPropertyOp7
 70
     1
102
RTVSPropertyOp8
 70
     1
102
RTVSPropertyOp9
 70
     1
102
RTVSPropertyOp10
 70
     1
102
RTVSPropertyOp11
 70
     1
102
RTVSPropertyOp12
 70
     1
102
RTVSPropertyOp13
 70
     1
102
RTVSPropertyOp14
 70
     1
102
RTVSPropertyOp15
 70
     1
102
RTVSPropertyOp16
 70
     1
102
RTVSPropertyOp17
 70
     1
102
RTVSPropertyOp18
 70
     1
102
RTVSPropertyOp19
 70
     1
102
RTVSPropertyOp20
 70
     1
102
RTVSPropertyOp21
 70
     1
102
RTVSPropertyOp22
 70
     1
102
RTVSPropertyOp23
 70
     1
102
RTVSPropertyOp24
 70
     1
102
RTVSPropertyOp25
 70
     1
102
RTVSPropertyOp26
 70
     1
102
RTVSPropertyOp27
 70
     1
102
RTVSPropertyOp28
 70
     1
102
RTVSPropertyOp29
 70
     1
102
RTVSPropertyOp30
 70
     1
102
RTVSPropertyOp31
 70
     1
102
RTVSPropertyOp32
 70
     1
102
RTVSPropertyOp33
 70
     1
102
RTVSPropertyOp34
 70
     1
102
RTVSPropertyOp35
 70
     1
102
RTVSPropertyOp36
 70
     1
102
RTVSPropertyOp37
 70
     1
102
RTVSPropertyOp38
 70
     1
102
RTVSPropertyOp39
 70
     1
102
RTVSPropertyOp40
 70
     1
102
RTVSPropertyOp41
 70
     1
102
RTVSPropertyOp42
 70
     1
102
RTVSPropertyOp43
 70
     1
102
RTVSPropertyOp44
 70
     1
102
RTVSPropertyOp45
 70
     1
102
RTVSPropertyOp46
 70
     1
102
RTVSPropertyOp47
 70
     1
102
RTVSPropertyOp48
 70
     1
102
RTVSPropertyOp49
 70
     1
102
RTVSPropertyOp50
 70
     1
102
RTVSPropertyOp51
 70
     0
102
RTVSPropertyOp52
 70
     0
102
RTVSPropertyOp53
 70
     1
102
RTVSPropertyOp54
 70
     1
102
RTVSPropertyOp55
 70
     1
102
RTVSPropertyOp56
 70
     1
102
RTVSPropertyOp57
 70
     1
102
RTVSPost2010Prop28
280
     0
102
RTVSPost2010PropOp28
 70
     1
102
RTVSPost2010Prop29
280
     1
102
RTVSPost2010PropOp29
 70
     1
102
RTVSPost2010Prop30
280
     1
102
RTVSPost2010PropOp30
 70
     1
102
RTVSPost2010Prop31
280
     0
102
RTVSPost2010PropOp31
 70
     1
102
RTVSPost2010Prop32
280
     0
102
RTVSPost2010PropOp32
 70
     1
102
RTVSPost2010Prop33
280
     0
102
RTVSPost2010PropOp33
 70
     1
102
RTVSPost2010Prop34
280
     0
102
RTVSPost2010PropOp34
 70
     1
102
RTVSPost2010Prop35
280
     0
102
RTVSPost2010PropOp35
 70
     1
102
RTVSPost2010Prop36
280
     0
102
RTVSPost2010PropOp36
 70
     1
102
RTVSPost2010Prop37
 90
       50
102
RTVSPost2010PropOp37
 70
     1
102
RTVSPost2010Prop38
140
0.0
102
RTVSPost2010PropOp38
 70
     1
102
RTVSPost2010Prop39
140
1.0
102
RTVSPost2010PropOp39
 70
     1
102
RTVSPost2010Prop40
 90
        0
102
RTVSPost2010PropOp40
 70
     1
102
RTVSPost2010Prop41ColorIndex
 90
       18
102
RTVSPost2010Prop41ColorRGB
 90
        0
102
RTVSPost2010PropOp41
 70
     1
102
RTVSPost2010Prop42
 90
       50
102
RTVSPost2010PropOp42
 70
     1
102
RTVSPost2010Prop43
 90
        3
102
RTVSPost2010PropOp43
 70
     1
102
RTVSPost2010Prop44ColorIndex
 90
        5
102
RTVSPost2010Prop44ColorRGB
 90
      255
102
RTVSPost2010PropOp44
 70
     1
102
RTVSPost2010Prop45
280
     0
102
RTVSPost2010PropOp45
 70
     1
102
RTVSPost2010Prop46
 90
       50
102
RTVSPost2010PropOp46
 70
     1
102
RTVSPost2010Prop47
 90
       50
102
RTVSPost2010PropOp47
 70
     1
102
RTVSPost2010Prop48
 90
       50
102
RTVSPost2010PropOp48
 70
     1
102
RTVSPost2010Prop49
280
     0
102
RTVSPost2010PropOp49
 70
     1
102
RTVSPost2010Prop50
 90
       50
102
RTVSPost2010PropOp50
 70
     1
102
RTVSPost2010Prop51ColorIndex
 90
      256
102
RTVSPost2010Prop51ColorRGB
 90
-16777216
102
RTVSPost2010PropOp51
 70
     0
102
RTVSPost2010Prop52
140
1.0
102
RTVSPost2010PropOp52
 70
     0
102
RTVSPost2010Prop53
 90
        2
102
RTVSPost2010PropOp53
 70
     1
102
RTVSPost2010Prop54
  1
strokes_ogs.tif
102
RTVSPost2010PropOp54
 70
     1
102
RTVSPost2010Prop55
280
     0
102
RTVSPost2010PropOp55
 70
     1
102
RTVSPost2010Prop56
140
1.0
102
RTVSPost2010PropOp56
 70
     1
102
RTVSPost2010Prop57
140
1.0
102
RTVSPost2010PropOp57
 70
     1
  0
XRECORD
  5
873
102
{ACAD_REACTORS
330
872
102
}
330
872
100
AcDbXrecord
280
     1
102
RTVSPropertyOp0
 70
     1
102
RTVSPropertyOp1
 70
     1
102
RTVSPropertyOp2
 70
     1
102
RTVSPropertyOp3
 70
     1
102
RTVSPropertyOp4
 70
     1
102
RTVSPropertyOp5
 70
     1
102
RTVSPropertyOp6
 70
     1
102
RTVSPropertyOp7
 70
     1
102
RTVSPropertyOp8
 70
     1
102
RTVSPropertyOp9
 70
     1
102
RTVSPropertyOp10
 70
     1
102
RTVSPropertyOp11
 70
     1
102
RTVSPropertyOp12
 70
     1
102
RTVSPropertyOp13
 70
     1
102
RTVSPropertyOp14
 70
     1
102
RTVSPropertyOp15
 70
     1
102
RTVSPropertyOp16
 70
     1
102
RTVSPropertyOp17
 70
     1
102
RTVSPropertyOp18
 70
     1
102
RTVSPropertyOp19
 70
     1
102
RTVSPropertyOp20
 70
     1
102
RTVSPropertyOp21
 70
     1
102
RTVSPropertyOp22
 70
     1
102
RTVSPropertyOp23
 70
     1
102
RTVSPropertyOp24
 70
     1
102
RTVSPropertyOp25
 70
     1
102
RTVSPropertyOp26
 70
     1
102
RTVSPropertyOp27
 70
     1
102
RTVSPropertyOp28
 70
     1
102
RTVSPropertyOp29
 70
     1
102
RTVSPropertyOp30
 70
     1
102
RTVSPropertyOp31
 70
     1
102
RTVSPropertyOp32
 70
     1
102
RTVSPropertyOp33
 70
     1
102
RTVSPropertyOp34
 70
     1
102
RTVSPropertyOp35
 70
     1
102
RTVSPropertyOp36
 70
     1
102
RTVSPropertyOp37
 70
     1
102
RTVSPropertyOp38
 70
     1
102
RTVSPropertyOp39
 70
     1
102
RTVSPropertyOp40
 70
     1
102
RTVSPropertyOp41
 70
     1
102
RTVSPropertyOp42
 70
     1
102
RTVSPropertyOp43
 70
     1
102
RTVSPropertyOp44
 70
     1
102
RTVSPropertyOp45
 70
     1
102
RTVSPropertyOp46
 70
     1
102
RTVSPropertyOp47
 70
     1
102
RTVSPropertyOp48
 70
     1
102
RTVSPropertyOp49
 70
     1
102
RTVSPropertyOp50
 70
     1
102
RTVSPropertyOp51
 70
     0
102
RTVSPropertyOp52
 70
     0
102
RTVSPropertyOp53
 70
     1
102
RTVSPropertyOp54
 70
     1
102
RTVSPropertyOp55
 70
     1
102
RTVSPropertyOp56
 70
     1
102
RTVSPropertyOp57
 70
     1
102
RTVSPost2010Prop28
280
     0
102
RTVSPost2010PropOp28
 70
     1
102
RTVSPost2010Prop29
280
     1
102
RTVSPost2010PropOp29
 70
     1
102
RTVSPost2010Prop30
280
     1
102
RTVSPost2010PropOp30
 70
     1
102
RTVSPost2010Prop31
280
     0
102
RTVSPost2010PropOp31
 70
     1
102
RTVSPost2010Prop32
280
     0
102
RTVSPost2010PropOp32
 70
     1
102
RTVSPost2010Prop33
280
     0
102
RTVSPost2010PropOp33
 70
     1
102
RTVSPost2010Prop34
280
     0
102
RTVSPost2010PropOp34
 70
     1
102
RTVSPost2010Prop35
280
     0
102
RTVSPost2010PropOp35
 70
     1
102
RTVSPost2010Prop36
280
     0
102
RTVSPost2010PropOp36
 70
     1
102
RTVSPost2010Prop37
 90
       50
102
RTVSPost2010PropOp37
 70
     1
102
RTVSPost2010Prop38
140
0.0
102
RTVSPost2010PropOp38
 70
     1
102
RTVSPost2010Prop39
140
1.0
102
RTVSPost2010PropOp39
 70
     1
102
RTVSPost2010Prop40
 90
        0
102
RTVSPost2010PropOp40
 70
     1
102
RTVSPost2010Prop41ColorIndex
 90
       18
102
RTVSPost2010Prop41ColorRGB
 90
        0
102
RTVSPost2010PropOp41
 70
     1
102
RTVSPost2010Prop42
 90
       50
102
RTVSPost2010PropOp42
 70
     1
102
RTVSPost2010Prop43
 90
        3
102
RTVSPost2010PropOp43
 70
     1
102
RTVSPost2010Prop44ColorIndex
 90
        5
102
RTVSPost2010Prop44ColorRGB
 90
      255
102
RTVSPost2010PropOp44
 70
     1
102
RTVSPost2010Prop45
280
     0
102
RTVSPost2010PropOp45
 70
     1
102
RTVSPost2010Prop46
 90
       50
102
RTVSPost2010PropOp46
 70
     1
102
RTVSPost2010Prop47
 90
       50
102
RTVSPost2010PropOp47
 70
     1
102
RTVSPost2010Prop48
 90
       50
102
RTVSPost2010PropOp48
 70
     1
102
RTVSPost2010Prop49
280
     0
102
RTVSPost2010PropOp49
 70
     1
102
RTVSPost2010Prop50
 90
       50
102
RTVSPost2010PropOp50
 70
     1
102
RTVSPost2010Prop51ColorIndex
 90
      256
102
RTVSPost2010Prop51ColorRGB
 90
-16777216
102
RTVSPost2010PropOp51
 70
     0
102
RTVSPost2010Prop52
140
1.0
102
RTVSPost2010PropOp52
 70
     0
102
RTVSPost2010Prop53
 90
        2
102
RTVSPost2010PropOp53
 70
     1
102
RTVSPost2010Prop54
  1
strokes_ogs.tif
102
RTVSPost2010PropOp54
 70
     1
102
RTVSPost2010Prop55
280
     0
102
RTVSPost2010PropOp55
 70
     1
102
RTVSPost2010Prop56
140
1.0
102
RTVSPost2010PropOp56
 70
     1
102
RTVSPost2010Prop57
140
1.0
102
RTVSPost2010PropOp57
 70
     1
  0
XRECORD
  5
893
102
{ACAD_REACTORS
330
892
102
}
330
892
100
AcDbXrecord
280
     1
102
RTVSPropertyOp0
 70
     1
102
RTVSPropertyOp1
 70
     1
102
RTVSPropertyOp2
 70
     1
102
RTVSPropertyOp3
 70
     1
102
RTVSPropertyOp4
 70
     1
102
RTVSPropertyOp5
 70
     1
102
RTVSPropertyOp6
 70
     1
102
RTVSPropertyOp7
 70
     1
102
RTVSPropertyOp8
 70
     1
102
RTVSPropertyOp9
 70
     1
102
RTVSPropertyOp10
 70
     1
102
RTVSPropertyOp11
 70
     1
102
RTVSPropertyOp12
 70
     1
102
RTVSPropertyOp13
 70
     1
102
RTVSPropertyOp14
 70
     1
102
RTVSPropertyOp15
 70
     1
102
RTVSPropertyOp16
 70
     1
102
RTVSPropertyOp17
 70
     1
102
RTVSPropertyOp18
 70
     1
102
RTVSPropertyOp19
 70
     1
102
RTVSPropertyOp20
 70
     1
102
RTVSPropertyOp21
 70
     1
102
RTVSPropertyOp22
 70
     1
102
RTVSPropertyOp23
 70
     1
102
RTVSPropertyOp24
 70
     1
102
RTVSPropertyOp25
 70
     1
102
RTVSPropertyOp26
 70
     1
102
RTVSPropertyOp27
 70
     1
102
RTVSPropertyOp28
 70
     1
102
RTVSPropertyOp29
 70
     1
102
RTVSPropertyOp30
 70
     1
102
RTVSPropertyOp31
 70
     1
102
RTVSPropertyOp32
 70
     1
102
RTVSPropertyOp33
 70
     1
102
RTVSPropertyOp34
 70
     1
102
RTVSPropertyOp35
 70
     1
102
RTVSPropertyOp36
 70
     1
102
RTVSPropertyOp37
 70
     1
102
RTVSPropertyOp38
 70
     1
102
RTVSPropertyOp39
 70
     1
102
RTVSPropertyOp40
 70
     1
102
RTVSPropertyOp41
 70
     1
102
RTVSPropertyOp42
 70
     1
102
RTVSPropertyOp43
 70
     1
102
RTVSPropertyOp44
 70
     1
102
RTVSPropertyOp45
 70
     1
102
RTVSPropertyOp46
 70
     1
102
RTVSPropertyOp47
 70
     1
102
RTVSPropertyOp48
 70
     1
102
RTVSPropertyOp49
 70
     1
102
RTVSPropertyOp50
 70
     1
102
RTVSPropertyOp51
 70
     0
102
RTVSPropertyOp52
 70
     0
102
RTVSPropertyOp53
 70
     1
102
RTVSPropertyOp54
 70
     1
102
RTVSPropertyOp55
 70
     1
102
RTVSPropertyOp56
 70
     1
102
RTVSPropertyOp57
 70
     1
102
RTVSPost2010Prop28
280
     0
102
RTVSPost2010PropOp28
 70
     1
102
RTVSPost2010Prop29
280
     1
102
RTVSPost2010PropOp29
 70
     1
102
RTVSPost2010Prop30
280
     1
102
RTVSPost2010PropOp30
 70
     1
102
RTVSPost2010Prop31
280
     0
102
RTVSPost2010PropOp31
 70
     1
102
RTVSPost2010Prop32
280
     0
102
RTVSPost2010PropOp32
 70
     1
102
RTVSPost2010Prop33
280
     0
102
RTVSPost2010PropOp33
 70
     1
102
RTVSPost2010Prop34
280
     0
102
RTVSPost2010PropOp34
 70
     1
102
RTVSPost2010Prop35
280
     0
102
RTVSPost2010PropOp35
 70
     1
102
RTVSPost2010Prop36
280
     0
102
RTVSPost2010PropOp36
 70
     1
102
RTVSPost2010Prop37
 90
       50
102
RTVSPost2010PropOp37
 70
     1
102
RTVSPost2010Prop38
140
0.0
102
RTVSPost2010PropOp38
 70
     1
102
RTVSPost2010Prop39
140
1.0
102
RTVSPost2010PropOp39
 70
     1
102
RTVSPost2010Prop40
 90
        0
102
RTVSPost2010PropOp40
 70
     1
102
RTVSPost2010Prop41ColorIndex
 90
       18
102
RTVSPost2010Prop41ColorRGB
 90
        0
102
RTVSPost2010PropOp41
 70
     1
102
RTVSPost2010Prop42
 90
       50
102
RTVSPost2010PropOp42
 70
     1
102
RTVSPost2010Prop43
 90
        3
102
RTVSPost2010PropOp43
 70
     1
102
RTVSPost2010Prop44ColorIndex
 90
        5
102
RTVSPost2010Prop44ColorRGB
 90
      255
102
RTVSPost2010PropOp44
 70
     1
102
RTVSPost2010Prop45
280
     0
102
RTVSPost2010PropOp45
 70
     1
102
RTVSPost2010Prop46
 90
       50
102
RTVSPost2010PropOp46
 70
     1
102
RTVSPost2010Prop47
 90
       50
102
RTVSPost2010PropOp47
 70
     1
102
RTVSPost2010Prop48
 90
       50
102
RTVSPost2010PropOp48
 70
     1
102
RTVSPost2010Prop49
280
     0
102
RTVSPost2010PropOp49
 70
     1
102
RTVSPost2010Prop50
 90
       50
102
RTVSPost2010PropOp50
 70
     1
102
RTVSPost2010Prop51ColorIndex
 90
      256
102
RTVSPost2010Prop51ColorRGB
 90
-16777216
102
RTVSPost2010PropOp51
 70
     0
102
RTVSPost2010Prop52
140
1.0
102
RTVSPost2010PropOp52
 70
     0
102
RTVSPost2010Prop53
 90
        2
102
RTVSPost2010PropOp53
 70
     1
102
RTVSPost2010Prop54
  1
strokes_ogs.tif
102
RTVSPost2010PropOp54
 70
     1
102
RTVSPost2010Prop55
280
     0
102
RTVSPost2010PropOp55
 70
     1
102
RTVSPost2010Prop56
140
1.0
102
RTVSPost2010PropOp56
 70
     1
102
RTVSPost2010Prop57
140
1.0
102
RTVSPost2010PropOp57
 70
     1
  0
ENDSEC
  0
EOF
